{
"type": "FeatureCollection",
"name": "districts",
"crs": { "type": "name", "properties": { "name": "urn:ogc:def:crs:OGC:1.3:CRS84" } },
"features": [
{ "type": "Feature", "properties": { "river_basin_district": "Dee" }, "geometry": { "type": "MultiPolygon", "coordinates": [ [ [ [ -2.9961847489, 52.927575385 ], [ -3.0003052329, 52.924987720499999 ], [ -3.0082599256, 52.9254745271 ], [ -3.0077732521, 52.919252120800003 ], [ -3.0197335389, 52.919977093100002 ], [ -3.0189549759, 52.918491488599997 ], [ -3.0234985235, 52.914385603900001 ], [ -3.0224875139, 52.911871694200002 ], [ -3.0244779551, 52.909256521300001 ], [ -3.0311656213, 52.910349327299997 ], [ -3.0348529322, 52.908937896700003 ], [ -3.0376108392, 52.9075063863 ], [ -3.0372996634, 52.905504399800002 ], [ -3.0348387739, 52.904743763600003 ], [ -3.0375637583, 52.903047901900003 ], [ -3.0441756626, 52.902252795400003 ], [ -3.0510105208, 52.906993015300003 ], [ -3.0510701462, 52.9094556696 ], [ -3.0528884721, 52.909628348 ], [ -3.0746518068, 52.9021607233 ], [ -3.087569974, 52.892594886600001 ], [ -3.0903609385, 52.893639074900001 ], [ -3.098046074, 52.890116186900002 ], [ -3.1071860334, 52.889491930200002 ], [ -3.1183780427, 52.8910321802 ], [ -3.1341929224, 52.889506738500003 ], [ -3.1367595076, 52.891450964599997 ], [ -3.1357509636, 52.892818076099999 ], [ -3.1378120398, 52.894326612599997 ], [ -3.138235559, 52.8980083736 ], [ -3.1468245662, 52.903499418300001 ], [ -3.1466078841, 52.906441152100001 ], [ -3.1293205563, 52.907334988 ], [ -3.1250524454, 52.910180305499999 ], [ -3.1237331569, 52.913213357700002 ], [ -3.1191487944, 52.913058868 ], [ -3.1178226319, 52.914689513399999 ], [ -3.1062726403, 52.913152527599998 ], [ -3.1021491389, 52.914746089499999 ], [ -3.0897146385, 52.914681027500002 ], [ -3.0818123003, 52.911481003 ], [ -3.0772889104, 52.9119716043 ], [ -3.0720185124, 52.915938810699998 ], [ -3.0656438757, 52.914953367 ], [ -3.0597433891, 52.916929957400001 ], [ -3.055049499, 52.916558217599999 ], [ -3.0533606324, 52.918667808 ], [ -3.0371858929, 52.919592250500003 ], [ -3.0368443647, 52.9214830664 ], [ -3.0393340132, 52.923582874 ], [ -3.0383975995, 52.926719472499997 ], [ -3.0275933738, 52.931559970499997 ], [ -3.0251069751, 52.934628946499998 ], [ -3.0272773671, 52.935805822799999 ], [ -3.0256899071, 52.937887159500001 ], [ -3.0129697267, 52.938607595 ], [ -3.0072079856, 52.945515671599999 ], [ -2.9965570536, 52.940544328900003 ], [ -2.9918909135, 52.943424097700003 ], [ -2.9853019146, 52.944234051700001 ], [ -2.9794098861, 52.948238195099997 ], [ -2.9779800934, 52.952151458099998 ], [ -2.973034196, 52.953288794199999 ], [ -2.974557475, 52.957483437199997 ], [ -2.9773487577, 52.958170688800003 ], [ -2.977834194, 52.960198341199998 ], [ -2.9764952102, 52.962879257399997 ], [ -2.9709389403, 52.964075451299998 ], [ -2.9675661257, 52.963051181600001 ], [ -2.9682145482, 52.960088330300003 ], [ -2.9657736024, 52.958777736899997 ], [ -2.9597258736, 52.958610986700002 ], [ -2.9597318593, 52.956192742900001 ], [ -2.9550152513, 52.951565155200001 ], [ -2.9344627151, 52.946856225499999 ], [ -2.9257731165, 52.9413686977 ], [ -2.9148364931, 52.940698292699999 ], [ -2.9105348526, 52.937099553800003 ], [ -2.8996683149, 52.936157532499998 ], [ -2.8988448305, 52.934473727799997 ], [ -2.8957688303, 52.934658773899997 ], [ -2.8921488914, 52.9301013364 ], [ -2.8932300563, 52.9284211517 ], [ -2.9011479215, 52.929314245 ], [ -2.902290934, 52.927049184600001 ], [ -2.8997067431, 52.925100067700001 ], [ -2.9051346384, 52.920033629700001 ], [ -2.9155279011, 52.9184707139 ], [ -2.9168313024, 52.916806573300001 ], [ -2.9229572329, 52.915338771 ], [ -2.9308964556, 52.916616265199998 ], [ -2.9230467881, 52.920947589500003 ], [ -2.9251048523, 52.925390420299998 ], [ -2.9222257619, 52.928505227700001 ], [ -2.937962298, 52.927006605599999 ], [ -2.9429336412, 52.928504470199996 ], [ -2.9455643278, 52.927710452900001 ], [ -2.9453752419, 52.925860098400001 ], [ -2.9497834177, 52.922013336399999 ], [ -2.9504720759, 52.9181422901 ], [ -2.9544295286, 52.918200452500002 ], [ -2.9574356811, 52.915587244699999 ], [ -2.9642899, 52.913500136800003 ], [ -2.969092025, 52.914108306800003 ], [ -2.9754254656, 52.912042780500002 ], [ -2.9779590194, 52.912947880600001 ], [ -2.9763238618, 52.916943747600001 ], [ -2.9846749787, 52.919248077100001 ], [ -2.9850870122, 52.922984353499999 ], [ -2.9904112969, 52.924252567800004 ], [ -2.9912722123, 52.926348963400002 ], [ -2.9961847489, 52.927575385 ] ] ], [ [ [ -2.7254766338, 52.9945396504 ], [ -2.7218096018, 52.992638250100001 ], [ -2.7237305642, 52.989911778 ], [ -2.7230655995, 52.987560608099997 ], [ -2.7193857316, 52.992014699499997 ], [ -2.7089279137, 52.982953321099998 ], [ -2.7041088502, 52.981543668400001 ], [ -2.6920160698, 52.981632675599997 ], [ -2.6839750239, 52.983638906700001 ], [ -2.6810435175, 52.986658188 ], [ -2.6735909014, 52.989235656799998 ], [ -2.6686807848, 52.988652106899998 ], [ -2.6594828429, 52.9833278686 ], [ -2.6490424118, 52.981398674600001 ], [ -2.6502032607, 52.980349587699997 ], [ -2.6463683181, 52.976873648599998 ], [ -2.6476896607, 52.973612305300001 ], [ -2.6373344527, 52.970198400900003 ], [ -2.6357068509, 52.9668450972 ], [ -2.6279080424, 52.960899645700003 ], [ -2.62825805, 52.955261434299999 ], [ -2.6337343346, 52.954144657400001 ], [ -2.6339812402, 52.952111738799999 ], [ -2.6433963041, 52.954119695899998 ], [ -2.6458666396, 52.957216621 ], [ -2.6494442268, 52.957547705800003 ], [ -2.6509216992, 52.954824825099998 ], [ -2.6544190922, 52.953798800800001 ], [ -2.6624411753, 52.956666908599999 ], [ -2.6703900389, 52.956658282299998 ], [ -2.6741009964, 52.961725284800004 ], [ -2.6796142818, 52.9582419499 ], [ -2.6902767607, 52.956616327600003 ], [ -2.6992851169, 52.952157037299997 ], [ -2.6977603485, 52.948050645899997 ], [ -2.7028171441, 52.946007207199997 ], [ -2.7093939659, 52.940484560599998 ], [ -2.7083835679, 52.936930769500002 ], [ -2.7110832278, 52.933701177499998 ], [ -2.7114349354, 52.926116173600001 ], [ -2.7138381495, 52.928430049299998 ], [ -2.7194181886, 52.927623290600003 ], [ -2.7392644506, 52.929479118099998 ], [ -2.7451200164, 52.932606827599997 ], [ -2.7440451012, 52.934123796599998 ], [ -2.7450823381, 52.935609547600002 ], [ -2.7508483194, 52.934350674699999 ], [ -2.7542490563, 52.9356955314 ], [ -2.756228523, 52.938289894299999 ], [ -2.7547574613, 52.940115122500004 ], [ -2.7553596489, 52.942669313499998 ], [ -2.7593176664, 52.945605595799996 ], [ -2.7585601493, 52.947390348100001 ], [ -2.7674315556, 52.946623185200004 ], [ -2.7688525993, 52.949886185099999 ], [ -2.7762615353, 52.952705648600002 ], [ -2.7789002244, 52.956248206300003 ], [ -2.7773331654, 52.956851772699999 ], [ -2.7778608489, 52.958052906500001 ], [ -2.7733542186, 52.959107120900001 ], [ -2.778153109, 52.964379565900003 ], [ -2.7784287156, 52.968117369 ], [ -2.7806734234, 52.968740894 ], [ -2.7807509974, 52.971392268800003 ], [ -2.7870584401, 52.9710450213 ], [ -2.7880383113, 52.974157863 ], [ -2.7905300826, 52.975238026200003 ], [ -2.7887619013, 52.9770926088 ], [ -2.7903719826, 52.977998834200001 ], [ -2.7843550512, 52.979638814799998 ], [ -2.7853617263, 52.980944623100001 ], [ -2.7816713986, 52.982784814699997 ], [ -2.7801730791, 52.987253409799997 ], [ -2.7657468247, 52.994457818900003 ], [ -2.767228145, 52.996497871700001 ], [ -2.7663055384, 52.999928779900003 ], [ -2.7716188844, 53.0004157933 ], [ -2.7672132535, 53.010782093499998 ], [ -2.7651947472, 53.011262549800001 ], [ -2.7685286592, 53.014351365800003 ], [ -2.7717652668, 53.014465216700003 ], [ -2.7729102785, 53.010978915499997 ], [ -2.7758537509, 53.008892186099999 ], [ -2.7886066248, 53.006174360499998 ], [ -2.7889962546, 53.003843546200002 ], [ -2.7863424309, 53.002135166800002 ], [ -2.7887964437, 53.001058159800003 ], [ -2.787744337, 52.998925659699999 ], [ -2.7964785587, 52.997447132200001 ], [ -2.8026143277, 52.998089056799998 ], [ -2.8049089451, 53.000491692499999 ], [ -2.8278943209, 53.004028485 ], [ -2.8394185895, 53.0081187603 ], [ -2.8528449183, 53.005757865299998 ], [ -2.8649312332, 53.008744931599999 ], [ -2.8698887452, 53.005508520399999 ], [ -2.8705199066, 53.002807067299997 ], [ -2.8729615038, 53.001216009399997 ], [ -2.8723989311, 52.998442398900004 ], [ -2.8751183514, 52.995869404399997 ], [ -2.8849759119, 52.992668089699997 ], [ -2.8859962629, 52.997388948400001 ], [ -2.8886617128, 52.998034272399998 ], [ -2.889849561, 53.002178518 ], [ -2.895402459, 53.005516859700002 ], [ -2.895338324, 53.0081782217 ], [ -2.8913186896, 53.0112828177 ], [ -2.8908943957, 53.013839000099999 ], [ -2.8811788572, 53.013983320400001 ], [ -2.8817489878, 53.017089437599999 ], [ -2.8772136374, 53.016907239699997 ], [ -2.8674628703, 53.021275723899997 ], [ -2.8667378549, 53.023780068199997 ], [ -2.8636959513, 53.025249497799997 ], [ -2.8642247752, 53.027090488399999 ], [ -2.8616452146, 53.028581466200002 ], [ -2.8585469133, 53.027237488099999 ], [ -2.8521207839, 53.028002864800001 ], [ -2.8407130044, 53.026403029 ], [ -2.8391410314, 53.027609745200003 ], [ -2.8380272769, 53.036301342100003 ], [ -2.8323463505, 53.038678476599998 ], [ -2.8343296024, 53.0440671872 ], [ -2.8269576601, 53.047004259 ], [ -2.8288316386, 53.051378016599998 ], [ -2.8325069956, 53.0516579851 ], [ -2.8366718776, 53.056411092499999 ], [ -2.8474218341, 53.0552652557 ], [ -2.8515712049, 53.057617798800003 ], [ -2.8532452967, 53.060788031500003 ], [ -2.8588857002, 53.063785837799998 ], [ -2.8633205692, 53.070639571599997 ], [ -2.8609958525, 53.0768051242 ], [ -2.8618124935, 53.080323027399999 ], [ -2.8703675467, 53.079631495199997 ], [ -2.8692138711, 53.083127788900001 ], [ -2.8745757507, 53.085443698799999 ], [ -2.8739680881, 53.087875281199999 ], [ -2.8697652858, 53.091223136 ], [ -2.8688512506, 53.0947716023 ], [ -2.8661679887, 53.095753021500002 ], [ -2.866579347, 53.099130004099997 ], [ -2.8700881567, 53.099823543600003 ], [ -2.8715733472, 53.1023656359 ], [ -2.8670311629, 53.1052574124 ], [ -2.8674186248, 53.114118023400003 ], [ -2.868772896, 53.117560027300001 ], [ -2.8720258362, 53.117347463 ], [ -2.8737783587, 53.123456304400001 ], [ -2.8725724253, 53.128103611599997 ], [ -2.8687990428, 53.1292279026 ], [ -2.8695678599, 53.135937259899997 ], [ -2.8638585444, 53.134765280700002 ], [ -2.859962268, 53.129777492800002 ], [ -2.8566821945, 53.130178693300003 ], [ -2.8515227419, 53.127752661099997 ], [ -2.8523186343, 53.134740595499999 ], [ -2.848101077, 53.136137082200001 ], [ -2.845457901, 53.140075187699999 ], [ -2.8374435381, 53.1422982136 ], [ -2.8597882052, 53.143514308199997 ], [ -2.8587883357, 53.145103629300003 ], [ -2.8620167196, 53.148783858100003 ], [ -2.8704160559, 53.150071130900002 ], [ -2.8724604217, 53.153552975899999 ], [ -2.8711527998, 53.155441297800003 ], [ -2.8745214434, 53.159308934400002 ], [ -2.8738286782, 53.160545542900003 ], [ -2.8639766509, 53.162990587300001 ], [ -2.8563460997, 53.1606186251 ], [ -2.8442925206, 53.162969980299998 ], [ -2.8336634366, 53.159395262799997 ], [ -2.833342682, 53.155190566400002 ], [ -2.8306307571, 53.154148792 ], [ -2.8258825331, 53.1545234126 ], [ -2.8212763966, 53.159211672 ], [ -2.81537853, 53.161301739099997 ], [ -2.8055613251, 53.155408740399999 ], [ -2.8028708284, 53.156280885199997 ], [ -2.800447147, 53.153816191799997 ], [ -2.7926498412, 53.1526638092 ], [ -2.7940211349, 53.150802901500001 ], [ -2.788953045, 53.145146444700003 ], [ -2.779716701, 53.1403801071 ], [ -2.7763817459, 53.141139016899999 ], [ -2.7739210774, 53.137689689200002 ], [ -2.7676582222, 53.136503239200003 ], [ -2.7619385911, 53.137654645 ], [ -2.7557672209, 53.135230952400001 ], [ -2.7531641151, 53.136811567599999 ], [ -2.7410786186, 53.134640128500003 ], [ -2.7382087316, 53.1328960839 ], [ -2.7379412684, 53.129499834900002 ], [ -2.7335298437, 53.1284753694 ], [ -2.7336683647, 53.125840686899998 ], [ -2.7257816124, 53.117439210299999 ], [ -2.7184372376, 53.112467806200002 ], [ -2.7272643432, 53.108304084099998 ], [ -2.7279801467, 53.106072427199997 ], [ -2.7250164356, 53.103933111700002 ], [ -2.7304496425, 53.098425453200001 ], [ -2.7351372467, 53.096562783499998 ], [ -2.7313787663, 53.091569956599997 ], [ -2.7349417635, 53.088599533100002 ], [ -2.7341841255, 53.086195095400001 ], [ -2.7293934752, 53.08278166 ], [ -2.7289060032, 53.079557532800003 ], [ -2.7388692514, 53.0755587779 ], [ -2.7447314102, 53.076187429100003 ], [ -2.746989122, 53.072092148300001 ], [ -2.750970915, 53.071042301600002 ], [ -2.7526754613, 53.067795390100002 ], [ -2.7465640612, 53.064777549399999 ], [ -2.7456365876, 53.060922474 ], [ -2.741404501, 53.058049882399999 ], [ -2.7425521204, 53.053637972 ], [ -2.7509399718, 53.048677150499998 ], [ -2.7489057051, 53.046640416300001 ], [ -2.7421207415, 53.047635814800003 ], [ -2.7363229782, 53.043554752299997 ], [ -2.7308251306, 53.043031329 ], [ -2.7255366203, 53.037202686199997 ], [ -2.7246133385, 53.0325167114 ], [ -2.7224283567, 53.031477441299998 ], [ -2.7227587419, 53.028050504 ], [ -2.7202894364, 53.023031468 ], [ -2.7159682281, 53.019569709300001 ], [ -2.7159387558, 53.017789999599998 ], [ -2.7181214566, 53.016374499900003 ], [ -2.7175952732, 53.013411196100002 ], [ -2.7110629036, 53.01136492 ], [ -2.7130221533, 53.007254045400003 ], [ -2.7126006042, 53.004514822300003 ], [ -2.7193762746, 53.002199705599999 ], [ -2.7192378584, 52.999252033799998 ], [ -2.7236284325, 52.996276875100001 ], [ -2.7253406567, 52.997093460899997 ], [ -2.7254766338, 52.9945396504 ] ] ], [ [ [ -2.8913048821, 53.169549052699999 ], [ -2.89138562, 53.1647841642 ], [ -2.8875820313, 53.160228074599999 ], [ -2.8805108778, 53.161844698800003 ], [ -2.8862410804, 53.1561209977 ], [ -2.8846889297, 53.1548201134 ], [ -2.8861699001, 53.151213406899998 ], [ -2.8852749548, 53.148415422799999 ], [ -2.8804969448, 53.145088880199999 ], [ -2.8796032603, 53.140133423899997 ], [ -2.8874090132, 53.138790029399999 ], [ -2.8863657796, 53.1338626991 ], [ -2.8898179771, 53.128047855 ], [ -2.8939881913, 53.125913116500001 ], [ -2.9001544623, 53.126352064800002 ], [ -2.9057334258, 53.123019663599997 ], [ -2.9138709957, 53.122004596 ], [ -2.9185148642, 53.123245330099998 ], [ -2.9261350392, 53.122503094300001 ], [ -2.9324183323, 53.126283482700003 ], [ -2.9348413979, 53.125689161300002 ], [ -2.9367813209, 53.126932412499997 ], [ -2.9381906173, 53.131254157599997 ], [ -2.9412391388, 53.131230091299997 ], [ -2.9454717537, 53.136122685899998 ], [ -2.9480718562, 53.136084027899997 ], [ -2.9502734555, 53.139662193600003 ], [ -2.9531842014, 53.141490718699998 ], [ -2.9582618518, 53.141252190499998 ], [ -2.9574178027, 53.143632156499997 ], [ -2.9628017925, 53.148389021 ], [ -2.9628656114, 53.150572902900002 ], [ -2.9608969877, 53.152143954300001 ], [ -2.9619588614, 53.154157969099998 ], [ -2.9666724291, 53.155621004099999 ], [ -2.9651108031, 53.15867205 ], [ -2.9590656189, 53.161219913799997 ], [ -2.9692874201, 53.163492334600001 ], [ -2.9673370414, 53.165225146300003 ], [ -2.9685196706, 53.169251715599998 ], [ -2.9645599587, 53.172789667 ], [ -2.9326549843, 53.1806666795 ], [ -2.9209520348, 53.180595946 ], [ -2.919181581, 53.178973586200001 ], [ -2.9206523771, 53.174988989500001 ], [ -2.9149738773, 53.178826203200003 ], [ -2.9020762443, 53.179553839500002 ], [ -2.9011233198, 53.177637363700001 ], [ -2.8971001066, 53.176283400400003 ], [ -2.8970203006, 53.173892872300001 ], [ -2.8935966311, 53.173289367300001 ], [ -2.8913048821, 53.169549052699999 ] ] ], [ [ [ -2.9592621467, 53.246436038100001 ], [ -2.9678759614, 53.250932882299999 ], [ -2.971869785, 53.251241969699997 ], [ -2.9733918167, 53.253584705599998 ], [ -2.9638973621, 53.255297891300003 ], [ -2.9594026884, 53.2507077255 ], [ -2.954347628, 53.251868977199997 ], [ -2.9460850858, 53.249651612400001 ], [ -2.9398016269, 53.251535107800002 ], [ -2.9358496901, 53.2503886294 ], [ -2.9342056168, 53.251974624 ], [ -2.9348072185, 53.253444122499999 ], [ -2.9301802548, 53.251583619599998 ], [ -2.9143983306, 53.256532894300001 ], [ -2.9128965056, 53.259917063899998 ], [ -2.9034756399, 53.256871886 ], [ -2.8803563694, 53.235301827500003 ], [ -2.882353298, 53.231281212299997 ], [ -2.8752261437, 53.219877091500003 ], [ -2.875181083, 53.215099264099997 ], [ -2.8708860001, 53.205195305 ], [ -2.863868255, 53.199286085600001 ], [ -2.8584360139, 53.2031223571 ], [ -2.8577191548, 53.204709609200002 ], [ -2.8593008135, 53.205938711400002 ], [ -2.858187879, 53.207187234800003 ], [ -2.853226543, 53.206162155199998 ], [ -2.8483970615, 53.2087675382 ], [ -2.8480547398, 53.205839520300003 ], [ -2.8495600236, 53.203977033599998 ], [ -2.8439337346, 53.205653047399998 ], [ -2.8416625142, 53.2043567037 ], [ -2.84103845, 53.201541092200003 ], [ -2.8433817909, 53.197467856800003 ], [ -2.8333563427, 53.191398839 ], [ -2.8368786293, 53.187814440799997 ], [ -2.8405132699, 53.186943866199996 ], [ -2.8343685375, 53.181863255099998 ], [ -2.8387642345, 53.180142416199999 ], [ -2.8447864845, 53.182023530800002 ], [ -2.850310045, 53.1874136761 ], [ -2.8637197668, 53.191901658600003 ], [ -2.894508075, 53.192645248799998 ], [ -2.9001526862, 53.190589146900003 ], [ -2.9011860123, 53.194185996199998 ], [ -2.9026776325, 53.1946511282 ], [ -2.9091914838, 53.193361077900001 ], [ -2.9105851142, 53.191318874700002 ], [ -2.9139006777, 53.192390162800002 ], [ -2.916488902, 53.190230847 ], [ -2.9153440126, 53.188477768 ], [ -2.9165507162, 53.187515632699998 ], [ -2.9286774559, 53.1856418315 ], [ -2.9333140516, 53.182764994700001 ], [ -2.9526711574, 53.189893006799998 ], [ -2.9500376413, 53.1926287864 ], [ -2.9537274193, 53.190280079600001 ], [ -2.9615503029, 53.194747753800002 ], [ -2.9643141523, 53.193844466199998 ], [ -2.9669966114, 53.195980134099997 ], [ -2.9626336273, 53.197669490499997 ], [ -2.9647600547, 53.199036627200002 ], [ -2.9722137894, 53.199641227900003 ], [ -2.9763906447, 53.202942067499997 ], [ -2.9788266777, 53.200126426099999 ], [ -2.9892189147, 53.201825786 ], [ -2.9992175557, 53.207903614400003 ], [ -3.0035346754, 53.207471799399997 ], [ -3.0060229781, 53.210147583500003 ], [ -3.0093817034, 53.209705668300003 ], [ -3.0162831384, 53.213440454199997 ], [ -3.0202508495, 53.213016507900001 ], [ -3.0243629623, 53.2150432567 ], [ -3.0216268431, 53.2152285568 ], [ -3.0238907684, 53.216593465199999 ], [ -3.0210597845, 53.2172020613 ], [ -3.0209821121, 53.218973606399999 ], [ -3.0177702848, 53.220583190799999 ], [ -3.0113182759, 53.219451552800003 ], [ -3.0070247096, 53.220296949800002 ], [ -3.0066155277, 53.2220083594 ], [ -3.0008108533, 53.221014509600003 ], [ -2.9897809559, 53.223335971300003 ], [ -2.9956605066, 53.230136757300002 ], [ -2.9842525937, 53.236991400299999 ], [ -2.9771280813, 53.237319707399998 ], [ -2.9743967937, 53.2437243802 ], [ -2.9662028546, 53.247188993899996 ], [ -2.9592621467, 53.246436038100001 ] ] ] ] } },
{ "type": "Feature", "properties": { "river_basin_district": "North West" }, "geometry": { "type": "MultiPolygon", "coordinates": [ [ [ [ -3.1216019051, 54.177702975700001 ], [ -3.1151218192, 54.174320818600002 ], [ -3.1155293824, 54.170110693700003 ], [ -3.1134200178, 54.169141546399999 ], [ -3.1117167226, 54.163890357900002 ], [ -3.1063699059, 54.1621150617 ], [ -3.1090760056, 54.157928747299998 ], [ -3.1072639261, 54.155446780200002 ], [ -3.1077669583, 54.152494106100001 ], [ -3.1113455137, 54.151014029700001 ], [ -3.1115432603, 54.1494213673 ], [ -3.124833881, 54.144929751699998 ], [ -3.1250648487, 54.141026810600003 ], [ -3.1291601342, 54.136260778699999 ], [ -3.1245336905, 54.131594387600003 ], [ -3.1291852321, 54.127056832699999 ], [ -3.1282633674, 54.123542180500003 ], [ -3.1307995827, 54.122278028799997 ], [ -3.1316135922, 54.119582959799999 ], [ -3.1236843966, 54.113788092100002 ], [ -3.1191529321, 54.114801031 ], [ -3.1219649993, 54.110020149 ], [ -3.1276532509, 54.107836840099999 ], [ -3.1301993184, 54.110904833 ], [ -3.135070412, 54.1083513166 ], [ -3.133592955, 54.110261721400001 ], [ -3.1361673578, 54.112106950099999 ], [ -3.1393054777, 54.110513357899997 ], [ -3.1477777121, 54.110990094500004 ], [ -3.1493617117, 54.108530224 ], [ -3.1561462317, 54.109382003 ], [ -3.1616467425, 54.114631976699997 ], [ -3.1624042748, 54.1187411891 ], [ -3.1665347904, 54.119815735499998 ], [ -3.1679644908, 54.122776912100001 ], [ -3.1677302465, 54.130769556099999 ], [ -3.1649622848, 54.137932877600001 ], [ -3.1686590332, 54.144188655900003 ], [ -3.1676539446, 54.146553270699997 ], [ -3.1698155085, 54.147197396 ], [ -3.1717318871, 54.146747331500002 ], [ -3.1725878959, 54.1434493796 ], [ -3.1780868133, 54.1376253659 ], [ -3.1853949017, 54.1383984864 ], [ -3.1858162389, 54.137073093200001 ], [ -3.1810407656, 54.1317002575 ], [ -3.1776619634, 54.1302054 ], [ -3.1821733195, 54.127401836 ], [ -3.180106022, 54.123584225599998 ], [ -3.1761280097, 54.122517639900003 ], [ -3.1763174027, 54.111918858899998 ], [ -3.1776331444, 54.109766826200001 ], [ -3.1821869434, 54.112832044500003 ], [ -3.1879446089, 54.108218344800001 ], [ -3.1920694497, 54.1096426378 ], [ -3.193546802, 54.112081740800001 ], [ -3.1992766522, 54.108672204900003 ], [ -3.2030635843, 54.108975946199998 ], [ -3.2027988544, 54.1103987133 ], [ -3.2044870796, 54.111118849100002 ], [ -3.2035202732, 54.113123882099998 ], [ -3.202630252, 54.114085519600003 ], [ -3.2002781417, 54.114216863099998 ], [ -3.1993413467, 54.114621680399999 ], [ -3.2045662458, 54.118596154199999 ], [ -3.2054928555, 54.126271690099998 ], [ -3.2125633817, 54.130487971900003 ], [ -3.2150915049, 54.133725147500002 ], [ -3.2134288463, 54.137058523299999 ], [ -3.2202465534, 54.139874767599999 ], [ -3.220595278, 54.1434035455 ], [ -3.2165264974, 54.147696093 ], [ -3.2171373732, 54.149208900200001 ], [ -3.2126001159, 54.150602901200003 ], [ -3.2135703021, 54.159689030199999 ], [ -3.2104701276, 54.161562789599998 ], [ -3.209089874, 54.164650567 ], [ -3.2041407856, 54.164062017900001 ], [ -3.2049140847, 54.16642712 ], [ -3.1922836296, 54.167182021899997 ], [ -3.1898567191, 54.172284253100003 ], [ -3.1855608321, 54.176344261799997 ], [ -3.1743984628, 54.180363419 ], [ -3.1755793079, 54.185259328599997 ], [ -3.1718042805, 54.190491162100002 ], [ -3.1745961026, 54.192198640800001 ], [ -3.1721624706, 54.193399773499998 ], [ -3.1736841528, 54.198957450100004 ], [ -3.1676796053, 54.202925597899998 ], [ -3.168034861, 54.2068229156 ], [ -3.1586231126, 54.214023220500003 ], [ -3.1616451198, 54.215153589800003 ], [ -3.1600928133, 54.217766053600002 ], [ -3.1542146013, 54.220357103 ], [ -3.1534133985, 54.226827069099997 ], [ -3.148401813, 54.229751063199998 ], [ -3.1420423217, 54.230000222900003 ], [ -3.1361724654, 54.239142473199998 ], [ -3.1358416171, 54.243855223799997 ], [ -3.137856633, 54.245139419399997 ], [ -3.1407500541, 54.243772907699999 ], [ -3.1477984728, 54.243939663299997 ], [ -3.1617353083, 54.235842855100003 ], [ -3.1822323851, 54.240092501500001 ], [ -3.1846525939, 54.2388733421 ], [ -3.1971745673, 54.238911367699998 ], [ -3.1990570396, 54.240330716499997 ], [ -3.1975371253, 54.242952324400001 ], [ -3.2004146128, 54.243750582200001 ], [ -3.1997314169, 54.245590918799998 ], [ -3.2021416886, 54.247202698099997 ], [ -3.1992534743, 54.2492178006 ], [ -3.1995300942, 54.251345179499999 ], [ -3.1979488603, 54.251864229600002 ], [ -3.1990859642, 54.252437134600001 ], [ -3.1952030873, 54.257760581799999 ], [ -3.2028893074, 54.261288259099999 ], [ -3.1965237204, 54.259895582399999 ], [ -3.1910445569, 54.262610261600003 ], [ -3.1952984422, 54.264239896600003 ], [ -3.1907588233, 54.263350090199999 ], [ -3.1897344265, 54.264564580200002 ], [ -3.19073381, 54.267808319399997 ], [ -3.1929473317, 54.268954855799997 ], [ -3.2035078673, 54.266710765600003 ], [ -3.1975364728, 54.274706524899997 ], [ -3.2007127905, 54.277254446400001 ], [ -3.1996328861, 54.278146007499998 ], [ -3.2023996288, 54.281911320500001 ], [ -3.201166412, 54.283343694400003 ], [ -3.2036588745, 54.286114026200003 ], [ -3.2184874727, 54.278981530400003 ], [ -3.2251205482, 54.280981518899999 ], [ -3.2255360248, 54.282559163099997 ], [ -3.2288833841, 54.283549708400002 ], [ -3.2293187693, 54.286304516500003 ], [ -3.2312723817, 54.282700514699997 ], [ -3.2359052587, 54.282075819500001 ], [ -3.2419646683, 54.278238631900003 ], [ -3.2471733688, 54.2788140125 ], [ -3.2509941958, 54.277174576 ], [ -3.2527958859, 54.271763114 ], [ -3.2518750984, 54.268743749099997 ], [ -3.256095239, 54.264619324500003 ], [ -3.2534589242, 54.260215715100003 ], [ -3.2553745898, 54.255557997 ], [ -3.2463357265, 54.253099232300002 ], [ -3.2494806819, 54.2484738251 ], [ -3.2412051619, 54.245818018400001 ], [ -3.2414294268, 54.2430653953 ], [ -3.2458126446, 54.242876352700002 ], [ -3.2468673301, 54.241211659699999 ], [ -3.2518574702, 54.241816043500002 ], [ -3.2584630727, 54.2390238829 ], [ -3.2605547276, 54.240188433100002 ], [ -3.2621390644, 54.238805675899997 ], [ -3.270562708, 54.239292380800002 ], [ -3.2744972477, 54.237507159 ], [ -3.2845093116, 54.237760365100002 ], [ -3.2865688874, 54.233927474700003 ], [ -3.2892149097, 54.235139538699997 ], [ -3.2973948342, 54.233739487800001 ], [ -3.2981034599, 54.229920930299997 ], [ -3.301144918, 54.227119807199998 ], [ -3.2931545673, 54.219817667299999 ], [ -3.2944011717, 54.217503339899999 ], [ -3.2926555643, 54.214645908100003 ], [ -3.2834975334, 54.211094686499997 ], [ -3.2780442127, 54.2117728431 ], [ -3.2806804032, 54.210243842099999 ], [ -3.2787907907, 54.205662038699998 ], [ -3.282017877, 54.2044143476 ], [ -3.2804245125, 54.203954929600002 ], [ -3.2801249233, 54.201207769699998 ], [ -3.2722540223, 54.198504871799997 ], [ -3.2838013506, 54.197159963799997 ], [ -3.2838562317, 54.199424370700001 ], [ -3.2993390439, 54.202835590799999 ], [ -3.3046069517, 54.205564951500001 ], [ -3.3062941317, 54.202670480099997 ], [ -3.3143434757, 54.202205412799998 ], [ -3.3175171106, 54.1978744281 ], [ -3.3208267849, 54.197829189300002 ], [ -3.3264611322, 54.205272336299998 ], [ -3.3314587488, 54.205253148600001 ], [ -3.3322016488, 54.2073751155 ], [ -3.3444377097, 54.213054474400003 ], [ -3.3456842373, 54.214604487099997 ], [ -3.3447918886, 54.216403085700001 ], [ -3.3419888314, 54.216982618599999 ], [ -3.3462996535, 54.219379284 ], [ -3.3446005951, 54.226561773100002 ], [ -3.3471029595, 54.228034831499997 ], [ -3.3525652219, 54.227128753 ], [ -3.354300488, 54.229527058899997 ], [ -3.3529693877, 54.231043025799998 ], [ -3.3617475509, 54.2320586588 ], [ -3.3639384886, 54.233364116700002 ], [ -3.3623560084, 54.234694282900001 ], [ -3.3660169585, 54.234976405799998 ], [ -3.3661388654, 54.236808596899998 ], [ -3.3687230465, 54.237929747700001 ], [ -3.3695619933, 54.2400953362 ], [ -3.3670299408, 54.240555517099999 ], [ -3.3681158372, 54.241837479300003 ], [ -3.3775984275, 54.244569687 ], [ -3.3816384092, 54.251570109299998 ], [ -3.3888315404, 54.252314335100003 ], [ -3.3930665934, 54.254548436 ], [ -3.391348357, 54.256401858399997 ], [ -3.3955633677, 54.257117114300002 ], [ -3.394169901, 54.258130921400003 ], [ -3.3953631432, 54.259824852800001 ], [ -3.3944856691, 54.262028105399999 ], [ -3.4016396778, 54.2629158393 ], [ -3.4036548209, 54.267194903300002 ], [ -3.4198890868, 54.283735475 ], [ -3.4081784039, 54.279072141599997 ], [ -3.4036360627, 54.280095828199997 ], [ -3.4022414436, 54.282448959500002 ], [ -3.3969012106, 54.281243603500002 ], [ -3.3915482127, 54.284208688600003 ], [ -3.380626445, 54.285592582900001 ], [ -3.376755552, 54.289285993900002 ], [ -3.3781668033, 54.292901039 ], [ -3.3768140558, 54.294723088399998 ], [ -3.3796987843, 54.296442781300001 ], [ -3.3799382052, 54.300844178 ], [ -3.3838534799, 54.306695456500002 ], [ -3.3810077525, 54.308921155599997 ], [ -3.3728699676, 54.311027384 ], [ -3.3730869269, 54.314772911399999 ], [ -3.3698190058, 54.3163560076 ], [ -3.3684468669, 54.322258716699999 ], [ -3.3612407355, 54.321944787500001 ], [ -3.3590568173, 54.3265892318 ], [ -3.3554350338, 54.329613987099997 ], [ -3.3442141004, 54.327888033199997 ], [ -3.3353873912, 54.330736381400001 ], [ -3.328631881, 54.331080615 ], [ -3.3239130627, 54.327806965500002 ], [ -3.3207721304, 54.321927343299997 ], [ -3.3145952696, 54.320125334899998 ], [ -3.3076828208, 54.320802634099998 ], [ -3.3114307326, 54.323107821699999 ], [ -3.3118443963, 54.329340934800001 ], [ -3.3226536352, 54.334561720300002 ], [ -3.3455480746, 54.3320076157 ], [ -3.3557821028, 54.334086088799999 ], [ -3.3652578744, 54.333673628600003 ], [ -3.378065998, 54.338633163099999 ], [ -3.3832232294, 54.3451744069 ], [ -3.3825217434, 54.347192660300003 ], [ -3.3747875087, 54.347784362900001 ], [ -3.3659252133, 54.346842417799998 ], [ -3.3592466173, 54.343996762300002 ], [ -3.3549505206, 54.345743806800002 ], [ -3.3510728326, 54.350407087199997 ], [ -3.3441465623, 54.3517427544 ], [ -3.3360114896, 54.349981596799999 ], [ -3.3264578962, 54.354311313700002 ], [ -3.3266626742, 54.356367255499997 ], [ -3.3302923601, 54.35392756 ], [ -3.3396686915, 54.355513548200001 ], [ -3.3424278488, 54.359904931800003 ], [ -3.3418033709, 54.362464440300002 ], [ -3.3470448653, 54.365551810100001 ], [ -3.353422814, 54.365174860400003 ], [ -3.35684005, 54.370403400299999 ], [ -3.3643765283, 54.372996831 ], [ -3.3791625803, 54.368622419399998 ], [ -3.3821970931, 54.364561106300002 ], [ -3.3853798879, 54.365836849300003 ], [ -3.3917657778, 54.362599611 ], [ -3.3986068464, 54.365540472200003 ], [ -3.3973445474, 54.366894268400003 ], [ -3.3981836183, 54.369392222 ], [ -3.4046349743, 54.370791332499998 ], [ -3.406360044, 54.373521558199997 ], [ -3.4148586434, 54.376226472399999 ], [ -3.4159974642, 54.378001722 ], [ -3.4113313893, 54.3842550305 ], [ -3.4165527407, 54.384353416899998 ], [ -3.4202109987, 54.381156252 ], [ -3.4354608022, 54.389105467599997 ], [ -3.4519092981, 54.389461615099997 ], [ -3.4502822778, 54.393352545799999 ], [ -3.445996596, 54.396258538399998 ], [ -3.4416236603, 54.398527456399997 ], [ -3.4344467914, 54.399098271500002 ], [ -3.4386131622, 54.401245856199999 ], [ -3.4378378056, 54.406855553200003 ], [ -3.4351218301, 54.408056299899997 ], [ -3.4398801024, 54.4110555512 ], [ -3.4462505883, 54.411680474299999 ], [ -3.4476517896, 54.409902043 ], [ -3.4557110826, 54.409050155599999 ], [ -3.4569192181, 54.407489652099997 ], [ -3.4549978444, 54.406748844100001 ], [ -3.4587633231, 54.402146501099999 ], [ -3.4604883621, 54.403869314399998 ], [ -3.4712379299, 54.403756774500003 ], [ -3.4778778312, 54.406749575299997 ], [ -3.4784609365, 54.408396228699999 ], [ -3.4852824524, 54.407000255600003 ], [ -3.4873099936, 54.402571167300003 ], [ -3.4932205827, 54.402426303600002 ], [ -3.5053581477, 54.4098082334 ], [ -3.5016518453, 54.4097098927 ], [ -3.4984787911, 54.411852512199999 ], [ -3.4947323121, 54.409256472199999 ], [ -3.4874688619, 54.411215680300003 ], [ -3.4907390306, 54.413008903799998 ], [ -3.4888187117, 54.415297574900002 ], [ -3.4865613078, 54.415091699500003 ], [ -3.4848616162, 54.419229116499999 ], [ -3.4798027426, 54.420837151100002 ], [ -3.4779071469, 54.4242667762 ], [ -3.4811560286, 54.425880794500003 ], [ -3.4908013922, 54.423218506700003 ], [ -3.4929863145, 54.424809353299999 ], [ -3.4907890393, 54.426274577299999 ], [ -3.4915129207, 54.430076546899997 ], [ -3.4967742326, 54.434002123 ], [ -3.5052548186, 54.434444958199997 ], [ -3.5054177393, 54.432582445400001 ], [ -3.5006726209, 54.430987708 ], [ -3.4982569099, 54.425624901699997 ], [ -3.502534855, 54.424583069900002 ], [ -3.5144507201, 54.417344899 ], [ -3.5306771582, 54.429849819 ], [ -3.5330085674, 54.437376532199998 ], [ -3.5400519931, 54.438527276400002 ], [ -3.5409006041, 54.442237501299999 ], [ -3.5442734709, 54.444171794399999 ], [ -3.5422533379, 54.445815451100003 ], [ -3.5387546731, 54.445051148499999 ], [ -3.5360085291, 54.447494891300003 ], [ -3.5435656072, 54.449951160099999 ], [ -3.539438522, 54.452178927699997 ], [ -3.5407613472, 54.4533125297 ], [ -3.5361327983, 54.454108492800003 ], [ -3.5355599127, 54.456111114800002 ], [ -3.5386893408, 54.459756381299997 ], [ -3.5375271105, 54.463321440400001 ], [ -3.5400797107, 54.464735997600002 ], [ -3.538805211, 54.468599101099997 ], [ -3.5409813724, 54.469020766100002 ], [ -3.5427232127, 54.474301457599999 ], [ -3.551806943, 54.479434134100003 ], [ -3.5526768673, 54.486505500900002 ], [ -3.555298868, 54.486849280800001 ], [ -3.5585920344, 54.492253579600003 ], [ -3.5571018483, 54.495292751699999 ], [ -3.5588215468, 54.500717302699996 ], [ -3.5700371067, 54.495988259699999 ], [ -3.571576732, 54.491042821400001 ], [ -3.5772681567, 54.489692378900003 ], [ -3.581563153, 54.486571330300002 ], [ -3.5816695759, 54.484529653899997 ], [ -3.5880390435, 54.481587922099997 ], [ -3.5919358588, 54.481204984800002 ], [ -3.5951473792, 54.485754637200003 ], [ -3.6058289503, 54.491239699899999 ], [ -3.5785198462, 54.5101507213 ], [ -3.5854602464, 54.512270942199997 ], [ -3.5862909432, 54.515369892800003 ], [ -3.596547641, 54.516924619400001 ], [ -3.5932967017, 54.524292729499997 ], [ -3.595247632, 54.5279610706 ], [ -3.5926560902, 54.529667000899998 ], [ -3.5893015921, 54.529243764599997 ], [ -3.5871425996, 54.526971200299997 ], [ -3.5801794709, 54.525929918400003 ], [ -3.5802832527, 54.523016457300002 ], [ -3.5673722415, 54.522375606600001 ], [ -3.5591775634, 54.5303370285 ], [ -3.5605160338, 54.534633972199998 ], [ -3.5578174089, 54.5376347865 ], [ -3.559194561, 54.540511150199997 ], [ -3.5543695688, 54.5424876561 ], [ -3.5556023471, 54.543604317300002 ], [ -3.5544939606, 54.545353237 ], [ -3.5608368754, 54.5462781871 ], [ -3.5648926127, 54.551259011799999 ], [ -3.5634874017, 54.554944254500001 ], [ -3.5583633775, 54.557634850200003 ], [ -3.5605430856, 54.558829102300002 ], [ -3.5628466881, 54.565684091900003 ], [ -3.5736657762, 54.570289444099998 ], [ -3.5758543717, 54.5740898018 ], [ -3.5799522133, 54.573640886200003 ], [ -3.580868112, 54.576118536899997 ], [ -3.5785194682, 54.578198480700003 ], [ -3.5796270267, 54.581230923200003 ], [ -3.5785343305, 54.582584381 ], [ -3.5681388361, 54.588301032300002 ], [ -3.5631119612, 54.588779517200003 ], [ -3.5624981469, 54.593766719599998 ], [ -3.5572716027, 54.596332715300001 ], [ -3.5574150272, 54.5992788824 ], [ -3.5554913922, 54.600795604399998 ], [ -3.5487832559, 54.601888277 ], [ -3.5371818519, 54.607069363699999 ], [ -3.5284860155, 54.613830458899997 ], [ -3.5288071025, 54.61578574 ], [ -3.5228742035, 54.6128406379 ], [ -3.5172177896, 54.616470828899999 ], [ -3.5140379619, 54.615917452799998 ], [ -3.5090860415, 54.6181093537 ], [ -3.5059682386, 54.620494019600002 ], [ -3.507953303, 54.6230757525 ], [ -3.5055465068, 54.622494543800002 ], [ -3.5021156295, 54.6269052026 ], [ -3.4895656488, 54.630223947300003 ], [ -3.4929946383, 54.632482562100002 ], [ -3.4887816383, 54.634206155500003 ], [ -3.4872015867, 54.636760105 ], [ -3.4884063705, 54.640897614 ], [ -3.4920464926, 54.643396294 ], [ -3.5171311146, 54.6313233594 ], [ -3.5327161651, 54.633952610500003 ], [ -3.5368578753, 54.633040065700001 ], [ -3.5436137953, 54.635790933800003 ], [ -3.5375557369, 54.642366635800002 ], [ -3.5332698923, 54.6447162479 ], [ -3.5452793785, 54.646692263600002 ], [ -3.5336232027, 54.6524128533 ], [ -3.532770526, 54.655290735599998 ], [ -3.5283538374, 54.658213641400003 ], [ -3.5201194331, 54.660636108699997 ], [ -3.5162731252, 54.660181014099997 ], [ -3.5133413013, 54.661386085499998 ], [ -3.5144706122, 54.6634031878 ], [ -3.5080982232, 54.667167654099998 ], [ -3.4952666651, 54.671586895600001 ], [ -3.4957079896, 54.6726240148 ], [ -3.4923017066, 54.673618719399997 ], [ -3.4859325245, 54.679691737500001 ], [ -3.4867978464, 54.682997591700001 ], [ -3.4757090097, 54.682629872 ], [ -3.4677936545, 54.684226928699999 ], [ -3.4675756785, 54.692372366900003 ], [ -3.4586213403, 54.696210343200001 ], [ -3.4537870632, 54.7007442504 ], [ -3.4583183237, 54.702469337799997 ], [ -3.464983533, 54.702245137200002 ], [ -3.4646475545, 54.704118613399999 ], [ -3.4697449766, 54.707741798599997 ], [ -3.4816089632, 54.706195260500003 ], [ -3.4875578091, 54.7101308465 ], [ -3.4915369746, 54.710279663 ], [ -3.4913467692, 54.711863820799998 ], [ -3.4983140184, 54.713898953799998 ], [ -3.4987657048, 54.716463027700001 ], [ -3.4900678529, 54.721855773 ], [ -3.4808198512, 54.720315404200001 ], [ -3.4594751303, 54.729058547199998 ], [ -3.4572930077, 54.727970348500001 ], [ -3.4501572546, 54.730356733800001 ], [ -3.4384133273, 54.730262988600003 ], [ -3.4219478117, 54.7368024154 ], [ -3.4105928556, 54.737672046 ], [ -3.4058757325, 54.743191207300001 ], [ -3.3876772734, 54.749790923900001 ], [ -3.3866636509, 54.752408831499999 ], [ -3.3909550732, 54.754759349700002 ], [ -3.3953809788, 54.753324436 ], [ -3.3969631805, 54.755049775 ], [ -3.4022829537, 54.753406583299999 ], [ -3.4177514579, 54.760290823699997 ], [ -3.4125772157, 54.763442881899998 ], [ -3.4139818813, 54.766284510200002 ], [ -3.4290824258, 54.766502947500001 ], [ -3.429773895, 54.769802172699997 ], [ -3.4314989925, 54.770231194 ], [ -3.4318476142, 54.783079096800002 ], [ -3.4241190412, 54.7858303553 ], [ -3.4193273526, 54.783999164299999 ], [ -3.420605551, 54.7823125444 ], [ -3.4185538243, 54.782336557 ], [ -3.419576396, 54.780455213899998 ], [ -3.4160738052, 54.7790042488 ], [ -3.4198315441, 54.7753114295 ], [ -3.4077132514, 54.773763058900002 ], [ -3.3928681122, 54.774716323699998 ], [ -3.3926988693, 54.776578689899999 ], [ -3.3955247713, 54.777373046400001 ], [ -3.3957078902, 54.779078540699999 ], [ -3.4024756178, 54.779647566500003 ], [ -3.4028483739, 54.782330482699997 ], [ -3.394461014, 54.784413405899997 ], [ -3.3936928205, 54.787397051799999 ], [ -3.4110800066, 54.785623244100002 ], [ -3.4212075623, 54.786619444099998 ], [ -3.4350784888, 54.790221799599998 ], [ -3.43560395, 54.7930826248 ], [ -3.4322997538, 54.795530305600003 ], [ -3.4290022286, 54.7955332437 ], [ -3.4242099982, 54.798591385400002 ], [ -3.4142778267, 54.795705794 ], [ -3.3962915736, 54.801881741700001 ], [ -3.3889383297, 54.8002226025 ], [ -3.3862053884, 54.798096899299999 ], [ -3.3778079372, 54.798174584500003 ], [ -3.3748038049, 54.799952205 ], [ -3.3755783325, 54.801686965499997 ], [ -3.3706975482, 54.803647515400002 ], [ -3.3707858362, 54.805336131700003 ], [ -3.3749539352, 54.806664027399997 ], [ -3.3727239641, 54.809268633800002 ], [ -3.3649248854, 54.812394321699998 ], [ -3.3594398199, 54.810316924 ], [ -3.3644199598, 54.806648133400003 ], [ -3.3673384745, 54.806453507100002 ], [ -3.3663034197, 54.803445434099999 ], [ -3.3619708881, 54.801373144099998 ], [ -3.3597754158, 54.798072469300003 ], [ -3.3543095333, 54.797432600100002 ], [ -3.3510893451, 54.794628520099998 ], [ -3.3403817037, 54.794909070899998 ], [ -3.3281088311, 54.800112867599999 ], [ -3.3224917519, 54.799599043 ], [ -3.3132407699, 54.802629372799998 ], [ -3.3060663217, 54.803515667600003 ], [ -3.303643809, 54.800755680400002 ], [ -3.2972326434, 54.802154508599997 ], [ -3.2934118747, 54.798941927500003 ], [ -3.2977358595, 54.794554883899998 ], [ -3.2966046019, 54.791771987499999 ], [ -3.3119210391, 54.7854240801 ], [ -3.3150115383, 54.785777068 ], [ -3.315879775, 54.783781466299999 ], [ -3.3060319026, 54.782189307499998 ], [ -3.3024163447, 54.783872851 ], [ -3.2957823246, 54.781625191499998 ], [ -3.2918565509, 54.778467606299998 ], [ -3.284548844, 54.779443944 ], [ -3.2808515436, 54.777577750399999 ], [ -3.2583136386, 54.773769417799997 ], [ -3.2494374137, 54.773789285900001 ], [ -3.2371617738, 54.777033644 ], [ -3.2358020525, 54.7742525265 ], [ -3.2314370492, 54.773344282700002 ], [ -3.2169246863, 54.775665658599998 ], [ -3.215709718, 54.772478411500003 ], [ -3.2121422127, 54.771705274200002 ], [ -3.2117256584, 54.769211004200002 ], [ -3.1989872759, 54.7610694213 ], [ -3.1821418402, 54.761108987599997 ], [ -3.1795606012, 54.7589232849 ], [ -3.1684259913, 54.758653624600001 ], [ -3.1652131332, 54.75662645 ], [ -3.1624239838, 54.752024880199997 ], [ -3.1573391877, 54.749161688699999 ], [ -3.1451576535, 54.750229988299999 ], [ -3.1385308919, 54.747173828400001 ], [ -3.1323773715, 54.739889014399999 ], [ -3.1279387002, 54.738905860599999 ], [ -3.1309171941, 54.7365414589 ], [ -3.1308801916, 54.731868495100002 ], [ -3.1409822836, 54.7310368849 ], [ -3.1477052607, 54.727144889199998 ], [ -3.1448115093, 54.724745721 ], [ -3.1296525901, 54.722353571100001 ], [ -3.1307712335, 54.7201502753 ], [ -3.1270472329, 54.719106503299997 ], [ -3.124572893, 54.713804731499998 ], [ -3.1254789065, 54.708826299400002 ], [ -3.1215278078, 54.702644352100002 ], [ -3.1169793163, 54.700758067400002 ], [ -3.1073000215, 54.7009008271 ], [ -3.1029073013, 54.699143457700004 ], [ -3.0990316766, 54.692393369199998 ], [ -3.0993491981, 54.6892180201 ], [ -3.0935751622, 54.687373947799998 ], [ -3.1113582129, 54.680193171299997 ], [ -3.112029924, 54.675262024600002 ], [ -3.113879558, 54.673618338399997 ], [ -3.1256281535, 54.6690071477 ], [ -3.1181277886, 54.664654905799999 ], [ -3.1200043202, 54.662983919 ], [ -3.1189496045, 54.660710911700001 ], [ -3.1204244563, 54.6590975501 ], [ -3.145916588, 54.657133481599999 ], [ -3.1477693127, 54.651921299199998 ], [ -3.1475008057, 54.646792075699999 ], [ -3.1342205523, 54.637928111800001 ], [ -3.1106576878, 54.634975893 ], [ -3.1103759504, 54.638519454300003 ], [ -3.1065758354, 54.640082075199999 ], [ -3.1029853699, 54.645749831800003 ], [ -3.0992911033, 54.648039219099999 ], [ -3.0808035599, 54.648672970500002 ], [ -3.0699734448, 54.653505400100002 ], [ -3.0495643487, 54.647051426399997 ], [ -3.0442731813, 54.652840007099996 ], [ -3.0378441928, 54.653578297899998 ], [ -3.0386828314, 54.659718321100002 ], [ -3.0365075338, 54.664392298599999 ], [ -3.0314334953, 54.668812348 ], [ -3.0240421662, 54.6700859034 ], [ -2.9977245596, 54.669768733200002 ], [ -2.9839609756, 54.663590359300002 ], [ -2.9824598828, 54.660493009299998 ], [ -2.9796552259, 54.659257534600002 ], [ -2.9745904121, 54.668501173 ], [ -2.9639182702, 54.667004848 ], [ -2.9577385246, 54.669264687499997 ], [ -2.9526049318, 54.668550256800003 ], [ -2.9492224601, 54.669781076900001 ], [ -2.9413773944, 54.665798128699997 ], [ -2.9397120009, 54.662162316100002 ], [ -2.937270838, 54.662522740100002 ], [ -2.927525076, 54.656648339299998 ], [ -2.926947266, 54.6496524541 ], [ -2.9314188878, 54.643910741799999 ], [ -2.9415348562, 54.6397613205 ], [ -2.9375007346, 54.637500949900002 ], [ -2.9398210906, 54.627938661199998 ], [ -2.9323339922, 54.6218444426 ], [ -2.9350333937, 54.619779490100001 ], [ -2.9342215473, 54.617467082399997 ], [ -2.9394150148, 54.614353292799997 ], [ -2.9465464014, 54.613381048900003 ], [ -2.9500152731, 54.6104060913 ], [ -2.9535092988, 54.610288745299997 ], [ -2.9506229405, 54.608909454600003 ], [ -2.9504354417, 54.606178834799998 ], [ -2.9572458408, 54.604134509799998 ], [ -2.9575477299, 54.601826913799997 ], [ -2.9608823776, 54.600128871800003 ], [ -2.9607668378, 54.595222795 ], [ -2.9589451717, 54.594104860100003 ], [ -2.959935271, 54.591454780799999 ], [ -2.9641600154, 54.589479962200002 ], [ -2.9647105203, 54.586581700700002 ], [ -2.9826764659, 54.583381481399996 ], [ -2.9897689204, 54.5842583433 ], [ -2.9922432248, 54.582925944800003 ], [ -3.0059578251, 54.582525109700001 ], [ -3.0191163075, 54.576294680899998 ], [ -3.0192167978, 54.572560705100003 ], [ -3.0264539104, 54.567234219299998 ], [ -3.0171933587, 54.5613231373 ], [ -3.0205156644, 54.558919488599997 ], [ -3.017072583, 54.547886064300002 ], [ -3.024840903, 54.540854405799998 ], [ -3.0231804505, 54.539357378200002 ], [ -3.0255172972, 54.530297562400001 ], [ -3.023499834, 54.528652000699999 ], [ -3.0193386344, 54.528471455400002 ], [ -3.0153746251, 54.525026680099998 ], [ -3.0166202993, 54.521061823499998 ], [ -3.0149436709, 54.518244900500001 ], [ -3.017386214, 54.514584499900003 ], [ -3.0149348184, 54.509167762799997 ], [ -3.0116903909, 54.508503729899999 ], [ -3.0115685314, 54.506697496199997 ], [ -3.0145796708, 54.499823898300001 ], [ -3.014458594, 54.494936667799998 ], [ -3.0109360906, 54.4943394509 ], [ -3.0042898379, 54.497069825899999 ], [ -2.9924605158, 54.497625853899997 ], [ -2.9902304841, 54.495514178 ], [ -2.9802364993, 54.495734561100001 ], [ -2.9729111029, 54.488761543300001 ], [ -2.9675108949, 54.486620971800001 ], [ -2.9656802449, 54.482303716399997 ], [ -2.9551721091, 54.484418364100001 ], [ -2.9473063888, 54.4819997743 ], [ -2.9477165517, 54.479740739199997 ], [ -2.9441649918, 54.472965129899997 ], [ -2.9366623653, 54.468781498600002 ], [ -2.9301043227, 54.469443296500003 ], [ -2.9237749089, 54.465195909499997 ], [ -2.9188579711, 54.465404127500001 ], [ -2.9172470641, 54.470584116700003 ], [ -2.9102924566, 54.4736204911 ], [ -2.9074265341, 54.482179980600002 ], [ -2.8821776293, 54.485152985299997 ], [ -2.8775387825, 54.481169415399997 ], [ -2.8746067196, 54.481190671199997 ], [ -2.8658270882, 54.489342423 ], [ -2.8651486643, 54.487190375399997 ], [ -2.8545179716, 54.4837340204 ], [ -2.8534069669, 54.479291343900002 ], [ -2.8376139186, 54.476060392400001 ], [ -2.8261162031, 54.4798063705 ], [ -2.820051292, 54.476801009100001 ], [ -2.8178694664, 54.474050800599997 ], [ -2.8114396438, 54.476787244800001 ], [ -2.8059265857, 54.481308728099997 ], [ -2.8001136206, 54.476862769 ], [ -2.7961147206, 54.475972484800003 ], [ -2.7956142551, 54.468476207199998 ], [ -2.7772569808, 54.4597205468 ], [ -2.7708363514, 54.463644163200001 ], [ -2.75312498, 54.465715076499997 ], [ -2.7412347217, 54.464710144900003 ], [ -2.7341265781, 54.462353930200003 ], [ -2.7319931128, 54.464694592199997 ], [ -2.7216962552, 54.468710897800001 ], [ -2.7132948691, 54.4700369667 ], [ -2.6986260854, 54.478480728199997 ], [ -2.6879159617, 54.487412477900001 ], [ -2.682927759, 54.488492263200001 ], [ -2.6781100613, 54.486542224799997 ], [ -2.6714191249, 54.488925222299997 ], [ -2.663267125, 54.486948137399999 ], [ -2.6593521491, 54.490186946800002 ], [ -2.6627499661, 54.496962612399997 ], [ -2.6611348271, 54.5002068131 ], [ -2.6498968047, 54.502352766100003 ], [ -2.6372246052, 54.4997420889 ], [ -2.6374251943, 54.496757319399997 ], [ -2.6341307558, 54.493395505199999 ], [ -2.6292080145, 54.491524925100002 ], [ -2.6210366072, 54.4851055098 ], [ -2.6138381948, 54.4826798267 ], [ -2.613180591, 54.480022985300003 ], [ -2.6000457804, 54.480987633799998 ], [ -2.5955022056, 54.483760158800003 ], [ -2.5868522552, 54.481955636800002 ], [ -2.5805495267, 54.484381133500001 ], [ -2.5691152659, 54.482584190700003 ], [ -2.5637274614, 54.484182183 ], [ -2.5540870895, 54.483525782199997 ], [ -2.5469276317, 54.479073856299998 ], [ -2.5462661972, 54.476919918599997 ], [ -2.5404397415, 54.475522650199999 ], [ -2.5373427765, 54.475477102 ], [ -2.5295531178, 54.479322007599997 ], [ -2.5213880561, 54.480417989300001 ], [ -2.5174695238, 54.478945430099998 ], [ -2.5124683736, 54.481776522200001 ], [ -2.4931969115, 54.478406388800003 ], [ -2.4907213033, 54.475302488700002 ], [ -2.4948974642, 54.469708994100003 ], [ -2.4930077891, 54.463973990699998 ], [ -2.4900209223, 54.464480432099997 ], [ -2.4877303214, 54.461272334199997 ], [ -2.4820295818, 54.459246167099998 ], [ -2.4791057774, 54.459850945500001 ], [ -2.4723681945, 54.456139824399997 ], [ -2.4666585606, 54.458623512499997 ], [ -2.4608766539, 54.458852380300002 ], [ -2.4574026608, 54.453033018600003 ], [ -2.4500419663, 54.452687885899998 ], [ -2.4501056847, 54.448656771499998 ], [ -2.4483722388, 54.445266107599998 ], [ -2.4461107923, 54.444339827100002 ], [ -2.4442056784, 54.439287126700002 ], [ -2.4456075869, 54.434923226800002 ], [ -2.4441310679, 54.432394308200003 ], [ -2.4478537456, 54.430259604500002 ], [ -2.4468928696, 54.4170431358 ], [ -2.4488157166, 54.411589807799999 ], [ -2.4561406629, 54.4088931776 ], [ -2.4577428612, 54.406119076499998 ], [ -2.4649955146, 54.404455697400003 ], [ -2.4660702135, 54.400351326399999 ], [ -2.4508964058, 54.398523753200003 ], [ -2.4468726012, 54.401019168099999 ], [ -2.4387135359, 54.401480481900002 ], [ -2.4306818513, 54.396476612900003 ], [ -2.4195959199, 54.4014675711 ], [ -2.4036107536, 54.397055483899997 ], [ -2.3953251815, 54.398743210799999 ], [ -2.3912773616, 54.392602537 ], [ -2.3854433102, 54.391255268199998 ], [ -2.3838475383, 54.388582189799997 ], [ -2.3744279887, 54.384019327200001 ], [ -2.3816148063, 54.3803031307 ], [ -2.3830934162, 54.377062513600002 ], [ -2.3819232953, 54.3741047189 ], [ -2.3827195425, 54.369973394699997 ], [ -2.3806143862, 54.368694890599997 ], [ -2.3797818507, 54.365210495100001 ], [ -2.3585339199, 54.350015301299997 ], [ -2.3511708998, 54.348940528200004 ], [ -2.3472918784, 54.345033348800001 ], [ -2.3426609497, 54.343724546399997 ], [ -2.3386376673, 54.340186904699998 ], [ -2.3355948741, 54.340175081799998 ], [ -2.3346805838, 54.3377803976 ], [ -2.336720224, 54.335177420199997 ], [ -2.3358207825, 54.334263234399998 ], [ -2.3270894862, 54.330872099700002 ], [ -2.3214033113, 54.3313187762 ], [ -2.3182387013, 54.327750264700001 ], [ -2.3156936812, 54.327132298 ], [ -2.3145158004, 54.3234821243 ], [ -2.3182872072, 54.322088196400003 ], [ -2.3131457448, 54.317230591 ], [ -2.3139307869, 54.313292146899997 ], [ -2.3228472982, 54.311507100500002 ], [ -2.3202001997, 54.307110417899999 ], [ -2.3247783248, 54.302991001099997 ], [ -2.3238842479, 54.300674665800003 ], [ -2.3199022789, 54.300406727899997 ], [ -2.3186610691, 54.2988642097 ], [ -2.3228633057, 54.293928013 ], [ -2.3164425598, 54.288087435100003 ], [ -2.3186970634, 54.283639700899997 ], [ -2.325486794, 54.279830507600003 ], [ -2.3223409448, 54.278201695900002 ], [ -2.3219751711, 54.274625736200001 ], [ -2.3162876517, 54.270929051400003 ], [ -2.3158505103, 54.268944007499996 ], [ -2.3195689383, 54.265321310300003 ], [ -2.3200635501, 54.261787988899997 ], [ -2.3249296715, 54.259788768699998 ], [ -2.3050543721, 54.249972671899997 ], [ -2.2906705175, 54.253845789800003 ], [ -2.2890346649, 54.245716241799997 ], [ -2.2852560985, 54.243276224900001 ], [ -2.2870057123, 54.241110598399999 ], [ -2.2841233631, 54.239212087600002 ], [ -2.2764296101, 54.242797992200003 ], [ -2.2610161458, 54.246481233899999 ], [ -2.2583323683, 54.249219162 ], [ -2.2512501073, 54.250546291600003 ], [ -2.2486073425, 54.252591860599999 ], [ -2.2481296189, 54.2497169098 ], [ -2.2514538619, 54.248721443800001 ], [ -2.2565176396, 54.243668884199998 ], [ -2.2556024285, 54.237115634399998 ], [ -2.2575132425, 54.235991589100003 ], [ -2.2579397578, 54.233042833 ], [ -2.2563507314, 54.231608253700003 ], [ -2.2568848833, 54.228695219400002 ], [ -2.2484348942, 54.223922668199997 ], [ -2.2631313002, 54.217159953900001 ], [ -2.2727520383, 54.215682590599997 ], [ -2.2735318311, 54.213020562700002 ], [ -2.2769906781, 54.212042019099997 ], [ -2.2764589026, 54.210479439700002 ], [ -2.2818328394, 54.207078740299998 ], [ -2.2800120185, 54.205348426 ], [ -2.2751991808, 54.205503322699997 ], [ -2.2730424551, 54.203926455800001 ], [ -2.2757016156, 54.202680136799998 ], [ -2.2738700019, 54.199251138400001 ], [ -2.2621573708, 54.194154408700001 ], [ -2.2589995632, 54.194071371600003 ], [ -2.2562277409, 54.196917318099999 ], [ -2.2510390264, 54.198123541699999 ], [ -2.236062462, 54.189894475700001 ], [ -2.2461791614, 54.187681281800003 ], [ -2.2488862158, 54.184933728899999 ], [ -2.2524451401, 54.184900182200003 ], [ -2.2545779828, 54.182882510200002 ], [ -2.2499600615, 54.178728348299998 ], [ -2.2341825658, 54.171824450499997 ], [ -2.2364981583, 54.1695905642 ], [ -2.2442575499, 54.168470117200002 ], [ -2.2462019881, 54.165751951499999 ], [ -2.2460632782, 54.157870256300001 ], [ -2.2519575101, 54.153422741599996 ], [ -2.2513513859, 54.151127727199999 ], [ -2.2444978574, 54.146899775199998 ], [ -2.2451510484, 54.143591061199999 ], [ -2.2326421842, 54.140308521400001 ], [ -2.2299885111, 54.142057192700001 ], [ -2.2272002319, 54.141631094399997 ], [ -2.2206364662, 54.1364485621 ], [ -2.2150194688, 54.136458736800002 ], [ -2.2082865882, 54.139786929300001 ], [ -2.2070290872, 54.13625706 ], [ -2.201846913, 54.133208514700002 ], [ -2.2022753132, 54.121831267499999 ], [ -2.2058224852, 54.112181667400002 ], [ -2.2023294662, 54.1046996882 ], [ -2.2097222878, 54.096806279500001 ], [ -2.2089222559, 54.092790250199997 ], [ -2.1904710399, 54.083419949700001 ], [ -2.1995990888, 54.074381635 ], [ -2.202915358, 54.074367061300002 ], [ -2.1965548194, 54.070504028499997 ], [ -2.1963897369, 54.067906892800004 ], [ -2.203783787, 54.067597989299998 ], [ -2.2045985477, 54.065493513600003 ], [ -2.2089658335, 54.064982693200001 ], [ -2.212350925, 54.062145671300001 ], [ -2.2201016201, 54.061601455599998 ], [ -2.2209786957, 54.059901193100004 ], [ -2.2189003097, 54.0539652617 ], [ -2.2206244252, 54.050716529200002 ], [ -2.2193168157, 54.0487551903 ], [ -2.2202230287, 54.047023363 ], [ -2.2290030563, 54.046728331399997 ], [ -2.2288066437, 54.038783659700002 ], [ -2.2167536954, 54.028955582599998 ], [ -2.2155414084, 54.0258031065 ], [ -2.210175708, 54.024730765599998 ], [ -2.2124140611, 54.022159699299998 ], [ -2.2058741274, 54.020697116800001 ], [ -2.2026830453, 54.017323192799999 ], [ -2.2044142451, 54.015567667699997 ], [ -2.2037637503, 54.013618454099998 ], [ -2.2104940731, 54.010712820800002 ], [ -2.207067613, 54.009020112100004 ], [ -2.2101837236, 54.003640077199996 ], [ -2.2041102168, 54.003353963199999 ], [ -2.2033011892, 54.000137751600001 ], [ -2.1982515989, 53.996910635699997 ], [ -2.1891239329, 53.995649113799999 ], [ -2.1875801764, 53.9949414795 ], [ -2.1892041737, 53.993527896400003 ], [ -2.1810536761, 53.991886735100003 ], [ -2.1782632547, 53.988493595500003 ], [ -2.1791698095, 53.986514929199998 ], [ -2.18401643, 53.985842507199997 ], [ -2.1865169861, 53.9823334485 ], [ -2.1842092688, 53.981166551 ], [ -2.1860003089, 53.979314385099997 ], [ -2.1941575573, 53.977818495400001 ], [ -2.1984653399, 53.972231817400001 ], [ -2.1924339117, 53.972509538700002 ], [ -2.1877755135, 53.970584530399996 ], [ -2.1897178284, 53.966471065199997 ], [ -2.1819102255, 53.964481950600003 ], [ -2.1819251285, 53.961093981600001 ], [ -2.1748992949, 53.957329160599997 ], [ -2.1722049734, 53.9580783754 ], [ -2.1680896448, 53.954157239 ], [ -2.1690614459, 53.952268604 ], [ -2.1625790984, 53.951729158600003 ], [ -2.1534268661, 53.945198141600002 ], [ -2.1558564857, 53.941597058600003 ], [ -2.1592885375, 53.939950641899998 ], [ -2.1617361234, 53.934734467600002 ], [ -2.1722137764, 53.9343603696 ], [ -2.1738508851, 53.932470577399997 ], [ -2.1725625387, 53.930297398500002 ], [ -2.1737005156, 53.9292739399 ], [ -2.166916599, 53.927564119800003 ], [ -2.1680382074, 53.9262413509 ], [ -2.1664320274, 53.924432018499999 ], [ -2.1692435001, 53.923039712799998 ], [ -2.1664314129, 53.920455462900001 ], [ -2.177290426, 53.917716601 ], [ -2.1786881367, 53.909688426499997 ], [ -2.189734257, 53.904419067500001 ], [ -2.1939878809, 53.9001375741 ], [ -2.1956724852, 53.895883598 ], [ -2.2033605068, 53.896562868300002 ], [ -2.2064592638, 53.895416089599998 ], [ -2.2086699327, 53.890163399899997 ], [ -2.2079099116, 53.884187807399996 ], [ -2.1984116094, 53.883053458299997 ], [ -2.1926175421, 53.8801688215 ], [ -2.1837089715, 53.881126528199999 ], [ -2.1790400805, 53.878122664400003 ], [ -2.1816768346, 53.875835783200003 ], [ -2.1800572407, 53.874130535 ], [ -2.1690093152, 53.874023416500002 ], [ -2.155107588, 53.880636670199998 ], [ -2.1455106622, 53.8811160769 ], [ -2.1409718689, 53.8837099032 ], [ -2.1292644903, 53.8860780117 ], [ -2.1251877193, 53.886244121799997 ], [ -2.1228752542, 53.881060507199997 ], [ -2.1117528633, 53.885825993200001 ], [ -2.1042834115, 53.8859952822 ], [ -2.1000791335, 53.883778105099999 ], [ -2.0976058616, 53.8800142451 ], [ -2.081954427, 53.880615237900003 ], [ -2.0791896024, 53.8745452653 ], [ -2.0717055826, 53.873992739400002 ], [ -2.0742819217, 53.868796191800001 ], [ -2.0690984727, 53.860979864199997 ], [ -2.0358423308, 53.856581405100002 ], [ -2.0468272026, 53.850492838 ], [ -2.0596879975, 53.851152205200002 ], [ -2.0619665476, 53.8500725 ], [ -2.0595898804, 53.846307786799997 ], [ -2.0613993757, 53.839473421 ], [ -2.065445109, 53.838844775200002 ], [ -2.0641339732, 53.836086201599997 ], [ -2.0650240974, 53.831962404400002 ], [ -2.0687861719, 53.828255119300003 ], [ -2.0864229305, 53.821884749900001 ], [ -2.098091869, 53.821313976699997 ], [ -2.1053743401, 53.817802493499997 ], [ -2.1020470267, 53.817436901 ], [ -2.0976598112, 53.813800449799999 ], [ -2.0985710428, 53.811939199599998 ], [ -2.1013637171, 53.811235806900001 ], [ -2.1086032984, 53.801528172899999 ], [ -2.1146800414, 53.801094368299999 ], [ -2.1184322399, 53.805440882900001 ], [ -2.129914966, 53.801591114 ], [ -2.1315511084, 53.790749841299998 ], [ -2.1241666589, 53.788259073600003 ], [ -2.136379629, 53.781882288299997 ], [ -2.1360684516, 53.779006480500001 ], [ -2.1298805554, 53.772910512899998 ], [ -2.1306987034, 53.770491849599999 ], [ -2.1285079658, 53.768534837399997 ], [ -2.1287468946, 53.763222666399997 ], [ -2.1316156948, 53.762940916600002 ], [ -2.132792065, 53.760782492700002 ], [ -2.1310724649, 53.758995773 ], [ -2.1319176651, 53.757646612 ], [ -2.1384082568, 53.757360679800001 ], [ -2.1510544113, 53.752240183600001 ], [ -2.1652193587, 53.752383250699999 ], [ -2.169508609, 53.747991089800003 ], [ -2.1732350968, 53.747068973499999 ], [ -2.1773884849, 53.739548879600001 ], [ -2.1810458336, 53.740388280099999 ], [ -2.1855704669, 53.738457906 ], [ -2.189922593, 53.738693727899999 ], [ -2.1859502515, 53.735203638199998 ], [ -2.1742893919, 53.730709179599998 ], [ -2.1769174927, 53.728494257500003 ], [ -2.174688278, 53.724560755500001 ], [ -2.1654426964, 53.720484291399998 ], [ -2.1660522562, 53.717517407499997 ], [ -2.1707174976, 53.7149042952 ], [ -2.1696977646, 53.712191341500002 ], [ -2.170991435, 53.710886242400001 ], [ -2.1675747298, 53.706794246800001 ], [ -2.1619480338, 53.706269937800002 ], [ -2.1641225079, 53.704487329099997 ], [ -2.1632790406, 53.697918172599998 ], [ -2.1650448255, 53.696306848 ], [ -2.1611400248, 53.697013273700001 ], [ -2.1438533817, 53.692846852700001 ], [ -2.1489096846, 53.686189448500002 ], [ -2.1460953425, 53.682395436599997 ], [ -2.1455975642, 53.6785356058 ], [ -2.1405222348, 53.677400212400002 ], [ -2.1286954154, 53.681134620400002 ], [ -2.1274020744, 53.6739904318 ], [ -2.1213333243, 53.671028966500003 ], [ -2.1079247003, 53.672256920400002 ], [ -2.0953267853, 53.667467964499998 ], [ -2.08372385, 53.671647165899998 ], [ -2.0723093647, 53.669012110399997 ], [ -2.0679695806, 53.671531343399998 ], [ -2.0697030224, 53.676303048 ], [ -2.0689814258, 53.679368422499998 ], [ -2.0632610175, 53.680809694499999 ], [ -2.0572177016, 53.674165091200003 ], [ -2.0598878858, 53.672290679299998 ], [ -2.0594300417, 53.669639404599998 ], [ -2.0551286213, 53.667421397799998 ], [ -2.0537652421, 53.669606141499997 ], [ -2.0502268154, 53.668987503099999 ], [ -2.0429560469, 53.6633278101 ], [ -2.0421309006, 53.6554095316 ], [ -2.0397979064, 53.652354355900002 ], [ -2.0427437248, 53.644079708200003 ], [ -2.0416917294, 53.639779236300001 ], [ -2.0363346494, 53.636473337200002 ], [ -2.0321464523, 53.6378767032 ], [ -2.0281219714, 53.635738039300001 ], [ -2.0294354532, 53.632520438500002 ], [ -2.0252594711, 53.628836236300003 ], [ -2.0286596599, 53.625859161 ], [ -2.0259817544, 53.623155528200002 ], [ -2.0241330633, 53.615911410099997 ], [ -2.0136118229, 53.615176057200003 ], [ -2.0019726134, 53.618951896399999 ], [ -2.0028891408, 53.610440020200002 ], [ -1.9930396997, 53.609425921800003 ], [ -1.9925790251, 53.607653493100003 ], [ -1.9957002237, 53.604717049199998 ], [ -1.9911067165, 53.601496446600002 ], [ -1.9925341416, 53.600714563099999 ], [ -1.9910168634, 53.5975425958 ], [ -1.9872994623, 53.597450069200001 ], [ -1.9834034076, 53.5926332202 ], [ -1.9840839018, 53.590925540500002 ], [ -1.9709741316, 53.585763839199998 ], [ -1.9710561813, 53.583176958899998 ], [ -1.9673523701, 53.581071031900002 ], [ -1.9678972265, 53.579588110300001 ], [ -1.96502646, 53.577430123 ], [ -1.9480239335, 53.577289157800003 ], [ -1.9453466771, 53.568713136200003 ], [ -1.9473599351, 53.564651320499998 ], [ -1.9459886297, 53.562583400800001 ], [ -1.9370853099, 53.559792691699997 ], [ -1.9327971787, 53.560275738 ], [ -1.9290866678, 53.5583321274 ], [ -1.9297697183, 53.55609441 ], [ -1.9273703442, 53.555634605 ], [ -1.9282018964, 53.554844132699998 ], [ -1.9259709474, 53.553088742699998 ], [ -1.921789041, 53.5535637833 ], [ -1.9188814869, 53.550616979 ], [ -1.9138219245, 53.5522819834 ], [ -1.9035163969, 53.550773058799997 ], [ -1.8992862279, 53.546104661500003 ], [ -1.8914711867, 53.545181031699997 ], [ -1.8852923064, 53.542029358199997 ], [ -1.8837748678, 53.539610003699998 ], [ -1.8747621263, 53.5411199833 ], [ -1.860423014, 53.533104501899999 ], [ -1.8546505014, 53.527003524 ], [ -1.8450632784, 53.525175855400001 ], [ -1.8451812411, 53.521776403300002 ], [ -1.8418587276, 53.519976382899998 ], [ -1.8348831799, 53.520865807500002 ], [ -1.8303183083, 53.523358197199997 ], [ -1.8223284954, 53.522303957299997 ], [ -1.8193497027, 53.513400993099999 ], [ -1.7951071098, 53.509049394100003 ], [ -1.7947112846, 53.506709859700003 ], [ -1.7912065001, 53.505022964299997 ], [ -1.7920159406, 53.502903107199998 ], [ -1.7906975169, 53.501219974500003 ], [ -1.7872631912, 53.5006386608 ], [ -1.7764761002, 53.493590049300003 ], [ -1.7876625451, 53.484050702799998 ], [ -1.7912394684, 53.482938444799998 ], [ -1.7914307309, 53.480808515699998 ], [ -1.7994107483, 53.482125482699999 ], [ -1.8036387003, 53.480241789399997 ], [ -1.8137360116, 53.479443111899997 ], [ -1.8136619351, 53.469241096700003 ], [ -1.8148569774, 53.468097962900003 ], [ -1.8171881779, 53.468958904399997 ], [ -1.8169551079, 53.467106924 ], [ -1.8202425662, 53.466249014100001 ], [ -1.8205798579, 53.464847318899999 ], [ -1.8308609656, 53.462741011399999 ], [ -1.8332637591, 53.4645600542 ], [ -1.8440179912, 53.464682413799999 ], [ -1.8471339631, 53.461037114500002 ], [ -1.851491051, 53.459784212199999 ], [ -1.8629521092, 53.459869789400003 ], [ -1.8656141151, 53.451509030399997 ], [ -1.8580425244, 53.451837355599999 ], [ -1.8512094106, 53.445555063299999 ], [ -1.8667006161, 53.436306198300002 ], [ -1.8684104367, 53.433440729099999 ], [ -1.8653955354, 53.425334799799998 ], [ -1.8738034723, 53.425644528399999 ], [ -1.8776696142, 53.427311418599999 ], [ -1.8800400893, 53.424563329400002 ], [ -1.8852874202, 53.423462883900001 ], [ -1.8866186521, 53.4213608365 ], [ -1.8958043757, 53.421043821300003 ], [ -1.9018430493, 53.418974347 ], [ -1.90398901, 53.414805406399999 ], [ -1.9096823827, 53.411789685599999 ], [ -1.9101515649, 53.410468696599999 ], [ -1.8953195371, 53.403974882100002 ], [ -1.8923804788, 53.400395879 ], [ -1.872919493, 53.400179049099997 ], [ -1.8577165421, 53.390463240800003 ], [ -1.8668633055, 53.385377269800003 ], [ -1.8751596634, 53.384990716700003 ], [ -1.8820829346, 53.382301163599998 ], [ -1.883411883, 53.380100261099997 ], [ -1.8821551523, 53.377914801599999 ], [ -1.8854987373, 53.375491126599997 ], [ -1.8776341213, 53.371402516099998 ], [ -1.8764245221, 53.369682359800002 ], [ -1.8780727765, 53.3651468909 ], [ -1.8755394838, 53.362977999199998 ], [ -1.8695479878, 53.361596382 ], [ -1.8647053598, 53.353627077399999 ], [ -1.8590403441, 53.3492161012 ], [ -1.846301421, 53.3451464985 ], [ -1.8573795182, 53.342724328899997 ], [ -1.8674962938, 53.335095609100001 ], [ -1.8700465097, 53.331022049300003 ], [ -1.8700782726, 53.325498543899997 ], [ -1.8653708109, 53.323336052800002 ], [ -1.8600416571, 53.323231031900001 ], [ -1.8578409161, 53.321367802899999 ], [ -1.8586599855, 53.318815987400001 ], [ -1.8571341816, 53.317214186800001 ], [ -1.8623339833, 53.310649527499997 ], [ -1.8685330512, 53.310431813800001 ], [ -1.8788857137, 53.300878767299999 ], [ -1.8897173862, 53.3016083459 ], [ -1.897645858, 53.305491843 ], [ -1.9046585912, 53.3033829771 ], [ -1.9036595182, 53.300569517 ], [ -1.9079704189, 53.298459757400003 ], [ -1.9068292362, 53.293038676899997 ], [ -1.9108791575, 53.284987862199998 ], [ -1.924995096, 53.284095092500003 ], [ -1.9347056075, 53.2800504394 ], [ -1.9355034182, 53.278091326099997 ], [ -1.9399720548, 53.278444184900003 ], [ -1.9443490704, 53.275677789900001 ], [ -1.947248708, 53.276721918100002 ], [ -1.9504047911, 53.274674241100001 ], [ -1.9508966823, 53.271083878200002 ], [ -1.9476708906, 53.268780419499997 ], [ -1.9463618869, 53.265494449199998 ], [ -1.9527967027, 53.261119627299998 ], [ -1.9566168736, 53.260312079899997 ], [ -1.9569855394, 53.255871759800002 ], [ -1.9588046519, 53.2550718739 ], [ -1.9566793047, 53.2514042261 ], [ -1.960698494, 53.250060456299998 ], [ -1.9596957556, 53.243531098299997 ], [ -1.9621698784, 53.241676245800001 ], [ -1.9632066694, 53.238291756199999 ], [ -1.9625006375, 53.2360623143 ], [ -1.9592241352, 53.2351713539 ], [ -1.9590314976, 53.232928675700002 ], [ -1.9542682619, 53.232248178299997 ], [ -1.9584279181, 53.223845172300003 ], [ -1.9528367699, 53.222773433199997 ], [ -1.9535710065, 53.218354821 ], [ -1.9591857715, 53.212348713700003 ], [ -1.9568539187, 53.2082579729 ], [ -1.9617230286, 53.204825884400002 ], [ -1.9585060043, 53.202937155199997 ], [ -1.9577312733, 53.199107630599997 ], [ -1.9556899178, 53.197606223400001 ], [ -1.9572748262, 53.193884937500002 ], [ -1.9551052035, 53.19089085 ], [ -1.9563657887, 53.187520486499999 ], [ -1.9542105472, 53.184984817699998 ], [ -1.956994692, 53.178705064500001 ], [ -1.9526814473, 53.176516664700003 ], [ -1.9620954182, 53.172807619899999 ], [ -1.962426133, 53.1709739876 ], [ -1.9682332282, 53.167164368 ], [ -1.9718197399, 53.162320237700001 ], [ -1.9896623674, 53.162967694499997 ], [ -1.9913442651, 53.164183919099997 ], [ -1.9953230757, 53.162682959800001 ], [ -1.9993463354, 53.166907854599998 ], [ -2.0008722538, 53.174054029399997 ], [ -2.0146230212, 53.1795812513 ], [ -2.0216386914, 53.176209357099999 ], [ -2.0228914197, 53.168730353500003 ], [ -2.025850526, 53.164684574299997 ], [ -2.0380831628, 53.161589234399997 ], [ -2.0463034747, 53.156372728900003 ], [ -2.0475252693, 53.152345204100001 ], [ -2.0726243054, 53.152521256699998 ], [ -2.0764783401, 53.154541345799998 ], [ -2.0919523056, 53.153020229799999 ], [ -2.0952053152, 53.150428852899999 ], [ -2.1068406988, 53.150967283299998 ], [ -2.1159547939, 53.153916099299998 ], [ -2.1170880465, 53.1582181761 ], [ -2.1233616951, 53.160812140600001 ], [ -2.1302319577, 53.157676664900002 ], [ -2.1369478612, 53.158019661899999 ], [ -2.1391369142, 53.155149674500002 ], [ -2.1385495309, 53.148304385800003 ], [ -2.1416450112, 53.1448094271 ], [ -2.1344488441, 53.138435625600003 ], [ -2.1271645634, 53.136906506199999 ], [ -2.1277205338, 53.122793222200002 ], [ -2.13496184, 53.120906544699999 ], [ -2.143188117, 53.121589069899997 ], [ -2.1474579489, 53.115511781099997 ], [ -2.1527557146, 53.111855564 ], [ -2.1531562701, 53.104938002 ], [ -2.1642481835, 53.105165894199999 ], [ -2.1669777243, 53.108016457600002 ], [ -2.1729762006, 53.106402986 ], [ -2.1803011579, 53.107776409499998 ], [ -2.1857647739, 53.103480212100003 ], [ -2.1956660027, 53.109747675 ], [ -2.2005658165, 53.1097574884 ], [ -2.2058593882, 53.115204769800002 ], [ -2.2106218878, 53.116382961 ], [ -2.2126728169, 53.114473658400001 ], [ -2.2073599271, 53.111435767899998 ], [ -2.2054145559, 53.1084547922 ], [ -2.2063707258, 53.103809772300004 ], [ -2.2097502422, 53.100015519499998 ], [ -2.2062316914, 53.0950507393 ], [ -2.208373188, 53.093213241400001 ], [ -2.2071281315, 53.092037853 ], [ -2.2083673118, 53.090948013400002 ], [ -2.2074955843, 53.0877134586 ], [ -2.21122509, 53.084030391900001 ], [ -2.2230992085, 53.082156954799999 ], [ -2.2233542246, 53.0802328153 ], [ -2.2263056678, 53.078699094400001 ], [ -2.2395097835, 53.074789947100001 ], [ -2.2386847674, 53.071357779800003 ], [ -2.2512334353, 53.070792577200002 ], [ -2.2529447187, 53.064838173799998 ], [ -2.2564124942, 53.063284620600001 ], [ -2.2555946187, 53.0612469119 ], [ -2.257605967, 53.058235374200002 ], [ -2.2565795836, 53.056245772600001 ], [ -2.2665472951, 53.056457833499998 ], [ -2.2683808746, 53.053806871399999 ], [ -2.2717661578, 53.053596214700001 ], [ -2.2793449002, 53.048976218900002 ], [ -2.2809868706, 53.046841903599997 ], [ -2.2801593717, 53.044129164600001 ], [ -2.2819592752, 53.042713615300002 ], [ -2.2806304994, 53.039258708399998 ], [ -2.2898624415, 53.035763957299999 ], [ -2.2791132384, 53.026989336299998 ], [ -2.2870747916, 53.0269523925 ], [ -2.2892231705, 53.022704300800001 ], [ -2.2952125612, 53.022159212600002 ], [ -2.2918659278, 53.021088779400003 ], [ -2.292820854, 53.017508741599997 ], [ -2.2877936758, 53.014006256899997 ], [ -2.2872149589, 53.011967114299999 ], [ -2.2744768514, 53.008293657400003 ], [ -2.2803187787, 53.003678987699999 ], [ -2.2907770294, 53.001054567799997 ], [ -2.293620142, 52.998427084500001 ], [ -2.2909807189, 52.995894269200001 ], [ -2.2928045035, 52.994595343 ], [ -2.2918585083, 52.993500987600001 ], [ -2.2971679157, 52.992148410299997 ], [ -2.2922398179, 52.988196416100003 ], [ -2.2922594078, 52.986686179700001 ], [ -2.3002060492, 52.985569679199997 ], [ -2.30871485, 52.979794767599998 ], [ -2.3067198935, 52.975700843799999 ], [ -2.3007599688, 52.970969765299998 ], [ -2.3032104597, 52.967925170299999 ], [ -2.3020496602, 52.963739137099999 ], [ -2.3075182481, 52.962304801599998 ], [ -2.3238522577, 52.966612188900001 ], [ -2.3273011331, 52.965820670399999 ], [ -2.3273566763, 52.963402406900002 ], [ -2.3303096731, 52.962126723300003 ], [ -2.3333600168, 52.9657948316 ], [ -2.3463747384, 52.966045250400001 ], [ -2.3483927878, 52.968897933299999 ], [ -2.3569108687, 52.972648133900002 ], [ -2.370078524, 52.9731112427 ], [ -2.3732857597, 52.978944224099997 ], [ -2.3723379536, 52.9812986162 ], [ -2.3754772708, 52.984348844099998 ], [ -2.3787140835, 52.983169969599999 ], [ -2.3784578266, 52.981703164199999 ], [ -2.3810940263, 52.979422832899999 ], [ -2.3873346441, 52.979454566699999 ], [ -2.3897487806, 52.977956476700001 ], [ -2.3935342048, 52.981521721500002 ], [ -2.4009038318, 52.982809514800003 ], [ -2.4016296893, 52.9791663922 ], [ -2.409446603, 52.978950960699997 ], [ -2.4166225112, 52.975582008400004 ], [ -2.4179470993, 52.972413133400003 ], [ -2.4365202843, 52.969865304800003 ], [ -2.4381380775, 52.964933221099997 ], [ -2.4476689626, 52.962272815799999 ], [ -2.4488386818, 52.9602188422 ], [ -2.4542923248, 52.9607015136 ], [ -2.4537225409, 52.9581776968 ], [ -2.4629957563, 52.9560114517 ], [ -2.4659444823, 52.953375042899999 ], [ -2.4637719572, 52.950650791699999 ], [ -2.4640451661, 52.948366437 ], [ -2.4669055731, 52.945874174300002 ], [ -2.4666587155, 52.942297390599997 ], [ -2.4740332595, 52.940362449600002 ], [ -2.4745579169, 52.937996157900002 ], [ -2.4725057267, 52.935370461600002 ], [ -2.4694030926, 52.9346366483 ], [ -2.4697674929, 52.9256997906 ], [ -2.4723427047, 52.923136597300001 ], [ -2.4721684324, 52.920791065700001 ], [ -2.4636242073, 52.920141538099998 ], [ -2.4620760981, 52.917226027399998 ], [ -2.4658359909, 52.914199897499998 ], [ -2.4716489573, 52.914051100199998 ], [ -2.473376791, 52.9115811347 ], [ -2.4710161685, 52.907814980300003 ], [ -2.4727918369, 52.9070258466 ], [ -2.4745939792, 52.908663715300001 ], [ -2.4797776852, 52.906809048100001 ], [ -2.4855795854, 52.908421533 ], [ -2.4875006913, 52.906040461300002 ], [ -2.4985715578, 52.9029291067 ], [ -2.5002425034, 52.900238294 ], [ -2.5038242056, 52.902037550700001 ], [ -2.5089305526, 52.9016985564 ], [ -2.5225967591, 52.8954994204 ], [ -2.5251089634, 52.899192891200002 ], [ -2.5358464628, 52.898334958900001 ], [ -2.5377550574, 52.896016024700003 ], [ -2.5367099789, 52.9011826192 ], [ -2.5604875507, 52.907066798800003 ], [ -2.5620956293, 52.908389632499997 ], [ -2.5584693381, 52.909683239300001 ], [ -2.5583477112, 52.911787334700001 ], [ -2.5660187437, 52.912348815500003 ], [ -2.5661594798, 52.915579840200003 ], [ -2.5676283284, 52.916453791099997 ], [ -2.5774547542, 52.917278391700002 ], [ -2.5805319718, 52.9160677972 ], [ -2.5858380993, 52.919143090299997 ], [ -2.5998127913, 52.9198014782 ], [ -2.603504699, 52.923252691499997 ], [ -2.603118492, 52.925430091800003 ], [ -2.5996196705, 52.926274832600001 ], [ -2.6061017135, 52.928147687500001 ], [ -2.6070178557, 52.929833018099998 ], [ -2.6018361436, 52.931639288200003 ], [ -2.6002052103, 52.936340007 ], [ -2.5941195501, 52.937993485299998 ], [ -2.5940138351, 52.940551195700003 ], [ -2.6003669128, 52.941571016 ], [ -2.6068834944, 52.945744936899999 ], [ -2.6176528026, 52.949554870199997 ], [ -2.6253076804, 52.949892380900003 ], [ -2.6291266327, 52.956650214500002 ], [ -2.6279080424, 52.960899645700003 ], [ -2.6357068509, 52.9668450972 ], [ -2.6383293293, 52.971020082099997 ], [ -2.647220805, 52.973129434299999 ], [ -2.6477224671, 52.975805530499997 ], [ -2.6463683181, 52.976873648599998 ], [ -2.6502032607, 52.980349587699997 ], [ -2.6490424118, 52.981398674600001 ], [ -2.6594828429, 52.9833278686 ], [ -2.6686807848, 52.988652106899998 ], [ -2.6735909014, 52.989235656799998 ], [ -2.6810435175, 52.986658188 ], [ -2.6839750239, 52.983638906700001 ], [ -2.7015402771, 52.981127368 ], [ -2.7089279137, 52.982953321099998 ], [ -2.7193857316, 52.992014699499997 ], [ -2.7232766818, 52.9877121432 ], [ -2.7237305642, 52.989911778 ], [ -2.7218096018, 52.992638250100001 ], [ -2.7248915635, 52.993410559099999 ], [ -2.7253406567, 52.997093460899997 ], [ -2.7236284325, 52.996276875100001 ], [ -2.7192378584, 52.999252033799998 ], [ -2.7193762746, 53.002199705599999 ], [ -2.7126006042, 53.004514822300003 ], [ -2.7130221533, 53.007254045400003 ], [ -2.7110629036, 53.01136492 ], [ -2.7175952732, 53.013411196100002 ], [ -2.7181214566, 53.016374499900003 ], [ -2.7159387558, 53.017789999599998 ], [ -2.7159682281, 53.019569709300001 ], [ -2.7202894364, 53.023031468 ], [ -2.7227587419, 53.028050504 ], [ -2.7224283567, 53.031477441299998 ], [ -2.7246133385, 53.0325167114 ], [ -2.7255366203, 53.037202686199997 ], [ -2.7308251306, 53.043031329 ], [ -2.7363229782, 53.043554752299997 ], [ -2.7421207415, 53.047635814800003 ], [ -2.7489057051, 53.046640416300001 ], [ -2.7509399718, 53.048677150499998 ], [ -2.7425521204, 53.053637972 ], [ -2.741404501, 53.058049882399999 ], [ -2.7456365876, 53.060922474 ], [ -2.7465640612, 53.064777549399999 ], [ -2.7526754613, 53.067795390100002 ], [ -2.750970915, 53.071042301600002 ], [ -2.746989122, 53.072092148300001 ], [ -2.7447314102, 53.076187429100003 ], [ -2.7388692514, 53.0755587779 ], [ -2.7289060032, 53.079557532800003 ], [ -2.7293934752, 53.08278166 ], [ -2.7341841255, 53.086195095400001 ], [ -2.7349417635, 53.088599533100002 ], [ -2.7313787663, 53.091569956599997 ], [ -2.7351372467, 53.096562783499998 ], [ -2.7304496425, 53.098425453200001 ], [ -2.7250164356, 53.103933111700002 ], [ -2.7279801467, 53.106072427199997 ], [ -2.7272643432, 53.108304084099998 ], [ -2.7184372376, 53.112467806200002 ], [ -2.7257816124, 53.117439210299999 ], [ -2.7336683647, 53.125840686899998 ], [ -2.7335298437, 53.1284753694 ], [ -2.7379412684, 53.129499834900002 ], [ -2.7382087316, 53.1328960839 ], [ -2.7410786186, 53.134640128500003 ], [ -2.7531641151, 53.136811567599999 ], [ -2.7557672209, 53.135230952400001 ], [ -2.7619385911, 53.137654645 ], [ -2.7676582222, 53.136503239200003 ], [ -2.7734015142, 53.137517797599997 ], [ -2.776242747, 53.139234216699997 ], [ -2.7763817459, 53.141139016899999 ], [ -2.779716701, 53.1403801071 ], [ -2.788953045, 53.145146444700003 ], [ -2.7940211349, 53.150802901500001 ], [ -2.7926498412, 53.1526638092 ], [ -2.7987853299, 53.1537104692 ], [ -2.7966071377, 53.154794798899999 ], [ -2.804077649, 53.157639095599997 ], [ -2.8038619006, 53.1604991086 ], [ -2.8088612486, 53.162299042500003 ], [ -2.8068004872, 53.162474828599997 ], [ -2.805275437, 53.164759411 ], [ -2.8077651203, 53.167646047 ], [ -2.8045485742, 53.170022982100001 ], [ -2.8159938733, 53.1740261817 ], [ -2.815250563, 53.176386430900003 ], [ -2.8173083639, 53.177064490600003 ], [ -2.8179536426, 53.181096188399998 ], [ -2.8199036976, 53.182916565100001 ], [ -2.829195485, 53.183643279800002 ], [ -2.8304118748, 53.186187723 ], [ -2.8340554872, 53.187321862799998 ], [ -2.840405224, 53.1867738105 ], [ -2.8368786293, 53.187814440799997 ], [ -2.8333563427, 53.191398839 ], [ -2.8433817909, 53.197467856800003 ], [ -2.84103845, 53.201541092200003 ], [ -2.8416625142, 53.2043567037 ], [ -2.8439337346, 53.205653047399998 ], [ -2.8495600236, 53.203977033599998 ], [ -2.8480547398, 53.205839520300003 ], [ -2.8483970615, 53.2087675382 ], [ -2.853226543, 53.206162155199998 ], [ -2.858187879, 53.207187234800003 ], [ -2.8593008135, 53.205938711400002 ], [ -2.8577191548, 53.204709609200002 ], [ -2.8584360139, 53.2031223571 ], [ -2.8649501856, 53.199491490200003 ], [ -2.8708860001, 53.205195305 ], [ -2.875181083, 53.215099264099997 ], [ -2.8752261437, 53.219877091500003 ], [ -2.8813287318, 53.228795489200003 ], [ -2.882353298, 53.231281212299997 ], [ -2.8803563694, 53.235301827500003 ], [ -2.9034756399, 53.256871886 ], [ -2.9128965056, 53.259917063899998 ], [ -2.9143983306, 53.256532894300001 ], [ -2.9301802548, 53.251583619599998 ], [ -2.9351956859, 53.253387140299999 ], [ -2.9342056168, 53.251974624 ], [ -2.9358496901, 53.2503886294 ], [ -2.9398016269, 53.251535107800002 ], [ -2.9475536084, 53.249639946 ], [ -2.954347628, 53.251868977199997 ], [ -2.9600216456, 53.250906516199997 ], [ -2.9632025151, 53.255060801900001 ], [ -2.9678075364, 53.255203255799998 ], [ -2.9689703126, 53.256910759299998 ], [ -2.9679090116, 53.259697000300001 ], [ -2.9699312311, 53.262278446499998 ], [ -2.9752603234, 53.263241746699997 ], [ -2.9764417168, 53.265083836400002 ], [ -2.9805777715, 53.264995949099998 ], [ -2.9851313905, 53.270028275199998 ], [ -2.9898866787, 53.270761948100002 ], [ -2.9989434868, 53.278470989 ], [ -3.0026882784, 53.279554204500002 ], [ -3.00416652, 53.282472219 ], [ -3.0142300102, 53.283066723799998 ], [ -3.0203695563, 53.285157236 ], [ -3.0386166084, 53.2953371925 ], [ -3.0420245846, 53.299739103100002 ], [ -3.0417990715, 53.301570359099998 ], [ -3.0453136774, 53.304159936399998 ], [ -3.0555184285, 53.305382461800001 ], [ -3.0691435042, 53.311328756899997 ], [ -3.0697118999, 53.313651182100003 ], [ -3.0799430818, 53.318180058199999 ], [ -3.0880057169, 53.324722786899997 ], [ -3.0950186759, 53.324191175199999 ], [ -3.1000807592, 53.328369491899998 ], [ -3.1010075892, 53.332873487199997 ], [ -3.108156307, 53.335794994300002 ], [ -3.1125370087, 53.335049757199997 ], [ -3.1159097097, 53.3365284303 ], [ -3.1175840848, 53.341978152 ], [ -3.1242090485, 53.343731711499998 ], [ -3.1240401758, 53.3468236605 ], [ -3.1301561774, 53.3516398971 ], [ -3.1359789616, 53.353840872200003 ], [ -3.148323717, 53.3517900326 ], [ -3.1523257802, 53.353117797800003 ], [ -3.1566790862, 53.3560331045 ], [ -3.1609302334, 53.361690937399999 ], [ -3.1639226624, 53.362425863 ], [ -3.1724456068, 53.373875497299998 ], [ -3.1774692323, 53.374662026800003 ], [ -3.1832488592, 53.371135050200003 ], [ -3.1845723052, 53.374411949399999 ], [ -3.1890394836, 53.373972001299997 ], [ -3.1932800387, 53.380482766699998 ], [ -3.1935704135, 53.383527183299996 ], [ -3.1981243417, 53.3864922028 ], [ -3.1839193892, 53.392055110800001 ], [ -3.1819894776, 53.394042854600002 ], [ -3.1831868995, 53.395463560800003 ], [ -3.1775531736, 53.3997064442 ], [ -3.1424971563, 53.412020271499998 ], [ -3.1241242577, 53.414694727799997 ], [ -3.0958146141, 53.4219669736 ], [ -3.0893663151, 53.426376651299996 ], [ -3.0833628561, 53.427024544299996 ], [ -3.0802217477, 53.428976643 ], [ -3.074538478, 53.428614428499998 ], [ -3.0707443618, 53.430356414599999 ], [ -3.0698250855, 53.428512927200003 ], [ -3.0605609184, 53.428793326399997 ], [ -3.0600231966, 53.422910330599997 ], [ -3.0546688024, 53.424243167599997 ], [ -3.0528853484, 53.423324055499997 ], [ -3.0451384849, 53.425909022900001 ], [ -3.0442230367, 53.428469893399999 ], [ -3.0369584594, 53.423103879300001 ], [ -3.0380448234, 53.4213685613 ], [ -3.0335505744, 53.417236676500004 ], [ -3.023572159, 53.410239346499999 ], [ -3.026982322, 53.408789804400001 ], [ -3.0252161763, 53.406036384499998 ], [ -3.0194444404, 53.404971181100002 ], [ -3.0176995359, 53.403080409700003 ], [ -3.0198801008, 53.402432572599999 ], [ -3.0179455692, 53.401415353899999 ], [ -3.0223271717, 53.398474472499998 ], [ -3.0123353986, 53.39191678 ], [ -3.0152529204, 53.390031281799999 ], [ -3.0216810197, 53.3909652201 ], [ -3.0229536435, 53.389480126599999 ], [ -3.030759395, 53.388927566900001 ], [ -3.0422437103, 53.382625422300002 ], [ -3.0429414109, 53.379185523899999 ], [ -3.0476623967, 53.377984590600001 ], [ -3.0451209645, 53.374878693799999 ], [ -3.0451497309, 53.372370503299997 ], [ -3.0414025251, 53.370335786299997 ], [ -3.0387974049, 53.3658100432 ], [ -3.0314607322, 53.362583701399998 ], [ -3.0303084799, 53.3490831278 ], [ -3.0211596198, 53.345934717200002 ], [ -3.0176087347, 53.348212318599998 ], [ -3.0143183402, 53.347557171299997 ], [ -3.0113478585, 53.345182315499997 ], [ -3.0122746219, 53.344356452699998 ], [ -3.0064017749, 53.343093739799997 ], [ -2.9976330359, 53.344515745 ], [ -2.998070741, 53.346534615700001 ], [ -2.9952700552, 53.347537816699997 ], [ -2.985407744, 53.349147815599999 ], [ -2.9836809627, 53.346573228899999 ], [ -2.9753249525, 53.343765349 ], [ -2.9720332262, 53.339046014200001 ], [ -2.9687170426, 53.338515670100001 ], [ -2.9698919974, 53.332052003199998 ], [ -2.9748499918, 53.329530613899998 ], [ -2.9721539701, 53.325867112200001 ], [ -2.9754663071, 53.3236377538 ], [ -2.9659406326, 53.316676856900003 ], [ -2.9703216696, 53.315256980100003 ], [ -2.9635306751, 53.308983744400003 ], [ -2.9627534081, 53.3057899167 ], [ -2.9484184676, 53.303621565699999 ], [ -2.9441646459, 53.3012642335 ], [ -2.9266416027, 53.303505125100003 ], [ -2.9236656631, 53.302593353100001 ], [ -2.9232285987, 53.304592303699998 ], [ -2.920667396, 53.304973147600002 ], [ -2.91981084, 53.3019759389 ], [ -2.9167966883, 53.301369918200002 ], [ -2.9171312953, 53.298778502600001 ], [ -2.912889685, 53.296186251800002 ], [ -2.9183928194, 53.295334979099998 ], [ -2.9223475982, 53.289479547600003 ], [ -2.9217283937, 53.286499968900003 ], [ -2.9288490351, 53.284215419 ], [ -2.9221759917, 53.283602029599997 ], [ -2.9111370623, 53.275875382499997 ], [ -2.9038245385, 53.277576070499997 ], [ -2.8974570369, 53.2821726357 ], [ -2.8877010906, 53.283297393799998 ], [ -2.881944352, 53.278342186300002 ], [ -2.8770061025, 53.27961014 ], [ -2.8548014545, 53.277721919400001 ], [ -2.8546253188, 53.276410784100001 ], [ -2.8600393669, 53.272686344299998 ], [ -2.8535599492, 53.265092231200001 ], [ -2.8458978241, 53.265812040699998 ], [ -2.8451160107, 53.264181581099997 ], [ -2.8483251142, 53.262702560199997 ], [ -2.8484356864, 53.260715194 ], [ -2.8445763075, 53.259618972299997 ], [ -2.8439788992, 53.255164635200003 ], [ -2.8350121848, 53.251928811500001 ], [ -2.8351480703, 53.2496716068 ], [ -2.8299587301, 53.244835789900002 ], [ -2.8213112281, 53.2432327247 ], [ -2.8172572991, 53.245175263 ], [ -2.8121740113, 53.245012255200002 ], [ -2.804131126, 53.241255441500002 ], [ -2.7949115347, 53.2434566891 ], [ -2.7943709778, 53.247442436599997 ], [ -2.7891301963, 53.2525740317 ], [ -2.7929786821, 53.254813721700003 ], [ -2.7899799029, 53.258015747899996 ], [ -2.7997582834, 53.259874186099999 ], [ -2.8043659083, 53.262557864199998 ], [ -2.80313808, 53.2642381004 ], [ -2.8043619611, 53.265542243600002 ], [ -2.8122193008, 53.264014763699997 ], [ -2.8112551128, 53.265351704499999 ], [ -2.8146703344, 53.268339732500003 ], [ -2.8102849531, 53.269547183500002 ], [ -2.8170283191, 53.274049594499999 ], [ -2.8161977942, 53.276895809300001 ], [ -2.8258338202, 53.278087907600003 ], [ -2.8279490884, 53.285102636399998 ], [ -2.8358177528, 53.285551117 ], [ -2.8375025565, 53.288097269799998 ], [ -2.79333914, 53.293715682200002 ], [ -2.7564745913, 53.308840936199999 ], [ -2.7551148813, 53.306629270899997 ], [ -2.7508164643, 53.306659864899999 ], [ -2.7502376612, 53.311237241100002 ], [ -2.7465957699, 53.3140750146 ], [ -2.7396634606, 53.309247451799997 ], [ -2.7385045118, 53.310887411 ], [ -2.7256304474, 53.312769681200002 ], [ -2.7029549315, 53.306121063299997 ], [ -2.6949840039, 53.315680931199999 ], [ -2.6887070769, 53.320679252799998 ], [ -2.6849645476, 53.321224857499999 ], [ -2.6850025431, 53.3245360031 ], [ -2.681269614, 53.327703482099999 ], [ -2.6823397659, 53.328901870300001 ], [ -2.6803199357, 53.330297690400002 ], [ -2.6808893672, 53.332110187300003 ], [ -2.6746106206, 53.331984065 ], [ -2.6713966022, 53.337683141699998 ], [ -2.6635284648, 53.339704710500001 ], [ -2.6768118467, 53.346767207399999 ], [ -2.6777713252, 53.351382010599998 ], [ -2.6750303656, 53.352853738 ], [ -2.6446452293, 53.360302708699997 ], [ -2.6348016105, 53.359186947700003 ], [ -2.6327702178, 53.357975265100002 ], [ -2.6361968184, 53.356015465500001 ], [ -2.633564888, 53.354824974499998 ], [ -2.6300962039, 53.3580073949 ], [ -2.6228495421, 53.358728593400002 ], [ -2.6191069748, 53.360716613299999 ], [ -2.6183044562, 53.3592556057 ], [ -2.6108753878, 53.358808481799997 ], [ -2.6068518592, 53.363269463100004 ], [ -2.5977688613, 53.362793968200002 ], [ -2.5977597012, 53.361066536300001 ], [ -2.6040772356, 53.3583397254 ], [ -2.6054761722, 53.351033753099998 ], [ -2.6018914355, 53.346108065800003 ], [ -2.6018885488, 53.343770997 ], [ -2.5931695915, 53.337837104 ], [ -2.5910525171, 53.337874604900001 ], [ -2.579112871, 53.340072501800002 ], [ -2.5760526311, 53.342568222300002 ], [ -2.5681017521, 53.338768122099999 ], [ -2.5619845095, 53.3406937576 ], [ -2.5558057081, 53.346008102100001 ], [ -2.5455508517, 53.349884651799997 ], [ -2.5429912043, 53.348242400499998 ], [ -2.5382359333, 53.348767321399997 ], [ -2.5360471819, 53.346727742299997 ], [ -2.5381151537, 53.3439498953 ], [ -2.5303870036, 53.342114848199998 ], [ -2.5240181493, 53.343293558200003 ], [ -2.5249444815, 53.345338919900001 ], [ -2.5078779569, 53.346347635800001 ], [ -2.5016713531, 53.348657039599999 ], [ -2.4967821414, 53.346753913 ], [ -2.4956101257, 53.349311588399999 ], [ -2.4701862975, 53.354178532699997 ], [ -2.4581168359, 53.351573826100001 ], [ -2.4509956894, 53.352257139 ], [ -2.446567355, 53.349711991699998 ], [ -2.4399986685, 53.352244278800001 ], [ -2.4417341882, 53.357361424499999 ], [ -2.4381086393, 53.358381529200003 ], [ -2.4363332404, 53.3610846443 ], [ -2.438096136, 53.3630197401 ], [ -2.4367494019, 53.366512288199999 ], [ -2.4560638588, 53.369639988099998 ], [ -2.4611167397, 53.374096929899999 ], [ -2.4698181062, 53.375330387799998 ], [ -2.4708190411, 53.378858993 ], [ -2.4765570231, 53.381155292199999 ], [ -2.4775398364, 53.383003029800001 ], [ -2.4629249659, 53.382826918900001 ], [ -2.4598053916, 53.386308605 ], [ -2.4650858695, 53.387978009199998 ], [ -2.4640871586, 53.390157152800001 ], [ -2.47169387, 53.390001486400003 ], [ -2.4749140732, 53.392919017099999 ], [ -2.4803632416, 53.393418549400003 ], [ -2.4842214007, 53.396818646699998 ], [ -2.4929038195, 53.394652790800002 ], [ -2.4938425406, 53.396500574 ], [ -2.5002498657, 53.396572763899997 ], [ -2.5056328321, 53.393961343599997 ], [ -2.5063217377, 53.3911899127 ], [ -2.5672997774, 53.3778999787 ], [ -2.5736553217, 53.3776718425 ], [ -2.5895875212, 53.384066067500001 ], [ -2.5903779704, 53.385869291799999 ], [ -2.5865611365, 53.384712008699999 ], [ -2.5780661253, 53.383486924 ], [ -2.5778885756, 53.384852115900003 ], [ -2.5865870089, 53.385080636399998 ], [ -2.5902335611, 53.386159320499999 ], [ -2.5900688798, 53.388432203800001 ], [ -2.6000457252, 53.390072336700001 ], [ -2.6011408585, 53.392026365 ], [ -2.6030060984, 53.392070887700001 ], [ -2.6026780506, 53.393330964299999 ], [ -2.5988630519, 53.393655783900002 ], [ -2.5992948112, 53.395487312900002 ], [ -2.5977439459, 53.396420900499997 ], [ -2.5999856818, 53.398629888099997 ], [ -2.6029897213, 53.397293410099998 ], [ -2.6033291697, 53.394711935899998 ], [ -2.605480466, 53.393712283399999 ], [ -2.6101619003, 53.395090681200003 ], [ -2.6124226331, 53.391249909700001 ], [ -2.6166575248, 53.390027753399998 ], [ -2.6172924844, 53.397337148 ], [ -2.610086928, 53.404565158700002 ], [ -2.6108662601, 53.406466776400002 ], [ -2.6158895622, 53.409533074800002 ], [ -2.6216673517, 53.409610989199997 ], [ -2.6253542694, 53.4117490183 ], [ -2.629691751, 53.418180097499999 ], [ -2.6474765994, 53.41619734 ], [ -2.6504965547, 53.4129629675 ], [ -2.6571225642, 53.4114255637 ], [ -2.6610528165, 53.414576879099997 ], [ -2.6701521572, 53.4134295231 ], [ -2.6620516352, 53.4091421619 ], [ -2.6625387515, 53.407575422500003 ], [ -2.6586942582, 53.407992201900001 ], [ -2.6583595525, 53.405800801200002 ], [ -2.6532567484, 53.404588392699999 ], [ -2.6519607765, 53.402465151599998 ], [ -2.6407359122, 53.402175373399999 ], [ -2.6347206858, 53.398207532699999 ], [ -2.6255728392, 53.39691651 ], [ -2.6261257968, 53.395655190100001 ], [ -2.6200437795, 53.396244241399998 ], [ -2.6432128567, 53.392885688500002 ], [ -2.6413584879, 53.389569836699998 ], [ -2.6395483415, 53.389184046099999 ], [ -2.6408643986, 53.3887095722 ], [ -2.6407126616, 53.386616011100003 ], [ -2.6372936093, 53.3862118471 ], [ -2.6362584484, 53.384347712699999 ], [ -2.6405476321, 53.382634884300003 ], [ -2.641583135, 53.380522812499997 ], [ -2.6502818658, 53.387058635 ], [ -2.6656838311, 53.389346749700003 ], [ -2.6692042088, 53.393300088499998 ], [ -2.6738913269, 53.394909668 ], [ -2.704183244, 53.397934793200001 ], [ -2.7094725731, 53.402182118900001 ], [ -2.7171427987, 53.403934034800002 ], [ -2.7279872001, 53.403023448399999 ], [ -2.7285384688, 53.404476264400003 ], [ -2.7387453425, 53.401501173299998 ], [ -2.7438801305, 53.402700720299997 ], [ -2.7459279129, 53.401968865699999 ], [ -2.7422161064, 53.3995650341 ], [ -2.7433303377, 53.396187308800002 ], [ -2.7516575596, 53.395092460699999 ], [ -2.738740276, 53.389923657600001 ], [ -2.7443755492, 53.383695364799998 ], [ -2.7414468569, 53.383003480500001 ], [ -2.7412934894, 53.381098807500003 ], [ -2.7513018209, 53.3808744225 ], [ -2.752873455, 53.379633051100001 ], [ -2.7515199993, 53.378751689600001 ], [ -2.7575556823, 53.376637085500001 ], [ -2.7572747703, 53.3752096722 ], [ -2.7641694332, 53.374105039600003 ], [ -2.7736070889, 53.362394694 ], [ -2.7706119339, 53.360463495300003 ], [ -2.7724850809, 53.358518779400001 ], [ -2.7778106425, 53.358814757 ], [ -2.7799495091, 53.357517399400002 ], [ -2.7786649271, 53.356285327099997 ], [ -2.7944987519, 53.356162962399999 ], [ -2.7975295103, 53.354326989500002 ], [ -2.7988468918, 53.350057447099999 ], [ -2.8086873831, 53.351681061699999 ], [ -2.8129975832, 53.354761923399998 ], [ -2.8199582706, 53.353428878099997 ], [ -2.8294584853, 53.354468843600003 ], [ -2.8546035357, 53.3534464261 ], [ -2.8566760021, 53.360146279600002 ], [ -2.8548667303, 53.3605907233 ], [ -2.856611286, 53.3636614053 ], [ -2.8563744768, 53.368337331500001 ], [ -2.8675946633, 53.370233839400001 ], [ -2.8687931538, 53.3715195212 ], [ -2.8674056279, 53.374244260799998 ], [ -2.8758194651, 53.381391899800001 ], [ -2.8792265679, 53.381852248199998 ], [ -2.878037863, 53.383263265799997 ], [ -2.8824932523, 53.387149559100003 ], [ -2.8815537719, 53.388253145500002 ], [ -2.8852267591, 53.392801300400002 ], [ -2.8891240678, 53.393644254100003 ], [ -2.8896332953, 53.395707901500003 ], [ -2.8941842103, 53.398298648500003 ], [ -2.8983980483, 53.405565973 ], [ -2.913258619, 53.410424033200002 ], [ -2.9143473703, 53.407179731 ], [ -2.9220626232, 53.405709134600002 ], [ -2.937935874, 53.407239432499999 ], [ -2.9396307034, 53.408376683 ], [ -2.9384709834, 53.409680205699999 ], [ -2.9410256735, 53.410918540700003 ], [ -2.9543470348, 53.413257775 ], [ -2.9589479039, 53.417140067799998 ], [ -2.961160248, 53.421832457900003 ], [ -2.9672321318, 53.422826136499999 ], [ -2.9716325086, 53.425738766199999 ], [ -2.9736356178, 53.430414649900001 ], [ -2.9833224475, 53.430802695600001 ], [ -2.9859166681, 53.434286972700001 ], [ -2.9903450169, 53.433117728500001 ], [ -2.9949754669, 53.438032117900001 ], [ -2.9984946584, 53.442380335099998 ], [ -3.0000285928, 53.448075442499999 ], [ -2.9900740194, 53.4525359585 ], [ -2.9884308454, 53.456999055799997 ], [ -2.9897904028, 53.4597653545 ], [ -2.9996120277, 53.467521848799997 ], [ -3.004156064, 53.469206778500002 ], [ -2.9986378542, 53.4721832006 ], [ -2.9766466521, 53.478487022499998 ], [ -2.973016975, 53.481730527 ], [ -2.9720631445, 53.485570732 ], [ -2.9786091038, 53.492750284800003 ], [ -2.9849721902, 53.4949514933 ], [ -2.9915488787, 53.4912656224 ], [ -3.0051704791, 53.498738370700003 ], [ -3.0094761652, 53.497857126600003 ], [ -3.0153135996, 53.500522294100001 ], [ -3.0221859799, 53.500427751099998 ], [ -3.0315938756, 53.507897519399997 ], [ -3.0316091304, 53.509767061799998 ], [ -3.0366362408, 53.511853912900001 ], [ -3.0471847032, 53.510323740799997 ], [ -3.0515054092, 53.513081330299997 ], [ -3.0541793351, 53.512662266600003 ], [ -3.0548967548, 53.514831233300001 ], [ -3.0583889818, 53.514566649599999 ], [ -3.0590751477, 53.516681935299999 ], [ -3.057570564, 53.519248084499999 ], [ -3.0595942863, 53.525396492500001 ], [ -3.0487484183, 53.526013494399997 ], [ -3.0465326293, 53.530365516899998 ], [ -3.0503513896, 53.530439889199997 ], [ -3.0523249231, 53.532759620500002 ], [ -3.06311913, 53.530278708 ], [ -3.0642213345, 53.5312940763 ], [ -3.0634321298, 53.530150319599997 ], [ -3.0660694943, 53.526147911599999 ], [ -3.0728863609, 53.526680182900002 ], [ -3.0796755609, 53.530861780400002 ], [ -3.0828557699, 53.534877986200001 ], [ -3.088744911, 53.537413278199999 ], [ -3.0900283475, 53.539208336500003 ], [ -3.0877587465, 53.5413234034 ], [ -3.097118539, 53.5420468708 ], [ -3.0897742357, 53.545763501300002 ], [ -3.0901633537, 53.552681336299997 ], [ -3.086077446, 53.553455601400003 ], [ -3.0916756554, 53.558654079199997 ], [ -3.0874414495, 53.562494891699998 ], [ -3.0889383745, 53.568458837599998 ], [ -3.0837781918, 53.569800096900003 ], [ -3.0861840367, 53.5717558 ], [ -3.0763025471, 53.573930531800002 ], [ -3.0771494086, 53.575163356300003 ], [ -3.0753227741, 53.576384288200003 ], [ -3.0776583902, 53.577361017699999 ], [ -3.072822144, 53.578429214700002 ], [ -3.07043153, 53.583043883400002 ], [ -3.0646416112, 53.583464098699999 ], [ -3.062688253, 53.584479219199999 ], [ -3.0635473294, 53.585604163900001 ], [ -3.059286408, 53.5867745547 ], [ -3.0621950473, 53.588303810299998 ], [ -3.0584683641, 53.589100887400001 ], [ -3.060134545, 53.594101837799997 ], [ -3.0502201831, 53.595214004600003 ], [ -3.0556722899, 53.5993547522 ], [ -3.0533874943, 53.60105578 ], [ -3.0472602961, 53.600165762 ], [ -3.0488214801, 53.602794761600002 ], [ -3.0469132936, 53.603854163800001 ], [ -3.0490389142, 53.604860254599998 ], [ -3.0462642427, 53.606331731200001 ], [ -3.0477546729, 53.6079276627 ], [ -3.0426478224, 53.610453153100003 ], [ -3.0443407439, 53.6116788255 ], [ -3.0428742545, 53.613507329400001 ], [ -3.0335117706, 53.616375054700001 ], [ -3.0277416318, 53.622788722300001 ], [ -3.0243268238, 53.621631501899998 ], [ -3.0196546084, 53.623496101299999 ], [ -3.0176366235, 53.626344700399997 ], [ -3.0124784069, 53.626891818600001 ], [ -3.0100272158, 53.629357439099998 ], [ -3.0112424519, 53.630219072400003 ], [ -3.0058014467, 53.6322514115 ], [ -3.0071173307, 53.634163908300003 ], [ -3.0006968087, 53.635098651699998 ], [ -3.0008522184, 53.637829888100001 ], [ -2.9948480755, 53.638491173799999 ], [ -2.9956427225, 53.639477240200002 ], [ -2.9924000426, 53.6430956803 ], [ -2.9964758192, 53.6446617848 ], [ -2.997578106, 53.647780631300002 ], [ -2.9917766645, 53.648116477800002 ], [ -2.989463787, 53.6501310843 ], [ -2.9917014682, 53.6526473439 ], [ -2.9839279153, 53.655390088300003 ], [ -2.9842353005, 53.658191992600003 ], [ -2.9787855871, 53.661364693499998 ], [ -2.9800246857, 53.6632421515 ], [ -2.9731215298, 53.665779302899999 ], [ -2.9721102318, 53.669185186 ], [ -2.9471647114, 53.675874846100001 ], [ -2.9447982959, 53.679039462900001 ], [ -2.9368865297, 53.682049913199997 ], [ -2.9392502525, 53.684170654900001 ], [ -2.9376706659, 53.684632459200003 ], [ -2.9373839275, 53.686720032399997 ], [ -2.9290749855, 53.6896611007 ], [ -2.9134861449, 53.690068666 ], [ -2.901876958, 53.693176782400002 ], [ -2.8989152711, 53.6906463328 ], [ -2.8880771491, 53.687994715800002 ], [ -2.8874042047, 53.686237969899999 ], [ -2.8806077135, 53.685623001499998 ], [ -2.8781645918, 53.682459035800001 ], [ -2.865600754, 53.683341504399998 ], [ -2.8622943821, 53.685288885200002 ], [ -2.8573469485, 53.681009966200001 ], [ -2.8526487224, 53.680773862599999 ], [ -2.852479107, 53.6768740913 ], [ -2.8504965092, 53.676151139700004 ], [ -2.8341174936, 53.676955506100001 ], [ -2.8290847296, 53.675842917499999 ], [ -2.8297574988, 53.674642796800001 ], [ -2.8272532089, 53.673536574099998 ], [ -2.8290978718, 53.668804889900002 ], [ -2.835053438, 53.668403959099997 ], [ -2.8375085586, 53.665510508499999 ], [ -2.8411469895, 53.664298524199999 ], [ -2.8411667, 53.662249019900003 ], [ -2.8367689769, 53.658738392799997 ], [ -2.8500968992, 53.656307484199999 ], [ -2.8524709184, 53.652479490600001 ], [ -2.8489273914, 53.652324299900002 ], [ -2.8460571272, 53.649522849500002 ], [ -2.8410971768, 53.648119652 ], [ -2.843416443, 53.644561872899999 ], [ -2.8260750709, 53.6442693515 ], [ -2.8239407375, 53.638765145199997 ], [ -2.8171361085, 53.635719766400001 ], [ -2.818000458, 53.632711711200002 ], [ -2.8168792706, 53.631820522300004 ], [ -2.8108743556, 53.632068097400001 ], [ -2.8098541599, 53.634546835099997 ], [ -2.8063126766, 53.634534602899997 ], [ -2.8039137149, 53.637094669600003 ], [ -2.7723307895, 53.635262285400003 ], [ -2.764897637, 53.639031238800001 ], [ -2.7584782838, 53.631935279099999 ], [ -2.7465554614, 53.632432684 ], [ -2.7500532657, 53.636096095699997 ], [ -2.7505240802, 53.642169318199997 ], [ -2.7585861788, 53.648059833600001 ], [ -2.7573279865, 53.650449730799998 ], [ -2.7623586982, 53.654237868599999 ], [ -2.7697608401, 53.655251127 ], [ -2.7750285621, 53.658668685099997 ], [ -2.7862069222, 53.660878844599999 ], [ -2.7980032954, 53.662095118899998 ], [ -2.8022103859, 53.660503013499998 ], [ -2.8040630553, 53.661881661700001 ], [ -2.7907476631, 53.665774585699999 ], [ -2.7888660786, 53.668753173500001 ], [ -2.7902953964, 53.669912238899997 ], [ -2.7891595707, 53.674737513099998 ], [ -2.7843820616, 53.676692424400002 ], [ -2.7869003386, 53.678599414700003 ], [ -2.7936949124, 53.677637749399999 ], [ -2.7930340727, 53.679529690599999 ], [ -2.7948585511, 53.679940046600002 ], [ -2.7950431469, 53.683309466700003 ], [ -2.7907285527, 53.684955946700001 ], [ -2.7887903785, 53.683332845300001 ], [ -2.7792882027, 53.682855764300001 ], [ -2.7746060952, 53.685133239300001 ], [ -2.7728525371, 53.688596103400002 ], [ -2.7611869944, 53.689965152100001 ], [ -2.7583047382, 53.692212550599997 ], [ -2.7526234577, 53.692086603200003 ], [ -2.7483627422, 53.696059188500001 ], [ -2.7491653847, 53.696908061800002 ], [ -2.7470923367, 53.6995815605 ], [ -2.7534489738, 53.700997846 ], [ -2.754033265, 53.704023207500001 ], [ -2.7634198713, 53.704565987400002 ], [ -2.7653084401, 53.702621441399998 ], [ -2.7726695994, 53.704237017799997 ], [ -2.780117923, 53.703164060200002 ], [ -2.7851495584, 53.704110908700002 ], [ -2.7834884985, 53.705209376900001 ], [ -2.7856735282, 53.707028685200001 ], [ -2.7972910441, 53.706115993200001 ], [ -2.7988170274, 53.709098946099999 ], [ -2.8061885596, 53.708752938099998 ], [ -2.8081614738, 53.711301322899999 ], [ -2.8196115547, 53.711870678399997 ], [ -2.8238958376, 53.714016467699999 ], [ -2.8253548224, 53.716557030700002 ], [ -2.824723765, 53.715789368300001 ], [ -2.8234788734, 53.7154095195 ], [ -2.8238009658, 53.716064371599998 ], [ -2.8257194323, 53.717383532699998 ], [ -2.8203226993, 53.721941753499998 ], [ -2.8211694998, 53.7234010516 ], [ -2.8197334293, 53.725927623 ], [ -2.8146489646, 53.7247758476 ], [ -2.8140513987, 53.726793297100002 ], [ -2.8058379155, 53.727657779700003 ], [ -2.7850010559, 53.7254232194 ], [ -2.7794375809, 53.726996549799999 ], [ -2.7728786413, 53.724729051200001 ], [ -2.7642646362, 53.724424786900002 ], [ -2.7601604889, 53.721233088399998 ], [ -2.7625566616, 53.718817979 ], [ -2.753173812, 53.7178167251 ], [ -2.7465051153, 53.720312279 ], [ -2.7402045034, 53.7187874161 ], [ -2.7324221566, 53.720911551500002 ], [ -2.7255757162, 53.720225167899997 ], [ -2.7228384568, 53.721437159600001 ], [ -2.7214434512, 53.719620947899998 ], [ -2.7184538422, 53.719369268599998 ], [ -2.7161009006, 53.720911366800003 ], [ -2.709365476, 53.720502030500001 ], [ -2.7026919573, 53.721979490199999 ], [ -2.702119374, 53.723996220399997 ], [ -2.6996430759, 53.724550005600001 ], [ -2.6979576537, 53.723445292900003 ], [ -2.6894918158, 53.724734702600003 ], [ -2.6882184328, 53.7284272108 ], [ -2.6840611446, 53.729098177200001 ], [ -2.6680593481, 53.727453726500002 ], [ -2.6692468904, 53.732561435800001 ], [ -2.6804249624, 53.737639740100001 ], [ -2.6818731403, 53.740939176600001 ], [ -2.6790853637, 53.744819948500002 ], [ -2.6758969949, 53.746027787199999 ], [ -2.6724162491, 53.745816426399998 ], [ -2.6704261575, 53.743801490199999 ], [ -2.6654093043, 53.742826788199999 ], [ -2.6725786669, 53.746002694399998 ], [ -2.6787656289, 53.746619404900002 ], [ -2.6600562884, 53.748710301499997 ], [ -2.6636862948, 53.751000247500002 ], [ -2.6609109849, 53.753891813099997 ], [ -2.6603877334, 53.761139183600001 ], [ -2.6552233935, 53.765562754599998 ], [ -2.6610879479, 53.769017960600003 ], [ -2.6612301682, 53.771309161200001 ], [ -2.6853610007, 53.774508211899999 ], [ -2.6894779681, 53.773882390200001 ], [ -2.6885341014, 53.771838509399998 ], [ -2.6947278505, 53.771119663199997 ], [ -2.7122681211, 53.770279670400001 ], [ -2.7178644259, 53.772816907399999 ], [ -2.7179112731, 53.770228023100003 ], [ -2.7214114202, 53.7690744907 ], [ -2.7194489483, 53.766102200600002 ], [ -2.73313872, 53.7699201231 ], [ -2.7440304578, 53.767246414799999 ], [ -2.7470078416, 53.764046058600002 ], [ -2.7648985719, 53.766845395499999 ], [ -2.7745517849, 53.764617227599999 ], [ -2.7785558596, 53.765391236600003 ], [ -2.7777629868, 53.764353747400001 ], [ -2.7844023992, 53.763267836099999 ], [ -2.788015351, 53.764214865900001 ], [ -2.788847231, 53.768128274 ], [ -2.7939764287, 53.769802172399999 ], [ -2.792017967, 53.772152076899999 ], [ -2.7939148746, 53.773775388499999 ], [ -2.792927002, 53.776909838500004 ], [ -2.7943293421, 53.777242106499997 ], [ -2.7991491183, 53.775340512 ], [ -2.800443383, 53.773183682499997 ], [ -2.8001802652, 53.764934185900003 ], [ -2.7957855919, 53.762779327899999 ], [ -2.7963456312, 53.761912733800003 ], [ -2.8131897155, 53.758312165 ], [ -2.8321397133, 53.758577558900001 ], [ -2.8350159095, 53.756759891500003 ], [ -2.83624405, 53.752922308300001 ], [ -2.8416795512, 53.753225808300002 ], [ -2.8562555241, 53.749563162699999 ], [ -2.8571005646, 53.751022218700001 ], [ -2.8653761582, 53.751358225399997 ], [ -2.8642053216, 53.754162046099999 ], [ -2.8659473544, 53.756270715399999 ], [ -2.8643686596, 53.757684291700002 ], [ -2.8697960758, 53.761959416400003 ], [ -2.8690700233, 53.7635286513 ], [ -2.8744886602, 53.765862150799997 ], [ -2.876925369, 53.769223953400001 ], [ -2.8847222538, 53.773481044 ], [ -2.8965737062, 53.774947927699998 ], [ -2.8986752298, 53.770330195200003 ], [ -2.8972332325, 53.767455744800003 ], [ -2.9005187458, 53.7628919924 ], [ -2.8949734854, 53.7546552676 ], [ -2.9062356377, 53.752934744699999 ], [ -2.9070845842, 53.750807067799997 ], [ -2.9057915652, 53.749918012499997 ], [ -2.9119384106, 53.7438491789 ], [ -2.9176563164, 53.744614477600003 ], [ -2.9190700968, 53.748252923700001 ], [ -2.9232055572, 53.748742458599999 ], [ -2.9280883354, 53.747356481399997 ], [ -2.9328907125, 53.743040713600003 ], [ -2.9361589143, 53.744965704899997 ], [ -2.9429068577, 53.744112825099997 ], [ -2.9460200145, 53.742299593200002 ], [ -2.9447069606, 53.7391909758 ], [ -2.9422219228, 53.737898236600003 ], [ -2.9436753386, 53.737131771199998 ], [ -2.9780457786, 53.734591035699999 ], [ -2.9897642392, 53.7378205248 ], [ -2.9895921526, 53.739529751100001 ], [ -2.9942853735, 53.741809915 ], [ -3.0203954885, 53.748098043799999 ], [ -3.0253751866, 53.750823980200003 ], [ -3.0232376846, 53.752729827400003 ], [ -3.0251522031, 53.754744854499997 ], [ -3.0239316538, 53.756319280200003 ], [ -3.0275622138, 53.758409478300003 ], [ -3.0288918917, 53.760060932499997 ], [ -3.0275221312, 53.7604951418 ], [ -3.0299623208, 53.762271884 ], [ -3.0326193126, 53.762365869500002 ], [ -3.031602902, 53.765457659399999 ], [ -3.0330236365, 53.765858890200001 ], [ -3.0329357833, 53.769077509100001 ], [ -3.031765395, 53.769608919600003 ], [ -3.0334195237, 53.7720934536 ], [ -3.0399061954, 53.772405875099999 ], [ -3.0352141678, 53.779043971299998 ], [ -3.0428191665, 53.784020587 ], [ -3.0464679092, 53.7842674308 ], [ -3.0479324958, 53.789440957399997 ], [ -3.0539702732, 53.788084704 ], [ -3.0517038291, 53.793353848 ], [ -3.0519222165, 53.799652810300003 ], [ -3.0496267808, 53.800149313600002 ], [ -3.0545401538, 53.801724112099997 ], [ -3.0521453677, 53.803713612099997 ], [ -3.0541381732, 53.803857899500002 ], [ -3.0549692879, 53.806115667500002 ], [ -3.0547757063, 53.815339464899999 ], [ -3.0477687709, 53.820011903599998 ], [ -3.0372872726, 53.8218557852 ], [ -3.0345845247, 53.820674691699999 ], [ -3.0344495612, 53.818896159700003 ], [ -3.0314951411, 53.818589039300001 ], [ -3.0305464111, 53.8207813681 ], [ -3.0239255028, 53.820874035400003 ], [ -3.0184521354, 53.8231857074 ], [ -3.0202716557, 53.825543164899997 ], [ -3.0153217197, 53.826915447899999 ], [ -3.0087081529, 53.826090399 ], [ -3.0029747428, 53.822668988899999 ], [ -2.9974815567, 53.825483209799998 ], [ -2.996742841, 53.828922890900003 ], [ -2.9932789727, 53.8302189813 ], [ -2.9928115792, 53.832299151599997 ], [ -2.999776751, 53.833823237 ], [ -3.000290821, 53.837540112399999 ], [ -2.9985274887, 53.837518851799999 ], [ -2.9983476793, 53.840180887400003 ], [ -2.9960538676, 53.840865091700003 ], [ -2.9970910909, 53.84294176 ], [ -2.992599217, 53.843877844 ], [ -2.9903106739, 53.848660553099997 ], [ -2.979950506, 53.8476490631 ], [ -2.9853027868, 53.852899316799999 ], [ -2.9816410426, 53.854933720299996 ], [ -2.9790165661, 53.859332421600001 ], [ -2.9691188388, 53.857785937099997 ], [ -2.9669273957, 53.853740927499999 ], [ -2.9616624952, 53.853531576100004 ], [ -2.9600372848, 53.851603129799997 ], [ -2.9566178792, 53.852313553099997 ], [ -2.9496886376, 53.848413778100003 ], [ -2.9471255154, 53.843957891599999 ], [ -2.9343341139, 53.8415055456 ], [ -2.9349841882, 53.837941131199997 ], [ -2.9204835242, 53.839194797 ], [ -2.9193566563, 53.841171864499998 ], [ -2.9212300339, 53.842739421499999 ], [ -2.91877686, 53.844537907899998 ], [ -2.9215569114, 53.850700486199997 ], [ -2.9186873091, 53.853634681099997 ], [ -2.9189463527, 53.856437021700003 ], [ -2.9095883862, 53.856777983900002 ], [ -2.9079791005, 53.854075734799999 ], [ -2.9035972866, 53.853209998200001 ], [ -2.9012542473, 53.853829833600003 ], [ -2.8998527696, 53.857947963599997 ], [ -2.8934152395, 53.855515333600003 ], [ -2.8872076251, 53.855291756299998 ], [ -2.8824108701, 53.85708882 ], [ -2.8767862793, 53.854217886 ], [ -2.8714068477, 53.854328987400002 ], [ -2.8697332764, 53.857199374300002 ], [ -2.8664513016, 53.858769089 ], [ -2.869028631, 53.862813102200001 ], [ -2.8652830061, 53.862570529499997 ], [ -2.8591741437, 53.865724336 ], [ -2.8621660697, 53.866278116 ], [ -2.8640718135, 53.868727162600003 ], [ -2.8668521788, 53.867862220299997 ], [ -2.8713110409, 53.870202798400001 ], [ -2.8781691952, 53.867258609799997 ], [ -2.882494998, 53.867586397700002 ], [ -2.8849824966, 53.869437616299997 ], [ -2.8851584282, 53.872006935599998 ], [ -2.8930293836, 53.871660992 ], [ -2.8932532844, 53.875029890500002 ], [ -2.8970729195, 53.877248438800002 ], [ -2.8987269034, 53.880606626099997 ], [ -2.9005147981, 53.878858505899998 ], [ -2.9024793814, 53.8796706587 ], [ -2.9104094809, 53.877786156799999 ], [ -2.912075603, 53.880254242 ], [ -2.9152987734, 53.880867861600002 ], [ -2.9162932089, 53.883907264800001 ], [ -2.9218820893, 53.882084801399998 ], [ -2.9248847257, 53.883032421099998 ], [ -2.9240840812, 53.885357539799998 ], [ -2.9258505333, 53.888184189299999 ], [ -2.9240564774, 53.891002326399999 ], [ -2.9261161498, 53.891939196599999 ], [ -2.925592849, 53.894423968200002 ], [ -2.9230207665, 53.897859278299997 ], [ -2.9200657048, 53.897738156499997 ], [ -2.9190131608, 53.899705638299999 ], [ -2.9146645285, 53.901284817399997 ], [ -2.9124781931, 53.9043214748 ], [ -2.9134168677, 53.907577001 ], [ -2.9312509606, 53.910720674 ], [ -2.9401626811, 53.919801143699999 ], [ -2.936179371, 53.921432159699997 ], [ -2.935119457, 53.924424480100001 ], [ -2.9385955263, 53.925961290799997 ], [ -2.9343399631, 53.929068422100002 ], [ -2.9393542871, 53.9299101334 ], [ -2.9446157152, 53.928197063100001 ], [ -2.9469120434, 53.938137819799998 ], [ -2.9502660247, 53.938255134499997 ], [ -2.9421689449, 53.939918823799999 ], [ -2.9393683691, 53.942061958399997 ], [ -2.9257519117, 53.943587820399998 ], [ -2.9059058502, 53.938458333900002 ], [ -2.8870099765, 53.9400513155 ], [ -2.8758521784, 53.944824983499998 ], [ -2.8758661567, 53.946217088899999 ], [ -2.8745497258, 53.945771129800001 ], [ -2.8753328812, 53.9466892664 ], [ -2.8712190829, 53.946215880899999 ], [ -2.8663275671, 53.949855473500001 ], [ -2.8631876422, 53.949806178599999 ], [ -2.8494185677, 53.959072138099998 ], [ -2.8462825891, 53.957746073199999 ], [ -2.8488024151, 53.9557509276 ], [ -2.8304878647, 53.954386956699999 ], [ -2.8297645063, 53.957097346499999 ], [ -2.8271920978, 53.958795847300003 ], [ -2.8212733541, 53.961622743100001 ], [ -2.8178242748, 53.961394613499998 ], [ -2.8187573164, 53.965450827300003 ], [ -2.8163527495, 53.965646953399997 ], [ -2.8166668072, 53.967676102399999 ], [ -2.8143602134, 53.968213065199997 ], [ -2.8152229794, 53.971802403 ], [ -2.8076962684, 53.974396811200002 ], [ -2.8079117439, 53.976867082399998 ], [ -2.8107089394, 53.9795805778 ], [ -2.8243138999, 53.982849495400004 ], [ -2.8249380627, 53.985110177499998 ], [ -2.8230905314, 53.988861838699997 ], [ -2.8173301856, 53.988424801599997 ], [ -2.8239116164, 53.9949140887 ], [ -2.8192297533, 53.994191114 ], [ -2.8119421875, 53.997512189 ], [ -2.8085531363, 53.995809359 ], [ -2.8051782625, 53.996407249299999 ], [ -2.8039323754, 53.999831003499999 ], [ -2.7996365484, 53.998565406899999 ], [ -2.7989854441, 54.004393908899999 ], [ -2.7973207623, 54.0051060228 ], [ -2.7963724587, 54.009777035 ], [ -2.8005556547, 54.016247494300003 ], [ -2.7881476693, 54.0202661983 ], [ -2.7841416289, 54.0296218139 ], [ -2.7791741066, 54.030121485800002 ], [ -2.7787429545, 54.028290755699999 ], [ -2.7727914643, 54.026765278399999 ], [ -2.7693223244, 54.0306882629 ], [ -2.761691798, 54.032516451500001 ], [ -2.7555006424, 54.036294464599997 ], [ -2.755017677, 54.043343959600001 ], [ -2.7566968125, 54.045822999800002 ], [ -2.7577343783, 54.043254964600003 ], [ -2.760140097, 54.0428622887 ], [ -2.7649264727, 54.045708035799997 ], [ -2.7661425958, 54.0487202025 ], [ -2.7716081138, 54.050240144199996 ], [ -2.7770485395, 54.049575957599998 ], [ -2.7730613756, 54.0561178337 ], [ -2.7667234643, 54.057039221499998 ], [ -2.7674513962, 54.060063470499998 ], [ -2.7636815035, 54.066091326200002 ], [ -2.7643213367, 54.069313880400003 ], [ -2.773924358, 54.069665901400001 ], [ -2.7761370295, 54.068680958599998 ], [ -2.7769369324, 54.0656918416 ], [ -2.7830114183, 54.065328880300001 ], [ -2.7843495426, 54.061743008800001 ], [ -2.787066882, 54.061635375100003 ], [ -2.7906062056, 54.064569149900002 ], [ -2.7899115414, 54.065805046100003 ], [ -2.8067292471, 54.065531617700003 ], [ -2.8046716765, 54.068169848499998 ], [ -2.8040050017, 54.073207486400001 ], [ -2.8104093862, 54.077182054399998 ], [ -2.8079169123, 54.081054593899999 ], [ -2.7985596148, 54.0856918741 ], [ -2.792515035, 54.090980719800001 ], [ -2.7806214935, 54.091049504700003 ], [ -2.7797931829, 54.089275298 ], [ -2.7767553727, 54.088701760299998 ], [ -2.7754030076, 54.091604548200003 ], [ -2.7630504624, 54.101659947800002 ], [ -2.7597107548, 54.101339550299997 ], [ -2.7596852886, 54.099946610499998 ], [ -2.753631774, 54.101755271099996 ], [ -2.7519755917, 54.106574073300003 ], [ -2.749021756, 54.109010198599996 ], [ -2.7498635806, 54.114972802399997 ], [ -2.7550141593, 54.115551757399999 ], [ -2.7612107142, 54.113095016 ], [ -2.7674995579, 54.114016751400001 ], [ -2.7654406487, 54.118505755 ], [ -2.7662629723, 54.119956532 ], [ -2.7629569976, 54.122386247800002 ], [ -2.7638385258, 54.123728812499998 ], [ -2.7621718208, 54.125456033799999 ], [ -2.7641544176, 54.127115174300002 ], [ -2.769413526, 54.127324331700002 ], [ -2.7740478979, 54.124742099499997 ], [ -2.7777088685, 54.124952175499999 ], [ -2.7782537124, 54.127896625 ], [ -2.781429679, 54.129152299600001 ], [ -2.7775485669, 54.129465045800004 ], [ -2.7752595265, 54.131448122899997 ], [ -2.7755939465, 54.132964891 ], [ -2.7811965598, 54.134654293799997 ], [ -2.7789293389, 54.137805698500003 ], [ -2.7848624684, 54.140742083100001 ], [ -2.7837643872, 54.145818300800002 ], [ -2.7813534148, 54.147047283 ], [ -2.7866461218, 54.150045201700003 ], [ -2.7995841613, 54.146891638299998 ], [ -2.8017199667, 54.151254442300001 ], [ -2.8042038955, 54.151435602299998 ], [ -2.8043071852, 54.153603722100002 ], [ -2.811076921, 54.154766649300001 ], [ -2.8095928243, 54.156109033600003 ], [ -2.8158332673, 54.158853089600001 ], [ -2.8166721432, 54.162568307500003 ], [ -2.8155718354, 54.164247477 ], [ -2.8188977595, 54.165141644499997 ], [ -2.8193374927, 54.167241772 ], [ -2.8249628337, 54.1682099792 ], [ -2.830190128, 54.173764391200002 ], [ -2.8305948334, 54.177140969100002 ], [ -2.8286443768, 54.179203598400001 ], [ -2.8251447375, 54.178886099499998 ], [ -2.8241404707, 54.181544309 ], [ -2.8289240064, 54.180927307399998 ], [ -2.8309866336, 54.184454234900002 ], [ -2.8356680855, 54.184080306799999 ], [ -2.8402764611, 54.186151354300002 ], [ -2.8403023293, 54.188937352400004 ], [ -2.8351332929, 54.189476619 ], [ -2.8357736037, 54.190829314399998 ], [ -2.8338298251, 54.193242494099998 ], [ -2.828733796, 54.195929027299997 ], [ -2.8292603333, 54.199259821200002 ], [ -2.8313826812, 54.201132595600001 ], [ -2.8281585293, 54.203230225200002 ], [ -2.8277413143, 54.203296403 ], [ -2.8266339825, 54.202940288800001 ], [ -2.8248966099, 54.202820573499999 ], [ -2.8232280847, 54.202883933199999 ], [ -2.8218465414, 54.203156785700003 ], [ -2.8207563433, 54.203480234700002 ], [ -2.8245793668, 54.2028409196 ], [ -2.8274902387, 54.2032158401 ], [ -2.8240049125, 54.203232478 ], [ -2.8177271274, 54.206726512800003 ], [ -2.8151457228, 54.206438430699997 ], [ -2.8109731434, 54.214142022399997 ], [ -2.8084903385, 54.214212637300001 ], [ -2.807574547, 54.211288818699998 ], [ -2.804723253, 54.211325876 ], [ -2.803556796, 54.209688929800002 ], [ -2.8019106105, 54.213357857699997 ], [ -2.7926284055, 54.2138956354 ], [ -2.7917260501, 54.218026876400003 ], [ -2.7888727345, 54.219591460700002 ], [ -2.7905846473, 54.225709772 ], [ -2.7858886611, 54.226414291300003 ], [ -2.7866397189, 54.229591264699998 ], [ -2.7877297923, 54.2320557249 ], [ -2.7925028208, 54.234558919800001 ], [ -2.79337981, 54.237087642699997 ], [ -2.7966813146, 54.238027528700002 ], [ -2.7955051109, 54.242286417300001 ], [ -2.799823569, 54.246589835 ], [ -2.8061700441, 54.247805803799999 ], [ -2.7977740203, 54.250126541599997 ], [ -2.7930537154, 54.253680814600003 ], [ -2.7995961272, 54.253871261299999 ], [ -2.8046536023, 54.251896289199998 ], [ -2.8051895162, 54.254193522900003 ], [ -2.8076352241, 54.254455739900003 ], [ -2.8085703997, 54.252741834200002 ], [ -2.8089342178, 54.253752517400002 ], [ -2.8107193699, 54.255210934200001 ], [ -2.8128524635, 54.2559244475 ], [ -2.8148949969, 54.2559457435 ], [ -2.8147780924, 54.256342692600001 ], [ -2.8132585795, 54.256678247499998 ], [ -2.8118159724, 54.257598011299997 ], [ -2.8124586831, 54.260538821600001 ], [ -2.8119698803, 54.257639469499999 ], [ -2.8148677578, 54.256436202300002 ], [ -2.8150514457, 54.255874474800002 ], [ -2.8109113341, 54.255197287500003 ], [ -2.8090484959, 54.2527386103 ], [ -2.8114533224, 54.252695527199997 ], [ -2.8117602814, 54.254257294600002 ], [ -2.8164781461, 54.256094836400003 ], [ -2.814034562, 54.257504436399998 ], [ -2.8156481901, 54.259929153 ], [ -2.8101972682, 54.265349455299997 ], [ -2.8125599785, 54.269944156100003 ], [ -2.8192238629, 54.273026712700002 ], [ -2.8218940161, 54.271390780499999 ], [ -2.821917041, 54.266375576199998 ], [ -2.8320621605, 54.265425190899997 ], [ -2.8360298363, 54.262710456699999 ], [ -2.8352652089, 54.259821763300003 ], [ -2.8375073842, 54.259105141500001 ], [ -2.8347471699, 54.256976294300003 ], [ -2.8290220658, 54.257770766 ], [ -2.8276434029, 54.254850295899999 ], [ -2.8287537425, 54.247454882500001 ], [ -2.8302992272, 54.246464598 ], [ -2.8286605336, 54.244336833699997 ], [ -2.8328490055, 54.2420071365 ], [ -2.8325301263, 54.2398882691 ], [ -2.8413380133, 54.2399079813 ], [ -2.8383497283, 54.237825711399999 ], [ -2.8396206807, 54.236945065 ], [ -2.8393725586, 54.233792145400002 ], [ -2.8353393233, 54.232355195700002 ], [ -2.8358984947, 54.230418982499998 ], [ -2.8388509912, 54.229257036100002 ], [ -2.8354626575, 54.224031814100002 ], [ -2.8365483388, 54.217040898400001 ], [ -2.8405850355, 54.2134357212 ], [ -2.8524198872, 54.213280654199998 ], [ -2.8523224641, 54.215995611399997 ], [ -2.8557719167, 54.216690167499998 ], [ -2.8542352654, 54.2187682307 ], [ -2.8565943893, 54.2193806139 ], [ -2.8519707192, 54.2212558664 ], [ -2.8570924425, 54.222693509099997 ], [ -2.85777063, 54.224333419200001 ], [ -2.8552584139, 54.2267149933 ], [ -2.8642897477, 54.226551711900001 ], [ -2.8719278007, 54.219962659499998 ], [ -2.8714908726, 54.217422316099999 ], [ -2.8666044738, 54.215498258899999 ], [ -2.8671488599, 54.212204860100002 ], [ -2.8655892871, 54.211685805199998 ], [ -2.8707921804, 54.207540944100003 ], [ -2.8710617343, 54.204321409899997 ], [ -2.8808986176, 54.2003497185 ], [ -2.8873033264, 54.199601163200001 ], [ -2.8891783394, 54.196971916499997 ], [ -2.8981669433, 54.196204146500001 ], [ -2.8998681135, 54.199364139300002 ], [ -2.8987663244, 54.200864324 ], [ -2.901853841, 54.204670003899999 ], [ -2.9040522781, 54.2126705425 ], [ -2.908154825, 54.2179424164 ], [ -2.9139906558, 54.219003734200001 ], [ -2.914816506, 54.214045282699999 ], [ -2.9175515772, 54.214294111900003 ], [ -2.9222055893, 54.209818649799999 ], [ -2.9229001785, 54.205211624500002 ], [ -2.9264077647, 54.203009671300002 ], [ -2.9299112967, 54.197913598100001 ], [ -2.9307011375, 54.1907712382 ], [ -2.9433924187, 54.184102442899999 ], [ -2.958521693, 54.1823292184 ], [ -2.961254277, 54.179907699200001 ], [ -2.9653111659, 54.179102296300002 ], [ -2.9683391888, 54.174925625900002 ], [ -2.9828323314, 54.176228270899998 ], [ -2.9856050463, 54.1781469724 ], [ -2.9893720822, 54.178062152800003 ], [ -2.9895140932, 54.179635732599998 ], [ -2.9822934038, 54.181930932599997 ], [ -2.9821841653, 54.186371791399999 ], [ -2.9795322542, 54.186986584899998 ], [ -2.9785629731, 54.197851695899999 ], [ -2.9828340132, 54.2034252845 ], [ -2.9864813403, 54.204653754900001 ], [ -2.9850872428, 54.207918733200003 ], [ -2.9896955034, 54.212123180200003 ], [ -2.9888922124, 54.2221421271 ], [ -2.9871346109, 54.224331573299999 ], [ -2.9816955681, 54.2226503706 ], [ -2.9786779657, 54.223465841900001 ], [ -2.9770521117, 54.227361735300001 ], [ -2.9727497256, 54.230964671599999 ], [ -2.9840207504, 54.235286118799998 ], [ -2.9924155977, 54.234749907699999 ], [ -2.9996780231, 54.241322815099998 ], [ -3.0118554669, 54.242317680100001 ], [ -3.0148319993, 54.244800226700001 ], [ -3.0135032715, 54.246312359400001 ], [ -3.0150267957, 54.247108432099999 ], [ -3.0180941468, 54.2457793369 ], [ -3.0226097317, 54.247170153 ], [ -3.0228730248, 54.249127243899999 ], [ -3.0269966409, 54.250781867500002 ], [ -3.0273741357, 54.253618772499998 ], [ -3.0244277036, 54.256267178100003 ], [ -3.0290698808, 54.260075466499998 ], [ -3.0301339726, 54.262115576600003 ], [ -3.0289678062, 54.264606146799998 ], [ -3.0329094027, 54.268733745699997 ], [ -3.036972864, 54.2691212804 ], [ -3.0410200653, 54.2658148664 ], [ -3.0462907848, 54.265984936199999 ], [ -3.0497788311, 54.271526998699997 ], [ -3.0469656017, 54.273223180400002 ], [ -3.0463279886, 54.279574040500002 ], [ -3.0420462608, 54.283970160199999 ], [ -3.0430619418, 54.287691270499998 ], [ -3.0460139079, 54.288393699700002 ], [ -3.0466624121, 54.291551739299997 ], [ -3.0484672505, 54.292443815399999 ], [ -3.0467590097, 54.294148342500002 ], [ -3.0468053452, 54.297185777300001 ], [ -3.0542590807, 54.299044204300003 ], [ -3.0553082807, 54.301614493099997 ], [ -3.0519238315, 54.303881995799998 ], [ -3.0542825913, 54.307780023900001 ], [ -3.0599032436, 54.3081981156 ], [ -3.0677515766, 54.30145103 ], [ -3.0686917835, 54.296220847100003 ], [ -3.0653566545, 54.293212516399997 ], [ -3.0719644544, 54.286161509400003 ], [ -3.0712126717, 54.283238193800003 ], [ -3.0718564724, 54.279637380899999 ], [ -3.0740731408, 54.278646977299999 ], [ -3.0739254173, 54.272968043200002 ], [ -3.0661058516, 54.268687386800003 ], [ -3.0698971588, 54.265669864099998 ], [ -3.0665413964, 54.262958340300003 ], [ -3.0648345667, 54.258686274 ], [ -3.0606283262, 54.2586874108 ], [ -3.0604607978, 54.256945261200002 ], [ -3.0522680214, 54.251094141599999 ], [ -3.0541576767, 54.246952246699998 ], [ -3.0580441885, 54.244698176500002 ], [ -3.0542358898, 54.241594854500001 ], [ -3.0510732398, 54.241532604100001 ], [ -3.0509228623, 54.236824324499999 ], [ -3.0590779164, 54.23173774 ], [ -3.0585507921, 54.2267271849 ], [ -3.0629896103, 54.223964800300003 ], [ -3.057770645, 54.2214132605 ], [ -3.0574447382, 54.218863585500003 ], [ -3.0611071709, 54.210373849200003 ], [ -3.0563409016, 54.2062633679 ], [ -3.0583503177, 54.202102340899998 ], [ -3.0632085778, 54.201448381500001 ], [ -3.0648442952, 54.2018653477 ], [ -3.0633822862, 54.2058239224 ], [ -3.065196205, 54.207201008699997 ], [ -3.0812799303, 54.2077947075 ], [ -3.0877340942, 54.206595108899997 ], [ -3.0865261714, 54.205554464599999 ], [ -3.0891960071, 54.204469785299999 ], [ -3.0912268969, 54.201251725600002 ], [ -3.0892637699, 54.198887711899999 ], [ -3.0900988491, 54.195671488400002 ], [ -3.0817647178, 54.1958365116 ], [ -3.0738820514, 54.192725353900002 ], [ -3.0668667597, 54.192302359099997 ], [ -3.0640427211, 54.188570420700003 ], [ -3.0610613975, 54.188848385100002 ], [ -3.065983586, 54.182998758700002 ], [ -3.072766135, 54.1839631446 ], [ -3.0791055948, 54.182612249100004 ], [ -3.0842337553, 54.184759228399997 ], [ -3.0916604963, 54.183973101500001 ], [ -3.0922556102, 54.1821341757 ], [ -3.0954483248, 54.181763634200003 ], [ -3.0992164226, 54.183445985 ], [ -3.104847054, 54.179682452400002 ], [ -3.1127247998, 54.1809041737 ], [ -3.1155516613, 54.177768198800003 ], [ -3.1216019051, 54.177702975700001 ] ], [ [ -2.8202467153, 54.203707264800002 ], [ -2.8197071996, 54.203950886900003 ], [ -2.8197071791, 54.203951012899999 ], [ -2.8202467153, 54.203707264800002 ] ] ], [ [ [ -2.9827261333, 53.875283235600001 ], [ -2.985361462, 53.874803223699999 ], [ -2.9904240473, 53.870195512700001 ], [ -2.9860718114, 53.8687932383 ], [ -2.9857102213, 53.866351404100001 ], [ -2.9817304887, 53.866545821899997 ], [ -2.9813611778, 53.863762484200002 ], [ -2.9975216894, 53.861687745700003 ], [ -2.9975990841, 53.858550194099998 ], [ -2.993806446, 53.855058266299999 ], [ -2.9987893129, 53.8523473642 ], [ -3.0056754699, 53.8529639562 ], [ -3.0191953448, 53.850665698 ], [ -3.0182922295, 53.847904968500004 ], [ -3.0154925726, 53.846535513399999 ], [ -3.0163131605, 53.842762460599999 ], [ -3.0190186758, 53.841517095599997 ], [ -3.0161079761, 53.838683502 ], [ -3.0162610137, 53.835590221899999 ], [ -3.0188443113, 53.833851534799997 ], [ -3.0280251973, 53.833206929500001 ], [ -3.0324977542, 53.830328193200003 ], [ -3.0392142077, 53.832193691800001 ], [ -3.039035415, 53.837246692 ], [ -3.0437932399, 53.8403513031 ], [ -3.0472080938, 53.8413821631 ], [ -3.0545529563, 53.838522436700003 ], [ -3.0539413171, 53.848657680099997 ], [ -3.0500990977, 53.851837292600003 ], [ -3.0518383151, 53.853296142300003 ], [ -3.0509428121, 53.856386987199997 ], [ -3.0480410383, 53.8576887137 ], [ -3.0502012356, 53.858343947500003 ], [ -3.0473329468, 53.867078697300002 ], [ -3.0463687956, 53.889980283600003 ], [ -3.0473981147, 53.895849633300003 ], [ -3.0396311098, 53.894389157600003 ], [ -3.0346360217, 53.886846228300001 ], [ -3.0300985776, 53.886705495299999 ], [ -3.0259426651, 53.883505320600001 ], [ -3.0249099599, 53.879226741399997 ], [ -3.0221347649, 53.882072727299999 ], [ -3.0233805005, 53.885738309600001 ], [ -3.0031944454, 53.886510960599999 ], [ -3.00276168, 53.888770625399999 ], [ -3.0001771364, 53.890131439400001 ], [ -2.99600969, 53.886364075099998 ], [ -2.9825278805, 53.880389817199998 ], [ -2.9811643726, 53.878091357700001 ], [ -2.9827261333, 53.875283235600001 ] ] ], [ [ [ -2.8763661069, 54.013248321900001 ], [ -2.8770860384, 54.015176489600002 ], [ -2.8729678163, 54.0218731187 ], [ -2.8754020456, 54.025127024200003 ], [ -2.8811768606, 54.022460348199999 ], [ -2.8850422533, 54.024067754299999 ], [ -2.8887159547, 54.023114889 ], [ -2.8893181984, 54.026301156199999 ], [ -2.8957966417, 54.026576616200003 ], [ -2.8961747688, 54.029962254099999 ], [ -2.8943814447, 54.031764211199999 ], [ -2.8994823855, 54.033254101099999 ], [ -2.8976743469, 54.034373133099997 ], [ -2.8999662423, 54.035155923399998 ], [ -2.8966987302, 54.044374995200002 ], [ -2.8930048577, 54.047314575199998 ], [ -2.8926535683, 54.0565747319 ], [ -2.8900062642, 54.058508778700002 ], [ -2.8898567849, 54.061520831300001 ], [ -2.8869070468, 54.065056888400001 ], [ -2.8823647306, 54.065575649199999 ], [ -2.8766893466, 54.068888745199999 ], [ -2.8767747127, 54.065688438899997 ], [ -2.8727735415, 54.0643334118 ], [ -2.8729299064, 54.063047010200002 ], [ -2.8641696016, 54.064251744099998 ], [ -2.8643004333, 54.065401251200001 ], [ -2.8613816812, 54.0661232474 ], [ -2.8622519637, 54.064616036399997 ], [ -2.8601965119, 54.063489297799997 ], [ -2.8605666475, 54.060700409200003 ], [ -2.8684022131, 54.059871119 ], [ -2.8706281856, 54.058192264200002 ], [ -2.8697885135, 54.057488298 ], [ -2.8749654334, 54.057596484699999 ], [ -2.8773742971, 54.055867712100003 ], [ -2.8719830164, 54.049940549799999 ], [ -2.8709551616, 54.046518708 ], [ -2.8665832296, 54.046618117 ], [ -2.8681424156, 54.041555666500003 ], [ -2.8638205921, 54.0393398211 ], [ -2.8647805675, 54.038506031799997 ], [ -2.8630110195, 54.037116634199997 ], [ -2.8645834373, 54.034894309 ], [ -2.8622825408, 54.033643539499998 ], [ -2.8581879108, 54.035731072600001 ], [ -2.8536807758, 54.035592394 ], [ -2.8547132109, 54.028610438199998 ], [ -2.8590331186, 54.026368614699997 ], [ -2.8588824878, 54.024985550799997 ], [ -2.8541501661, 54.024228305100003 ], [ -2.8532156089, 54.022572207400003 ], [ -2.8579029027, 54.0218917117 ], [ -2.8592984719, 54.017028258300002 ], [ -2.8582973269, 54.015103005299999 ], [ -2.862428916, 54.012725227399997 ], [ -2.8702856618, 54.014710960599999 ], [ -2.8763661069, 54.013248321900001 ] ], [ [ -2.866737318, 54.0142142296 ], [ -2.8667304522, 54.0142223836 ], [ -2.86676678, 54.014206855499999 ], [ -2.866737318, 54.0142142296 ] ] ] ] } },
{ "type": "Feature", "properties": { "river_basin_district": "Severn" }, "geometry": { "type": "MultiPolygon", "coordinates": [ [ [ [ -2.9324467447, 51.393579982600002 ], [ -2.9167494894, 51.395646112400001 ], [ -2.9102874012, 51.392333537500001 ], [ -2.9013700095, 51.390550159699998 ], [ -2.8979872303, 51.388076395900001 ], [ -2.8904895119, 51.387541536500002 ], [ -2.891232207, 51.389530712899997 ], [ -2.8964232175, 51.390408278400002 ], [ -2.8847477577, 51.392367343399997 ], [ -2.881248672, 51.390532400200001 ], [ -2.8816242422, 51.389135834800001 ], [ -2.8789328528, 51.390432903300002 ], [ -2.8753081261, 51.3895248878 ], [ -2.8729617668, 51.391592540200001 ], [ -2.8733706727, 51.393441815700001 ], [ -2.8622011734, 51.394118012699998 ], [ -2.8624725474, 51.396319018500002 ], [ -2.8605821473, 51.398221207500001 ], [ -2.8619639312, 51.399847565199998 ], [ -2.8564185483, 51.404644913600002 ], [ -2.8537125578, 51.4029292381 ], [ -2.852132918, 51.404568259199998 ], [ -2.8467524187, 51.405146777500001 ], [ -2.8441984159, 51.403079103499998 ], [ -2.8376904665, 51.404105923700001 ], [ -2.8442761834, 51.405740124 ], [ -2.8440829435, 51.407737701899997 ], [ -2.8469072017, 51.408076994600002 ], [ -2.8479768531, 51.409939557100003 ], [ -2.8388580095, 51.409771409800001 ], [ -2.8409284282, 51.412903703799998 ], [ -2.8393854749, 51.415018850800003 ], [ -2.8337536321, 51.416875404 ], [ -2.83261512, 51.419904744299998 ], [ -2.8264415784, 51.4212792334 ], [ -2.8256729303, 51.423316796599998 ], [ -2.8341809403, 51.422573163199999 ], [ -2.837364929, 51.4238812396 ], [ -2.8387715686, 51.421892984400003 ], [ -2.8461301871, 51.420761064499999 ], [ -2.852458562, 51.4234487063 ], [ -2.8638189098, 51.4169993095 ], [ -2.8682062676, 51.422128186599998 ], [ -2.8767865438, 51.421255037 ], [ -2.8781234215, 51.424625949400003 ], [ -2.8772977741, 51.426574365 ], [ -2.8734824792, 51.428446174500003 ], [ -2.8775618712, 51.432183274899998 ], [ -2.8640076287, 51.438101677900001 ], [ -2.8534529031, 51.439932412300003 ], [ -2.8537481351, 51.443419071 ], [ -2.8439930014, 51.448902767699998 ], [ -2.8465083227, 51.450296334400001 ], [ -2.8464178176, 51.453183341799999 ], [ -2.8317498761, 51.461740582499999 ], [ -2.8074534653, 51.4716035338 ], [ -2.8022253856, 51.472322797499999 ], [ -2.800727929, 51.4756060144 ], [ -2.7849205894, 51.480784229599998 ], [ -2.7775942665, 51.4852209899 ], [ -2.7628592585, 51.4859651947 ], [ -2.7548511847, 51.492032434400002 ], [ -2.7440989421, 51.490725456900002 ], [ -2.7420341842, 51.487753315500001 ], [ -2.7385741435, 51.487541380800003 ], [ -2.7334271124, 51.484516531499999 ], [ -2.732462566, 51.481843048800002 ], [ -2.7371983643, 51.480824282 ], [ -2.7319773164, 51.476720833500003 ], [ -2.7243327091, 51.478620598799999 ], [ -2.7099988865, 51.4763704573 ], [ -2.7069665664, 51.466506948499998 ], [ -2.7076231397, 51.464282044299999 ], [ -2.7112326117, 51.462192113500002 ], [ -2.7069060387, 51.457003112800002 ], [ -2.7018796679, 51.453976147699997 ], [ -2.707052392, 51.449709970900003 ], [ -2.7060936063, 51.447261018299997 ], [ -2.7078211107, 51.444517121200001 ], [ -2.7032036024, 51.4408583198 ], [ -2.6944710845, 51.441863513 ], [ -2.6821712616, 51.437170153799997 ], [ -2.6822053199, 51.433663190600001 ], [ -2.6800192945, 51.429827444600001 ], [ -2.6755436796, 51.426760182300001 ], [ -2.6747872147, 51.424228876699999 ], [ -2.6674231219, 51.422238925 ], [ -2.6677373253, 51.420115088800003 ], [ -2.6716682274, 51.419463200899997 ], [ -2.6717744474, 51.416899949799998 ], [ -2.6645274772, 51.410997741400003 ], [ -2.6634562431, 51.406525925899999 ], [ -2.6596512158, 51.403867872399999 ], [ -2.6472638788, 51.400142449699999 ], [ -2.64390453, 51.397382501700001 ], [ -2.6402446862, 51.4039575507 ], [ -2.6274606806, 51.413144326 ], [ -2.6275067373, 51.416506980599998 ], [ -2.6294597659, 51.417359708900001 ], [ -2.6243991531, 51.422727859799998 ], [ -2.6119808256, 51.427612925299997 ], [ -2.6111689575, 51.429289616600002 ], [ -2.6128435272, 51.431888459200003 ], [ -2.6053072166, 51.437056693800002 ], [ -2.607192513, 51.440696508199999 ], [ -2.6037035377, 51.444741089600001 ], [ -2.5842847735, 51.444715135700001 ], [ -2.5713371644, 51.437832917599998 ], [ -2.5652372273, 51.436876210199998 ], [ -2.5625693283, 51.434307587399999 ], [ -2.5535291829, 51.435007042899997 ], [ -2.5498319712, 51.443386683600004 ], [ -2.5477784416, 51.444924879699997 ], [ -2.5502897495, 51.447952287900002 ], [ -2.5487852942, 51.448489837499999 ], [ -2.5552774894, 51.4534226492 ], [ -2.5539675418, 51.456962557700002 ], [ -2.5450230362, 51.457615924700001 ], [ -2.5398204728, 51.460706144200003 ], [ -2.5264889989, 51.457970398800001 ], [ -2.5182217821, 51.4625569994 ], [ -2.5123277849, 51.463248290899998 ], [ -2.5160438711, 51.4634477862 ], [ -2.5241719366, 51.461757260900001 ], [ -2.5274766771, 51.463738570799997 ], [ -2.5275943697, 51.466453505099999 ], [ -2.5321590396, 51.466558751100003 ], [ -2.5370118785, 51.469135189900001 ], [ -2.5415635227, 51.468116179799999 ], [ -2.5446204218, 51.464901003800001 ], [ -2.5542821445, 51.463920583 ], [ -2.5598821447, 51.460423201700003 ], [ -2.5630563521, 51.461037409 ], [ -2.5638829894, 51.462705876100003 ], [ -2.570778622, 51.456989791 ], [ -2.584245047, 51.456581752799998 ], [ -2.5868727094, 51.4555657469 ], [ -2.5868632662, 51.453355607900001 ], [ -2.5811792624, 51.449347849600002 ], [ -2.58601529, 51.447622205199998 ], [ -2.5962896818, 51.447263291200002 ], [ -2.6026839645, 51.449392183100002 ], [ -2.6019055005, 51.4536563534 ], [ -2.6074779214, 51.454931189100002 ], [ -2.6018560689, 51.458861739200003 ], [ -2.6003702938, 51.4613851461 ], [ -2.60171076, 51.462616690600001 ], [ -2.6059157095, 51.462747886199999 ], [ -2.6264169965, 51.456687642299997 ], [ -2.6264942967, 51.460229938300003 ], [ -2.6225639898, 51.463344005 ], [ -2.6259528017, 51.464836551700003 ], [ -2.6252900318, 51.466899173900003 ], [ -2.6171576274, 51.4712582445 ], [ -2.6276006284, 51.473720463799999 ], [ -2.6387903551, 51.479046003599997 ], [ -2.6421682297, 51.479638978600001 ], [ -2.6453113459, 51.477877343499998 ], [ -2.6476316283, 51.479033459 ], [ -2.6498072339, 51.482159496 ], [ -2.6502526218, 51.487147373699997 ], [ -2.6559088946, 51.4928974587 ], [ -2.6720107946, 51.491790229899998 ], [ -2.6765700636, 51.489390220799997 ], [ -2.6858407045, 51.490981821699997 ], [ -2.6870716646, 51.489508979599997 ], [ -2.6939865688, 51.495508067700001 ], [ -2.7052590644, 51.499906528 ], [ -2.7062081691, 51.502732398 ], [ -2.6997439992, 51.512065987 ], [ -2.6998764727, 51.516803484100002 ], [ -2.6949937072, 51.519826935700003 ], [ -2.6969041037, 51.520346101500003 ], [ -2.6938076332, 51.5233406746 ], [ -2.6907061067, 51.524123266700002 ], [ -2.6904863589, 51.521031458700001 ], [ -2.6847679298, 51.518385499300003 ], [ -2.6811548907, 51.519647379299997 ], [ -2.6829196644, 51.520077702599998 ], [ -2.6806208048, 51.522491817700001 ], [ -2.6758453919, 51.519264487100003 ], [ -2.6697339078, 51.52118778 ], [ -2.6617811883, 51.517438487100002 ], [ -2.6576369346, 51.523881779299998 ], [ -2.6412573453, 51.535805363400002 ], [ -2.638139788, 51.5396887263 ], [ -2.6376238392, 51.541975380099998 ], [ -2.6447263111, 51.541522942699999 ], [ -2.6488968673, 51.543783791199999 ], [ -2.6525575024, 51.543637600399997 ], [ -2.6546099751, 51.545981943299999 ], [ -2.6513071613, 51.550999615099997 ], [ -2.6550316656, 51.555258836100002 ], [ -2.653150174, 51.558838956300001 ], [ -2.6583699814, 51.564690219100001 ], [ -2.6589177877, 51.568652393 ], [ -2.6648822578, 51.570030405300002 ], [ -2.6632312737, 51.573573406 ], [ -2.656310143, 51.573897304699997 ], [ -2.6516096046, 51.576192110699999 ], [ -2.6406186327, 51.586808621300001 ], [ -2.6358004728, 51.5818355778 ], [ -2.635122734, 51.579807177699998 ], [ -2.6370368001, 51.578394131400003 ], [ -2.6334541485, 51.578125802800002 ], [ -2.6315739505, 51.575744208800003 ], [ -2.629650876, 51.576509829099997 ], [ -2.6302187292, 51.5800044605 ], [ -2.6287120515, 51.581675964600002 ], [ -2.6238486664, 51.5806409331 ], [ -2.621641341, 51.577523620800001 ], [ -2.6181235466, 51.580958962499999 ], [ -2.6140291859, 51.5780672299 ], [ -2.6149066087, 51.5767858468 ], [ -2.6059925383, 51.5760050154 ], [ -2.6012671137, 51.577683757 ], [ -2.6032356325, 51.579220182199997 ], [ -2.6017623701, 51.580216808 ], [ -2.595319335, 51.5797191829 ], [ -2.5932482868, 51.583587004599998 ], [ -2.5853458796, 51.582988304499999 ], [ -2.5785280136, 51.584811418199997 ], [ -2.5657115074, 51.584819968200001 ], [ -2.5631699215, 51.587044087499997 ], [ -2.5493704596, 51.586983634699997 ], [ -2.5449933562, 51.590294908399997 ], [ -2.5340623075, 51.592422178500001 ], [ -2.5359322893, 51.59308802 ], [ -2.5350217061, 51.595447924600002 ], [ -2.5396855419, 51.600389819900002 ], [ -2.5613757808, 51.600737622499999 ], [ -2.5597032309, 51.6079657071 ], [ -2.5656542471, 51.615058353899997 ], [ -2.5656511256, 51.621774930599997 ], [ -2.5671593993, 51.624572960099997 ], [ -2.5817787194, 51.624591315099998 ], [ -2.5835397922, 51.626740502499999 ], [ -2.5756667544, 51.630641540200003 ], [ -2.574600101, 51.632664964100002 ], [ -2.5784612429, 51.636341447500001 ], [ -2.5773822755, 51.639163913700003 ], [ -2.5731313216, 51.646806549700003 ], [ -2.5672430196, 51.647482528099999 ], [ -2.5649998353, 51.6507302276 ], [ -2.5705749229, 51.652699337500003 ], [ -2.5560388149, 51.667299054399997 ], [ -2.5456502506, 51.671546732 ], [ -2.5391737046, 51.669265891199998 ], [ -2.5373077689, 51.663106415 ], [ -2.5334612815, 51.660588409 ], [ -2.5356641995, 51.659823108200001 ], [ -2.5385979696, 51.654864463099997 ], [ -2.5322195855, 51.655792686 ], [ -2.5289620067, 51.654117043200003 ], [ -2.5302316188, 51.651431903 ], [ -2.5198736947, 51.649410230400001 ], [ -2.5203680097, 51.648401011399997 ], [ -2.5117098529, 51.645777644600003 ], [ -2.5049681628, 51.649061698099999 ], [ -2.5003597361, 51.6558249144 ], [ -2.4955085642, 51.657688695200001 ], [ -2.493565542, 51.661140560200003 ], [ -2.4854870387, 51.6654900654 ], [ -2.4807513266, 51.6715876576 ], [ -2.4758188192, 51.672830565300004 ], [ -2.4629776831, 51.681360664499998 ], [ -2.4633004579, 51.684641197200001 ], [ -2.4680860906, 51.688632311 ], [ -2.4717209695, 51.690398029900003 ], [ -2.4857024411, 51.691024362100002 ], [ -2.4888112579, 51.693564974399997 ], [ -2.4882185043, 51.696291785699998 ], [ -2.4794851152, 51.698188957100001 ], [ -2.4739635951, 51.697348215300003 ], [ -2.4710544791, 51.7014419383 ], [ -2.4668467751, 51.7031490914 ], [ -2.4663398254, 51.70732303 ], [ -2.4610919766, 51.709285853899999 ], [ -2.4608175267, 51.710761489200003 ], [ -2.4570244504, 51.7106504351 ], [ -2.4581648077, 51.714647076699997 ], [ -2.45705397, 51.719317835600002 ], [ -2.4501844581, 51.721430324499998 ], [ -2.4496700678, 51.725028768599998 ], [ -2.4514904707, 51.726101755099997 ], [ -2.4514382279, 51.728369798899998 ], [ -2.4437406452, 51.732341956900001 ], [ -2.4319113335, 51.734185176899999 ], [ -2.4048713287, 51.732582484399998 ], [ -2.3977784187, 51.734494863499997 ], [ -2.3800958304, 51.74371538 ], [ -2.3731844371, 51.742568695400003 ], [ -2.3693897841, 51.744342966300003 ], [ -2.3676499693, 51.742343402800003 ], [ -2.3651251975, 51.7435560905 ], [ -2.3574438474, 51.7429143751 ], [ -2.3478620155, 51.751250941899997 ], [ -2.3446578366, 51.752788877199997 ], [ -2.3392052355, 51.752031515 ], [ -2.334048408, 51.755993391 ], [ -2.3343242609, 51.7580335866 ], [ -2.3449398859, 51.763181765500001 ], [ -2.3522853247, 51.772366843900002 ], [ -2.3560390966, 51.774225672599997 ], [ -2.3577124992, 51.776899931099997 ], [ -2.3549646914, 51.781367838100003 ], [ -2.3712698882, 51.775778940099997 ], [ -2.3732846882, 51.77755279 ], [ -2.3725457416, 51.7793443602 ], [ -2.3798213625, 51.779240145099998 ], [ -2.3854277568, 51.783969176 ], [ -2.3917929406, 51.785782302800001 ], [ -2.3922355212, 51.7900066288 ], [ -2.3909671632, 51.790873998099997 ], [ -2.3842337074, 51.791867243900001 ], [ -2.3695234903, 51.789091232799997 ], [ -2.3641529608, 51.792265069 ], [ -2.3583911804, 51.793163870100003 ], [ -2.3580449556, 51.789594306700003 ], [ -2.353738079, 51.787629319200001 ], [ -2.3549333767, 51.786609724400002 ], [ -2.3536280184, 51.784680581899998 ], [ -2.3491944884, 51.784999538699999 ], [ -2.3463531248, 51.788784194500003 ], [ -2.3502145288, 51.7894201043 ], [ -2.3529556232, 51.793251082300003 ], [ -2.346331149, 51.798963011799998 ], [ -2.3314640063, 51.794761235599999 ], [ -2.3259309799, 51.795585908500001 ], [ -2.3264686654, 51.8057802489 ], [ -2.3281187614, 51.8093181164 ], [ -2.3248956975, 51.808895503 ], [ -2.3196748355, 51.811049684799997 ], [ -2.3173014299, 51.818015160400002 ], [ -2.318069232, 51.819919177700001 ], [ -2.3159403395, 51.8225323108 ], [ -2.3003817692, 51.819588098700002 ], [ -2.2952052414, 51.820014803 ], [ -2.292661295, 51.8170001903 ], [ -2.2840515756, 51.8135777643 ], [ -2.2840648014, 51.811069241 ], [ -2.2674877859, 51.809022236200001 ], [ -2.2630297725, 51.805651680799997 ], [ -2.253047014, 51.807444822500003 ], [ -2.2564302941, 51.813236699900003 ], [ -2.2596024571, 51.814956005699997 ], [ -2.2598179661, 51.817113369 ], [ -2.2652725607, 51.817101180400002 ], [ -2.2647627079, 51.819215214400003 ], [ -2.267260087, 51.819560209199999 ], [ -2.2665192813, 51.821863585899997 ], [ -2.2683078064, 51.824970397500003 ], [ -2.2732483037, 51.826163804799997 ], [ -2.2730096515, 51.829886626099999 ], [ -2.275886957, 51.832927847599997 ], [ -2.2747538744, 51.835124299699999 ], [ -2.2763617824, 51.8369996423 ], [ -2.2710380197, 51.838588829499997 ], [ -2.2687550004, 51.836711591799997 ], [ -2.2695253876, 51.834480066899999 ], [ -2.2654306241, 51.829175720899997 ], [ -2.2597818543, 51.825960583 ], [ -2.2552658623, 51.825359093800003 ], [ -2.2466961275, 51.8210617266 ], [ -2.2416802418, 51.821809412599997 ], [ -2.2336131445, 51.816143425 ], [ -2.2272189102, 51.8139082179 ], [ -2.2130531491, 51.812244457600002 ], [ -2.2105645883, 51.810495686 ], [ -2.2065069372, 51.81131208 ], [ -2.2058325784, 51.812940648400001 ], [ -2.2111105745, 51.818694506200004 ], [ -2.2093142026, 51.822366028 ], [ -2.212096091, 51.824653752400003 ], [ -2.2137549318, 51.825657735100002 ], [ -2.2201549642, 51.822930639799999 ], [ -2.2241033712, 51.823327768200002 ], [ -2.2272444715, 51.830505524599999 ], [ -2.229983588, 51.832658027500003 ], [ -2.2324710602, 51.833803976 ], [ -2.2366315598, 51.832932537700003 ], [ -2.2480412106, 51.838771115699998 ], [ -2.2461645174, 51.840627199899998 ], [ -2.250099683, 51.843549942400003 ], [ -2.2574234571, 51.844936716500001 ], [ -2.2567931583, 51.846412611600002 ], [ -2.2600248571, 51.847978922 ], [ -2.2579803959, 51.8509414492 ], [ -2.2608318083, 51.856977067400003 ], [ -2.2577258216, 51.857199701799999 ], [ -2.2571549831, 51.8589451932 ], [ -2.2604200131, 51.861095827699998 ], [ -2.2590974155, 51.8634184099 ], [ -2.2553266391, 51.864289790400001 ], [ -2.2545558568, 51.866665065500001 ], [ -2.2591270464, 51.868570142700001 ], [ -2.2579191738, 51.870685664500002 ], [ -2.2617417381, 51.873644216 ], [ -2.26579868, 51.871926839300002 ], [ -2.2665884856, 51.872851114900001 ], [ -2.2655680386, 51.877151079100003 ], [ -2.2629908605, 51.8761229188 ], [ -2.2638768631, 51.88106593 ], [ -2.2621820962, 51.884414335400002 ], [ -2.260504275, 51.8857127538 ], [ -2.2586937436, 51.884161327400001 ], [ -2.2565462554, 51.887186958400001 ], [ -2.2611183933, 51.891393632099998 ], [ -2.2647529456, 51.8917001855 ], [ -2.2685638655, 51.897202951200001 ], [ -2.2786922964, 51.899391135800002 ], [ -2.2822649438, 51.903608323299999 ], [ -2.2884947719, 51.9072524714 ], [ -2.2920578393, 51.903044956400002 ], [ -2.2917861897, 51.901499200799996 ], [ -2.2848160426, 51.8979019585 ], [ -2.2789277952, 51.890489604700001 ], [ -2.270551621, 51.884575190100001 ], [ -2.2681196733, 51.876309132700001 ], [ -2.2765010241, 51.876271736299998 ], [ -2.2872814656, 51.878871232 ], [ -2.2889955316, 51.883380464699997 ], [ -2.299696923, 51.880287775 ], [ -2.3204333118, 51.883137153200003 ], [ -2.3262846736, 51.876629622199999 ], [ -2.3318795264, 51.8769286307 ], [ -2.3351109917, 51.8719654808 ], [ -2.3353356256, 51.867019828300002 ], [ -2.3379839575, 51.863829452799997 ], [ -2.3338176682, 51.858159080100002 ], [ -2.3424139959, 51.854376137899997 ], [ -2.347015572, 51.848590447699998 ], [ -2.3642268445, 51.8442317051 ], [ -2.3713522214, 51.8492893122 ], [ -2.3783632177, 51.849177046900003 ], [ -2.3973371579, 51.845841733599997 ], [ -2.4075241973, 51.842246431 ], [ -2.4100713702, 51.838227590400002 ], [ -2.4026343499, 51.834315240899997 ], [ -2.3988004197, 51.834022616399999 ], [ -2.3933691482, 51.828619342400003 ], [ -2.399943651, 51.825468284400003 ], [ -2.4017495044, 51.822953632500003 ], [ -2.4081772861, 51.822985432700001 ], [ -2.4111233724, 51.819882253199999 ], [ -2.418631868, 51.819163441 ], [ -2.4152294743, 51.821495194699999 ], [ -2.4173813232, 51.825128936900001 ], [ -2.4141065225, 51.825608052600003 ], [ -2.4132222505, 51.827283493499998 ], [ -2.4163361694, 51.828225553099998 ], [ -2.4176095091, 51.830972285900003 ], [ -2.4227258435, 51.831853099200003 ], [ -2.430139731, 51.830153876099999 ], [ -2.4464179861, 51.832736543599999 ], [ -2.454135162, 51.829524163499997 ], [ -2.4682328986, 51.828839484100001 ], [ -2.471973306, 51.831288067599999 ], [ -2.4768122983, 51.8291646399 ], [ -2.4879657568, 51.829990988 ], [ -2.4943839374, 51.815803290799998 ], [ -2.475757149, 51.8130389859 ], [ -2.4800108073, 51.806539137199998 ], [ -2.4812308575, 51.801256390200002 ], [ -2.4721546913, 51.798685791799997 ], [ -2.4747066255, 51.7876164782 ], [ -2.4739402905, 51.783663489299997 ], [ -2.4712503757, 51.7814984615 ], [ -2.4735889628, 51.777802706700001 ], [ -2.4714752081, 51.775257732100002 ], [ -2.4721231004, 51.772063271100002 ], [ -2.4498349337, 51.773688208700001 ], [ -2.4364384676, 51.779205321399999 ], [ -2.4346878925, 51.778042968299999 ], [ -2.4374464246, 51.772521186 ], [ -2.4341733816, 51.769746082700003 ], [ -2.435634044, 51.766422955899998 ], [ -2.4336592226, 51.764488181 ], [ -2.4332192386, 51.760911339 ], [ -2.4358756155, 51.759912489900003 ], [ -2.4411398972, 51.7626351332 ], [ -2.44491403, 51.762593927799998 ], [ -2.4465699187, 51.760070130499997 ], [ -2.4534031791, 51.759522472199997 ], [ -2.4576317671, 51.752151327299998 ], [ -2.4610897427, 51.751733204399997 ], [ -2.4788585067, 51.752552243499998 ], [ -2.4816441936, 51.754312098200003 ], [ -2.4848296022, 51.751448815 ], [ -2.4960511148, 51.7562571904 ], [ -2.4989028125, 51.756038305399997 ], [ -2.5007142975, 51.754780842599999 ], [ -2.4983112152, 51.750996793299997 ], [ -2.4987603199, 51.747056759800003 ], [ -2.4963745822, 51.746122792500003 ], [ -2.4974192118, 51.743645803500002 ], [ -2.4923241622, 51.741275616700001 ], [ -2.492133799, 51.737086528200003 ], [ -2.4900224765, 51.7346857195 ], [ -2.4973957327, 51.728324934500002 ], [ -2.5009754181, 51.719471373300003 ], [ -2.5089302347, 51.711120300200001 ], [ -2.5078012102, 51.709815117 ], [ -2.5169118543, 51.708324928099998 ], [ -2.5271492097, 51.712118883499997 ], [ -2.5384844626, 51.71354202 ], [ -2.5385739813, 51.716203011899999 ], [ -2.5451163442, 51.720992123899997 ], [ -2.5453110438, 51.722735516 ], [ -2.5518405563, 51.725141626300001 ], [ -2.5544425445, 51.720085313200002 ], [ -2.551054489, 51.7188424864 ], [ -2.5496021424, 51.716062011799998 ], [ -2.5516422984, 51.7124289817 ], [ -2.5503445938, 51.705682650500002 ], [ -2.5518208763, 51.703320017 ], [ -2.545218424, 51.7005995337 ], [ -2.5461611446, 51.698374300799998 ], [ -2.550602137, 51.698290637299998 ], [ -2.5517244854, 51.700155550200002 ], [ -2.5590867854, 51.703447493699997 ], [ -2.5600170187, 51.706122453200003 ], [ -2.5728554247, 51.707427202200002 ], [ -2.581887954, 51.714342021599997 ], [ -2.5861966156, 51.7162177481 ], [ -2.5889115328, 51.715727631199996 ], [ -2.5917551429, 51.718446676 ], [ -2.595675834, 51.719379929200002 ], [ -2.5958400904, 51.720862650199997 ], [ -2.6029257568, 51.724629785600001 ], [ -2.6042471859, 51.728183522800002 ], [ -2.602766621, 51.730079286900001 ], [ -2.6063996237, 51.7332254994 ], [ -2.6194996549, 51.735324017799996 ], [ -2.6193054037, 51.738795666500003 ], [ -2.6145577843, 51.745384182199999 ], [ -2.6169564108, 51.748149892800001 ], [ -2.6147537042, 51.7523423329 ], [ -2.621909937, 51.753392619800003 ], [ -2.6211201038, 51.757065204699998 ], [ -2.6250021083, 51.7570086546 ], [ -2.627115635, 51.758975455300003 ], [ -2.6252407954, 51.761700785199999 ], [ -2.6324665993, 51.7655283235 ], [ -2.6355962497, 51.762409477699997 ], [ -2.6363304608, 51.758979860099998 ], [ -2.6478601729, 51.757738994 ], [ -2.6617494139, 51.747492542400003 ], [ -2.6654612202, 51.742814121899997 ], [ -2.6706720695, 51.743575719600003 ], [ -2.6688921694, 51.746624901899999 ], [ -2.6881764489, 51.746963092100003 ], [ -2.7037983351, 51.742770544899997 ], [ -2.7078624087, 51.744913019800002 ], [ -2.7070163686, 51.746653424199998 ], [ -2.7082850061, 51.748120346900002 ], [ -2.7166652926, 51.751360323900002 ], [ -2.7151750897, 51.753077641899999 ], [ -2.7160823295, 51.754800901700001 ], [ -2.7274878622, 51.764061368 ], [ -2.727847404, 51.766594666800003 ], [ -2.7346137504, 51.770994227199999 ], [ -2.7221818764, 51.778426090300002 ], [ -2.7170500825, 51.779302685600001 ], [ -2.6994416032, 51.792625835 ], [ -2.7048163277, 51.796981418500003 ], [ -2.7037534093, 51.801357209499997 ], [ -2.7092663626, 51.803338376 ], [ -2.7094973152, 51.805809550200003 ], [ -2.7140873712, 51.807391173299997 ], [ -2.712058488, 51.8111797635 ], [ -2.7137395082, 51.812913851799998 ], [ -2.7120537715, 51.820081021100002 ], [ -2.7134387063, 51.830601233899998 ], [ -2.7119555906, 51.8322555982 ], [ -2.7193095638, 51.838396725 ], [ -2.7249446245, 51.839521971400004 ], [ -2.7266847376, 51.847531295899998 ], [ -2.7307158643, 51.8526222502 ], [ -2.7372234859, 51.854595639599999 ], [ -2.7454551512, 51.860693656 ], [ -2.7447231897, 51.867369676400003 ], [ -2.7565845955, 51.874900425 ], [ -2.7547344532, 51.8875897076 ], [ -2.7609987161, 51.893717211499997 ], [ -2.7739390549, 51.900879575700003 ], [ -2.7783362401, 51.900490925699998 ], [ -2.784443612, 51.903165658200002 ], [ -2.7945896175, 51.904841835900001 ], [ -2.7997330182, 51.909626187199997 ], [ -2.7974949694, 51.917868173899997 ], [ -2.7986664411, 51.919973119700003 ], [ -2.8111676452, 51.919770722599999 ], [ -2.8200684928, 51.921480261500001 ], [ -2.8157818868, 51.925654921400003 ], [ -2.8118365361, 51.935887008800002 ], [ -2.8084542818, 51.937079122599997 ], [ -2.8092316527, 51.9398609908 ], [ -2.8145996739, 51.939068714100003 ], [ -2.8170046267, 51.941731362699997 ], [ -2.8242889427, 51.943892357899998 ], [ -2.8287252241, 51.943052014 ], [ -2.8315937352, 51.945549262699998 ], [ -2.8395366756, 51.9455108557 ], [ -2.8500293475, 51.941821155 ], [ -2.8543584435, 51.943794791400002 ], [ -2.8618269388, 51.941034057099998 ], [ -2.8629560174, 51.934678114500002 ], [ -2.8749570459, 51.9332408466 ], [ -2.8792122807, 51.935888465399998 ], [ -2.8792467344, 51.937650452699998 ], [ -2.8858022772, 51.936666225700002 ], [ -2.9036342178, 51.938041158600001 ], [ -2.9090717561, 51.944373926099999 ], [ -2.9177436476, 51.9444235259 ], [ -2.9251120961, 51.949706527300002 ], [ -2.9334215445, 51.949766799199999 ], [ -2.9373493237, 51.9518215107 ], [ -2.9566488614, 51.951369516299998 ], [ -2.9590729628, 51.945640472599997 ], [ -2.9633631068, 51.940804196800002 ], [ -2.9619869861, 51.9363199071 ], [ -2.9540531362, 51.931223602499998 ], [ -2.9531230938, 51.928515826800002 ], [ -2.9601194666, 51.923792568899998 ], [ -2.9637400585, 51.914951674500003 ], [ -2.9702520183, 51.908136824499998 ], [ -2.9675835625, 51.904373527499999 ], [ -2.971462127, 51.903586310800002 ], [ -2.9765521565, 51.898347285100002 ], [ -2.9832713978, 51.898561055899997 ], [ -2.9974090371, 51.908233431699998 ], [ -2.996694658, 51.911422354599999 ], [ -2.9997043948, 51.919947405 ], [ -2.9982445034, 51.9223064862 ], [ -3.0081606942, 51.926151078799997 ], [ -3.0103200526, 51.932938849700001 ], [ -3.0079003354, 51.937895725499999 ], [ -3.0137385804, 51.945218301300002 ], [ -3.0217996456, 51.950381425700002 ], [ -3.0263609804, 51.9576964683 ], [ -3.0359933385, 51.960147580600001 ], [ -3.0395159701, 51.966464246100003 ], [ -3.0497664115, 51.970958748699999 ], [ -3.0685761988, 51.9838805674 ], [ -3.0696000595, 51.989571622600003 ], [ -3.0839019189, 52.0034669319 ], [ -3.0871080212, 52.014334557200002 ], [ -3.0992378719, 52.022322900100001 ], [ -3.1026758702, 52.022857216299997 ], [ -3.109986391, 52.029100273 ], [ -3.1078825278, 52.034209016 ], [ -3.1106130254, 52.036152342699999 ], [ -3.1091578531, 52.0380272 ], [ -3.1108325457, 52.0391263088 ], [ -3.1117570711, 52.044656067600002 ], [ -3.1190237294, 52.0495323357 ], [ -3.1268561464, 52.0501679698 ], [ -3.1286630413, 52.048954864300001 ], [ -3.132692289, 52.050282831600001 ], [ -3.1337011632, 52.053267144300001 ], [ -3.1373548758, 52.0558663029 ], [ -3.126861521, 52.0596534572 ], [ -3.1208361029, 52.067173474699999 ], [ -3.1205658702, 52.069199021700001 ], [ -3.1246534187, 52.0727834534 ], [ -3.1237979681, 52.075902501500003 ], [ -3.1256597985, 52.077988624299998 ], [ -3.1243671523, 52.078810154899998 ], [ -3.1175623998, 52.077454309799997 ], [ -3.1038328311, 52.078105197 ], [ -3.0900119973, 52.073828274100002 ], [ -3.0883967544, 52.072206846900002 ], [ -3.0903179807, 52.071415860899997 ], [ -3.0871223531, 52.067795049099999 ], [ -3.0901795431, 52.063936641399998 ], [ -3.0901002944, 52.060682634800003 ], [ -3.0882882487, 52.058145943299998 ], [ -3.0808608518, 52.058007507600003 ], [ -3.0781752326, 52.063381768900001 ], [ -3.0708012439, 52.063682781600001 ], [ -3.0614497882, 52.069179960699998 ], [ -3.0601466312, 52.0732915703 ], [ -3.0518167646, 52.073348237899999 ], [ -3.0462701885, 52.071383645600001 ], [ -3.0333267357, 52.074446892399997 ], [ -3.024825449, 52.082954622499997 ], [ -3.0172098345, 52.086904678499998 ], [ -3.0158194834, 52.093803700700001 ], [ -3.0129640513, 52.093405689699999 ], [ -3.0107857655, 52.095842957800002 ], [ -3.0041838455, 52.096978299500002 ], [ -2.9966077085, 52.095028650099998 ], [ -2.9847603622, 52.096620722399997 ], [ -2.9813577103, 52.101216463299998 ], [ -2.9862663196, 52.105329268299997 ], [ -2.9716369323, 52.101332964199997 ], [ -2.9670627891, 52.103150772299998 ], [ -2.9742685047, 52.105518959800001 ], [ -2.9714171101, 52.107340663800002 ], [ -2.9726283098, 52.107978016300002 ], [ -2.9716135242, 52.109658682599999 ], [ -2.9751599885, 52.110240773 ], [ -2.9733878751, 52.112682947400003 ], [ -2.9825766892, 52.113056251499998 ], [ -2.9841421266, 52.116279895399998 ], [ -2.9885671038, 52.117591495299997 ], [ -2.9910069505, 52.116968606199997 ], [ -2.9911358264, 52.115537994500002 ], [ -3.0000806252, 52.114545378499997 ], [ -2.9982852393, 52.1119712311 ], [ -3.0014091886, 52.109966743500003 ], [ -3.0151807076, 52.1074573673 ], [ -3.0222164898, 52.109275653 ], [ -3.0265653971, 52.106621511100002 ], [ -3.0309144906, 52.106529607399999 ], [ -3.0294403599, 52.109725264 ], [ -3.0323093288, 52.110023844399997 ], [ -3.0317252047, 52.111287682 ], [ -3.0364251367, 52.111192505200002 ], [ -3.046446784, 52.120094845300002 ], [ -3.0468723828, 52.122051077400002 ], [ -3.0410505367, 52.125447237300001 ], [ -3.0441036408, 52.132325219599998 ], [ -3.046079482, 52.133098900100002 ], [ -3.0560902662, 52.130132573099999 ], [ -3.0615604374, 52.13531613 ], [ -3.0727848794, 52.136671052 ], [ -3.0795404023, 52.141716204799998 ], [ -3.0847907623, 52.142495175900002 ], [ -3.0878160148, 52.1455062179 ], [ -3.0925407812, 52.144491518899997 ], [ -3.0872762554, 52.147345333399997 ], [ -3.0879891475, 52.149011058500001 ], [ -3.0813966955, 52.149575191099999 ], [ -3.0759275185, 52.154300465 ], [ -3.0682295722, 52.157571191 ], [ -3.0673703351, 52.159538973499998 ], [ -3.0547631292, 52.163617346400002 ], [ -3.0542675273, 52.1655368391 ], [ -3.0545778349, 52.167530025399998 ], [ -3.0610807264, 52.171679397 ], [ -3.0614494378, 52.173654057199997 ], [ -3.0651960799, 52.173782112700003 ], [ -3.0655034784, 52.176854192500002 ], [ -3.0673487988, 52.1781861284 ], [ -3.0614937268, 52.181655472800003 ], [ -3.0619941753, 52.183629715099997 ], [ -3.0756991251, 52.194527466099998 ], [ -3.0839227661, 52.199397122199997 ], [ -3.0908012641, 52.1994595906 ], [ -3.0909156993, 52.201742193 ], [ -3.0839190515, 52.204054382 ], [ -3.0310087894, 52.2042229674 ], [ -3.0280084087, 52.206101242899997 ], [ -3.0210450506, 52.2055683269 ], [ -3.0159898301, 52.207203312600001 ], [ -3.0172092344, 52.208694273299997 ], [ -3.0244595262, 52.207049168799998 ], [ -3.0444166445, 52.219353322800004 ], [ -3.0502542176, 52.2198409489 ], [ -3.0414637168, 52.225780818600001 ], [ -3.0416941831, 52.229995411899999 ], [ -3.0501596132, 52.228239128600002 ], [ -3.0582037946, 52.230343017700001 ], [ -3.0602038364, 52.2257937384 ], [ -3.0668895968, 52.223755514399997 ], [ -3.073664732, 52.224233503800001 ], [ -3.0792077664, 52.227024010800001 ], [ -3.0892725262, 52.225493008100003 ], [ -3.0943407381, 52.222623014 ], [ -3.1010672122, 52.223495475599996 ], [ -3.1056276515, 52.221438898800002 ], [ -3.1147884562, 52.2207233476 ], [ -3.1273816465, 52.221448826699998 ], [ -3.1340759436, 52.218741380399997 ], [ -3.1401984478, 52.222314655399998 ], [ -3.1503082857, 52.221515244099997 ], [ -3.1288124331, 52.225337147700003 ], [ -3.1187744719, 52.230791249299998 ], [ -3.0921871282, 52.232101238799999 ], [ -3.0849266612, 52.234595714900003 ], [ -3.0804771586, 52.234079114 ], [ -3.0731584414, 52.236627339400002 ], [ -3.0559261054, 52.238634878699997 ], [ -3.0574128077, 52.240185949699999 ], [ -3.0537473788, 52.242484393200002 ], [ -3.0521447827, 52.247794211799999 ], [ -3.0581972491, 52.252226455200002 ], [ -3.0658231186, 52.253794141699998 ], [ -3.0671942336, 52.257207205299999 ], [ -3.0636470478, 52.259585793500001 ], [ -3.0627257511, 52.262722848800003 ], [ -3.0678418142, 52.265257000399998 ], [ -3.0633534121, 52.265684118899998 ], [ -3.0543960829, 52.272309673499997 ], [ -3.0363656239, 52.272145683600002 ], [ -3.0361404989, 52.275060627899997 ], [ -3.0336698469, 52.277222059099998 ], [ -3.0100302728, 52.279278751 ], [ -3.0078993107, 52.282263865600001 ], [ -3.006709078, 52.289250729400003 ], [ -3.0032655108, 52.289981308400002 ], [ -3.0009515906, 52.292698125900003 ], [ -3.0000414096, 52.298504747499997 ], [ -3.0030123886, 52.302138730700001 ], [ -3.0006283654, 52.303075996399997 ], [ -2.9994410983, 52.308965883299997 ], [ -3.0041759356, 52.314670683499997 ], [ -3.0001059901, 52.318939772100002 ], [ -3.0038891634, 52.320148369400002 ], [ -3.0026556986, 52.321399543799998 ], [ -3.0059555294, 52.3258667554 ], [ -3.01541738, 52.326397141599998 ], [ -3.0219078213, 52.322780900300003 ], [ -3.0301302525, 52.3230331265 ], [ -3.0343416201, 52.318644881499999 ], [ -3.0491354944, 52.316392604100002 ], [ -3.056730587, 52.321143841599998 ], [ -3.0580268132, 52.327506559100001 ], [ -3.0570928665, 52.331416831299997 ], [ -3.0448824867, 52.340111465299998 ], [ -3.0435040116, 52.342658985500002 ], [ -3.0443857274, 52.343945831500001 ], [ -3.0505673501, 52.345868935200002 ], [ -3.0585804978, 52.342704646800001 ], [ -3.0716056076, 52.346543048299999 ], [ -3.0872230236, 52.354815508500003 ], [ -3.0945197462, 52.355377469399997 ], [ -3.0942141918, 52.359650816200002 ], [ -3.0906838181, 52.362982994399999 ], [ -3.0947781609, 52.365831092100002 ], [ -3.0901130159, 52.369623285300001 ], [ -3.0917018505, 52.372107985200003 ], [ -3.0891916888, 52.373965220400002 ], [ -3.0896408614, 52.377889940599999 ], [ -3.0849755603, 52.381744851199997 ], [ -3.0900628078, 52.383091561900002 ], [ -3.0897045205, 52.393002410800001 ], [ -3.0873453767, 52.396269692499999 ], [ -3.0924223861, 52.396537557899997 ], [ -3.1005599858, 52.402260931599997 ], [ -3.0967881099, 52.407825147899999 ], [ -3.1100471796, 52.411297563799998 ], [ -3.1127947321, 52.41531745 ], [ -3.113050413, 52.419046075899999 ], [ -3.1172494785, 52.419375090899997 ], [ -3.1178237397, 52.421149778100002 ], [ -3.1251647067, 52.421268912400002 ], [ -3.1273341734, 52.419270352700003 ], [ -3.1342460435, 52.418152343300001 ], [ -3.1490352573, 52.418027487800003 ], [ -3.1559896007, 52.421933490500003 ], [ -3.171870599, 52.420788162 ], [ -3.1758106108, 52.425172376600003 ], [ -3.1825096394, 52.4271014519 ], [ -3.1839413592, 52.430036014499997 ], [ -3.1910087719, 52.434676060199997 ], [ -3.1966910488, 52.434834451599997 ], [ -3.1916904352, 52.441403090400001 ], [ -3.2035448006, 52.4434317463 ], [ -3.2112948847, 52.447056697199997 ], [ -3.2129121314, 52.450222762899998 ], [ -3.2173928265, 52.449421510699999 ], [ -3.2183977772, 52.453843487100002 ], [ -3.2133023373, 52.461205165499997 ], [ -3.2064971017, 52.465320516200002 ], [ -3.2036132669, 52.465367883900001 ], [ -3.2039429188, 52.468816875500004 ], [ -3.20128656, 52.471819737600001 ], [ -3.2033306417, 52.474433167 ], [ -3.2028218215, 52.476290380800002 ], [ -3.1958940442, 52.477637281 ], [ -3.1894375888, 52.476821324100001 ], [ -3.1786740493, 52.472350887700003 ], [ -3.1763052503, 52.474111451699997 ], [ -3.1760784214, 52.478303489699996 ], [ -3.1729143148, 52.480025114299998 ], [ -3.1460143425, 52.486348361300003 ], [ -3.1420651106, 52.490234453600003 ], [ -3.1278493874, 52.490119123900001 ], [ -3.1227391253, 52.4930266824 ], [ -3.1207230609, 52.4959946452 ], [ -3.1116945789, 52.500125503699998 ], [ -3.0941627601, 52.499479829 ], [ -3.0876591973, 52.496806738499998 ], [ -3.0719349879, 52.500762174099997 ], [ -3.0540708231, 52.498522264099996 ], [ -3.0447047199, 52.499261663399999 ], [ -3.0414221988, 52.499991851200001 ], [ -3.0364247216, 52.504225222599999 ], [ -3.0059163642, 52.500496885499999 ], [ -2.9947358203, 52.501832087300002 ], [ -2.9868804426, 52.5043162423 ], [ -2.9839906895, 52.506201317699997 ], [ -2.9834091652, 52.5091909187 ], [ -2.9688320623, 52.5136624688 ], [ -2.9658489167, 52.516725559 ], [ -2.9668288871, 52.519072995499997 ], [ -2.9641717676, 52.521566990499998 ], [ -2.9679117304, 52.526094497899997 ], [ -2.9738738826, 52.529749547599998 ], [ -2.9739540115, 52.5347024963 ], [ -2.9720827618, 52.538089210499997 ], [ -2.9757601756, 52.540360438100002 ], [ -2.9804693243, 52.540609202500001 ], [ -2.9806731652, 52.5424774763 ], [ -2.9878760883, 52.546732867599999 ], [ -2.9902928099, 52.5440335885 ], [ -3.0029363819, 52.543657407300003 ], [ -3.0042522452, 52.544455368 ], [ -3.0032386923, 52.546567674899997 ], [ -3.0086719124, 52.549416342100002 ], [ -3.0077790371, 52.552419978400003 ], [ -3.0148806628, 52.554523647 ], [ -3.0205703494, 52.560084614099999 ], [ -3.0209065194, 52.564397012699999 ], [ -3.0336217658, 52.569339158699997 ], [ -3.0274785572, 52.579209928600001 ], [ -3.0193499656, 52.583154943799997 ], [ -3.0436267122, 52.581819674599998 ], [ -3.0429156891, 52.585439995900003 ], [ -3.0454068462, 52.587162121200002 ], [ -3.046005764, 52.5899977292 ], [ -3.0536353969, 52.587448785799999 ], [ -3.0598483292, 52.587393331599998 ], [ -3.0635880413, 52.593095538900002 ], [ -3.0844071916, 52.600422498900002 ], [ -3.0850831744, 52.602681835 ], [ -3.089105323, 52.605297016199998 ], [ -3.0899588947, 52.60993709 ], [ -3.0782281298, 52.616957923 ], [ -3.0850138391, 52.618990657600001 ], [ -3.0877858673, 52.622363512299998 ], [ -3.0998142801, 52.627808349299997 ], [ -3.095103224, 52.633803486300003 ], [ -3.0881380951, 52.637751420299999 ], [ -3.0889477335, 52.641789543100003 ], [ -3.0847511886, 52.648984189300002 ], [ -3.0857684136, 52.650665013599998 ], [ -3.0846806429, 52.653300093 ], [ -3.0799926894, 52.653828388199997 ], [ -3.0682011556, 52.661325155199997 ], [ -3.0684524671, 52.665566211300003 ], [ -3.072184784, 52.669434193100003 ], [ -3.0582692259, 52.674953337300003 ], [ -3.0485881358, 52.676459832100001 ], [ -3.0260992015, 52.674265354900001 ], [ -3.0215087372, 52.675293921300003 ], [ -3.0169253011, 52.679181078200003 ], [ -3.003790775, 52.683068873099998 ], [ -3.0025316658, 52.684931473799999 ], [ -3.0056206269, 52.6880248346 ], [ -3.0023980885, 52.692016726200002 ], [ -3.0035969961, 52.695260958399999 ], [ -2.9947792977, 52.701826065399999 ], [ -2.9957337898, 52.705398685 ], [ -3.0006153401, 52.7085194227 ], [ -3.0006754041, 52.711143987 ], [ -3.0181631043, 52.716487921899997 ], [ -3.0392010405, 52.710309054299998 ], [ -3.0431495975, 52.7107778114 ], [ -3.0449584023, 52.707183857799997 ], [ -3.0479737425, 52.707013396500003 ], [ -3.0483669594, 52.709832781700001 ], [ -3.0515728238, 52.711422585699999 ], [ -3.0405831321, 52.717381044600003 ], [ -3.0411055274, 52.720666792899998 ], [ -3.0448028188, 52.722971661 ], [ -3.0551434206, 52.716461218799999 ], [ -3.0653844887, 52.718140652300001 ], [ -3.0656549985, 52.723163632599999 ], [ -3.0686417308, 52.724808887099996 ], [ -3.0638194733, 52.727441375600002 ], [ -3.0605890041, 52.736496262499998 ], [ -3.06349834, 52.736757881599999 ], [ -3.067681552, 52.734598649799999 ], [ -3.0714959172, 52.736739816 ], [ -3.0755122014, 52.744659585599997 ], [ -3.0753136335, 52.74983062 ], [ -3.0766934299, 52.750510327299999 ], [ -3.0757271483, 52.7521822406 ], [ -3.0697195427, 52.748874340299999 ], [ -3.0670794283, 52.750570260499998 ], [ -3.0593145864, 52.751125337 ], [ -3.0500708489, 52.749337643300002 ], [ -3.0502510959, 52.746360373199998 ], [ -3.034918042, 52.747286303499997 ], [ -3.0297508941, 52.749623721699997 ], [ -3.0266483304, 52.749362946 ], [ -3.0246230239, 52.7470251015 ], [ -3.0155977376, 52.7468869868 ], [ -3.010950572, 52.748365085499998 ], [ -3.0014356465, 52.7443284418 ], [ -2.9936418638, 52.742946632799999 ], [ -2.9947699791, 52.740446966299999 ], [ -2.9983814671, 52.739032163499999 ], [ -2.9967639197, 52.736301925900001 ], [ -2.9908546677, 52.737620955600001 ], [ -2.9885710625, 52.740121235099998 ], [ -2.9890526913, 52.743074900499998 ], [ -2.9869035751, 52.743677151699998 ], [ -2.9908155094, 52.746341500900002 ], [ -2.9996402609, 52.746141574799999 ], [ -3.0087635075, 52.751170585600001 ], [ -3.0149772712, 52.7514232204 ], [ -3.0084309415, 52.758581099399997 ], [ -3.0091719821, 52.762431463399999 ], [ -3.0125395285, 52.765773971900003 ], [ -3.0175286808, 52.768715918200002 ], [ -3.0233217484, 52.767353550800003 ], [ -3.0347663708, 52.768081323099999 ], [ -3.0345985387, 52.771004507100002 ], [ -3.0368533153, 52.7723243131 ], [ -3.042043779, 52.772422663500002 ], [ -3.0445454916, 52.770422877199998 ], [ -3.047887922, 52.771346324600003 ], [ -3.0467971465, 52.772218988299997 ], [ -3.0498647641, 52.775266424599998 ], [ -3.0478307008, 52.7776038075 ], [ -3.0529316084, 52.781334397 ], [ -3.0577111773, 52.781561571200001 ], [ -3.0588965584, 52.7803103878 ], [ -3.0603023495, 52.784469147199999 ], [ -3.0668163043, 52.788905696400001 ], [ -3.068727256, 52.793059810099997 ], [ -3.0742994615, 52.789287659199999 ], [ -3.0765382263, 52.7904720115 ], [ -3.0858705817, 52.788277481800002 ], [ -3.0952415666, 52.789428783600002 ], [ -3.0956892015, 52.790954545300004 ], [ -3.0870312728, 52.801523811300001 ], [ -3.0818919213, 52.802433818499999 ], [ -3.0786763116, 52.804962287499997 ], [ -3.080790421, 52.808260316899997 ], [ -3.0798875034, 52.810138434099997 ], [ -3.0924834393, 52.810733326799998 ], [ -3.0934752692, 52.8088722723 ], [ -3.0953191496, 52.810221729 ], [ -3.0971552746, 52.809116987199999 ], [ -3.0973732244, 52.811074747500001 ], [ -3.1004765359, 52.812349562100003 ], [ -3.0988276964, 52.814036963200003 ], [ -3.0980289057, 52.819429278699999 ], [ -3.1080221344, 52.816765298599996 ], [ -3.1088548328, 52.818582468700001 ], [ -3.1179848393, 52.817004476400001 ], [ -3.1241117338, 52.821549423100002 ], [ -3.1222283835, 52.823904622699999 ], [ -3.1257970315, 52.828761324 ], [ -3.13430498, 52.829453439399998 ], [ -3.1400115949, 52.831987849 ], [ -3.1394065384, 52.8366594154 ], [ -3.1336251893, 52.840966993499997 ], [ -3.1309580412, 52.845739092499997 ], [ -3.1358723438, 52.849701648600004 ], [ -3.1341013381, 52.852929996900002 ], [ -3.1375393956, 52.855529098700003 ], [ -3.123866534, 52.865512206600002 ], [ -3.1261028131, 52.868116047400001 ], [ -3.1265042011, 52.872139855100002 ], [ -3.1244070913, 52.873202383900001 ], [ -3.1340897238, 52.871888185800003 ], [ -3.1370379799, 52.875545304100001 ], [ -3.1489824579, 52.8782890827 ], [ -3.1485674128, 52.880576517100003 ], [ -3.1449515649, 52.882085772099998 ], [ -3.1523051912, 52.885916222399999 ], [ -3.1544971681, 52.8895448014 ], [ -3.1673930277, 52.895423930299998 ], [ -3.1708006474, 52.895552199699999 ], [ -3.1666743157, 52.897444715 ], [ -3.1675058595, 52.899621070400002 ], [ -3.1653375832, 52.9057992181 ], [ -3.1533068683, 52.907970409100002 ], [ -3.1466078841, 52.906441152100001 ], [ -3.1468245662, 52.903499418300001 ], [ -3.138235559, 52.8980083736 ], [ -3.1378120398, 52.894326612599997 ], [ -3.1357509636, 52.892818076099999 ], [ -3.1367595076, 52.891450964599997 ], [ -3.1341929224, 52.889506738500003 ], [ -3.1183780427, 52.8910321802 ], [ -3.1071860334, 52.889491930200002 ], [ -3.098046074, 52.890116186900002 ], [ -3.0903609385, 52.893639074900001 ], [ -3.087569974, 52.892594886600001 ], [ -3.0746518068, 52.9021607233 ], [ -3.0528884721, 52.909628348 ], [ -3.0510701462, 52.9094556696 ], [ -3.0510105208, 52.906993015300003 ], [ -3.0441756626, 52.902252795400003 ], [ -3.0375637583, 52.903047901900003 ], [ -3.0348387739, 52.904743763600003 ], [ -3.0372996634, 52.905504399800002 ], [ -3.0376108392, 52.9075063863 ], [ -3.0348529322, 52.908937896700003 ], [ -3.0311656213, 52.910349327299997 ], [ -3.0244779551, 52.909256521300001 ], [ -3.0224875139, 52.911871694200002 ], [ -3.0234985235, 52.914385603900001 ], [ -3.0189549759, 52.918491488599997 ], [ -3.0197335389, 52.919977093100002 ], [ -3.0077732521, 52.919252120800003 ], [ -3.0082599256, 52.9254745271 ], [ -3.0003052329, 52.924987720499999 ], [ -2.9961847489, 52.927575385 ], [ -2.9912722123, 52.926348963400002 ], [ -2.9904112969, 52.924252567800004 ], [ -2.9850870122, 52.922984353499999 ], [ -2.9846749787, 52.919248077100001 ], [ -2.9763238618, 52.916943747600001 ], [ -2.9779590194, 52.912947880600001 ], [ -2.9754254656, 52.912042780500002 ], [ -2.969092025, 52.914108306800003 ], [ -2.9642899, 52.913500136800003 ], [ -2.9574356811, 52.915587244699999 ], [ -2.9544295286, 52.918200452500002 ], [ -2.9504720759, 52.9181422901 ], [ -2.9497834177, 52.922013336399999 ], [ -2.9453752419, 52.925860098400001 ], [ -2.9455643278, 52.927710452900001 ], [ -2.9357330445, 52.927105093500003 ], [ -2.9309754525, 52.928616769199998 ], [ -2.9221458216, 52.927543962 ], [ -2.9251048523, 52.925390420299998 ], [ -2.9230467881, 52.920947589500003 ], [ -2.9303616566, 52.9180318246 ], [ -2.9303795138, 52.916089928300003 ], [ -2.9199295929, 52.915631947400001 ], [ -2.9155279011, 52.9184707139 ], [ -2.9064018335, 52.920176812100003 ], [ -2.8929654872, 52.915568040799997 ], [ -2.8916740492, 52.915685618099999 ], [ -2.8921391795, 52.918055376399998 ], [ -2.8789414742, 52.918513354799998 ], [ -2.8754152127, 52.916232725199997 ], [ -2.8677947618, 52.9164351298 ], [ -2.8647670349, 52.914751883500003 ], [ -2.8651253305, 52.913328921599998 ], [ -2.8614232051, 52.9126186851 ], [ -2.8606533917, 52.911293809 ], [ -2.8669197575, 52.907868151800002 ], [ -2.8641334052, 52.905335416 ], [ -2.8604928078, 52.906944016600001 ], [ -2.8515690242, 52.904545193799997 ], [ -2.8447855847, 52.905888139399998 ], [ -2.8394512476, 52.902222260400002 ], [ -2.835275478, 52.905083418700002 ], [ -2.8389832872, 52.907241748099999 ], [ -2.8385326764, 52.910085633100003 ], [ -2.8415507434, 52.909291183500002 ], [ -2.8473022439, 52.911156078799998 ], [ -2.8439203953, 52.913391589600003 ], [ -2.845549079, 52.917605098800003 ], [ -2.8431410582, 52.9192043782 ], [ -2.8380608644, 52.919366185 ], [ -2.8368794214, 52.921514027199997 ], [ -2.8267270438, 52.925756267700002 ], [ -2.8257087127, 52.928778802099998 ], [ -2.8203881102, 52.931940061500001 ], [ -2.8156075078, 52.927720937799997 ], [ -2.8074849265, 52.927704514799998 ], [ -2.8044827496, 52.930259928 ], [ -2.7997415298, 52.928889578899998 ], [ -2.7924054189, 52.934476276600002 ], [ -2.7876296063, 52.933663024600001 ], [ -2.7852848967, 52.935638257199997 ], [ -2.7877324297, 52.94096181 ], [ -2.7801374918, 52.940634204699997 ], [ -2.7730374757, 52.944690086100003 ], [ -2.7678899393, 52.944777405 ], [ -2.7674315556, 52.946623185200004 ], [ -2.7610439654, 52.948147557299997 ], [ -2.7585601493, 52.947390348100001 ], [ -2.7593176664, 52.945605595799996 ], [ -2.7553596489, 52.942669313499998 ], [ -2.7547574613, 52.940115122500004 ], [ -2.756228523, 52.938289894299999 ], [ -2.7522957102, 52.934593222700002 ], [ -2.7450823381, 52.935609547600002 ], [ -2.7440451012, 52.934123796599998 ], [ -2.7451200164, 52.932606827599997 ], [ -2.7392644506, 52.929479118099998 ], [ -2.7194181886, 52.927623290600003 ], [ -2.7138381495, 52.928430049299998 ], [ -2.7114349354, 52.926116173600001 ], [ -2.7110832278, 52.933701177499998 ], [ -2.7083835679, 52.936930769500002 ], [ -2.7093939659, 52.940484560599998 ], [ -2.7028171441, 52.946007207199997 ], [ -2.6977603485, 52.948050645899997 ], [ -2.6992851169, 52.952157037299997 ], [ -2.6902767607, 52.956616327600003 ], [ -2.6796142818, 52.9582419499 ], [ -2.6741009964, 52.961725284800004 ], [ -2.6703900389, 52.956658282299998 ], [ -2.6624411753, 52.956666908599999 ], [ -2.6544190922, 52.953798800800001 ], [ -2.6509216992, 52.954824825099998 ], [ -2.6494442268, 52.957547705800003 ], [ -2.6458666396, 52.957216621 ], [ -2.6433963041, 52.954119695899998 ], [ -2.6339812402, 52.952111738799999 ], [ -2.6337343346, 52.954144657400001 ], [ -2.62825805, 52.955261434299999 ], [ -2.628210678, 52.953023351100001 ], [ -2.6253076804, 52.949892380900003 ], [ -2.6176528026, 52.949554870199997 ], [ -2.6068834944, 52.945744936899999 ], [ -2.6003669128, 52.941571016 ], [ -2.5954876088, 52.9414877026 ], [ -2.5940138351, 52.940551195700003 ], [ -2.5941195501, 52.937993485299998 ], [ -2.6002052103, 52.936340007 ], [ -2.6018361436, 52.931639288200003 ], [ -2.6070178557, 52.929833018099998 ], [ -2.6061017135, 52.928147687500001 ], [ -2.5996196705, 52.926274832600001 ], [ -2.603118492, 52.925430091800003 ], [ -2.603504699, 52.923252691499997 ], [ -2.5998127913, 52.9198014782 ], [ -2.5858380993, 52.919143090299997 ], [ -2.5805319718, 52.9160677972 ], [ -2.5774547542, 52.917278391700002 ], [ -2.5676283284, 52.916453791099997 ], [ -2.5661594798, 52.915579840200003 ], [ -2.5660187437, 52.912348815500003 ], [ -2.5583477112, 52.911787334700001 ], [ -2.5584693381, 52.909683239300001 ], [ -2.5620956293, 52.908389632499997 ], [ -2.5604875507, 52.907066798800003 ], [ -2.5367099789, 52.9011826192 ], [ -2.5377550574, 52.896016024700003 ], [ -2.5358464628, 52.898334958900001 ], [ -2.5251089634, 52.899192891200002 ], [ -2.5225967591, 52.8954994204 ], [ -2.5089305526, 52.9016985564 ], [ -2.5038242056, 52.902037550700001 ], [ -2.5002425034, 52.900238294 ], [ -2.4985715578, 52.9029291067 ], [ -2.4875006913, 52.906040461300002 ], [ -2.4855795854, 52.908421533 ], [ -2.4797776852, 52.906809048100001 ], [ -2.4745939792, 52.908663715300001 ], [ -2.4727918369, 52.9070258466 ], [ -2.4703077532, 52.9083032152 ], [ -2.473376791, 52.9115811347 ], [ -2.4716489573, 52.914051100199998 ], [ -2.4658359909, 52.914199897499998 ], [ -2.4620760981, 52.917226027399998 ], [ -2.4636242073, 52.920141538099998 ], [ -2.4721684324, 52.920791065700001 ], [ -2.4723427047, 52.923136597300001 ], [ -2.4697674929, 52.9256997906 ], [ -2.4694030926, 52.9346366483 ], [ -2.4739203413, 52.936839078200002 ], [ -2.4740332595, 52.940362449600002 ], [ -2.4666587155, 52.942297390599997 ], [ -2.4669055731, 52.945874174300002 ], [ -2.4640451661, 52.948366437 ], [ -2.4637719572, 52.950650791699999 ], [ -2.4659444823, 52.953375042899999 ], [ -2.4629957563, 52.9560114517 ], [ -2.4537225409, 52.9581776968 ], [ -2.4542923248, 52.9607015136 ], [ -2.4488386818, 52.9602188422 ], [ -2.4476689626, 52.962272815799999 ], [ -2.4381380775, 52.964933221099997 ], [ -2.4365202843, 52.969865304800003 ], [ -2.4179470993, 52.972413133400003 ], [ -2.4166225112, 52.975582008400004 ], [ -2.409446603, 52.978950960699997 ], [ -2.4016296893, 52.9791663922 ], [ -2.4009038318, 52.982809514800003 ], [ -2.3935342048, 52.981521721500002 ], [ -2.3897487806, 52.977956476700001 ], [ -2.3873346441, 52.979454566699999 ], [ -2.3810940263, 52.979422832899999 ], [ -2.3784578266, 52.981703164199999 ], [ -2.3787140835, 52.983169969599999 ], [ -2.3754772708, 52.984348844099998 ], [ -2.3723379536, 52.9812986162 ], [ -2.3732857597, 52.978944224099997 ], [ -2.370078524, 52.9731112427 ], [ -2.3569108687, 52.972648133900002 ], [ -2.3483927878, 52.968897933299999 ], [ -2.3463747384, 52.966045250400001 ], [ -2.3333600168, 52.9657948316 ], [ -2.3303096731, 52.962126723300003 ], [ -2.3332253082, 52.959898253399999 ], [ -2.3274944031, 52.95799049 ], [ -2.3275967634, 52.955778847300003 ], [ -2.330329833, 52.955016178400001 ], [ -2.3305246378, 52.95323576 ], [ -2.3141731815, 52.952075577899997 ], [ -2.3090523777, 52.9475584188 ], [ -2.3027435542, 52.9458667066 ], [ -2.3046827997, 52.944405483099999 ], [ -2.3057434702, 52.938658601599997 ], [ -2.3098998256, 52.936310610200003 ], [ -2.3226697671, 52.937795787799999 ], [ -2.3243212298, 52.939768934100002 ], [ -2.3280977954, 52.937421342299999 ], [ -2.3374528122, 52.936927682700002 ], [ -2.3392907041, 52.9360235153 ], [ -2.338835366, 52.934874184400002 ], [ -2.3470488476, 52.931254739700002 ], [ -2.3629247315, 52.929751010300002 ], [ -2.3783087, 52.923140786200001 ], [ -2.3794040409, 52.917429061 ], [ -2.3825433352, 52.914200802099998 ], [ -2.3816699739, 52.911273061700001 ], [ -2.3832653895, 52.908400340100002 ], [ -2.375184268, 52.902403280400002 ], [ -2.3716397131, 52.901677301500001 ], [ -2.3721252851, 52.899356523599998 ], [ -2.3690461729, 52.897388474300001 ], [ -2.3603604622, 52.896857817799997 ], [ -2.3608208908, 52.895022587500002 ], [ -2.3541649692, 52.891788479299997 ], [ -2.3577024164, 52.884568387500003 ], [ -2.3625377804, 52.883457011300003 ], [ -2.3703879815, 52.878677360899999 ], [ -2.3605733018, 52.875947860499998 ], [ -2.357084829, 52.870906362299998 ], [ -2.3514996182, 52.870994951500002 ], [ -2.3509648959, 52.867328855099998 ], [ -2.349321495, 52.866165080400002 ], [ -2.3441606255, 52.867240910600003 ], [ -2.3352125004, 52.862681924599997 ], [ -2.3332578937, 52.859595070700003 ], [ -2.3284172719, 52.863689761700002 ], [ -2.3256581108, 52.860209473600001 ], [ -2.32118783, 52.858243986700003 ], [ -2.3175703542, 52.859116708 ], [ -2.3196957326, 52.857304127399999 ], [ -2.3187285783, 52.855032405 ], [ -2.3115618899, 52.8538288795 ], [ -2.3081229297, 52.850529752200003 ], [ -2.2869655779, 52.844200322500001 ], [ -2.274038429, 52.837866371600001 ], [ -2.2690918024, 52.837329319799998 ], [ -2.2695298259, 52.833759538400002 ], [ -2.2761549488, 52.8275145872 ], [ -2.28757303, 52.830534898700002 ], [ -2.2915880221, 52.829446361700001 ], [ -2.2889419038, 52.8243378353 ], [ -2.2934452118, 52.82313118 ], [ -2.2953780515, 52.8192968683 ], [ -2.2901979561, 52.816855530700003 ], [ -2.290866125, 52.814705409 ], [ -2.2892561103, 52.813558693700003 ], [ -2.2806971442, 52.811529660399998 ], [ -2.2796657981, 52.808026198900002 ], [ -2.2827999678, 52.806364699900001 ], [ -2.2819914847, 52.805215970699997 ], [ -2.2933043766, 52.804433410500003 ], [ -2.294942101, 52.803134861 ], [ -2.2890341233, 52.797998426 ], [ -2.2908366258, 52.792519408499999 ], [ -2.2878113488, 52.792508811799998 ], [ -2.2834708998, 52.7886537782 ], [ -2.2779991736, 52.788630776799998 ], [ -2.2759846782, 52.784284556899998 ], [ -2.2660838112, 52.782401414799999 ], [ -2.264491559, 52.781434109700001 ], [ -2.2667692885, 52.780548032399999 ], [ -2.2600122744, 52.776140198900002 ], [ -2.2659456155, 52.771901954100002 ], [ -2.2767849785, 52.770223063300001 ], [ -2.2755128665, 52.765938013800003 ], [ -2.2770421737, 52.764046643500002 ], [ -2.2751960978, 52.762711500800002 ], [ -2.2780146047, 52.758506799800003 ], [ -2.2688802584, 52.752639710700002 ], [ -2.268980717, 52.749708882900002 ], [ -2.2607436131, 52.744747068899997 ], [ -2.2703324206, 52.743107457299999 ], [ -2.2699082212, 52.741580195099999 ], [ -2.2762653268, 52.734985163300003 ], [ -2.2772581382, 52.730407138099999 ], [ -2.276010482, 52.7274704501 ], [ -2.2818132287, 52.722611389500003 ], [ -2.2785593166, 52.718492849599997 ], [ -2.2726770824, 52.715333197200003 ], [ -2.2737992141, 52.710143592900003 ], [ -2.2798212686, 52.707495557900003 ], [ -2.2731590624, 52.702449939600001 ], [ -2.2723731741, 52.699826772500003 ], [ -2.2638056136, 52.697454917100004 ], [ -2.2586049631, 52.693798608 ], [ -2.258863186, 52.689923480399997 ], [ -2.2539816137, 52.6874978719 ], [ -2.2549387089, 52.684187618099998 ], [ -2.2510824985, 52.677273807900001 ], [ -2.238964662, 52.673738969600002 ], [ -2.2397827958, 52.671903420100001 ], [ -2.2367260742, 52.670003757499998 ], [ -2.2388486767, 52.663329142199999 ], [ -2.2374923837, 52.653164513500002 ], [ -2.2347258079, 52.649978682399997 ], [ -2.2294417335, 52.648604625799997 ], [ -2.2304855213, 52.647532821299997 ], [ -2.2294756001, 52.643777058399998 ], [ -2.2375366094, 52.639518023800001 ], [ -2.2356894013, 52.636770857199998 ], [ -2.2370507784, 52.634394847099998 ], [ -2.2356318523, 52.631565911099997 ], [ -2.2404720641, 52.630477406099999 ], [ -2.2406120402, 52.623680867700003 ], [ -2.2442538877, 52.619789830099997 ], [ -2.2457281608, 52.614015344800002 ], [ -2.2495229784, 52.6112745119 ], [ -2.253781528, 52.604532087 ], [ -2.2477106653, 52.606783428100002 ], [ -2.2368156447, 52.607291182399997 ], [ -2.2306450697, 52.610467773700002 ], [ -2.2219066098, 52.599606845399997 ], [ -2.2257754478, 52.593989892099998 ], [ -2.2226277129, 52.590417915400003 ], [ -2.2178453366, 52.590462777900001 ], [ -2.2160935339, 52.588434294499997 ], [ -2.1943621695, 52.590863286500003 ], [ -2.1865730264, 52.588520501399998 ], [ -2.1774594095, 52.590584202300001 ], [ -2.1746041364, 52.592692065100003 ], [ -2.1755387695, 52.593850365100003 ], [ -2.1727254626, 52.595445700799999 ], [ -2.1723232342, 52.598278071400003 ], [ -2.1767957022, 52.6017055684 ], [ -2.1687737861, 52.604351293100002 ], [ -2.1673782465, 52.6101067313 ], [ -2.1573180417, 52.613275948400002 ], [ -2.1534460578, 52.612543875 ], [ -2.1622304709, 52.615759477 ], [ -2.1637444218, 52.617753117200003 ], [ -2.1639855901, 52.619047307899997 ], [ -2.1591738546, 52.6223441303 ], [ -2.1540683108, 52.621505854500001 ], [ -2.1431777482, 52.615784077900003 ], [ -2.1394267651, 52.615941386099998 ], [ -2.1366093235, 52.61234877 ], [ -2.1373942161, 52.608329435400002 ], [ -2.1335475467, 52.605960543800002 ], [ -2.1312340357, 52.607563313599996 ], [ -2.1304603088, 52.610557762299997 ], [ -2.1270084196, 52.611865036799998 ], [ -2.1234847808, 52.608749321799998 ], [ -2.1192462734, 52.608636806699998 ], [ -2.1168126146, 52.609735988300002 ], [ -2.1169961165, 52.612091124599999 ], [ -2.1081976069, 52.613483929700003 ], [ -2.1077390959, 52.619210822500001 ], [ -2.1062038553, 52.619589781599998 ], [ -2.104361659, 52.6151414948 ], [ -2.0969957753, 52.6103022912 ], [ -2.0964589669, 52.607956402399999 ], [ -2.0920109954, 52.606476639199997 ], [ -2.0930236351, 52.603536191300002 ], [ -2.095148378, 52.602851276199999 ], [ -2.0947617582, 52.601593018599999 ], [ -2.0994559483, 52.6011396711 ], [ -2.1007466364, 52.597398829299998 ], [ -2.0987646917, 52.595782342 ], [ -2.1089078177, 52.590253696799998 ], [ -2.1091968555, 52.587772246500002 ], [ -2.1198824547, 52.587739586 ], [ -2.1257805662, 52.585418410599999 ], [ -2.1232333645, 52.582364560499997 ], [ -2.1252007728, 52.580627459600002 ], [ -2.1250526826, 52.578604908899997 ], [ -2.1219348899, 52.577151817299999 ], [ -2.1238628747, 52.575333869300003 ], [ -2.1226168884, 52.573015795400003 ], [ -2.1270375124, 52.5709614461 ], [ -2.1295063982, 52.567614550599998 ], [ -2.1336198699, 52.566701978499999 ], [ -2.1336160376, 52.565443406299998 ], [ -2.1313159636, 52.5609780554 ], [ -2.1249639028, 52.557802539599997 ], [ -2.1252666069, 52.546461043800001 ], [ -2.1211775671, 52.543386756 ], [ -2.1194402664, 52.538938540099998 ], [ -2.1209996817, 52.537678350900002 ], [ -2.1190817598, 52.537221836100002 ], [ -2.1189647017, 52.532106712800001 ], [ -2.1206974292, 52.5296417263 ], [ -2.1071185405, 52.5224898799 ], [ -2.1079401952, 52.520987818599998 ], [ -2.1061980739, 52.519721822500003 ], [ -2.099563902, 52.518684775200001 ], [ -2.0951293659, 52.512485396800002 ], [ -2.0899654736, 52.509235097599998 ], [ -2.0794178892, 52.510267519300001 ], [ -2.0766135759, 52.50750947 ], [ -2.0736977602, 52.5083294107 ], [ -2.0659685407, 52.502454580600002 ], [ -2.0561299985, 52.504149783599999 ], [ -2.0509411862, 52.501491125 ], [ -2.0506737998, 52.499567395900002 ], [ -2.0529107512, 52.497822365499999 ], [ -2.0493883867, 52.496151768300003 ], [ -2.0539649218, 52.492625703400002 ], [ -2.052046423, 52.489408167900002 ], [ -2.0460891556, 52.487828421099998 ], [ -2.045134592, 52.4847901885 ], [ -2.0465917192, 52.484115374 ], [ -2.0476176607, 52.479655945300003 ], [ -2.0468783102, 52.476707534799999 ], [ -2.0445211707, 52.475270056200003 ], [ -2.0449002746, 52.471673924699999 ], [ -2.0342963493, 52.4658340135 ], [ -2.0300826594, 52.460090569599998 ], [ -2.0243869331, 52.459885105 ], [ -2.0223689429, 52.456640140300003 ], [ -2.0236904053, 52.451102041399999 ], [ -2.0169212083, 52.449700778 ], [ -2.0175379637, 52.446644084600003 ], [ -2.0157419968, 52.443929357899997 ], [ -2.0168292356, 52.440171379100001 ], [ -2.0115475952, 52.438463920700002 ], [ -2.0132962328, 52.432332535299999 ], [ -2.0113249981, 52.431056160399997 ], [ -2.0143240323, 52.426956372100001 ], [ -2.0111759744, 52.4235405027 ], [ -2.01402752, 52.419584571599998 ], [ -2.0129088934, 52.4158088792 ], [ -2.0172607957, 52.4155565927 ], [ -2.0196700887, 52.4112589625 ], [ -2.0263441502, 52.410790165599998 ], [ -2.0319283721, 52.407804075100003 ], [ -2.0359563761, 52.408036651499998 ], [ -2.0422887732, 52.404501425200003 ], [ -2.040891685, 52.403809702899999 ], [ -2.0432721691, 52.403089644300003 ], [ -2.0437098701, 52.399817093599999 ], [ -2.0405331526, 52.397561721700001 ], [ -2.0401773843, 52.394226521599997 ], [ -2.0368238183, 52.390667544700001 ], [ -2.0257131245, 52.387667815900002 ], [ -2.0234477174, 52.382759695700003 ], [ -2.0192014525, 52.381852451500002 ], [ -2.0029051725, 52.384712884300001 ], [ -1.9970908712, 52.380802200799998 ], [ -1.9891870274, 52.380981561900001 ], [ -1.9871884311, 52.383103032100003 ], [ -1.9804004383, 52.383929206399998 ], [ -1.9781949319, 52.387399004499997 ], [ -1.9743018048, 52.3863733596 ], [ -1.9712004261, 52.3881886518 ], [ -1.9654706597, 52.3872701397 ], [ -1.9537143613, 52.388920325699999 ], [ -1.9434613791, 52.386057037699999 ], [ -1.9424949041, 52.383827027700001 ], [ -1.9300397628, 52.381446951699999 ], [ -1.9237896985, 52.3765344989 ], [ -1.9189091568, 52.378491107899997 ], [ -1.9121640154, 52.372220188199996 ], [ -1.9122277607, 52.369694009600003 ], [ -1.9102612507, 52.368901405800003 ], [ -1.9102983231, 52.365089617300001 ], [ -1.9050272192, 52.357695613799997 ], [ -1.8989244506, 52.355263225 ], [ -1.9007285429, 52.349529030299998 ], [ -1.896327106, 52.348338559299997 ], [ -1.8954308077, 52.3424402216 ], [ -1.8881045447, 52.337309126900003 ], [ -1.8792806919, 52.333075074299998 ], [ -1.871273019, 52.3313405229 ], [ -1.867452339, 52.328198711399999 ], [ -1.8633810427, 52.330360737900001 ], [ -1.8624335912, 52.333038717699999 ], [ -1.8602929335, 52.332424877800001 ], [ -1.8555216838, 52.3375075963 ], [ -1.8475003762, 52.339781040299997 ], [ -1.8450851862, 52.342097370099999 ], [ -1.8293848876, 52.344512098800003 ], [ -1.8286877482, 52.346372075700003 ], [ -1.8215687294, 52.349867723099997 ], [ -1.8116225878, 52.348108215800004 ], [ -1.8058755396, 52.353079481 ], [ -1.8069788806, 52.355949147700002 ], [ -1.804510554, 52.356313692500002 ], [ -1.7982253867, 52.356500926199999 ], [ -1.7945258464, 52.353204160099999 ], [ -1.7915066072, 52.355212675799997 ], [ -1.7874041257, 52.353407342799997 ], [ -1.7836947375, 52.3493370626 ], [ -1.7743655068, 52.347827269299998 ], [ -1.775049357, 52.346138418 ], [ -1.7617395252, 52.345285264 ], [ -1.752634041, 52.3407894602 ], [ -1.7475590432, 52.340167405199999 ], [ -1.7431329046, 52.341578326799997 ], [ -1.7442294612, 52.3448711124 ], [ -1.7239279757, 52.347252822500003 ], [ -1.7147489566, 52.345594827399999 ], [ -1.7034033801, 52.347544762600002 ], [ -1.6973267429, 52.343106191700002 ], [ -1.6981678149, 52.340303398499998 ], [ -1.6924338892, 52.341691097099996 ], [ -1.6864063575, 52.340956051500001 ], [ -1.6831922967, 52.338843776600001 ], [ -1.6743394641, 52.339179337099999 ], [ -1.6638231388, 52.344022601600003 ], [ -1.6625279046, 52.346410306599999 ], [ -1.6644404353, 52.347800239599998 ], [ -1.6634323794, 52.349091963600003 ], [ -1.6526416207, 52.347280701499997 ], [ -1.6505723236, 52.350932637699998 ], [ -1.6515333306, 52.3538133148 ], [ -1.6468383663, 52.357080807800003 ], [ -1.6467849353, 52.360101351 ], [ -1.640845887, 52.35960881 ], [ -1.6339354525, 52.361968197099998 ], [ -1.6266298034, 52.368058682899999 ], [ -1.6265296145, 52.372975991600001 ], [ -1.6250248023, 52.3737533762 ], [ -1.6259394358, 52.376767978099998 ], [ -1.620527146, 52.380949144299997 ], [ -1.621301619, 52.383154214900003 ], [ -1.6189015557, 52.385474956899998 ], [ -1.6188718313, 52.392343334 ], [ -1.6161805841, 52.394276503500002 ], [ -1.6176650571, 52.395953476199999 ], [ -1.608106034, 52.406647423800003 ], [ -1.6096952872, 52.409790229400002 ], [ -1.6187800912, 52.413236092399998 ], [ -1.627160424, 52.413208855100002 ], [ -1.6316159945, 52.414868 ], [ -1.630865213, 52.420268710899997 ], [ -1.6237995221, 52.424624635100002 ], [ -1.6251735938, 52.429070098899999 ], [ -1.6239532407, 52.434217543899997 ], [ -1.6186912678, 52.437185412300003 ], [ -1.6158803388, 52.442417533799997 ], [ -1.6187466033, 52.444413605800001 ], [ -1.62183664, 52.4512379823 ], [ -1.6248348231, 52.451661065499998 ], [ -1.6284827915, 52.455313540500001 ], [ -1.6229203558, 52.458739138 ], [ -1.6177243443, 52.457140224500002 ], [ -1.6151183241, 52.458965748600001 ], [ -1.6059933446, 52.457353479200002 ], [ -1.6007466708, 52.459817151400003 ], [ -1.5986359182, 52.458875048400003 ], [ -1.5943143704, 52.461503389500002 ], [ -1.5764844541, 52.465243709100001 ], [ -1.5742953225, 52.470926570499998 ], [ -1.576213511, 52.473531572500001 ], [ -1.574582779, 52.477760026699997 ], [ -1.5652851795, 52.481475072 ], [ -1.5715577282, 52.486037915499999 ], [ -1.5718006312, 52.488322257100002 ], [ -1.5635619585, 52.496401160200001 ], [ -1.5638922582, 52.498748766699997 ], [ -1.5612650014, 52.502236168800003 ], [ -1.5607341444, 52.5096868794 ], [ -1.5480727124, 52.510151684299998 ], [ -1.5361847645, 52.505700622399999 ], [ -1.5343463567, 52.504003287800003 ], [ -1.5344331894, 52.501360569299997 ], [ -1.530775948, 52.501723712699999 ], [ -1.5293730528, 52.497880917400003 ], [ -1.5195586079, 52.498280504900002 ], [ -1.5136314145, 52.496116681499998 ], [ -1.5021681311, 52.495134073099997 ], [ -1.4938121232, 52.492959014599997 ], [ -1.4927205143, 52.490545014200002 ], [ -1.4895400985, 52.4904774034 ], [ -1.4890751975, 52.487382825499999 ], [ -1.474726645, 52.485306258900003 ], [ -1.473288355, 52.482432042299997 ], [ -1.4741488046, 52.4794241998 ], [ -1.4704978094, 52.478149316299998 ], [ -1.4673181811, 52.479312748 ], [ -1.4638155181, 52.476752746300001 ], [ -1.4581678715, 52.476259545300003 ], [ -1.4535398677, 52.471905055100002 ], [ -1.4524708252, 52.467890539599999 ], [ -1.4485773667, 52.466119397500002 ], [ -1.4398954023, 52.456630037499998 ], [ -1.4316326038, 52.453731787199999 ], [ -1.4192988243, 52.456135197599998 ], [ -1.4144170049, 52.458053005899998 ], [ -1.4143378731, 52.4595809331 ], [ -1.4092692921, 52.457811659 ], [ -1.3986601207, 52.463089362399998 ], [ -1.392632693, 52.462564125900002 ], [ -1.3827710982, 52.4657405357 ], [ -1.3796950135, 52.465715481399997 ], [ -1.3705318079, 52.460057261400003 ], [ -1.3644906459, 52.464627917900003 ], [ -1.350475525, 52.4687951656 ], [ -1.3407863101, 52.470971142700002 ], [ -1.3273679006, 52.470482093800001 ], [ -1.3190651276, 52.474300370100003 ], [ -1.3162076106, 52.477241628199998 ], [ -1.3096034222, 52.473049865500002 ], [ -1.3117282488, 52.468962738800002 ], [ -1.305369126, 52.467369991399998 ], [ -1.304846836, 52.464724118399999 ], [ -1.2990738329, 52.4639888333 ], [ -1.2965842205, 52.461348934699998 ], [ -1.2882551871, 52.460346173600001 ], [ -1.2754121036, 52.455521415100002 ], [ -1.2713154712, 52.455855865099998 ], [ -1.2695954822, 52.453076283800002 ], [ -1.2621976862, 52.454594678799999 ], [ -1.2544802794, 52.453224728499997 ], [ -1.2410109102, 52.458632123100003 ], [ -1.2393929696, 52.460284919599999 ], [ -1.2397259019, 52.463172909800001 ], [ -1.2332268514, 52.466178649 ], [ -1.2335087512, 52.470288988500002 ], [ -1.2385212804, 52.471570983100001 ], [ -1.2355539495, 52.476298663400001 ], [ -1.2367983915, 52.4775563285 ], [ -1.2313268393, 52.482303685200002 ], [ -1.2313727377, 52.486430466400002 ], [ -1.2282260751, 52.490365638900002 ], [ -1.2132078593, 52.481042867100001 ], [ -1.2106771169, 52.482581315799997 ], [ -1.1934223379, 52.4840112913 ], [ -1.1929562785, 52.485338660799997 ], [ -1.1918612972, 52.48240938 ], [ -1.1910814443, 52.484786450800001 ], [ -1.1834657019, 52.4849139572 ], [ -1.1786294758, 52.4828666899 ], [ -1.1725026792, 52.486060479199999 ], [ -1.1715001959, 52.489253972699998 ], [ -1.1640577859, 52.494955361199999 ], [ -1.1507541093, 52.489754224400002 ], [ -1.1401018166, 52.489964997100003 ], [ -1.1094122021, 52.500742066900003 ], [ -1.1079349373, 52.496577465599998 ], [ -1.103627398, 52.493991700099997 ], [ -1.1036070128, 52.490647182099998 ], [ -1.101106415, 52.489045936499998 ], [ -1.0961738114, 52.488990389599998 ], [ -1.0867108116, 52.492927389800002 ], [ -1.0642337919, 52.4887960995 ], [ -1.0669811235, 52.482848260600001 ], [ -1.0744191102, 52.4785643544 ], [ -1.0653693768, 52.475517465599999 ], [ -1.0620623547, 52.4717873058 ], [ -1.0666590478, 52.468838879300002 ], [ -1.0677142062, 52.466275976699997 ], [ -1.0680628379, 52.463707501400002 ], [ -1.0645279676, 52.461036460899997 ], [ -1.066380993, 52.454146548300002 ], [ -1.0646710735, 52.452892380500003 ], [ -1.0641411327, 52.448734666699998 ], [ -1.0566929816, 52.443353242500002 ], [ -1.0550351831, 52.4362556301 ], [ -1.0528165991, 52.435446736199999 ], [ -1.024394238, 52.440915617100003 ], [ -1.020442801, 52.4393186406 ], [ -1.0196555356, 52.436345300399999 ], [ -1.0123855155, 52.433857425399999 ], [ -1.0052291196, 52.4355056279 ], [ -1.0004210088, 52.434116538200001 ], [ -0.9847404153, 52.434135805399997 ], [ -0.9880518681, 52.430199439299997 ], [ -0.9879310328, 52.425199745299999 ], [ -0.9911213567, 52.420731801400002 ], [ -0.9871853688, 52.419232724099999 ], [ -0.9901003003, 52.416506585800001 ], [ -0.9893475347, 52.413416443400003 ], [ -0.9952147424, 52.412729224700001 ], [ -0.997621399, 52.409036607 ], [ -0.9959998768, 52.406640390100002 ], [ -0.9803474544, 52.404582508799997 ], [ -0.981643184, 52.396825934 ], [ -0.984232178, 52.392883415900002 ], [ -0.9964840574, 52.389185077 ], [ -1.0067813826, 52.383446218800003 ], [ -1.0243944047, 52.376930933799997 ], [ -1.0322872488, 52.378083666 ], [ -1.0385513109, 52.3818747933 ], [ -1.0483992454, 52.380992472800003 ], [ -1.046217127, 52.375212042699999 ], [ -1.0515431977, 52.363846024 ], [ -1.0516184368, 52.360331361699998 ], [ -1.0496049523, 52.358355270899999 ], [ -1.041595558, 52.355944072500002 ], [ -1.0507698622, 52.353329973900003 ], [ -1.0534775281, 52.3502949298 ], [ -1.0613026578, 52.346833073399999 ], [ -1.0651968086, 52.343168855400002 ], [ -1.065732191, 52.340053395200002 ], [ -1.067861355, 52.3393150076 ], [ -1.0708087594, 52.342952385899999 ], [ -1.0773442285, 52.344909564300004 ], [ -1.0776312194, 52.346637972099998 ], [ -1.0932163145, 52.352638317900002 ], [ -1.0990880116, 52.352332590300001 ], [ -1.1074913759, 52.3502566007 ], [ -1.1090169977, 52.345718968900002 ], [ -1.1072590115, 52.342109526900003 ], [ -1.1113810177, 52.339317573 ], [ -1.1316773146, 52.340969852599997 ], [ -1.1465996768, 52.334389664600003 ], [ -1.1473665608, 52.332669036600002 ], [ -1.1623050593, 52.331957720399998 ], [ -1.1645938791, 52.329645419199998 ], [ -1.1753582859, 52.3284264009 ], [ -1.1820053683, 52.324462867599998 ], [ -1.1872041481, 52.324211045 ], [ -1.1899206925, 52.321685407799997 ], [ -1.1978981576, 52.322719780200003 ], [ -1.2072599161, 52.3210298025 ], [ -1.1994280817, 52.315178197500003 ], [ -1.1956431122, 52.3151884555 ], [ -1.1928985636, 52.309613650400003 ], [ -1.1787436522, 52.304085880800002 ], [ -1.1738341022, 52.295223013399998 ], [ -1.1694963264, 52.293520370800003 ], [ -1.1659486001, 52.288802344200001 ], [ -1.1759102959, 52.279737916800002 ], [ -1.1818891524, 52.278233111 ], [ -1.1899291973, 52.272984128799997 ], [ -1.1903639046, 52.270038224799997 ], [ -1.188149945, 52.266085185900003 ], [ -1.1850006771, 52.265218389 ], [ -1.1864397508, 52.261847876300003 ], [ -1.1849784022, 52.258439384 ], [ -1.1895180978, 52.2521233131 ], [ -1.1904364522, 52.245935115400002 ], [ -1.2024224952, 52.2464752108 ], [ -1.2076704784, 52.249872995399997 ], [ -1.2108819998, 52.248491976799997 ], [ -1.2087225745, 52.241428951099998 ], [ -1.2133196445, 52.2406894366 ], [ -1.2138827112, 52.237831238600002 ], [ -1.2185585857, 52.236747448099997 ], [ -1.220382874, 52.231248304700003 ], [ -1.218304659, 52.226190865900001 ], [ -1.2120522627, 52.2245939222 ], [ -1.2226864359, 52.225104965699998 ], [ -1.2231184743, 52.222158907 ], [ -1.2264396291, 52.221425506700001 ], [ -1.2270248603, 52.219757095799999 ], [ -1.2329016378, 52.220208990499998 ], [ -1.2344804098, 52.216928693600003 ], [ -1.2438911886, 52.214400057799999 ], [ -1.2518833175, 52.216105234 ], [ -1.2616125572, 52.214602127799999 ], [ -1.2752579726, 52.2170422023 ], [ -1.2874326492, 52.226412512099998 ], [ -1.2948652785, 52.227634872700001 ], [ -1.2988302602, 52.225941313100002 ], [ -1.301626348, 52.223152843199998 ], [ -1.30128328, 52.220759335499999 ], [ -1.3115449395, 52.216018677900003 ], [ -1.3096328111, 52.212842847399997 ], [ -1.3125285127, 52.209191607900003 ], [ -1.3101224818, 52.207685144 ], [ -1.3074959844, 52.199659192299997 ], [ -1.3136158858, 52.195604234100003 ], [ -1.3141782105, 52.190437915300002 ], [ -1.3200953474, 52.180654465800004 ], [ -1.3261385453, 52.179201622699999 ], [ -1.3422223577, 52.18042922 ], [ -1.3561722874, 52.1765502903 ], [ -1.364432818, 52.173610194600002 ], [ -1.3657259751, 52.169049943300003 ], [ -1.3692701837, 52.166569558900001 ], [ -1.3836172297, 52.165206870399999 ], [ -1.3840501391, 52.163500922399997 ], [ -1.389509294, 52.160922022699999 ], [ -1.3874954387, 52.159598964099999 ], [ -1.3885293141, 52.156691378600001 ], [ -1.4032894339, 52.155858869299998 ], [ -1.4054076276, 52.153756792700001 ], [ -1.4120646982, 52.154365543300003 ], [ -1.4146106163, 52.152148537400002 ], [ -1.419839274, 52.152228302099999 ], [ -1.4203264643, 52.149884156200002 ], [ -1.4261523721, 52.150029507799999 ], [ -1.4229896943, 52.148215970599999 ], [ -1.423036384, 52.1446019853 ], [ -1.4283778796, 52.138298608600003 ], [ -1.4327464043, 52.1371688953 ], [ -1.4335593836, 52.131823379700002 ], [ -1.4440792526, 52.131720590299999 ], [ -1.4470000373, 52.128263945299999 ], [ -1.446525214, 52.126499561099997 ], [ -1.4519861055, 52.121921863 ], [ -1.460397592, 52.122050539900002 ], [ -1.4623041487, 52.118975466599998 ], [ -1.4613884335, 52.117397933 ], [ -1.4739647299, 52.111035381900003 ], [ -1.471383708, 52.108263708700001 ], [ -1.4792651849, 52.104783445599999 ], [ -1.484445715, 52.098674592899997 ], [ -1.4831098622, 52.095524402199999 ], [ -1.4842072402, 52.094034383 ], [ -1.4814039345, 52.091576637 ], [ -1.483912136, 52.086714708099997 ], [ -1.4864886767, 52.086024683200002 ], [ -1.4822441514, 52.0820322581 ], [ -1.4849849828, 52.079724668499999 ], [ -1.4847984746, 52.073106724600002 ], [ -1.4901518724, 52.071925240200002 ], [ -1.4951200219, 52.0686560284 ], [ -1.4989144844, 52.071135655699997 ], [ -1.5042756967, 52.070510985 ], [ -1.5023489143, 52.0692891299 ], [ -1.5030947221, 52.065183537300001 ], [ -1.4986629739, 52.062323725500001 ], [ -1.4986161061, 52.0586912897 ], [ -1.4969747556, 52.056787264100002 ], [ -1.4978258155, 52.0537250653 ], [ -1.486482522, 52.053478415299999 ], [ -1.4827378729, 52.049398249600003 ], [ -1.4821665783, 52.045835421 ], [ -1.4764695491, 52.043032130599997 ], [ -1.4720539969, 52.042787672899998 ], [ -1.4656557763, 52.038910817900003 ], [ -1.4672930159, 52.033631676699997 ], [ -1.4613544924, 52.030457933500003 ], [ -1.4538566403, 52.0309269173 ], [ -1.4518898308, 52.027267545100003 ], [ -1.441495177, 52.023964100400001 ], [ -1.4386322767, 52.0186549242 ], [ -1.4405569654, 52.012388531399999 ], [ -1.4624086137, 52.010611151399999 ], [ -1.4674984088, 52.0126481896 ], [ -1.4799375142, 52.012991434500002 ], [ -1.4858386258, 52.009169275600001 ], [ -1.4907380307, 52.010242465499999 ], [ -1.4923857793, 52.008676189500001 ], [ -1.5104191581, 52.006289004499997 ], [ -1.520311373, 52.003528193599998 ], [ -1.5222087663, 51.997715225 ], [ -1.5268826613, 51.995099798600002 ], [ -1.533405325, 51.986908229800001 ], [ -1.5425275024, 51.9805605341 ], [ -1.5932249079, 51.9725378276 ], [ -1.5939351791, 51.976091653399997 ], [ -1.5975050763, 51.978998931500001 ], [ -1.6100255639, 51.977386723199999 ], [ -1.6182278171, 51.978438526799998 ], [ -1.6279611563, 51.975736458199997 ], [ -1.6467037372, 51.978671178 ], [ -1.6461254406, 51.981852174099998 ], [ -1.6433987453, 51.984181554099997 ], [ -1.6474731821, 51.991943839500003 ], [ -1.644612962, 51.992672492200001 ], [ -1.6434828802, 51.995600062500003 ], [ -1.6542073707, 51.993078638599997 ], [ -1.65910626, 51.996203703299997 ], [ -1.6602635959, 51.995316961199997 ], [ -1.6581864463, 51.992667678700002 ], [ -1.6604264124, 51.9911187537 ], [ -1.6687386452, 51.995529886299998 ], [ -1.6676080673, 51.998727405399997 ], [ -1.6716188822, 52.0020022649 ], [ -1.6801629481, 52.000883946499997 ], [ -1.6852053085, 52.002623736700002 ], [ -1.6907367495, 52.001091971599998 ], [ -1.6988085598, 52.002338830299998 ], [ -1.7029242983, 52.006194074699998 ], [ -1.708321085, 52.005182607099997 ], [ -1.7245914628, 52.007865000199999 ], [ -1.7308698265, 52.007996360299998 ], [ -1.7448596287, 52.002587173 ], [ -1.7537916458, 51.994880186099998 ], [ -1.7551634653, 51.9905623752 ], [ -1.7675667104, 51.982990292 ], [ -1.7738038206, 51.9906355671 ], [ -1.7861241557, 51.994579775200002 ], [ -1.7863108397, 52.000386847199998 ], [ -1.78886286, 52.002863887300002 ], [ -1.7927657213, 52.015736492499997 ], [ -1.8035083523, 52.018236302399998 ], [ -1.808590291, 52.022524217899999 ], [ -1.8332214824, 52.025897123599997 ], [ -1.8359581232, 52.022817177299999 ], [ -1.8335508257, 52.019604137199998 ], [ -1.833606213, 52.012519560900003 ], [ -1.8373680867, 52.007741743899999 ], [ -1.8464747723, 52.007349377399997 ], [ -1.8585621623, 51.9995066149 ], [ -1.8793366157, 51.998235018899997 ], [ -1.8803387166, 51.993857565699997 ], [ -1.876650166, 51.989942809799999 ], [ -1.8800910127, 51.988435915 ], [ -1.883626439, 51.984051982099999 ], [ -1.8883750527, 51.983346300400001 ], [ -1.8889678357, 51.97914819 ], [ -1.8855318396, 51.979144908400002 ], [ -1.8845047006, 51.976599515499998 ], [ -1.8995010064, 51.9695914817 ], [ -1.9007870619, 51.967272956899997 ], [ -1.8993053787, 51.965941071899998 ], [ -1.9071052465, 51.966738651199996 ], [ -1.9070876662, 51.961146389600003 ], [ -1.9030830669, 51.955487982299999 ], [ -1.9040830819, 51.950552866700001 ], [ -1.9132690082, 51.948042553800001 ], [ -1.9282108856, 51.948178449099998 ], [ -1.9280698636, 51.945373240899997 ], [ -1.9230436208, 51.940973581400002 ], [ -1.9244412591, 51.936156312800001 ], [ -1.9226216402, 51.932557923600001 ], [ -1.9228384443, 51.924843954499998 ], [ -1.9198470425, 51.9224773786 ], [ -1.9200254516, 51.920265758699998 ], [ -1.924929764, 51.917742541599999 ], [ -1.9510443704, 51.912110017300002 ], [ -1.9593763525, 51.914801426300002 ], [ -1.9597817711, 51.916671656 ], [ -1.9680966793, 51.918760054899998 ], [ -1.9659700658, 51.923830283800001 ], [ -1.9721471858, 51.928704911099999 ], [ -1.9804521589, 51.926566752799999 ], [ -1.9861538535, 51.922899298300003 ], [ -1.9923774895, 51.922702054 ], [ -1.9989792056, 51.918422653100002 ], [ -2.006409216, 51.919986868700001 ], [ -2.0107561822, 51.917738837400002 ], [ -2.0131388122, 51.9115529026 ], [ -2.0094595326, 51.905529405 ], [ -2.0122633048, 51.899837936099999 ], [ -2.0119125349, 51.892582354200002 ], [ -2.000839594, 51.890245354299999 ], [ -1.9874737858, 51.8816674316 ], [ -1.9871845187, 51.877037098199999 ], [ -1.9906423242, 51.874367123399999 ], [ -1.9905267485, 51.8712922303 ], [ -1.9967872971, 51.8636839662 ], [ -2.017801619, 51.8660405205 ], [ -2.0289236767, 51.8623340352 ], [ -2.0353863258, 51.863015563200001 ], [ -2.0359787723, 51.859347091899998 ], [ -2.0382867842, 51.858447267199999 ], [ -2.0529647122, 51.857443550699998 ], [ -2.0591832563, 51.859733255599998 ], [ -2.0593637098, 51.864426417799997 ], [ -2.0745834554, 51.864669465600002 ], [ -2.075883695, 51.860658686800001 ], [ -2.0740231652, 51.859545003299999 ], [ -2.072401694, 51.853540084 ], [ -2.0780674103, 51.855496468600002 ], [ -2.086506199, 51.852118952 ], [ -2.0941802519, 51.853713411599998 ], [ -2.0954957149, 51.851024076400002 ], [ -2.1009751421, 51.847297244099998 ], [ -2.1015663734, 51.845525505600001 ], [ -2.0923070112, 51.839428323200003 ], [ -2.0941865211, 51.83592036 ], [ -2.1026884767, 51.834726420700001 ], [ -2.1038582614, 51.832216900699997 ], [ -2.1018050317, 51.829116834399997 ], [ -2.0968694146, 51.8282309087 ], [ -2.0880531719, 51.831411666900003 ], [ -2.0761476974, 51.82791353 ], [ -2.0745767774, 51.825630835699997 ], [ -2.0761969711, 51.822734702600002 ], [ -2.0678489591, 51.819143445 ], [ -2.0562401087, 51.816964773899997 ], [ -2.0589780799, 51.814059354900003 ], [ -2.0618380978, 51.805192765500003 ], [ -2.0526113754, 51.802913563 ], [ -2.0523174975, 51.799622988700001 ], [ -2.0542873273, 51.7976620524 ], [ -2.0511354518, 51.793051070099999 ], [ -2.0588270423, 51.787302210599996 ], [ -2.0721644371, 51.787114930900003 ], [ -2.0735491456, 51.782798377100001 ], [ -2.0624389241, 51.7782913287 ], [ -2.061739536, 51.7756303524 ], [ -2.0665698205, 51.768434868200004 ], [ -2.0574861096, 51.758981088 ], [ -2.0579166368, 51.755771064400001 ], [ -2.0522933917, 51.753930543400003 ], [ -2.0508424997, 51.751971128900003 ], [ -2.068452274, 51.729304595800002 ], [ -2.0784520518, 51.726331255700003 ], [ -2.090683332, 51.725027705499997 ], [ -2.1008060634, 51.719840548100002 ], [ -2.1088811374, 51.718808336800002 ], [ -2.1226491324, 51.714101370199998 ], [ -2.1215627626, 51.708411108200004 ], [ -2.1241944422, 51.6970345378 ], [ -2.1233749151, 51.693627750600001 ], [ -2.1297146547, 51.6895928486 ], [ -2.1254463182, 51.687979094900001 ], [ -2.1254862585, 51.682854077899997 ], [ -2.1227912852, 51.681139614899998 ], [ -2.1241238581, 51.671283859600003 ], [ -2.1191138031, 51.668717573099997 ], [ -2.112906151, 51.661117151399999 ], [ -2.1300202078, 51.649896342399998 ], [ -2.1294830412, 51.643998682 ], [ -2.1311536685, 51.642000767200003 ], [ -2.1164681431, 51.640757507799997 ], [ -2.1109124402, 51.638047540499997 ], [ -2.1117401424, 51.633829854 ], [ -2.1094478461, 51.629920818099997 ], [ -2.1021011176, 51.626582700299998 ], [ -2.1013415611, 51.622842989799999 ], [ -2.0956191048, 51.6217868313 ], [ -2.0939655969, 51.618497361 ], [ -2.0873104892, 51.612766071800003 ], [ -2.077400217, 51.610902856700001 ], [ -2.065018368, 51.616988505899997 ], [ -2.0485257085, 51.618327227599998 ], [ -2.0437569426, 51.615865500600002 ], [ -2.046441661, 51.614264014299998 ], [ -2.0481120541, 51.609641813899998 ], [ -2.04078015, 51.610696587500001 ], [ -2.0337961665, 51.608037397899999 ], [ -2.0247167701, 51.609352410200003 ], [ -2.020557067, 51.605531919900002 ], [ -1.9992732615, 51.599833277899997 ], [ -1.9931521206, 51.596704117599998 ], [ -1.9804621704, 51.596963455599997 ], [ -1.9823687906, 51.594329310100001 ], [ -1.979987619, 51.592566635 ], [ -1.9713842127, 51.592403028699998 ], [ -1.9720977703, 51.5822160102 ], [ -1.9526134616, 51.583108939100001 ], [ -1.9464550154, 51.579482808199998 ], [ -1.9451027241, 51.575939596700003 ], [ -1.9406332052, 51.572988268400003 ], [ -1.9272722204, 51.572693056799999 ], [ -1.9221756238, 51.574524035400003 ], [ -1.9163097206, 51.570707678600002 ], [ -1.9112876341, 51.571207517399998 ], [ -1.9061580911, 51.567624978700003 ], [ -1.8901833592, 51.563187402399997 ], [ -1.8870432733, 51.561242292899998 ], [ -1.8886270209, 51.556577278500001 ], [ -1.8913579425, 51.554565762800003 ], [ -1.891596967, 51.551086317 ], [ -1.8854567805, 51.5496059102 ], [ -1.8831449389, 51.545665405299999 ], [ -1.8749949753, 51.546520198800003 ], [ -1.8693106854, 51.542342008799999 ], [ -1.8621084205, 51.544635581500003 ], [ -1.8599348445, 51.543383194599997 ], [ -1.8594795381, 51.536684064900001 ], [ -1.8532467973, 51.538016169599999 ], [ -1.8505126205, 51.536403261300002 ], [ -1.8448982895, 51.538131329700001 ], [ -1.8426985342, 51.536321132200001 ], [ -1.8422077444, 51.528138279700002 ], [ -1.8470973693, 51.527263582800003 ], [ -1.8418409788, 51.525817997799997 ], [ -1.8349611802, 51.518986169 ], [ -1.8345169623, 51.514307847600001 ], [ -1.8368462932, 51.5117125871 ], [ -1.8459707787, 51.506527839699999 ], [ -1.8552509455, 51.506126029800001 ], [ -1.8559790999, 51.503663263599996 ], [ -1.8543515492, 51.498985694300004 ], [ -1.8639889351, 51.494177812799997 ], [ -1.8771385232, 51.489390843 ], [ -1.8953929085, 51.486773985799999 ], [ -1.9145774111, 51.478454381699997 ], [ -1.9221535449, 51.477236794100001 ], [ -1.9239468547, 51.472508435400002 ], [ -1.929107415, 51.468456485499999 ], [ -1.9292888231, 51.462836895599999 ], [ -1.9317242664, 51.460995059299997 ], [ -1.9277120583, 51.458627903699998 ], [ -1.9264489776, 51.456433187499997 ], [ -1.9273163646, 51.454006012100002 ], [ -1.9353279222, 51.447051233400003 ], [ -1.9354920408, 51.442924190299998 ], [ -1.9294957269, 51.440573967200002 ], [ -1.9280057428, 51.4365448462 ], [ -1.9225302191, 51.433214488799997 ], [ -1.9228355673, 51.431272510399999 ], [ -1.9188393556, 51.429750245100003 ], [ -1.9207146003, 51.426667413399997 ], [ -1.9275900484, 51.426456048299997 ], [ -1.9304707821, 51.4237243452 ], [ -1.9246401769, 51.418505634600002 ], [ -1.9306592805, 51.413168328499999 ], [ -1.9360125832, 51.410024300400003 ], [ -1.9590810604, 51.402823300199998 ], [ -1.9582772706, 51.401447301499999 ], [ -1.9642856533, 51.402015744499998 ], [ -1.969031565, 51.3989599338 ], [ -1.9705294447, 51.394338622100001 ], [ -1.9828771675, 51.390627505499999 ], [ -1.9875762036, 51.3926512042 ], [ -1.9905091094, 51.388011789099998 ], [ -1.9950504875, 51.386501463400002 ], [ -1.998226374, 51.387553558199997 ], [ -1.9968036779, 51.386645386600001 ], [ -1.9972924569, 51.3832465574 ], [ -1.992493426, 51.380890547900002 ], [ -1.9924941751, 51.376142956 ], [ -1.9830693409, 51.375926194900003 ], [ -1.9810013812, 51.373686959899999 ], [ -1.9810032635, 51.3690742374 ], [ -1.9828136254, 51.368076437799999 ], [ -1.9804878337, 51.364991936 ], [ -1.9884030396, 51.361845882700003 ], [ -1.9787975024, 51.354920964400002 ], [ -1.9626854996, 51.354179658900001 ], [ -1.9627511791, 51.343947128099998 ], [ -1.9507249902, 51.339141141699997 ], [ -1.9500712751, 51.332990531500002 ], [ -1.9385351004, 51.329802001799997 ], [ -1.9322560393, 51.324727216299998 ], [ -1.9332355075, 51.322246056799997 ], [ -1.9362220281, 51.321060804600002 ], [ -1.9379088981, 51.315172113599999 ], [ -1.9287191394, 51.310356313600003 ], [ -1.9295812017, 51.309529591299999 ], [ -1.9284058824, 51.308827524100003 ], [ -1.9293820655, 51.299054051900001 ], [ -1.9356085319, 51.297924673799997 ], [ -1.943151389, 51.2991514319 ], [ -1.9510316864, 51.293553106700003 ], [ -1.9595316715, 51.282280625399999 ], [ -1.9787216962, 51.269445336700002 ], [ -1.9816195506, 51.263349363800003 ], [ -1.9856333121, 51.260778252199998 ], [ -1.9947192228, 51.261732128299997 ], [ -2.008133065, 51.259052368 ], [ -2.0138787496, 51.2560125734 ], [ -2.0271762786, 51.255102025799999 ], [ -2.0429592296, 51.261742240099998 ], [ -2.0496669005, 51.262207146800002 ], [ -2.0552611353, 51.266250950200003 ], [ -2.0564685128, 51.269019853099998 ], [ -2.0613025458, 51.271634020500002 ], [ -2.0711421715, 51.275575849699997 ], [ -2.0782964934, 51.276002875 ], [ -2.0810914625, 51.2756682594 ], [ -2.0889777855, 51.269107489 ], [ -2.1034261966, 51.269059617300002 ], [ -2.1052958054, 51.2592568504 ], [ -2.1078701518, 51.2570425081 ], [ -2.1283895899, 51.256590148100003 ], [ -2.1328119255, 51.259606463899999 ], [ -2.1425443106, 51.260143489 ], [ -2.1462655132, 51.258610277599999 ], [ -2.1476417702, 51.254319446099998 ], [ -2.1428743133, 51.251052338199997 ], [ -2.1431826512, 51.248839964200002 ], [ -2.1402539224, 51.246901274800003 ], [ -2.1410029178, 51.243528424600001 ], [ -2.138940805, 51.239052944100003 ], [ -2.1393160697, 51.235239932100001 ], [ -2.1541688906, 51.230833249 ], [ -2.1669307053, 51.231094463700003 ], [ -2.1723976045, 51.233820060200003 ], [ -2.1790696561, 51.233198579800003 ], [ -2.201427733, 51.226723993699999 ], [ -2.2046529539, 51.230638857800002 ], [ -2.2146729292, 51.229487908 ], [ -2.2193666498, 51.231700182499999 ], [ -2.2244892792, 51.227796977 ], [ -2.2241097215, 51.2263140417 ], [ -2.2268578547, 51.223116615199999 ], [ -2.2253771929, 51.221941539200003 ], [ -2.2274273846, 51.219554712399997 ], [ -2.2247697515, 51.214830105 ], [ -2.2254577219, 51.2091279005 ], [ -2.2330754485, 51.203861670400002 ], [ -2.2326759963, 51.1984493175 ], [ -2.2387760334, 51.193527410599998 ], [ -2.2386809638, 51.191747197600002 ], [ -2.2431362117, 51.189957607 ], [ -2.2490042212, 51.190179044399997 ], [ -2.2553246326, 51.184221719500002 ], [ -2.2558570003, 51.182179377600001 ], [ -2.246873771, 51.177109238500002 ], [ -2.246986861, 51.171506993 ], [ -2.2491947235, 51.169802819799997 ], [ -2.2467079301, 51.167488161599998 ], [ -2.2519316445, 51.165480792899999 ], [ -2.2565415399, 51.166333996200002 ], [ -2.2470961135, 51.159844139400001 ], [ -2.2494141534, 51.154812680500001 ], [ -2.2483720653, 51.152467983599998 ], [ -2.2514243042, 51.151094669099997 ], [ -2.2760491639, 51.151920311200001 ], [ -2.279045436, 51.153252997599999 ], [ -2.2866857317, 51.149484838900001 ], [ -2.3003173662, 51.150529648 ], [ -2.3038792809, 51.144297952300001 ], [ -2.3106994568, 51.142373706199997 ], [ -2.3129661062, 51.1393463303 ], [ -2.3209156091, 51.1396664691 ], [ -2.3245967054, 51.142785536 ], [ -2.3307009305, 51.144836593500003 ], [ -2.3297697581, 51.142555244900002 ], [ -2.3329930087, 51.137564508700002 ], [ -2.3401326771, 51.136626757899997 ], [ -2.3457985339, 51.131673478899998 ], [ -2.3500723846, 51.131777660700003 ], [ -2.3536388254, 51.134680352899998 ], [ -2.3582410977, 51.134702304699999 ], [ -2.3651964256, 51.139500524200002 ], [ -2.3744350378, 51.140100736800001 ], [ -2.3788759172, 51.137802441799998 ], [ -2.3827166619, 51.139030833600003 ], [ -2.3851601332, 51.140659362699999 ], [ -2.3846494253, 51.144563598200001 ], [ -2.3897138141, 51.148413406099998 ], [ -2.3986195327, 51.146638917 ], [ -2.4063350144, 51.149399888799998 ], [ -2.4145933659, 51.15519774 ], [ -2.4152316835, 51.159403750800003 ], [ -2.418853067, 51.161369081 ], [ -2.4250913567, 51.161724230099999 ], [ -2.4314305841, 51.166754533300001 ], [ -2.4302165427, 51.168467493800001 ], [ -2.4342966246, 51.170394687700004 ], [ -2.4410375909, 51.169326378599997 ], [ -2.4455488564, 51.174380778600003 ], [ -2.4524215686, 51.177969181500004 ], [ -2.4538448471, 51.180139734699999 ], [ -2.4524889308, 51.181925408799998 ], [ -2.463099917, 51.187162178900003 ], [ -2.4654224062, 51.184770075 ], [ -2.4774465446, 51.179775987799999 ], [ -2.4883646704, 51.177303050900001 ], [ -2.4995583178, 51.179251997199998 ], [ -2.5053872792, 51.183758933599997 ], [ -2.5042107331, 51.186074962900001 ], [ -2.5050345652, 51.190756250299998 ], [ -2.4974719777, 51.195410558200003 ], [ -2.5037142846, 51.198279264900002 ], [ -2.5049249848, 51.201673021 ], [ -2.5087089921, 51.202160175499998 ], [ -2.5067161405, 51.209677131100001 ], [ -2.5186009598, 51.211216632 ], [ -2.5292051318, 51.2158629535 ], [ -2.5557739259, 51.2202537143 ], [ -2.5608334241, 51.223017082699997 ], [ -2.5617603941, 51.2262317645 ], [ -2.5666304278, 51.227476136600004 ], [ -2.5701707803, 51.2323595724 ], [ -2.5827436223, 51.234437712 ], [ -2.5855047608, 51.236438128300001 ], [ -2.6082406486, 51.236735769699997 ], [ -2.6160269972, 51.238439475900002 ], [ -2.6274723471, 51.236337463799998 ], [ -2.6323932188, 51.241085723499999 ], [ -2.6339746533, 51.245663074500001 ], [ -2.6329204724, 51.248186534 ], [ -2.6267068956, 51.250629826100003 ], [ -2.6328191654, 51.255416622200002 ], [ -2.6306472308, 51.255868953700002 ], [ -2.6290014737, 51.259177859300003 ], [ -2.6355968093, 51.261480130400003 ], [ -2.6403328209, 51.266076173800002 ], [ -2.6391410684, 51.269023054199998 ], [ -2.6431563119, 51.2753044054 ], [ -2.6415152112, 51.277903088499997 ], [ -2.6507435122, 51.280621656699999 ], [ -2.6540004811, 51.279776245199997 ], [ -2.6628554057, 51.281380946299997 ], [ -2.665868012, 51.287442390599999 ], [ -2.6722981024, 51.288826358500003 ], [ -2.6779230475, 51.293937295200003 ], [ -2.6824818689, 51.295745155600002 ], [ -2.6830152637, 51.300759532599997 ], [ -2.6951038705, 51.308133676799997 ], [ -2.7076774253, 51.3132017155 ], [ -2.7157574597, 51.313341414600004 ], [ -2.7218306297, 51.308115805500002 ], [ -2.7412398794, 51.312490483700003 ], [ -2.7568466594, 51.310538295299999 ], [ -2.7582669388, 51.300961686100003 ], [ -2.7732544266, 51.302545131599999 ], [ -2.7742161371, 51.306845927200001 ], [ -2.7804760276, 51.309681783099997 ], [ -2.7908319669, 51.309540351400003 ], [ -2.799383441, 51.316190263800003 ], [ -2.8257419499, 51.319370319400001 ], [ -2.8277300836, 51.322197735800003 ], [ -2.8356946841, 51.322195111900001 ], [ -2.8437975389, 51.3265970044 ], [ -2.8488407633, 51.3269022466 ], [ -2.8633255319, 51.323262506299997 ], [ -2.8658177896, 51.324529954 ], [ -2.8838377537, 51.324242445 ], [ -2.8848969148, 51.329314916400001 ], [ -2.8928220868, 51.3294345961 ], [ -2.8935899156, 51.334967787499998 ], [ -2.8897988228, 51.340823440299999 ], [ -2.8938152301, 51.343598341099998 ], [ -2.8944927377, 51.347423735500001 ], [ -2.8985235954, 51.349425057099999 ], [ -2.8976265824, 51.351284274699999 ], [ -2.9043351285, 51.352869197799997 ], [ -2.9032086218, 51.356924260600003 ], [ -2.9082748701, 51.3545741541 ], [ -2.9131515945, 51.357161878299998 ], [ -2.9097582278, 51.359858889500003 ], [ -2.9105327623, 51.364151011300002 ], [ -2.9072816108, 51.366082527099998 ], [ -2.9079720229, 51.368307172500003 ], [ -2.915336296, 51.367332679299999 ], [ -2.9201701471, 51.364111662900001 ], [ -2.9228910189, 51.365843681800001 ], [ -2.9224748043, 51.369434738300001 ], [ -2.9332630646, 51.369421214299997 ], [ -2.9368652169, 51.365022379199999 ], [ -2.9505987069, 51.3630054331 ], [ -2.9552625298, 51.360036112499998 ], [ -2.9635096677, 51.359491974100003 ], [ -2.9630169733, 51.361339388300003 ], [ -2.9664354628, 51.364375219800003 ], [ -2.9632730087, 51.370121039700003 ], [ -2.9622089546, 51.3806031461 ], [ -2.9602001678, 51.383230908800002 ], [ -2.9489725186, 51.385084814599999 ], [ -2.9488029821, 51.386614812799998 ], [ -2.94061882, 51.388371289299997 ], [ -2.936583789, 51.392054328199997 ], [ -2.9311293068, 51.389527419099998 ], [ -2.9324467447, 51.393579982600002 ] ], [ [ -2.7037129435, 51.506148103900003 ], [ -2.7038969032, 51.505918521200002 ], [ -2.7037814575, 51.505919214199999 ], [ -2.7037129435, 51.506148103900003 ] ] ], [ [ [ -3.0792908578, 52.595308872700002 ], [ -3.0744151794, 52.595155431599999 ], [ -3.0756519564, 52.593813653200002 ], [ -3.0727164702, 52.592096186799999 ], [ -3.0724665857, 52.587909016899999 ], [ -3.0742820224, 52.587299204499999 ], [ -3.0740578948, 52.5853773336 ], [ -3.078253619, 52.584332291599999 ], [ -3.0861660961, 52.577220617599998 ], [ -3.0856912709, 52.5759213897 ], [ -3.0787500241, 52.575697157900002 ], [ -3.0762925763, 52.574173207 ], [ -3.0755247222, 52.557269546 ], [ -3.0724624296, 52.556299415300003 ], [ -3.0736448128, 52.5503551268 ], [ -3.0757756296, 52.548232056099998 ], [ -3.0940464346, 52.548172451799999 ], [ -3.1064060096, 52.552318948200003 ], [ -3.1109763834, 52.549911689299996 ], [ -3.1164812585, 52.550642042299998 ], [ -3.1176166962, 52.552375442600002 ], [ -3.1227181736, 52.552309179200002 ], [ -3.1234863849, 52.556976841699999 ], [ -3.1289396345, 52.559100604 ], [ -3.1177986716, 52.56997669 ], [ -3.1159321631, 52.575496339799997 ], [ -3.1135122758, 52.576669878899999 ], [ -3.1113706646, 52.580681673699999 ], [ -3.1055329877, 52.582120828500003 ], [ -3.1002731464, 52.588966442100002 ], [ -3.0928577757, 52.592316550600003 ], [ -3.0939887243, 52.5950481211 ], [ -3.100229331, 52.5966444958 ], [ -3.0852233802, 52.598796785899999 ], [ -3.0792908578, 52.595308872700002 ] ] ] ] } },
{ "type": "Feature", "properties": { "river_basin_district": "Thames" }, "geometry": { "type": "MultiPolygon", "coordinates": [ [ [ [ -1.5753684454, 51.331135387499998 ], [ -1.573686317, 51.329888415900001 ], [ -1.5736251003, 51.319898316299998 ], [ -1.5835895058, 51.314062498699997 ], [ -1.595312545, 51.318869216499998 ], [ -1.6051558066, 51.3189207737 ], [ -1.6203343214, 51.329743073499998 ], [ -1.6287472877, 51.333025039399999 ], [ -1.6336736331, 51.338057938399999 ], [ -1.6417745504, 51.3371298466 ], [ -1.6486594939, 51.341970259699998 ], [ -1.6539377391, 51.342633364299999 ], [ -1.6558458967, 51.3454859422 ], [ -1.6648448124, 51.3451737356 ], [ -1.6680901085, 51.355046904200002 ], [ -1.6710416608, 51.355990360600003 ], [ -1.6727467018, 51.358557770700003 ], [ -1.6609630991, 51.367284697400002 ], [ -1.660192684, 51.372405245400003 ], [ -1.6721975319, 51.375145926199998 ], [ -1.675619128, 51.378895981100001 ], [ -1.6850033937, 51.380719896800002 ], [ -1.6912582869, 51.377913141800001 ], [ -1.6985062786, 51.381285892900003 ], [ -1.7017092598, 51.379270955499997 ], [ -1.7074529109, 51.378664996399998 ], [ -1.7216453574, 51.380434928699998 ], [ -1.7366915815, 51.380038068200001 ], [ -1.7450504539, 51.378096349 ], [ -1.746617639, 51.375294342499998 ], [ -1.7456789832, 51.373565909200003 ], [ -1.7473916374, 51.373012125800003 ], [ -1.7625421152, 51.376946159 ], [ -1.7792777616, 51.374488135500002 ], [ -1.7905613482, 51.379535173 ], [ -1.8009064657, 51.379553182199999 ], [ -1.8071588034, 51.375625274900003 ], [ -1.8212000161, 51.374453901099997 ], [ -1.8282218694, 51.371539812899996 ], [ -1.8442083896, 51.3723174219 ], [ -1.8506331416, 51.375778572400002 ], [ -1.852404327, 51.378999826799998 ], [ -1.8588349395, 51.381057832499998 ], [ -1.8835342335, 51.381318709699997 ], [ -1.8864896873, 51.383155899499997 ], [ -1.8940070049, 51.382245774600001 ], [ -1.8983987174, 51.384623449199999 ], [ -1.9103829539, 51.384759082400002 ], [ -1.9136566993, 51.386146245699997 ], [ -1.9209026685, 51.384227132299998 ], [ -1.9280517875, 51.388727543599998 ], [ -1.9275320761, 51.390219836199996 ], [ -1.9327461202, 51.392183108499999 ], [ -1.9432204674, 51.391121160600001 ], [ -1.9537398817, 51.384681927599999 ], [ -1.9696039208, 51.381066731 ], [ -1.9838596316, 51.375773435699998 ], [ -1.9924941751, 51.376142956 ], [ -1.992493426, 51.380890547900002 ], [ -1.9972924569, 51.3832465574 ], [ -1.9968036779, 51.386645386600001 ], [ -1.998226374, 51.387553558199997 ], [ -1.9950504875, 51.386501463400002 ], [ -1.9905091094, 51.388011789099998 ], [ -1.9875762036, 51.3926512042 ], [ -1.9828771675, 51.390627505499999 ], [ -1.9705294447, 51.394338622100001 ], [ -1.969031565, 51.3989599338 ], [ -1.9642856533, 51.402015744499998 ], [ -1.9582772706, 51.401447301499999 ], [ -1.9590810604, 51.402823300199998 ], [ -1.9487261287, 51.406865476299998 ], [ -1.9360125832, 51.410024300400003 ], [ -1.9246401769, 51.418505634600002 ], [ -1.9304707821, 51.4237243452 ], [ -1.9275900484, 51.426456048299997 ], [ -1.9207146003, 51.426667413399997 ], [ -1.9188379106, 51.4305684773 ], [ -1.9228355673, 51.431272510399999 ], [ -1.9225302191, 51.433214488799997 ], [ -1.9280057428, 51.4365448462 ], [ -1.9294957269, 51.440573967200002 ], [ -1.9354920408, 51.442924190299998 ], [ -1.9354442881, 51.446161134100002 ], [ -1.9273163646, 51.454006012100002 ], [ -1.9264489776, 51.456433187499997 ], [ -1.9277120583, 51.458627903699998 ], [ -1.9317242664, 51.460995059299997 ], [ -1.9292888231, 51.462836895599999 ], [ -1.929107415, 51.468456485499999 ], [ -1.9239468547, 51.472508435400002 ], [ -1.9221535449, 51.477236794100001 ], [ -1.9145774111, 51.478454381699997 ], [ -1.8953929085, 51.486773985799999 ], [ -1.8771385232, 51.489390843 ], [ -1.8639889351, 51.494177812799997 ], [ -1.8543515492, 51.498985694300004 ], [ -1.8559790999, 51.503663263599996 ], [ -1.8552509455, 51.506126029800001 ], [ -1.8459707787, 51.506527839699999 ], [ -1.8368462932, 51.5117125871 ], [ -1.8345169623, 51.514307847600001 ], [ -1.8349611802, 51.518986169 ], [ -1.8418409788, 51.525817997799997 ], [ -1.8470973693, 51.527263582800003 ], [ -1.8422077444, 51.528138279700002 ], [ -1.8426985342, 51.536321132200001 ], [ -1.8448982895, 51.538131329700001 ], [ -1.8505126205, 51.536403261300002 ], [ -1.8532467973, 51.538016169599999 ], [ -1.8594795381, 51.536684064900001 ], [ -1.8599348445, 51.543383194599997 ], [ -1.8621084205, 51.544635581500003 ], [ -1.8693106854, 51.542342008799999 ], [ -1.8749949753, 51.546520198800003 ], [ -1.8831449389, 51.545665405299999 ], [ -1.8854567805, 51.5496059102 ], [ -1.891596967, 51.551086317 ], [ -1.8913579425, 51.554565762800003 ], [ -1.8886270209, 51.556577278500001 ], [ -1.8870432733, 51.561242292899998 ], [ -1.8901833592, 51.563187402399997 ], [ -1.9061580911, 51.567624978700003 ], [ -1.9112876341, 51.571207517399998 ], [ -1.9163097206, 51.570707678600002 ], [ -1.9221756238, 51.574524035400003 ], [ -1.9272722204, 51.572693056799999 ], [ -1.9406332052, 51.572988268400003 ], [ -1.9451027241, 51.575939596700003 ], [ -1.9464550154, 51.579482808199998 ], [ -1.9526134616, 51.583108939100001 ], [ -1.9720977703, 51.5822160102 ], [ -1.9713842127, 51.592403028699998 ], [ -1.979987619, 51.592566635 ], [ -1.9823687906, 51.594329310100001 ], [ -1.9804621704, 51.596963455599997 ], [ -1.9931521206, 51.596704117599998 ], [ -1.9992732615, 51.599833277899997 ], [ -2.020557067, 51.605531919900002 ], [ -2.0247167701, 51.609352410200003 ], [ -2.0337961665, 51.608037397899999 ], [ -2.04078015, 51.610696587500001 ], [ -2.0481120541, 51.609641813899998 ], [ -2.046441661, 51.614264014299998 ], [ -2.0437569426, 51.615865500600002 ], [ -2.0485257085, 51.618327227599998 ], [ -2.065018368, 51.616988505899997 ], [ -2.077400217, 51.610902856700001 ], [ -2.0873104892, 51.612766071800003 ], [ -2.0939655969, 51.618497361 ], [ -2.0956191048, 51.6217868313 ], [ -2.1013415611, 51.622842989799999 ], [ -2.1021011176, 51.626582700299998 ], [ -2.1094478461, 51.629920818099997 ], [ -2.1117401424, 51.633829854 ], [ -2.1109124402, 51.638047540499997 ], [ -2.1164681431, 51.640757507799997 ], [ -2.1311536685, 51.642000767200003 ], [ -2.1294830412, 51.643998682 ], [ -2.1300202078, 51.649896342399998 ], [ -2.112906151, 51.661117151399999 ], [ -2.1191138031, 51.668717573099997 ], [ -2.1241238581, 51.671283859600003 ], [ -2.1227912852, 51.681139614899998 ], [ -2.1254862585, 51.682854077899997 ], [ -2.1254463182, 51.687979094900001 ], [ -2.1297146547, 51.6895928486 ], [ -2.1233749151, 51.693627750600001 ], [ -2.1241944422, 51.6970345378 ], [ -2.1215627626, 51.708411108200004 ], [ -2.1226491324, 51.714101370199998 ], [ -2.1088811374, 51.718808336800002 ], [ -2.1008060634, 51.719840548100002 ], [ -2.090683332, 51.725027705499997 ], [ -2.0784520518, 51.726331255700003 ], [ -2.068452274, 51.729304595800002 ], [ -2.0508424997, 51.751971128900003 ], [ -2.0522933917, 51.753930543400003 ], [ -2.0579166368, 51.755771064400001 ], [ -2.0574861096, 51.758981088 ], [ -2.0665698205, 51.768434868200004 ], [ -2.061739536, 51.7756303524 ], [ -2.0624389241, 51.7782913287 ], [ -2.0735491456, 51.782798377100001 ], [ -2.0721644371, 51.787114930900003 ], [ -2.0588270423, 51.787302210599996 ], [ -2.0511354518, 51.793051070099999 ], [ -2.0542873273, 51.7976620524 ], [ -2.0523174975, 51.799622988700001 ], [ -2.0526113754, 51.802913563 ], [ -2.0618380978, 51.805192765500003 ], [ -2.0589780799, 51.814059354900003 ], [ -2.0562401087, 51.816964773899997 ], [ -2.0678489591, 51.819143445 ], [ -2.0761969711, 51.822734702600002 ], [ -2.0745767774, 51.825630835699997 ], [ -2.0761476974, 51.82791353 ], [ -2.0880531719, 51.831411666900003 ], [ -2.0968694146, 51.8282309087 ], [ -2.1018050317, 51.829116834399997 ], [ -2.1038582614, 51.832216900699997 ], [ -2.1026884767, 51.834726420700001 ], [ -2.0941865211, 51.83592036 ], [ -2.0923070112, 51.839428323200003 ], [ -2.1015663734, 51.845525505600001 ], [ -2.101380274, 51.846703493299998 ], [ -2.0954957149, 51.851024076400002 ], [ -2.0941802519, 51.853713411599998 ], [ -2.086506199, 51.852118952 ], [ -2.0780674103, 51.855496468600002 ], [ -2.072401694, 51.853540084 ], [ -2.0740231652, 51.859545003299999 ], [ -2.075883695, 51.860658686800001 ], [ -2.0745834554, 51.864669465600002 ], [ -2.0593637098, 51.864426417799997 ], [ -2.0591832563, 51.859733255599998 ], [ -2.0529647122, 51.857443550699998 ], [ -2.0382867842, 51.858447267199999 ], [ -2.0359787723, 51.859347091899998 ], [ -2.0353863258, 51.863015563200001 ], [ -2.0289236767, 51.8623340352 ], [ -2.017801619, 51.8660405205 ], [ -1.9967872971, 51.8636839662 ], [ -1.9905267485, 51.8712922303 ], [ -1.9906423242, 51.874367123399999 ], [ -1.9871845187, 51.877037098199999 ], [ -1.9874737858, 51.8816674316 ], [ -2.000839594, 51.890245354299999 ], [ -2.0119125349, 51.892582354200002 ], [ -2.0122633048, 51.899837936099999 ], [ -2.0094595326, 51.905529405 ], [ -2.0131388122, 51.9115529026 ], [ -2.0107561822, 51.917738837400002 ], [ -2.006409216, 51.919986868700001 ], [ -1.9989792056, 51.918422653100002 ], [ -1.9923774895, 51.922702054 ], [ -1.9861538535, 51.922899298300003 ], [ -1.9804521589, 51.926566752799999 ], [ -1.9721471858, 51.928704911099999 ], [ -1.9659700658, 51.923830283800001 ], [ -1.9680966793, 51.918760054899998 ], [ -1.9597817711, 51.916671656 ], [ -1.9593763525, 51.914801426300002 ], [ -1.9510443704, 51.912110017300002 ], [ -1.924929764, 51.917742541599999 ], [ -1.9200254516, 51.920265758699998 ], [ -1.9198470425, 51.9224773786 ], [ -1.9228384443, 51.924843954499998 ], [ -1.9226216402, 51.932557923600001 ], [ -1.9244412591, 51.936156312800001 ], [ -1.9230436208, 51.940973581400002 ], [ -1.9280698636, 51.945373240899997 ], [ -1.9282108856, 51.948178449099998 ], [ -1.9132690082, 51.948042553800001 ], [ -1.9040830819, 51.950552866700001 ], [ -1.9030830669, 51.955487982299999 ], [ -1.9070876662, 51.961146389600003 ], [ -1.9071052465, 51.966738651199996 ], [ -1.8993053787, 51.965941071899998 ], [ -1.9007870619, 51.967272956899997 ], [ -1.8995010064, 51.9695914817 ], [ -1.8845047006, 51.976599515499998 ], [ -1.8855318396, 51.979144908400002 ], [ -1.8889678357, 51.97914819 ], [ -1.8883750527, 51.983346300400001 ], [ -1.883626439, 51.984051982099999 ], [ -1.8800910127, 51.988435915 ], [ -1.876650166, 51.989942809799999 ], [ -1.8803387166, 51.993857565699997 ], [ -1.8793366157, 51.998235018899997 ], [ -1.8585621623, 51.9995066149 ], [ -1.8464747723, 52.007349377399997 ], [ -1.8373680867, 52.007741743899999 ], [ -1.833606213, 52.012519560900003 ], [ -1.8335508257, 52.019604137199998 ], [ -1.8359581232, 52.022817177299999 ], [ -1.8332214824, 52.025897123599997 ], [ -1.808590291, 52.022524217899999 ], [ -1.8035083523, 52.018236302399998 ], [ -1.7927657213, 52.015736492499997 ], [ -1.78886286, 52.002863887300002 ], [ -1.7863108397, 52.000386847199998 ], [ -1.7861241557, 51.994579775200002 ], [ -1.7738038206, 51.9906355671 ], [ -1.7675667104, 51.982990292 ], [ -1.7551634653, 51.9905623752 ], [ -1.7537916458, 51.994880186099998 ], [ -1.7448596287, 52.002587173 ], [ -1.7308698265, 52.007996360299998 ], [ -1.7245914628, 52.007865000199999 ], [ -1.708321085, 52.005182607099997 ], [ -1.7029242983, 52.006194074699998 ], [ -1.6988085598, 52.002338830299998 ], [ -1.6907367495, 52.001091971599998 ], [ -1.6852053085, 52.002623736700002 ], [ -1.6801629481, 52.000883946499997 ], [ -1.6716188822, 52.0020022649 ], [ -1.6676080673, 51.998727405399997 ], [ -1.6687386452, 51.995529886299998 ], [ -1.6604264124, 51.9911187537 ], [ -1.6581864463, 51.992667678700002 ], [ -1.6602635959, 51.995316961199997 ], [ -1.65910626, 51.996203703299997 ], [ -1.6542073707, 51.993078638599997 ], [ -1.6434828802, 51.995600062500003 ], [ -1.644612962, 51.992672492200001 ], [ -1.6474731821, 51.991943839500003 ], [ -1.6433987453, 51.984181554099997 ], [ -1.6461254406, 51.981852174099998 ], [ -1.6467037372, 51.978671178 ], [ -1.6279611563, 51.975736458199997 ], [ -1.6182278171, 51.978438526799998 ], [ -1.6100255639, 51.977386723199999 ], [ -1.5975050763, 51.978998931500001 ], [ -1.5939351791, 51.976091653399997 ], [ -1.5932249079, 51.9725378276 ], [ -1.5425275024, 51.9805605341 ], [ -1.533405325, 51.986908229800001 ], [ -1.5268826613, 51.995099798600002 ], [ -1.5222087663, 51.997715225 ], [ -1.520311373, 52.003528193599998 ], [ -1.5104191581, 52.006289004499997 ], [ -1.4923857793, 52.008676189500001 ], [ -1.4907380307, 52.010242465499999 ], [ -1.4858386258, 52.009169275600001 ], [ -1.4799375142, 52.012991434500002 ], [ -1.4674984088, 52.0126481896 ], [ -1.4624086137, 52.010611151399999 ], [ -1.4405569654, 52.012388531399999 ], [ -1.4386322767, 52.0186549242 ], [ -1.441495177, 52.023964100400001 ], [ -1.4518898308, 52.027267545100003 ], [ -1.4538566403, 52.0309269173 ], [ -1.4613544924, 52.030457933500003 ], [ -1.4672930159, 52.033631676699997 ], [ -1.4656557763, 52.038910817900003 ], [ -1.4720539969, 52.042787672899998 ], [ -1.4764695491, 52.043032130599997 ], [ -1.4821665783, 52.045835421 ], [ -1.4827378729, 52.049398249600003 ], [ -1.486482522, 52.053478415299999 ], [ -1.4978258155, 52.0537250653 ], [ -1.4969747556, 52.056787264100002 ], [ -1.4986161061, 52.0586912897 ], [ -1.4986629739, 52.062323725500001 ], [ -1.5030947221, 52.065183537300001 ], [ -1.5023489143, 52.0692891299 ], [ -1.5042756967, 52.070510985 ], [ -1.4989144844, 52.071135655699997 ], [ -1.4951200219, 52.0686560284 ], [ -1.4901518724, 52.071925240200002 ], [ -1.4847984746, 52.073106724600002 ], [ -1.4849849828, 52.079724668499999 ], [ -1.4822441514, 52.0820322581 ], [ -1.4864886767, 52.086024683200002 ], [ -1.483912136, 52.086714708099997 ], [ -1.4814039345, 52.091576637 ], [ -1.4842072402, 52.094034383 ], [ -1.4831098622, 52.095524402199999 ], [ -1.484445715, 52.098674592899997 ], [ -1.4792651849, 52.104783445599999 ], [ -1.471383708, 52.108263708700001 ], [ -1.4739647299, 52.111035381900003 ], [ -1.4613884335, 52.117397933 ], [ -1.4623041487, 52.118975466599998 ], [ -1.460397592, 52.122050539900002 ], [ -1.4519861055, 52.121921863 ], [ -1.446525214, 52.126499561099997 ], [ -1.4470000373, 52.128263945299999 ], [ -1.4440792526, 52.131720590299999 ], [ -1.4335593836, 52.131823379700002 ], [ -1.4327464043, 52.1371688953 ], [ -1.4283778796, 52.138298608600003 ], [ -1.423036384, 52.1446019853 ], [ -1.4229896943, 52.148215970599999 ], [ -1.4261523721, 52.150029507799999 ], [ -1.4203264643, 52.149884156200002 ], [ -1.419839274, 52.152228302099999 ], [ -1.4146106163, 52.152148537400002 ], [ -1.4120646982, 52.154365543300003 ], [ -1.4054076276, 52.153756792700001 ], [ -1.4032894339, 52.155858869299998 ], [ -1.3885293141, 52.156691378600001 ], [ -1.3874954387, 52.159598964099999 ], [ -1.389509294, 52.160922022699999 ], [ -1.3840501391, 52.163500922399997 ], [ -1.3836172297, 52.165206870399999 ], [ -1.3692701837, 52.166569558900001 ], [ -1.3657259751, 52.169049943300003 ], [ -1.364432818, 52.173610194600002 ], [ -1.3561722874, 52.1765502903 ], [ -1.3422223577, 52.18042922 ], [ -1.3261385453, 52.179201622699999 ], [ -1.3200953474, 52.180654465800004 ], [ -1.3141782105, 52.190437915300002 ], [ -1.3136158858, 52.195604234100003 ], [ -1.3074959844, 52.199659192299997 ], [ -1.3101224818, 52.207685144 ], [ -1.3125285127, 52.209191607900003 ], [ -1.3096328111, 52.212842847399997 ], [ -1.3115449395, 52.216018677900003 ], [ -1.30128328, 52.220759335499999 ], [ -1.301626348, 52.223152843199998 ], [ -1.2988302602, 52.225941313100002 ], [ -1.2948652785, 52.227634872700001 ], [ -1.2874326492, 52.226412512099998 ], [ -1.2752579726, 52.2170422023 ], [ -1.2616125572, 52.214602127799999 ], [ -1.2518833175, 52.216105234 ], [ -1.2438911886, 52.214400057799999 ], [ -1.2344804098, 52.216928693600003 ], [ -1.2329016378, 52.220208990499998 ], [ -1.2270248603, 52.219757095799999 ], [ -1.2264396291, 52.221425506700001 ], [ -1.2231184743, 52.222158907 ], [ -1.2226864359, 52.225104965699998 ], [ -1.2120522627, 52.2245939222 ], [ -1.2105916416, 52.224404354299999 ], [ -1.2109239997, 52.222995074799996 ], [ -1.2152852345, 52.221405840400003 ], [ -1.2111166574, 52.213772037399998 ], [ -1.2122061124, 52.206730696400001 ], [ -1.2093446806, 52.206405886200002 ], [ -1.2079888935, 52.203645676699999 ], [ -1.2038535539, 52.202503024800002 ], [ -1.2041490161, 52.200706897400003 ], [ -1.1988523889, 52.199070740800003 ], [ -1.1885445208, 52.2002769972 ], [ -1.1876710968, 52.199228078899999 ], [ -1.191485991, 52.1935452309 ], [ -1.1878353314, 52.191820940600003 ], [ -1.1832339839, 52.1922477114 ], [ -1.1785221844, 52.187548875099999 ], [ -1.1724976357, 52.186652662100002 ], [ -1.1766862496, 52.184784947499999 ], [ -1.1745391298, 52.181461393399999 ], [ -1.1763372312, 52.1743803333 ], [ -1.1731868155, 52.167624297300002 ], [ -1.1741934743, 52.166165850299997 ], [ -1.1587716026, 52.167558377900001 ], [ -1.1426766539, 52.165122945 ], [ -1.1366227161, 52.160646392700002 ], [ -1.1354514975, 52.1577158391 ], [ -1.1271384274, 52.152251216800003 ], [ -1.1319527727, 52.149706399700001 ], [ -1.1319400555, 52.145741398399998 ], [ -1.1358148552, 52.144987651599997 ], [ -1.135465596, 52.141892283399997 ], [ -1.1313402739, 52.1391198074 ], [ -1.1446936735, 52.131584244499997 ], [ -1.1425274179, 52.127990202299998 ], [ -1.1470982841, 52.124732727500003 ], [ -1.1607853292, 52.120335527 ], [ -1.1670061041, 52.1227531774 ], [ -1.1763577149, 52.119969830499997 ], [ -1.1839187243, 52.120443901100003 ], [ -1.1886682437, 52.118687509700003 ], [ -1.1957847273, 52.120102818900001 ], [ -1.1980381051, 52.114986053199999 ], [ -1.1973718636, 52.110610441200002 ], [ -1.2030596816, 52.102818073199998 ], [ -1.2003323286, 52.095310313 ], [ -1.2069430642, 52.092127255 ], [ -1.1962954304, 52.086004395499998 ], [ -1.1972890203, 52.082684575 ], [ -1.1951399257, 52.078030679900003 ], [ -1.1977652903, 52.069138693299998 ], [ -1.2076963686, 52.065240905400003 ], [ -1.2147959654, 52.059678141 ], [ -1.2134330182, 52.055892915100003 ], [ -1.2197117069, 52.0529609202 ], [ -1.2233908323, 52.0443158092 ], [ -1.2199365052, 52.040885492299999 ], [ -1.2098523312, 52.038948231699997 ], [ -1.2094429277, 52.035708783 ], [ -1.2116155821, 52.0315336 ], [ -1.2105735946, 52.029449738499999 ], [ -1.2151115273, 52.025011590299997 ], [ -1.2147122473, 52.021178823299998 ], [ -1.1889180328, 52.0211479803 ], [ -1.1894490673, 52.015954903699999 ], [ -1.1856141987, 52.012080363499997 ], [ -1.1735551085, 52.013381006800003 ], [ -1.1647896902, 52.012267255799998 ], [ -1.1615645448, 52.010976651299998 ], [ -1.1591058407, 52.006895238 ], [ -1.160312156, 52.005492266399997 ], [ -1.1596133632, 52.001576233900003 ], [ -1.1538769486, 51.999615317299998 ], [ -1.1459411009, 51.9997246796 ], [ -1.1557445654, 51.993510683700002 ], [ -1.1691934347, 51.992401499700001 ], [ -1.1691354414, 51.984516037500001 ], [ -1.175395011, 51.979857752100003 ], [ -1.1885426508, 51.979049951500002 ], [ -1.1928672373, 51.976598159700004 ], [ -1.1935170395, 51.974462765 ], [ -1.1989870913, 51.973043552699998 ], [ -1.2329220021, 51.972990672599998 ], [ -1.2370484707, 51.967766781400002 ], [ -1.2354320915, 51.9649241563 ], [ -1.2415399785, 51.966096499400003 ], [ -1.2585572298, 51.962446628899997 ], [ -1.2642934062, 51.958778330500003 ], [ -1.2685994903, 51.951720287599997 ], [ -1.2684344087, 51.9493456529 ], [ -1.2627543936, 51.947907648399998 ], [ -1.2620639708, 51.944765466299998 ], [ -1.244685213, 51.938298696700002 ], [ -1.2245758884, 51.9411889788 ], [ -1.2205532952, 51.943302278300003 ], [ -1.21609808, 51.9418341513 ], [ -1.2091511657, 51.942273220200001 ], [ -1.2066143301, 51.945061345399999 ], [ -1.2019029898, 51.943285261600003 ], [ -1.2020165652, 51.945812135399997 ], [ -1.1995802317, 51.946278415199998 ], [ -1.1971459203, 51.944907270900003 ], [ -1.1879596341, 51.946858272599997 ], [ -1.1782549114, 51.9452894482 ], [ -1.1671990015, 51.947432824400003 ], [ -1.1497399977, 51.944484652299998 ], [ -1.1470064998, 51.947467884600002 ], [ -1.1315677726, 51.9498185936 ], [ -1.12701958, 51.953255501699999 ], [ -1.1148114584, 51.948057477900001 ], [ -1.1164075421, 51.945318207900002 ], [ -1.1054373184, 51.938024571500002 ], [ -1.0974328314, 51.937495958699998 ], [ -1.0897928796, 51.9347758 ], [ -1.0866791916, 51.9348236198 ], [ -1.0827491414, 51.937814071 ], [ -1.0779614716, 51.931518895400004 ], [ -1.0750118995, 51.930668583 ], [ -1.080833602, 51.927621240100002 ], [ -1.0805875297, 51.924004903399997 ], [ -1.0738619078, 51.920823293700003 ], [ -1.0634984603, 51.922018056 ], [ -1.0591977908, 51.919762952600003 ], [ -1.0537090117, 51.925626137199998 ], [ -1.0455894871, 51.924481669400002 ], [ -1.0438552396, 51.919180825200002 ], [ -1.0454096012, 51.918564059799998 ], [ -1.0407082599, 51.916062281199999 ], [ -1.0299331747, 51.916801177099998 ], [ -1.0280445564, 51.915382984399997 ], [ -1.0264593578, 51.917419864800003 ], [ -1.0202728758, 51.918411518100001 ], [ -1.0128688893, 51.917225766 ], [ -1.0150366349, 51.909187872300002 ], [ -1.0125364109, 51.905201828599999 ], [ -1.0097147749, 51.903955328899997 ], [ -1.0095707693, 51.9019131083 ], [ -1.0058642199, 51.904552255600002 ], [ -1.0009652261, 51.903917365300003 ], [ -0.9876679922, 51.911554154100003 ], [ -0.9856194756, 51.909558464500002 ], [ -0.9800455811, 51.911110733 ], [ -0.9728465248, 51.909321835900002 ], [ -0.9700771394, 51.905827044200002 ], [ -0.9675208266, 51.905103338899998 ], [ -0.9576539967, 51.908738739 ], [ -0.9501274173, 51.908581943900003 ], [ -0.9462308652, 51.903637934 ], [ -0.9491265895, 51.899141244299997 ], [ -0.9468921983, 51.895246063099997 ], [ -0.9384532305, 51.896285170100001 ], [ -0.9324184043, 51.8939827843 ], [ -0.9280579036, 51.894626487499998 ], [ -0.9225507395, 51.892166554399999 ], [ -0.9156683227, 51.892534931500002 ], [ -0.9122014304, 51.889868507099997 ], [ -0.9109850222, 51.885487495200003 ], [ -0.9030970048, 51.886016673500002 ], [ -0.9003112648, 51.884066547700002 ], [ -0.8910321071, 51.8856338744 ], [ -0.8802101019, 51.879093650100003 ], [ -0.8771930971, 51.878903061700001 ], [ -0.8606722268, 51.885343894199998 ], [ -0.8526981082, 51.881813771499999 ], [ -0.8481349097, 51.883000992699998 ], [ -0.839714357, 51.890093354 ], [ -0.8235319911, 51.898789147499997 ], [ -0.8206286306, 51.901987968900002 ], [ -0.8206891012, 51.904119511700003 ], [ -0.8162850956, 51.905765670299999 ], [ -0.8126066443, 51.905243092100001 ], [ -0.8076700425, 51.908322163599998 ], [ -0.8071240014, 51.910276734100002 ], [ -0.8026205079, 51.911795497500002 ], [ -0.8017592762, 51.9130185418 ], [ -0.803956431, 51.916781262800001 ], [ -0.8068984343, 51.918789198799999 ], [ -0.8063748639, 51.920986755400001 ], [ -0.7940508509, 51.928323923699999 ], [ -0.7935137609, 51.930997821600002 ], [ -0.7876152104, 51.933994263800002 ], [ -0.7731228917, 51.937377716100002 ], [ -0.7716015214, 51.934493633499997 ], [ -0.766443475, 51.932695394500001 ], [ -0.7624808057, 51.928697637799999 ], [ -0.7588831507, 51.920981186399999 ], [ -0.7556434946, 51.918240599500002 ], [ -0.7563051233, 51.913239421900002 ], [ -0.7476244351, 51.9043898189 ], [ -0.7611801076, 51.901979726 ], [ -0.7643046099, 51.8993511316 ], [ -0.7701613515, 51.900437485200001 ], [ -0.7771949614, 51.898874343199999 ], [ -0.773407558, 51.895984680200002 ], [ -0.7739497392, 51.894219034599999 ], [ -0.7799617981, 51.893310443300003 ], [ -0.7839344729, 51.890420379600002 ], [ -0.7850824749, 51.886646879600001 ], [ -0.7805883074, 51.880899880699999 ], [ -0.7757115731, 51.8807233693 ], [ -0.7790526312, 51.874841746900003 ], [ -0.7662237016, 51.8717318104 ], [ -0.7589549376, 51.866674143399997 ], [ -0.7578356352, 51.864072809600003 ], [ -0.7530653327, 51.863267076299998 ], [ -0.7483391104, 51.866112129699999 ], [ -0.7373792855, 51.864358599 ], [ -0.7272222699, 51.868151447700001 ], [ -0.7110533444, 51.864711551799999 ], [ -0.68972041, 51.869151483400003 ], [ -0.6848149734, 51.868521289599997 ], [ -0.6834385196, 51.8674089533 ], [ -0.6840548562, 51.864205896400001 ], [ -0.6728532399, 51.860897101500001 ], [ -0.6707466452, 51.858463604199997 ], [ -0.6713746012, 51.854892086100001 ], [ -0.6636680865, 51.851828606 ], [ -0.6678225131, 51.842416675700001 ], [ -0.6614751415, 51.845482663200002 ], [ -0.6547827063, 51.843536091499999 ], [ -0.6538758091, 51.840846244399998 ], [ -0.6581657123, 51.835212612600003 ], [ -0.6506657127, 51.835576397300002 ], [ -0.6501571371, 51.827343303500001 ], [ -0.6346220682, 51.812246982200001 ], [ -0.6198235079, 51.813737675799999 ], [ -0.6231154679, 51.818532825200002 ], [ -0.6195351299, 51.8226989168 ], [ -0.6100511296, 51.828179986800002 ], [ -0.6028579591, 51.827564246900003 ], [ -0.6076839528, 51.834356178599997 ], [ -0.6078305577, 51.841838898 ], [ -0.5933151538, 51.844147893500001 ], [ -0.5868916272, 51.842056793399998 ], [ -0.574731254, 51.842845212299999 ], [ -0.5648899035, 51.8400820321 ], [ -0.5521942893, 51.842174364400002 ], [ -0.5505643896, 51.8450136254 ], [ -0.55105728, 51.848652306699996 ], [ -0.5471015273, 51.8524699086 ], [ -0.5475952587, 51.8578799557 ], [ -0.5389189743, 51.862133451200002 ], [ -0.5343277729, 51.868900952700002 ], [ -0.5352010181, 51.874657465200002 ], [ -0.5392213346, 51.877009288 ], [ -0.5386507702, 51.878476821699998 ], [ -0.5302633425, 51.882634367800001 ], [ -0.5230943903, 51.889468124300002 ], [ -0.5224734877, 51.893335696900003 ], [ -0.5264330876, 51.896685245800001 ], [ -0.5266981693, 51.901022494199999 ], [ -0.5310031408, 51.902281173299997 ], [ -0.5292227403, 51.904722621499999 ], [ -0.5232503171, 51.9055469913 ], [ -0.5221401737, 51.907924808899999 ], [ -0.5184302616, 51.908453627100002 ], [ -0.5134828718, 51.914757264099997 ], [ -0.5093139126, 51.916394951199997 ], [ -0.4985115164, 51.9163655487 ], [ -0.4929125396, 51.921607990299997 ], [ -0.4906486374, 51.920167323900003 ], [ -0.4908451723, 51.9221120204 ], [ -0.4881242151, 51.9217264336 ], [ -0.4846479445, 51.9161339363 ], [ -0.4791109494, 51.918202517399997 ], [ -0.4830376557, 51.9207708275 ], [ -0.4857614275, 51.925391593599997 ], [ -0.4835924002, 51.927611561600003 ], [ -0.4851044733, 51.933673351800003 ], [ -0.4801178489, 51.935749066 ], [ -0.4812919095, 51.936735304700001 ], [ -0.4790831755, 51.943549339400001 ], [ -0.4746565424, 51.942799738200002 ], [ -0.4641738512, 51.945576720600002 ], [ -0.4588394464, 51.944571891899997 ], [ -0.4566472645, 51.948247696499998 ], [ -0.4517896074, 51.950296920699998 ], [ -0.438145393, 51.946385228099999 ], [ -0.4280960834, 51.9524916433 ], [ -0.4221085811, 51.953094914700003 ], [ -0.4183340672, 51.951183011799998 ], [ -0.4167912205, 51.948302933900003 ], [ -0.4120830237, 51.951008955100001 ], [ -0.4049074564, 51.9457238034 ], [ -0.3984987315, 51.945097303399997 ], [ -0.3901224595, 51.946601555400001 ], [ -0.3887308873, 51.949450831599997 ], [ -0.3764296158, 51.947438569 ], [ -0.3678304235, 51.950241938600001 ], [ -0.3649883974, 51.949564113500003 ], [ -0.3595345258, 51.945100319200002 ], [ -0.3540189764, 51.944735601799998 ], [ -0.3485086929, 51.941853030499999 ], [ -0.348394163, 51.937841135 ], [ -0.350305237, 51.934918659799997 ], [ -0.3432915609, 51.9341907433 ], [ -0.3458715311, 51.932860287600001 ], [ -0.342741861, 51.932528534100001 ], [ -0.3413411508, 51.930278864599998 ], [ -0.3322729882, 51.928496263699998 ], [ -0.3199792872, 51.920804356700003 ], [ -0.3149819534, 51.921056624 ], [ -0.3136911693, 51.919023987400003 ], [ -0.3097029392, 51.919901921799998 ], [ -0.2982008308, 51.9172005008 ], [ -0.2965772921, 51.913993928099998 ], [ -0.2867135243, 51.910325973299997 ], [ -0.2854889729, 51.907358832600003 ], [ -0.2765745502, 51.906293478099997 ], [ -0.2799513117, 51.903141797899998 ], [ -0.2750613076, 51.901775402799998 ], [ -0.2721898798, 51.897812845700003 ], [ -0.2682268989, 51.896549686699998 ], [ -0.2685676122, 51.893357799900002 ], [ -0.2641709557, 51.891670302800001 ], [ -0.2621497652, 51.886802856599999 ], [ -0.2535180102, 51.880812358299998 ], [ -0.2476641274, 51.878908960499999 ], [ -0.2439392232, 51.874950945499997 ], [ -0.2444740071, 51.872782889699998 ], [ -0.2404686044, 51.873055739900003 ], [ -0.2397894315, 51.875194657 ], [ -0.2348662317, 51.877009194800003 ], [ -0.2301680491, 51.877523088300002 ], [ -0.2275345333, 51.875406313900001 ], [ -0.2227776297, 51.877043015600002 ], [ -0.2165302889, 51.879987746700003 ], [ -0.2108631072, 51.887329024 ], [ -0.2157464749, 51.8880416023 ], [ -0.2161391053, 51.889135575300003 ], [ -0.2136812241, 51.890285217600002 ], [ -0.21412446, 51.893034474300002 ], [ -0.2178921108, 51.896985083700002 ], [ -0.2319889063, 51.903689854900001 ], [ -0.2379033138, 51.9100548734 ], [ -0.2309854985, 51.914429032199997 ], [ -0.2200728958, 51.9131495082 ], [ -0.2147426757, 51.915568512 ], [ -0.2034809189, 51.923040234299997 ], [ -0.1938604002, 51.933737191100001 ], [ -0.1877116864, 51.937599105499999 ], [ -0.1775564501, 51.938341506199997 ], [ -0.1742662814, 51.936609024500001 ], [ -0.1675364429, 51.940397952700003 ], [ -0.1687836029, 51.941568321600002 ], [ -0.1653391982, 51.947539249800002 ], [ -0.1730458877, 51.953755587499998 ], [ -0.1684341834, 51.9558599621 ], [ -0.1678246407, 51.958673922 ], [ -0.1596591227, 51.966504350299999 ], [ -0.1461040626, 51.967973193799999 ], [ -0.1410174212, 51.973396020099997 ], [ -0.1348288905, 51.975869830299999 ], [ -0.1346154521, 51.977502970400003 ], [ -0.1368313618, 51.978841874499999 ], [ -0.1326847297, 51.981914353699999 ], [ -0.1199720778, 51.9822605803 ], [ -0.1161502133, 51.978252059100001 ], [ -0.1097357416, 51.980163447700001 ], [ -0.1052964259, 51.979426699199998 ], [ -0.0966682938, 51.983046170900003 ], [ -0.0929472385, 51.986996360900001 ], [ -0.0887527518, 51.988367064800002 ], [ -0.0820361146, 51.987745306800001 ], [ -0.0781896456, 51.989480996799998 ], [ -0.0780647313, 51.991717947799998 ], [ -0.0735460496, 51.993154758499998 ], [ -0.0716859392, 51.997800118299999 ], [ -0.0673786382, 52.001074510099997 ], [ -0.0667123581, 52.007070178699998 ], [ -0.0642345789, 52.009790000099997 ], [ -0.0665733861, 52.010970388899999 ], [ -0.0659143297, 52.014088753800003 ], [ -0.0678259005, 52.015720686400002 ], [ -0.0567750211, 52.019522292399998 ], [ -0.038186254, 52.018665667400001 ], [ -0.0326062322, 52.015964932700001 ], [ -0.0283429621, 52.010840164 ], [ -0.0243904403, 52.010261373299997 ], [ -0.0178974964, 52.013092674600003 ], [ -0.0056081921, 52.009594151599998 ], [ 0.0033161423, 52.010395844800001 ], [ 0.0105142301, 52.008438818899997 ], [ 0.0303726245, 52.007109019700003 ], [ 0.0333849644, 52.007668508499997 ], [ 0.0354419364, 52.009970909400003 ], [ 0.0344158395, 52.011121636200002 ], [ 0.0407667915, 52.012990013200003 ], [ 0.0470169661, 52.010723454400001 ], [ 0.0478454378, 52.008443051500002 ], [ 0.0534206492, 52.008004278500003 ], [ 0.0552058893, 52.004673028699997 ], [ 0.0642549072, 52.0059625078 ], [ 0.0746052794, 52.0114366492 ], [ 0.0861631568, 52.005216776799998 ], [ 0.0916308201, 52.005299636899998 ], [ 0.0930923412, 52.003834928700002 ], [ 0.0984036025, 52.003380724099998 ], [ 0.1014331791, 52.005538770400001 ], [ 0.1219429837, 52.0020417283 ], [ 0.1234640114, 51.998471391199999 ], [ 0.1330222943, 51.994216184899997 ], [ 0.1337348534, 51.991433674500001 ], [ 0.139976209, 51.985475466300002 ], [ 0.1537666046, 51.980889756 ], [ 0.1593634661, 51.974330795299998 ], [ 0.1607872243, 51.967002945799997 ], [ 0.1652523609, 51.966615166899999 ], [ 0.1757860066, 51.956268635800001 ], [ 0.1750737221, 51.951776648699997 ], [ 0.1789754814, 51.945805516299998 ], [ 0.1830390981, 51.943787871399998 ], [ 0.182968447, 51.938438721 ], [ 0.1928670561, 51.937058735699999 ], [ 0.1936769188, 51.935766727100003 ], [ 0.205661783, 51.937197322700001 ], [ 0.2088100852, 51.935726472500001 ], [ 0.208986394, 51.933502042699999 ], [ 0.2166419841, 51.931217904500002 ], [ 0.2153331794, 51.9241377723 ], [ 0.2169241843, 51.922777705400001 ], [ 0.2164559973, 51.917229208400002 ], [ 0.2191087431, 51.916351907 ], [ 0.2206494663, 51.913391306800001 ], [ 0.2306548873, 51.915180391100002 ], [ 0.2301584869, 51.918660884399998 ], [ 0.2509231121, 51.927923415 ], [ 0.2509450526, 51.931268190200001 ], [ 0.2475310915, 51.933977221200003 ], [ 0.2579695058, 51.934424863 ], [ 0.2609539058, 51.935914268700003 ], [ 0.2625414755, 51.940865583600001 ], [ 0.2683013561, 51.9428499419 ], [ 0.2729234638, 51.939586439499998 ], [ 0.2722739654, 51.937674590900002 ], [ 0.2754431984, 51.933890467399998 ], [ 0.2709979459, 51.931997987300001 ], [ 0.2683266586, 51.928065836499997 ], [ 0.2740397142, 51.924835177 ], [ 0.2749468048, 51.919763856499998 ], [ 0.2723934965, 51.916432011 ], [ 0.2751245574, 51.911775068099999 ], [ 0.2750095826, 51.908638886399999 ], [ 0.2774365606, 51.906892361099999 ], [ 0.2874989673, 51.9057799136 ], [ 0.2934629924, 51.899566851400003 ], [ 0.2993411292, 51.898534870600002 ], [ 0.297903252, 51.892861673299997 ], [ 0.3087007807, 51.8931178789 ], [ 0.3142423326, 51.891498236399997 ], [ 0.3275547834, 51.879113522399997 ], [ 0.3256785073, 51.8765427704 ], [ 0.3204814839, 51.876627429 ], [ 0.3195338618, 51.875153343400001 ], [ 0.3290061759, 51.870649690199997 ], [ 0.3351362152, 51.871202593 ], [ 0.3367303683, 51.8688867949 ], [ 0.335688501, 51.8667222714 ], [ 0.3411954524, 51.864796256 ], [ 0.3437607755, 51.862173253100003 ], [ 0.3412030261, 51.858788993499999 ], [ 0.3524124597, 51.8548423226 ], [ 0.3512939788, 51.854001391399997 ], [ 0.3534867478, 51.853166168900003 ], [ 0.3537334606, 51.849546159699997 ], [ 0.3516380043, 51.846674444100003 ], [ 0.3520196701, 51.844526543400001 ], [ 0.3463129716, 51.840881597600003 ], [ 0.3437876638, 51.840895990600004 ], [ 0.3417207732, 51.835478580199997 ], [ 0.3329972297, 51.833520739699999 ], [ 0.3289778094, 51.834670556600003 ], [ 0.327244212, 51.832016066 ], [ 0.3082242402, 51.823955868200002 ], [ 0.3040851452, 51.820197184599998 ], [ 0.3035592863, 51.817284868 ], [ 0.3072556254, 51.815224998 ], [ 0.3041097522, 51.812148249 ], [ 0.3070957622, 51.809823526 ], [ 0.3059031249, 51.8074908396 ], [ 0.3119393306, 51.804116917199998 ], [ 0.3119069194, 51.797247119 ], [ 0.3182526794, 51.793722880799997 ], [ 0.3204264559, 51.7948220639 ], [ 0.3243787977, 51.793278153800003 ], [ 0.3282834059, 51.788560611299999 ], [ 0.3304050878, 51.788086909599997 ], [ 0.3329012301, 51.783630933700003 ], [ 0.329839899, 51.778808587699999 ], [ 0.329984403, 51.776548536699998 ], [ 0.3348097927, 51.774825059699999 ], [ 0.3312581453, 51.769760704799999 ], [ 0.3322968726, 51.763481111 ], [ 0.3257243878, 51.757981893199997 ], [ 0.3349898558, 51.753319715499998 ], [ 0.3354601118, 51.750639503199999 ], [ 0.339360758, 51.748178805599998 ], [ 0.3362180859, 51.742306072200002 ], [ 0.3370943853, 51.737954098300001 ], [ 0.3351597617, 51.734143635400002 ], [ 0.3250398612, 51.733373132899999 ], [ 0.3254275438, 51.731333081 ], [ 0.3208030679, 51.724176315599998 ], [ 0.321174055, 51.719546669700001 ], [ 0.3173206554, 51.718939297600002 ], [ 0.3174404468, 51.710240848200002 ], [ 0.3110622188, 51.7069402642 ], [ 0.3085193332, 51.703051410400001 ], [ 0.3020841887, 51.701163327099998 ], [ 0.2971924544, 51.695449742100003 ], [ 0.2960262309, 51.692136207499999 ], [ 0.300115194, 51.688593948799998 ], [ 0.302293027, 51.683325361500003 ], [ 0.2989252076, 51.676530859400003 ], [ 0.2881468909, 51.670464377899997 ], [ 0.2794452756, 51.668259516900001 ], [ 0.279161853, 51.666070765400001 ], [ 0.2763511651, 51.664236794799997 ], [ 0.2735311875, 51.665100789299998 ], [ 0.2715408989, 51.662027790499998 ], [ 0.2719699009, 51.659330630600003 ], [ 0.2637831427, 51.655792714599997 ], [ 0.2607060631, 51.649161337599999 ], [ 0.2637107242, 51.647376812799997 ], [ 0.2673905221, 51.647539612599999 ], [ 0.2708229434, 51.644487639600001 ], [ 0.2715613755, 51.641910387499998 ], [ 0.270044962, 51.637883939399998 ], [ 0.2801348985, 51.633605613599997 ], [ 0.280390918, 51.629490889499998 ], [ 0.2946975442, 51.631235474100002 ], [ 0.2924261788, 51.629463288899998 ], [ 0.2966160603, 51.626305804499999 ], [ 0.3033310765, 51.624807295300002 ], [ 0.3090615107, 51.619577702 ], [ 0.309166883, 51.616814806199997 ], [ 0.313385324, 51.613979885399999 ], [ 0.3135889432, 51.612303180700003 ], [ 0.3102023167, 51.609896831500002 ], [ 0.3122970119, 51.607346540599998 ], [ 0.3053100283, 51.607412057799998 ], [ 0.3047773251, 51.6060196197 ], [ 0.3063910041, 51.605088620300002 ], [ 0.300454849, 51.605079235600002 ], [ 0.2959464141, 51.602739431800003 ], [ 0.2937359887, 51.599284388199997 ], [ 0.2995720487, 51.597326623299999 ], [ 0.2996464914, 51.59880001 ], [ 0.3042104764, 51.5988183957 ], [ 0.3067892528, 51.602688664200002 ], [ 0.3150984013, 51.6027948224 ], [ 0.3171682619, 51.599768299200001 ], [ 0.3190051599, 51.5995431598 ], [ 0.3252598374, 51.602126278199997 ], [ 0.3289987777, 51.601818313 ], [ 0.3304666565, 51.600026542400002 ], [ 0.3362046489, 51.602376530699999 ], [ 0.3436457928, 51.597965460200001 ], [ 0.3498670917, 51.598200760399997 ], [ 0.3548043251, 51.595385885799999 ], [ 0.3611099899, 51.595582921899997 ], [ 0.364418874, 51.5936817093 ], [ 0.3698816724, 51.595442061200004 ], [ 0.3716763619, 51.594137777199997 ], [ 0.3713481567, 51.591995066400003 ], [ 0.3768527446, 51.590130038 ], [ 0.3771932395, 51.588909073499998 ], [ 0.3741404919, 51.589060814500002 ], [ 0.3775322535, 51.583236557699998 ], [ 0.3832080736, 51.584668217100003 ], [ 0.3842834739, 51.583702092300001 ], [ 0.3772876771, 51.576892386799997 ], [ 0.3847432976, 51.575392107200003 ], [ 0.3849360197, 51.574111167200002 ], [ 0.391202837, 51.5747210376 ], [ 0.4037186533, 51.570670158799999 ], [ 0.4126720857, 51.570783135900001 ], [ 0.4168969462, 51.569356187700002 ], [ 0.4107915022, 51.567970965400001 ], [ 0.4087834099, 51.562742222499999 ], [ 0.4149542939, 51.559386793199998 ], [ 0.4167324463, 51.561085855599998 ], [ 0.4204082475, 51.559391293099999 ], [ 0.4213111254, 51.551944281 ], [ 0.414420978, 51.547140058 ], [ 0.4052328581, 51.545224432600001 ], [ 0.4015003406, 51.542818798900001 ], [ 0.396504175, 51.542705156 ], [ 0.3915016555, 51.537519282200002 ], [ 0.3948892175, 51.535021998300003 ], [ 0.3946325129, 51.5262858631 ], [ 0.398721676, 51.525087135100001 ], [ 0.403580336, 51.526732332599998 ], [ 0.4063374394, 51.525155937800001 ], [ 0.3976668939, 51.521475453 ], [ 0.3950153489, 51.518471949800002 ], [ 0.3972815126, 51.515236337499999 ], [ 0.3950696303, 51.509891320800001 ], [ 0.3962060896, 51.508752942900003 ], [ 0.3886876235, 51.5069098584 ], [ 0.3872032393, 51.5049795694 ], [ 0.3844937708, 51.506077915100001 ], [ 0.3574721958, 51.502145726400002 ], [ 0.357959006, 51.499015307 ], [ 0.3566326204, 51.497324278800001 ], [ 0.3541962917, 51.495340767400002 ], [ 0.35052092, 51.496151949500003 ], [ 0.3482009781, 51.494183968400002 ], [ 0.3403644633, 51.493639194799997 ], [ 0.3375008798, 51.497365526400003 ], [ 0.3290184666, 51.498289754 ], [ 0.3277206875, 51.497703993199998 ], [ 0.3292139204, 51.495623903599999 ], [ 0.3284436448, 51.494362178300001 ], [ 0.3205006493, 51.493134714500002 ], [ 0.3156844879, 51.489353902600001 ], [ 0.31166745, 51.493381155100003 ], [ 0.3069448117, 51.493150423300001 ], [ 0.3045187584, 51.491894134200002 ], [ 0.3057542882, 51.486973724899997 ], [ 0.2951317199, 51.485126605799998 ], [ 0.2889133897, 51.4820286486 ], [ 0.2875796761, 51.4821625979 ], [ 0.2871812627, 51.485138091700001 ], [ 0.2889866024, 51.4929987879 ], [ 0.2869690574, 51.493273958800003 ], [ 0.2849756358, 51.492303621300003 ], [ 0.2861711112, 51.491434967099998 ], [ 0.2720892572, 51.489262594800003 ], [ 0.2625295631, 51.484717120500001 ], [ 0.2618393604, 51.482994778600002 ], [ 0.2478502689, 51.484387962900001 ], [ 0.2578293104, 51.479375930400003 ], [ 0.2567809199, 51.479144311399999 ], [ 0.2480350461, 51.482873589699999 ], [ 0.2447405171, 51.482657932099997 ], [ 0.2448415732, 51.484715401599999 ], [ 0.2416666225, 51.4857653838 ], [ 0.2313469031, 51.485044957200003 ], [ 0.2277610341, 51.4874243402 ], [ 0.2251504809, 51.4859452241 ], [ 0.2156312032, 51.4900733184 ], [ 0.2063678113, 51.491848753299998 ], [ 0.1991277797, 51.490779714799999 ], [ 0.2007624521, 51.493015269499999 ], [ 0.1992520865, 51.493960890700002 ], [ 0.195767815, 51.495204269299997 ], [ 0.1897638027, 51.493778758399998 ], [ 0.1893498261, 51.495962781 ], [ 0.180206969, 51.501379401900003 ], [ 0.1782089121, 51.505441493500001 ], [ 0.1791356995, 51.507753919099997 ], [ 0.1774085903, 51.5090090367 ], [ 0.1785168384, 51.512001065699998 ], [ 0.1740579154, 51.514305072600003 ], [ 0.2016565721, 51.525912644100003 ], [ 0.1974508349, 51.530784741 ], [ 0.2097337452, 51.5384947135 ], [ 0.2098382994, 51.540057510300002 ], [ 0.207756464, 51.540546359099999 ], [ 0.2086630599, 51.541995135400001 ], [ 0.2146011077, 51.543402975399999 ], [ 0.2141914627, 51.545065404500001 ], [ 0.2179263403, 51.549797058700001 ], [ 0.2157881814, 51.552400431800002 ], [ 0.1994635243, 51.549802961399998 ], [ 0.1981116205, 51.5450980444 ], [ 0.1948423134, 51.5442959461 ], [ 0.1914680987, 51.545510122499998 ], [ 0.1911172003, 51.543610187200002 ], [ 0.1863856657, 51.542385515799999 ], [ 0.1839868412, 51.539273705299998 ], [ 0.1774459543, 51.536382699699999 ], [ 0.1760171018, 51.534844457 ], [ 0.1757567889, 51.528176572299998 ], [ 0.1732401076, 51.5280074032 ], [ 0.1717900179, 51.525408343800002 ], [ 0.1669081703, 51.526128142899999 ], [ 0.1649197172, 51.524023046899998 ], [ 0.1684038951, 51.522107661900002 ], [ 0.1653854005, 51.519861256299997 ], [ 0.1663074559, 51.516813627399998 ], [ 0.1640630036, 51.5169000299 ], [ 0.1607634436, 51.511722262 ], [ 0.1469917135, 51.513971839900002 ], [ 0.1332216463, 51.519050219 ], [ 0.1126977903, 51.517638760899999 ], [ 0.1095926108, 51.5193763121 ], [ 0.1115243884, 51.521562771100001 ], [ 0.1134419289, 51.521258448300003 ], [ 0.1155473362, 51.5243859578 ], [ 0.118219457, 51.522943843 ], [ 0.1187584226, 51.523374755399999 ], [ 0.1174611707, 51.524621205300001 ], [ 0.1184831607, 51.52614052 ], [ 0.1159202086, 51.528075273699997 ], [ 0.1113649613, 51.527464917899998 ], [ 0.1062389678, 51.529166790399998 ], [ 0.1041430447, 51.527486787199997 ], [ 0.0978265167, 51.527132310200003 ], [ 0.0959934613, 51.524575161900003 ], [ 0.0985601602, 51.521453732399998 ], [ 0.0963794086, 51.5207373386 ], [ 0.094000601, 51.522929109300001 ], [ 0.094121448, 51.5261913298 ], [ 0.0826985352, 51.5279774491 ], [ 0.0814196369, 51.532811274099998 ], [ 0.0790050943, 51.534247971299997 ], [ 0.0840654225, 51.537071821799998 ], [ 0.0765998833, 51.538427237299999 ], [ 0.0783020945, 51.540339521500002 ], [ 0.0725479984, 51.540971899100001 ], [ 0.0706740793, 51.542578719700003 ], [ 0.0694143493, 51.550311019399999 ], [ 0.0678550762, 51.554461239799998 ], [ 0.0662080218, 51.556654480600002 ], [ 0.0691806394, 51.550275683599999 ], [ 0.0693032024, 51.544030597400003 ], [ 0.0526465826, 51.5476976546 ], [ 0.051593073, 51.549928285299998 ], [ 0.0532903345, 51.551103611499997 ], [ 0.049378163, 51.5526378263 ], [ 0.0579030503, 51.5561486211 ], [ 0.0470985567, 51.557767480700001 ], [ 0.033055975, 51.555376815599999 ], [ 0.0329815726, 51.557590298400001 ], [ 0.0254007168, 51.557757386799999 ], [ 0.0237046233, 51.566671380300001 ], [ 0.0182481946, 51.5705332605 ], [ 0.0170866394, 51.5693931992 ], [ 0.0172880991, 51.562861091099997 ], [ 0.0143764154, 51.560312248400002 ], [ 0.0178856016, 51.557455237 ], [ 0.0121013912, 51.553876593600002 ], [ 0.009512582, 51.549469611200003 ], [ 0.0056119776, 51.548673067800003 ], [ 0.0061769234, 51.546433234699997 ], [ -0.0021935938, 51.544336917 ], [ -0.0055127625, 51.540661455200002 ], [ -0.002756769, 51.540039036300001 ], [ -0.0019876558, 51.538173455900001 ], [ -0.0060858484, 51.5338188108 ], [ 0.000057617252182, 51.532527192 ], [ -0.000906811247797, 51.528083436599999 ], [ -0.0037261171, 51.527021016200003 ], [ -0.0040300945, 51.528227515499999 ], [ -0.0063061026, 51.526297565699998 ], [ -0.0135713224, 51.528802026100003 ], [ -0.0177634644, 51.526885573800001 ], [ -0.0284592005, 51.528585591800002 ], [ -0.0336529238, 51.525156661300002 ], [ -0.0380068038, 51.527162980900002 ], [ -0.0429736486, 51.536400417700001 ], [ -0.0476321356, 51.534355793300001 ], [ -0.0524695392, 51.536216736500002 ], [ -0.0498835807, 51.5373428109 ], [ -0.0517245925, 51.538128778100003 ], [ -0.0569221407, 51.535948856899999 ], [ -0.0565104787, 51.5374887599 ], [ -0.0596838679, 51.539159954100001 ], [ -0.0599419275, 51.540890794500001 ], [ -0.0699326406, 51.539257082299997 ], [ -0.0704865119, 51.537072010499998 ], [ -0.0753752242, 51.539796128699997 ], [ -0.0745478238, 51.561787277199997 ], [ -0.0785259751, 51.562562900899998 ], [ -0.0907185931, 51.559434712 ], [ -0.0915429769, 51.560419314 ], [ -0.0916364404, 51.565078946699998 ], [ -0.0881278883, 51.569608002300001 ], [ -0.0834954404, 51.5706475016 ], [ -0.0819400152, 51.5740032645 ], [ -0.0847862901, 51.575641424200001 ], [ -0.0994101297, 51.574845055600001 ], [ -0.1011012642, 51.581014286200002 ], [ -0.104319862, 51.583098604900002 ], [ -0.1066408603, 51.581778226799997 ], [ -0.1052745724, 51.578536876299999 ], [ -0.1197226017, 51.575019415 ], [ -0.1299390178, 51.575047783199999 ], [ -0.1372167103, 51.571062988199998 ], [ -0.1396352586, 51.5719106751 ], [ -0.1403436297, 51.570465130199999 ], [ -0.1503985411, 51.571604209299998 ], [ -0.1517445122, 51.570438430800003 ], [ -0.1593980769, 51.573157534700002 ], [ -0.1711404019, 51.572190100100002 ], [ -0.1797383851, 51.562863794099997 ], [ -0.1798440159, 51.560941060300003 ], [ -0.1893190405, 51.5613933976 ], [ -0.1926994411, 51.558370118200003 ], [ -0.1971645324, 51.557818334499999 ], [ -0.2036862668, 51.558520848100002 ], [ -0.2068875021, 51.561123645 ], [ -0.21296438, 51.5606768102 ], [ -0.2140056399, 51.552649693299998 ], [ -0.2221394545, 51.551204374800001 ], [ -0.2307947141, 51.542788535 ], [ -0.2469814718, 51.534521132499997 ], [ -0.2614853355, 51.529390954699998 ], [ -0.2698709627, 51.529320139500001 ], [ -0.2970153142, 51.520526133 ], [ -0.3038710314, 51.515054505 ], [ -0.3047420837, 51.5067635678 ], [ -0.3043316945, 51.499054312600002 ], [ -0.2989939138, 51.4852389785 ], [ -0.2997188869, 51.483320777300001 ], [ -0.3061431061, 51.482818262899997 ], [ -0.3001911979, 51.482688977 ], [ -0.300999503, 51.481673497199999 ], [ -0.3052131067, 51.478343425 ], [ -0.3076395176, 51.478232091300001 ], [ -0.3265239461, 51.482368415499998 ], [ -0.3367712191, 51.482446434400003 ], [ -0.3339021572, 51.479367563499999 ], [ -0.3351616548, 51.474835324200001 ], [ -0.3288497278, 51.472605358700001 ], [ -0.324343814, 51.472972688399999 ], [ -0.3212498967, 51.470681938200002 ], [ -0.3250700443, 51.469655889099997 ], [ -0.3291212719, 51.462807549600001 ], [ -0.3291288191, 51.460235838 ], [ -0.3230070036, 51.459950604900001 ], [ -0.3229576734, 51.4573690848 ], [ -0.319060332, 51.456099300299996 ], [ -0.3188161023, 51.453344125699999 ], [ -0.3163302624, 51.452840848500003 ], [ -0.3154010603, 51.449931946900001 ], [ -0.3204908341, 51.450850257600003 ], [ -0.324462029, 51.447732764100003 ], [ -0.3288066333, 51.4493504609 ], [ -0.3502288488, 51.4443483708 ], [ -0.3607941709, 51.436223592 ], [ -0.3678989417, 51.433472130299997 ], [ -0.364544955, 51.429495726 ], [ -0.3627061695, 51.431034731799997 ], [ -0.3578044185, 51.429725214199998 ], [ -0.3560192708, 51.426957511200001 ], [ -0.3575209267, 51.424793410100001 ], [ -0.3466293857, 51.422086441399998 ], [ -0.345146007, 51.416166481300003 ], [ -0.3435510882, 51.415730300100002 ], [ -0.3379075079, 51.415902192600001 ], [ -0.3363510318, 51.418766679900003 ], [ -0.3344045902, 51.417318232100001 ], [ -0.3323732891, 51.424132586799999 ], [ -0.3267276001, 51.422757218 ], [ -0.3279035564, 51.424428606600003 ], [ -0.3255162877, 51.425203845699997 ], [ -0.3239391886, 51.423490727800001 ], [ -0.3190408289, 51.423708340099999 ], [ -0.3174905721, 51.424405492600002 ], [ -0.3195234878, 51.425450801300002 ], [ -0.317903791, 51.426470691399999 ], [ -0.3191055702, 51.427432136900002 ], [ -0.3173596106, 51.430320634799997 ], [ -0.3129342115, 51.429393752 ], [ -0.3093134774, 51.430834329100001 ], [ -0.3035844906, 51.427820020299997 ], [ -0.3001359839, 51.427716105899997 ], [ -0.2990361591, 51.425568939199998 ], [ -0.3012784544, 51.424837098600001 ], [ -0.3027029844, 51.426764135 ], [ -0.3039188875, 51.426170248699997 ], [ -0.3023687134, 51.424915841500003 ], [ -0.3019033381, 51.412634388500003 ], [ -0.2944532345, 51.408029967600001 ], [ -0.286807317, 51.406012038699998 ], [ -0.2813605193, 51.409781078199998 ], [ -0.28386246, 51.4124705264 ], [ -0.2816737308, 51.412933043800003 ], [ -0.2798507665, 51.417825194700001 ], [ -0.2746896538, 51.421211443 ], [ -0.2733480799, 51.4239883507 ], [ -0.2744672862, 51.4263518705 ], [ -0.2783197208, 51.424124430900001 ], [ -0.2850709199, 51.427442707399997 ], [ -0.2942983273, 51.442324962199997 ], [ -0.2937764417, 51.444745325299998 ], [ -0.2915997136, 51.4444618359 ], [ -0.2914339632, 51.446203953 ], [ -0.2881913095, 51.447100855 ], [ -0.2837930086, 51.454635158400002 ], [ -0.2794042117, 51.453455769 ], [ -0.275030712, 51.457222281 ], [ -0.2680528648, 51.4575150764 ], [ -0.2671539788, 51.4599657236 ], [ -0.2618325536, 51.462872444799999 ], [ -0.2615840821, 51.464865083 ], [ -0.2586851832, 51.4653795973 ], [ -0.2593218502, 51.467565221599997 ], [ -0.2545288397, 51.4679076201 ], [ -0.2552646635, 51.469968848400001 ], [ -0.251322541, 51.4708003748 ], [ -0.2525845568, 51.472069138499997 ], [ -0.2490527568, 51.473680053800003 ], [ -0.2495407351, 51.475602729199998 ], [ -0.24483416, 51.477420786499998 ], [ -0.2445188001, 51.480383570500003 ], [ -0.2400890227, 51.480604928799998 ], [ -0.2363972329, 51.479614248700003 ], [ -0.2369780354, 51.475756229600002 ], [ -0.2267208957, 51.476433656600001 ], [ -0.2215128586, 51.4701901468 ], [ -0.2223815693, 51.466732224 ], [ -0.224506833, 51.466503644299998 ], [ -0.2211912006, 51.464762801900001 ], [ -0.2212694781, 51.462749672800001 ], [ -0.2059357209, 51.460231942299998 ], [ -0.2064395346, 51.456561702899997 ], [ -0.1988469366, 51.460393028299997 ], [ -0.1918717848, 51.460591408299997 ], [ -0.1901848817, 51.4588388154 ], [ -0.1845574604, 51.457726661099997 ], [ -0.1828072559, 51.454678053099997 ], [ -0.1790184591, 51.455122846199998 ], [ -0.177804135, 51.453809051500002 ], [ -0.1804420815, 51.450450841699997 ], [ -0.1741763788, 51.447331923500002 ], [ -0.1745339602, 51.445943645500002 ], [ -0.1712709198, 51.442970203 ], [ -0.1672834579, 51.443366550199997 ], [ -0.1673648023, 51.439896687900003 ], [ -0.1650193031, 51.437027331 ], [ -0.1591259045, 51.434381027800001 ], [ -0.1582620017, 51.4301049651 ], [ -0.1470651801, 51.422752382399999 ], [ -0.1440929747, 51.422624421400002 ], [ -0.1399693049, 51.424996053100003 ], [ -0.1386262258, 51.429021413299999 ], [ -0.1328405933, 51.428380838499997 ], [ -0.1272981802, 51.431646667800003 ], [ -0.1233256683, 51.430288190200002 ], [ -0.120724216, 51.4333849402 ], [ -0.114486271, 51.433239796300001 ], [ -0.1129160034, 51.432243319500003 ], [ -0.1149746939, 51.425567927899998 ], [ -0.1139244923, 51.423824441900003 ], [ -0.0862651257, 51.411406767800003 ], [ -0.0800395073, 51.416187990499999 ], [ -0.0808546607, 51.418701314899998 ], [ -0.0746914697, 51.423672114699997 ], [ -0.0746812704, 51.430074750800003 ], [ -0.0725407861, 51.432395656700002 ], [ -0.0657433185, 51.434603793699999 ], [ -0.0616100699, 51.438438345 ], [ -0.0615492549, 51.441234068699998 ], [ -0.0583790305, 51.4447337143 ], [ -0.0529961541, 51.444752340400001 ], [ -0.0508649847, 51.442756512099997 ], [ -0.0415253768, 51.453194250599999 ], [ -0.0393115316, 51.457833449500001 ], [ -0.0287493428, 51.461091535 ], [ -0.0337401853, 51.465215224399998 ], [ -0.030956442, 51.4660026715 ], [ -0.0317743607, 51.467404377599998 ], [ -0.0276319511, 51.471648160299999 ], [ -0.0304573279, 51.474249581800002 ], [ -0.0258967372, 51.475153085599999 ], [ -0.0272614068, 51.4779008402 ], [ -0.0259446574, 51.479713186600002 ], [ -0.0164461091, 51.481285081700001 ], [ -0.0225933851, 51.475337707 ], [ -0.0205634476, 51.4756868825 ], [ -0.015787882, 51.481453662699998 ], [ -0.0094177265, 51.479901389299997 ], [ -0.0091764313, 51.477505231800002 ], [ -0.007477386, 51.4781598163 ], [ -0.0044518838, 51.474888968400002 ], [ 0.000640732277242, 51.47543167 ], [ 0.0058239381, 51.478364667299999 ], [ 0.0115111684, 51.473752879300001 ], [ 0.0231035668, 51.47474046 ], [ 0.0252254512, 51.473229013900003 ], [ 0.0339362002, 51.477412733900003 ], [ 0.0431538297, 51.477756061 ], [ 0.0509400605, 51.472512211800002 ], [ 0.0572067061, 51.471296291199998 ], [ 0.0552452218, 51.472185021199998 ], [ 0.0547900781, 51.474873974600001 ], [ 0.0611998754, 51.479382636 ], [ 0.060239744, 51.480127927799998 ], [ 0.0629293938, 51.482283869299998 ], [ 0.0619815936, 51.483622482100003 ], [ 0.0634026135, 51.487023736099999 ], [ 0.0680505791, 51.491060547499998 ], [ 0.0769521139, 51.489770119 ], [ 0.0786929357, 51.492572003100001 ], [ 0.0855013885, 51.492765855099996 ], [ 0.0863870689, 51.494494704099999 ], [ 0.0851071132, 51.494859198100002 ], [ 0.0864264608, 51.495357312599999 ], [ 0.0853347287, 51.496689682499998 ], [ 0.0895356904, 51.498449430699999 ], [ 0.1034281459, 51.499460046199999 ], [ 0.1039105517, 51.5021132671 ], [ 0.100464462, 51.5030023837 ], [ 0.1033618314, 51.505216639799997 ], [ 0.1024290287, 51.509564527099997 ], [ 0.130112937, 51.512966530900002 ], [ 0.134131868, 51.511362416899999 ], [ 0.1301811143, 51.506809873500004 ], [ 0.1306913764, 51.505082969100002 ], [ 0.1271352949, 51.503295001799998 ], [ 0.1302262337, 51.4985086501 ], [ 0.1281873891, 51.498042071699999 ], [ 0.1279657393, 51.494520893599997 ], [ 0.1201142989, 51.492972462899999 ], [ 0.1178947356, 51.4910857355 ], [ 0.1175255841, 51.4824975991 ], [ 0.1202661509, 51.480721439699998 ], [ 0.130518326, 51.481290988600001 ], [ 0.1300424339, 51.479114364799997 ], [ 0.1328466779, 51.474396072799998 ], [ 0.1372234107, 51.471294751 ], [ 0.1348668234, 51.468007171899998 ], [ 0.1355169854, 51.465588373700001 ], [ 0.1317265413, 51.464578213599999 ], [ 0.1372812624, 51.463290006599998 ], [ 0.1437705207, 51.4586031061 ], [ 0.1521093089, 51.457155322600002 ], [ 0.1524625262, 51.4545674401 ], [ 0.1715790919, 51.454161657699998 ], [ 0.1990827946, 51.458695323500002 ], [ 0.1972984557, 51.457663935 ], [ 0.1996517654, 51.458282174 ], [ 0.1988514302, 51.456388460900001 ], [ 0.1877924786, 51.450879450800002 ], [ 0.1830531581, 51.444956983600001 ], [ 0.1839515648, 51.440495877899998 ], [ 0.1891820642, 51.438320919600002 ], [ 0.1878233465, 51.436385814099999 ], [ 0.1942940845, 51.436300811800002 ], [ 0.1937852944, 51.438594565099997 ], [ 0.197043515, 51.440224219400001 ], [ 0.2039674618, 51.439977307900001 ], [ 0.2055316413, 51.440784234900001 ], [ 0.2059419757, 51.443924074199998 ], [ 0.2155662743, 51.444749755 ], [ 0.2200080192, 51.448074070499999 ], [ 0.227681215, 51.444699972400002 ], [ 0.2273450202, 51.443114590299999 ], [ 0.2314106371, 51.440905897199997 ], [ 0.2348961176, 51.441558929099997 ], [ 0.2380417569, 51.437613890800002 ], [ 0.2428117611, 51.435706097500002 ], [ 0.2616528286, 51.432637075 ], [ 0.2623745276, 51.429772323800002 ], [ 0.2661579669, 51.428314277600002 ], [ 0.2639898982, 51.426071928699997 ], [ 0.267126838, 51.423475214699998 ], [ 0.2785281168, 51.423649772799997 ], [ 0.2807010549, 51.422222553399997 ], [ 0.2847622276, 51.424337770599998 ], [ 0.2915844862, 51.421443634600003 ], [ 0.2957801089, 51.423630048900002 ], [ 0.2973097181, 51.428238303500002 ], [ 0.2997491274, 51.429116752100001 ], [ 0.2981833656, 51.430166179499999 ], [ 0.3094993464, 51.430705647499998 ], [ 0.3081172732, 51.434563975400003 ], [ 0.3097873386, 51.436509571 ], [ 0.3029037337, 51.438110930599997 ], [ 0.3063646689, 51.443115019700002 ], [ 0.3054668658, 51.447575309199998 ], [ 0.3081498183, 51.448835504 ], [ 0.3172921345, 51.448610133300001 ], [ 0.3226595385, 51.453126382500002 ], [ 0.3300266019, 51.447703399 ], [ 0.3288669802, 51.445561977200001 ], [ 0.3373268506, 51.442132879699997 ], [ 0.3441113572, 51.441979384900002 ], [ 0.3433130008, 51.439315369500001 ], [ 0.3481907042, 51.437904721599999 ], [ 0.3546108873, 51.441031454200001 ], [ 0.3553063472, 51.4388860798 ], [ 0.3638250059, 51.440000594600001 ], [ 0.3632374694, 51.438933253400002 ], [ 0.3685182914, 51.436983021 ], [ 0.3731423531, 51.434029608300001 ], [ 0.372795759, 51.432894480500003 ], [ 0.3810847152, 51.430711848100003 ], [ 0.3759242973, 51.424422364199998 ], [ 0.3790371596, 51.4140079087 ], [ 0.3768660966, 51.409861089099998 ], [ 0.3883303752, 51.4041240269 ], [ 0.3892693325, 51.399518276499997 ], [ 0.3943874709, 51.3989641123 ], [ 0.3973371199, 51.394335160200001 ], [ 0.4020628799, 51.391792155600001 ], [ 0.3995969602, 51.389720259100002 ], [ 0.3911866417, 51.388866997900003 ], [ 0.3848238109, 51.383708615899998 ], [ 0.3790844784, 51.383339684600003 ], [ 0.3785656644, 51.373889209399998 ], [ 0.3749071191, 51.371499268299999 ], [ 0.3666311124, 51.370389730900001 ], [ 0.3611411049, 51.366453529200001 ], [ 0.3543852141, 51.359664658900002 ], [ 0.3533324326, 51.353138660100001 ], [ 0.3484805894, 51.3492609985 ], [ 0.3474711594, 51.342437294699998 ], [ 0.3442484544, 51.340064656099997 ], [ 0.3446407499, 51.33424709 ], [ 0.3398576989, 51.330257179299998 ], [ 0.3292353736, 51.327439663100002 ], [ 0.3306341854, 51.326432703 ], [ 0.3400118068, 51.324824708 ], [ 0.3781015025, 51.329435310100003 ], [ 0.385413146, 51.331462984799998 ], [ 0.3921938816, 51.335965255200001 ], [ 0.4141236682, 51.3399039727 ], [ 0.4346257433, 51.334173317699999 ], [ 0.4353419678, 51.332246673100002 ], [ 0.4434160364, 51.328845917199999 ], [ 0.445953157, 51.3290447595 ], [ 0.4465397038, 51.330894162500002 ], [ 0.4492073691, 51.330307770799998 ], [ 0.451824815, 51.328788011299999 ], [ 0.4520710724, 51.327477823800002 ], [ 0.4497996682, 51.326338228200001 ], [ 0.4555092748, 51.313375836900001 ], [ 0.4520599203, 51.310048576900002 ], [ 0.4485004343, 51.310033146499997 ], [ 0.4450795334, 51.307766327800003 ], [ 0.4452181035, 51.306054659799997 ], [ 0.4401743431, 51.304019446600002 ], [ 0.4375967329, 51.300053027899999 ], [ 0.4467304894, 51.297802950200001 ], [ 0.4524210339, 51.302828180200002 ], [ 0.4568512305, 51.303365396499998 ], [ 0.4661667131, 51.300974503299997 ], [ 0.4620032396, 51.294218033299998 ], [ 0.4653556644, 51.291998000699998 ], [ 0.4651855122, 51.2893574677 ], [ 0.4690975675, 51.289023184100003 ], [ 0.4708645155, 51.278121611899998 ], [ 0.4751162317, 51.275855311 ], [ 0.4757847603, 51.273889541400003 ], [ 0.4833713611, 51.277641039899997 ], [ 0.4895085828, 51.275783866799998 ], [ 0.4921937631, 51.276913876800002 ], [ 0.4910434255, 51.282154683500004 ], [ 0.4978664606, 51.287909091700001 ], [ 0.4959807655, 51.290692382300001 ], [ 0.5062278167, 51.289744921800001 ], [ 0.5050442033, 51.291452074399999 ], [ 0.5067262934, 51.292576241900001 ], [ 0.505930825, 51.295618425299999 ], [ 0.5142300646, 51.298908714200003 ], [ 0.5121095107, 51.306050234799997 ], [ 0.5122450159, 51.314834112900002 ], [ 0.5105166225, 51.318135880200003 ], [ 0.5125649533, 51.323838862899997 ], [ 0.5146275254, 51.323758603500004 ], [ 0.5153012744, 51.322431059899998 ], [ 0.522291599, 51.322172736299997 ], [ 0.5225628654, 51.319792569800001 ], [ 0.5320745454, 51.314766621499999 ], [ 0.5322454499, 51.312658406799997 ], [ 0.5455790242, 51.310876339700002 ], [ 0.5608824777, 51.305326104700001 ], [ 0.5642072795, 51.302681110100004 ], [ 0.577880929, 51.302434719300003 ], [ 0.5854050311, 51.298203582200003 ], [ 0.5964183392, 51.297869847 ], [ 0.59945727, 51.294780478900002 ], [ 0.6037661002, 51.293353616499999 ], [ 0.6067585699, 51.295027774099999 ], [ 0.6147092874, 51.294584632199999 ], [ 0.625173468, 51.289421762400004 ], [ 0.6266434779, 51.286528736699999 ], [ 0.6330578392, 51.283326682599998 ], [ 0.6447278669, 51.2827577336 ], [ 0.6424226719, 51.280075669600002 ], [ 0.6403644739, 51.280032188 ], [ 0.6407963192, 51.278223668199999 ], [ 0.6450086159, 51.277660851299999 ], [ 0.6470303483, 51.274665140400003 ], [ 0.657024278, 51.274779338400002 ], [ 0.6582788211, 51.2705607527 ], [ 0.6652258378, 51.269701197499998 ], [ 0.6639006765, 51.265630143400003 ], [ 0.6813421049, 51.264548210800001 ], [ 0.6858574356, 51.262573902900002 ], [ 0.6837418592, 51.261201401299999 ], [ 0.6844199932, 51.259063268 ], [ 0.7066003568, 51.2550086185 ], [ 0.7103713847, 51.2508919964 ], [ 0.7186161569, 51.2485331221 ], [ 0.7114265342, 51.243006766299999 ], [ 0.7095735599, 51.238786528600002 ], [ 0.7052819435, 51.235971790299999 ], [ 0.7034656476, 51.232362204600001 ], [ 0.7007330885, 51.231446740499997 ], [ 0.7012989505, 51.228634767499997 ], [ 0.6984536892, 51.227747073700002 ], [ 0.6984449601, 51.224905161 ], [ 0.696177539, 51.224831532099998 ], [ 0.6899642937, 51.219973909499998 ], [ 0.6855361329, 51.219437080600002 ], [ 0.686335951, 51.218168554499997 ], [ 0.7108797877, 51.210317067200002 ], [ 0.7176968591, 51.211310096299997 ], [ 0.7181975831, 51.207170175199998 ], [ 0.7250915563, 51.201226531800003 ], [ 0.7220087424, 51.198959862300001 ], [ 0.7220341221, 51.196962580499999 ], [ 0.7276513827, 51.195122809700003 ], [ 0.7285139191, 51.192278533900001 ], [ 0.7313860623, 51.190502597399998 ], [ 0.7415377815, 51.188879929400002 ], [ 0.7419840448, 51.185307782700001 ], [ 0.7477478717, 51.184524898200003 ], [ 0.7505368826, 51.1804119484 ], [ 0.7572122452, 51.176693027500001 ], [ 0.7642221558, 51.174278958400002 ], [ 0.7827193905, 51.173516375600002 ], [ 0.7878017203, 51.1676389836 ], [ 0.7887325614, 51.162202244100001 ], [ 0.7865093429, 51.159017326799997 ], [ 0.8011249667, 51.158506129800003 ], [ 0.8106140384, 51.156488504099997 ], [ 0.8137733813, 51.151528592299996 ], [ 0.8171735614, 51.149593866700002 ], [ 0.8168205707, 51.146616260400002 ], [ 0.8252175574, 51.1440930654 ], [ 0.8280818681, 51.141595325099999 ], [ 0.8273850625, 51.1402540371 ], [ 0.8299568349, 51.135550712300002 ], [ 0.8366210351, 51.135354319299999 ], [ 0.8374190385, 51.131115453299998 ], [ 0.8339111826, 51.123087642599998 ], [ 0.8365256612, 51.120505787500001 ], [ 0.8347145373, 51.117068908199997 ], [ 0.8359179288, 51.115951390200003 ], [ 0.8290128477, 51.114499769799998 ], [ 0.8262772627, 51.1122903869 ], [ 0.8223990909, 51.112662944900002 ], [ 0.8266665234, 51.108836125300002 ], [ 0.820819002, 51.107601290799998 ], [ 0.8223829314, 51.103255221 ], [ 0.8274931074, 51.103653351299997 ], [ 0.8402579086, 51.0974794145 ], [ 0.8369791012, 51.094554938100003 ], [ 0.8316176025, 51.095872258299998 ], [ 0.8296032629, 51.094697819499999 ], [ 0.8291172965, 51.091417636400003 ], [ 0.8262222398, 51.091253847399997 ], [ 0.8221664597, 51.085163739099997 ], [ 0.8239732681, 51.083411143699998 ], [ 0.8229093729, 51.0793084138 ], [ 0.8196712212, 51.079593493 ], [ 0.8103251705, 51.0834704082 ], [ 0.8009107721, 51.083642520200002 ], [ 0.7967524152, 51.086908151400003 ], [ 0.7858335683, 51.087960511299997 ], [ 0.7835230403, 51.089913384 ], [ 0.7804418913, 51.088547654700001 ], [ 0.7762905282, 51.090292332799997 ], [ 0.7585894989, 51.090198907199998 ], [ 0.7436622253, 51.097871718599997 ], [ 0.7474910609, 51.100291152600001 ], [ 0.7403169158, 51.102654212300003 ], [ 0.7366129948, 51.106698478399998 ], [ 0.7369082788, 51.1083105254 ], [ 0.7172690527, 51.110117964200001 ], [ 0.7116544056, 51.103538709699997 ], [ 0.6972168995, 51.101426421299998 ], [ 0.6869247667, 51.095646418800001 ], [ 0.6696817228, 51.098569000799998 ], [ 0.6581951736, 51.104011471200003 ], [ 0.6413452593, 51.102891511800003 ], [ 0.6418054132, 51.0994363808 ], [ 0.6344660661, 51.096723962699997 ], [ 0.6344260178, 51.094512319300001 ], [ 0.6312651605, 51.0916694521 ], [ 0.6283115137, 51.090710599099999 ], [ 0.6207954188, 51.0919047402 ], [ 0.6212924546, 51.089582113699997 ], [ 0.6156654877, 51.088062292399997 ], [ 0.6080340695, 51.082890398300002 ], [ 0.5985464642, 51.082526160500002 ], [ 0.5919804479, 51.079730945900003 ], [ 0.5808364344, 51.080148511899999 ], [ 0.5660697026, 51.0721003074 ], [ 0.5438183479, 51.073747114500001 ], [ 0.5430102428, 51.076193079900001 ], [ 0.5394432738, 51.077277982600002 ], [ 0.5401642647, 51.079492815499997 ], [ 0.5330451665, 51.082471465200001 ], [ 0.5240057633, 51.081407917299998 ], [ 0.5097140712, 51.085915901200003 ], [ 0.5092471506, 51.079135527200002 ], [ 0.5107824607, 51.077429676500003 ], [ 0.5093849998, 51.074031896 ], [ 0.5037058579, 51.074613528900002 ], [ 0.496851016, 51.072187951099998 ], [ 0.490713036, 51.073793954599999 ], [ 0.4860414085, 51.071069358899997 ], [ 0.4791240707, 51.071719990799998 ], [ 0.4765247885, 51.069292798600003 ], [ 0.4717804255, 51.074285932599999 ], [ 0.4654323259, 51.073034992399997 ], [ 0.4642244565, 51.070722066 ], [ 0.4602451212, 51.070518118300001 ], [ 0.4605783766, 51.067651050800002 ], [ 0.458196055, 51.065254864099998 ], [ 0.448096613, 51.062939627699997 ], [ 0.4466705896, 51.059443914799999 ], [ 0.4494235671, 51.052928624700002 ], [ 0.4419051756, 51.054587996199999 ], [ 0.4303748062, 51.053497336100001 ], [ 0.4253371038, 51.049392906900003 ], [ 0.4187318461, 51.049692179499999 ], [ 0.4157263266, 51.044303657 ], [ 0.4015938446, 51.049937364 ], [ 0.3790906259, 51.0471240436 ], [ 0.3691828807, 51.047847023 ], [ 0.3624369282, 51.051266350500001 ], [ 0.3520592033, 51.050621328 ], [ 0.3458801358, 51.0537134916 ], [ 0.3461264505, 51.056892325299998 ], [ 0.3437233028, 51.060735905599998 ], [ 0.3385983722, 51.063824504400003 ], [ 0.3332924925, 51.0647489957 ], [ 0.3266889742, 51.062569304 ], [ 0.3215856809, 51.063264395499999 ], [ 0.3168991289, 51.0608751619 ], [ 0.3103093286, 51.060951682700001 ], [ 0.3056422168, 51.057788162 ], [ 0.2965855132, 51.057318982799998 ], [ 0.2923524431, 51.060316051900003 ], [ 0.2819775064, 51.0574253224 ], [ 0.2736030062, 51.060970181499997 ], [ 0.2609035845, 51.061315516100002 ], [ 0.2525576535, 51.055792758 ], [ 0.2566322334, 51.053600637 ], [ 0.2577075626, 51.048426512399999 ], [ 0.2562141366, 51.045586405599998 ], [ 0.2508213869, 51.044413328300003 ], [ 0.2433255201, 51.039862832799997 ], [ 0.2394846881, 51.036536935500003 ], [ 0.2383384993, 51.0328805137 ], [ 0.2345605067, 51.032620075 ], [ 0.2261657929, 51.037510975399996 ], [ 0.2166917715, 51.038059845399999 ], [ 0.2145519177, 51.032371524 ], [ 0.209830024, 51.02965494 ], [ 0.1996330797, 51.032977142299998 ], [ 0.1921334536, 51.033639732099999 ], [ 0.1867298289, 51.031564560699998 ], [ 0.1847582289, 51.035738479499997 ], [ 0.1669178822, 51.036124697600002 ], [ 0.1616512604, 51.038200834 ], [ 0.1565748422, 51.042539580700002 ], [ 0.1549452394, 51.048001718800002 ], [ 0.1510940744, 51.050797699500002 ], [ 0.1348490687, 51.0397728676 ], [ 0.1259414221, 51.040259054300002 ], [ 0.1185462131, 51.035752756599997 ], [ 0.1039072615, 51.037546172200003 ], [ 0.0996040738, 51.0417515591 ], [ 0.092820767, 51.040965606900002 ], [ 0.0872567814, 51.037772868 ], [ 0.0757721697, 51.041880609499998 ], [ 0.0654890657, 51.039688587800001 ], [ 0.0627533873, 51.040402427700002 ], [ 0.0554079332, 51.034946984400001 ], [ 0.0445707927, 51.040200398400003 ], [ 0.034322482, 51.042016070499997 ], [ 0.0316142548, 51.046631811399998 ], [ 0.0189731996, 51.050556164900001 ], [ 0.0154994777, 51.053035325800003 ], [ 0.0243484888, 51.0671547675 ], [ 0.0223822908, 51.070183570300003 ], [ 0.0148432543, 51.069801178200002 ], [ -0.0059099799, 51.076470392799997 ], [ -0.0105458901, 51.073563634899998 ], [ -0.0295225086, 51.074118939599998 ], [ -0.0338168027, 51.072158789900001 ], [ -0.0390980455, 51.074531796599999 ], [ -0.0479410458, 51.074715798 ], [ -0.0577850597, 51.080517520800001 ], [ -0.0632870815, 51.079845406399997 ], [ -0.0672114351, 51.081259343600003 ], [ -0.0729436741, 51.0913993538 ], [ -0.0710914634, 51.093698043 ], [ -0.083623505, 51.097707939400003 ], [ -0.0879615309, 51.1029503508 ], [ -0.1045799244, 51.1000104194 ], [ -0.114379492, 51.094710085400003 ], [ -0.1228869285, 51.094464211899997 ], [ -0.1248423773, 51.095903600299998 ], [ -0.1260444985, 51.094430022099999 ], [ -0.1293704002, 51.094825028400003 ], [ -0.1325173038, 51.093283564799997 ], [ -0.130877735, 51.086485554299998 ], [ -0.1334217707, 51.085716826499997 ], [ -0.1353751508, 51.080460055300001 ], [ -0.1494032826, 51.078110968099999 ], [ -0.1520647174, 51.0743759733 ], [ -0.1615752892, 51.074292129200003 ], [ -0.1623728237, 51.070014964899997 ], [ -0.1649256611, 51.0682654477 ], [ -0.1630615171, 51.065960901 ], [ -0.1678130655, 51.062375302 ], [ -0.174162778, 51.064579056100001 ], [ -0.1806660047, 51.064338731799999 ], [ -0.1930899979, 51.060484584299999 ], [ -0.1944609913, 51.058626210299998 ], [ -0.1967974849, 51.060559831299997 ], [ -0.1965862989, 51.063056646900002 ], [ -0.2019385942, 51.067833489900003 ], [ -0.2022251192, 51.0722265084 ], [ -0.2070624859, 51.074854836199997 ], [ -0.2076880422, 51.081941941899998 ], [ -0.2119939712, 51.081351403200003 ], [ -0.2167996624, 51.084842161499999 ], [ -0.2476311651, 51.081693233300001 ], [ -0.2544540541, 51.087047217699997 ], [ -0.2551981294, 51.094594436500003 ], [ -0.2594630241, 51.094352250599997 ], [ -0.2593680495, 51.097642260199997 ], [ -0.2630029623, 51.098973322399999 ], [ -0.2654659708, 51.102238349899999 ], [ -0.277236897, 51.1002810739 ], [ -0.2905846391, 51.102401482099999 ], [ -0.3006922365, 51.100984061399998 ], [ -0.3013370463, 51.108331643600003 ], [ -0.2943432439, 51.110496038800001 ], [ -0.2900367278, 51.117249758200003 ], [ -0.2786293073, 51.122010492500003 ], [ -0.2813887019, 51.126205800699999 ], [ -0.2810254902, 51.1294468878 ], [ -0.2869535384, 51.133391834299999 ], [ -0.2981031139, 51.134921543799997 ], [ -0.2998108005, 51.137851078200001 ], [ -0.2988942109, 51.139843157199998 ], [ -0.3012999918, 51.140507626100003 ], [ -0.3091416419, 51.138337079300001 ], [ -0.3183836008, 51.139702345899998 ], [ -0.3214919784, 51.145043787699997 ], [ -0.3284885629, 51.148453349500002 ], [ -0.3280319159, 51.1508029405 ], [ -0.3338707005, 51.152648851400002 ], [ -0.3343145984, 51.154219922 ], [ -0.3254434016, 51.159506922600002 ], [ -0.3277563741, 51.160799005400001 ], [ -0.3268967217, 51.162423402100003 ], [ -0.3297212874, 51.164999737700001 ], [ -0.329838965, 51.167285587099997 ], [ -0.3347589102, 51.1680931382 ], [ -0.3359423244, 51.172570397900003 ], [ -0.347909925, 51.182739972 ], [ -0.3583633968, 51.185324146500001 ], [ -0.361859656, 51.182360596599999 ], [ -0.3626480696, 51.178684610200001 ], [ -0.3706246792, 51.1764398814 ], [ -0.3753341456, 51.177584507699997 ], [ -0.3803861711, 51.182025022700003 ], [ -0.3875737517, 51.185163842199998 ], [ -0.4010430196, 51.183792963499997 ], [ -0.4129459692, 51.185510769799997 ], [ -0.4204562377, 51.180126869200002 ], [ -0.420082801, 51.177657830100003 ], [ -0.4223708429, 51.175593400700002 ], [ -0.4220221234, 51.170301002800002 ], [ -0.4281121513, 51.157784216800003 ], [ -0.4252302479, 51.156324604 ], [ -0.4209245973, 51.157201801500001 ], [ -0.4219521421, 51.156424308399998 ], [ -0.4186127614, 51.149113085700002 ], [ -0.4227190696, 51.1473520009 ], [ -0.4216890152, 51.144856111199999 ], [ -0.4172886455, 51.145605994199997 ], [ -0.4151381987, 51.143274732499997 ], [ -0.406515392, 51.1420964247 ], [ -0.4052445392, 51.138320130399997 ], [ -0.4100686176, 51.137288695 ], [ -0.4108485044, 51.135806497 ], [ -0.4076250767, 51.134773448300002 ], [ -0.4069879503, 51.131689245700002 ], [ -0.3999960627, 51.127636973599998 ], [ -0.3945047729, 51.126500564700002 ], [ -0.3908347748, 51.127655155399999 ], [ -0.3863700313, 51.125363421 ], [ -0.3851506846, 51.124267453500003 ], [ -0.3856334317, 51.118617646300002 ], [ -0.3958547695, 51.114756516600004 ], [ -0.3964492602, 51.110789851100002 ], [ -0.4008221156, 51.1078551254 ], [ -0.4212763495, 51.104976624599999 ], [ -0.4220253348, 51.1031162341 ], [ -0.433015694, 51.100818004200001 ], [ -0.4374857534, 51.097442582399999 ], [ -0.4415713128, 51.097838836900003 ], [ -0.4473760937, 51.102340511599998 ], [ -0.4508510968, 51.101361428700002 ], [ -0.450927116, 51.099941577899997 ], [ -0.4566987439, 51.100755309900002 ], [ -0.4668618673, 51.0987847094 ], [ -0.4746282663, 51.100181245599998 ], [ -0.4766425414, 51.0979952896 ], [ -0.4854672481, 51.096293398599997 ], [ -0.4857062664, 51.0946598142 ], [ -0.4956786264, 51.094087114300002 ], [ -0.4956245129, 51.092233912899999 ], [ -0.5057995081, 51.092885971299999 ], [ -0.5143604248, 51.1002432003 ], [ -0.5209323395, 51.100182634799999 ], [ -0.5282432613, 51.103835997700003 ], [ -0.5327046742, 51.102327338199999 ], [ -0.5370375563, 51.104881599099997 ], [ -0.5392037768, 51.106851102199997 ], [ -0.5356886677, 51.1123106597 ], [ -0.5385598488, 51.1132278607 ], [ -0.5434714731, 51.111958225400002 ], [ -0.5417965149, 51.114338394900003 ], [ -0.5430253018, 51.117060505 ], [ -0.5417165661, 51.125047663099998 ], [ -0.551299415, 51.1266055874 ], [ -0.5536389628, 51.132227968 ], [ -0.5581060492, 51.1347291222 ], [ -0.5606574239, 51.139094993900002 ], [ -0.565831758, 51.137719736400001 ], [ -0.5726949968, 51.140897150100002 ], [ -0.5760173842, 51.137916129399997 ], [ -0.5844763109, 51.142227346299997 ], [ -0.5888958497, 51.142622466799999 ], [ -0.5920537255, 51.140790062299999 ], [ -0.591559817, 51.1382302186 ], [ -0.5929089912, 51.138048620299998 ], [ -0.5977956373, 51.1404723574 ], [ -0.6150596616, 51.138223074800003 ], [ -0.6189389425, 51.139473949200003 ], [ -0.628172703, 51.136597079300003 ], [ -0.6323206743, 51.136501775200003 ], [ -0.6328868189, 51.1376594424 ], [ -0.6377016855, 51.135791212599997 ], [ -0.6432298829, 51.136880622200003 ], [ -0.6524969836, 51.135243197500003 ], [ -0.6598487161, 51.136550650499998 ], [ -0.6753080259, 51.13127728 ], [ -0.678937958, 51.131785948299999 ], [ -0.6997927801, 51.127109722299998 ], [ -0.7090301554, 51.120755414100003 ], [ -0.7134352062, 51.120606120300003 ], [ -0.7172528176, 51.117419728100003 ], [ -0.7147991924, 51.114704031400002 ], [ -0.7071428595, 51.113630461100001 ], [ -0.7097240398, 51.1091806807 ], [ -0.7085414865, 51.103430378299997 ], [ -0.7156492763, 51.096404541 ], [ -0.7118229921, 51.091740270700001 ], [ -0.704951065, 51.092374765300001 ], [ -0.7096852914, 51.086968619499999 ], [ -0.7130813638, 51.086016864400001 ], [ -0.7131578006, 51.0842911302 ], [ -0.6991398767, 51.078092980199997 ], [ -0.6972742377, 51.075392410699997 ], [ -0.6890002127, 51.071163317900002 ], [ -0.6881271396, 51.062664484899997 ], [ -0.6901068055, 51.060276658799999 ], [ -0.6882760012, 51.057396470500002 ], [ -0.6890025926, 51.055417239 ], [ -0.6926541223, 51.053938387899997 ], [ -0.699558552, 51.055004594499998 ], [ -0.7076414968, 51.063978949 ], [ -0.7130404459, 51.064847845199999 ], [ -0.7195402335, 51.060998442 ], [ -0.7219051816, 51.065286818099999 ], [ -0.7310770726, 51.064937103799998 ], [ -0.7295415997, 51.067852013299998 ], [ -0.7302525625, 51.072122225299999 ], [ -0.7356357514, 51.073619380799997 ], [ -0.7409535505, 51.071752358399998 ], [ -0.7452348703, 51.073363095200001 ], [ -0.7496153311, 51.0713057647 ], [ -0.7647105687, 51.073138853700002 ], [ -0.7667082496, 51.072089829299998 ], [ -0.7674170604, 51.069048825499998 ], [ -0.77153647, 51.066556281099999 ], [ -0.7721381155, 51.059998025299997 ], [ -0.776928299, 51.054212049500002 ], [ -0.7827156399, 51.057141098599999 ], [ -0.7903173275, 51.056734409900002 ], [ -0.7899166114, 51.054590031099998 ], [ -0.8043082612, 51.0531194613 ], [ -0.8083400883, 51.050570773799997 ], [ -0.813485479, 51.051882072600002 ], [ -0.8247203319, 51.045988541 ], [ -0.849658161, 51.040733176 ], [ -0.8510950882, 51.044344328500003 ], [ -0.8537615036, 51.045548519800001 ], [ -0.8548018493, 51.051952418699997 ], [ -0.8519019986, 51.0544059128 ], [ -0.8461774049, 51.055104923 ], [ -0.8482787686, 51.056672359899999 ], [ -0.846272632, 51.058163323 ], [ -0.850766234, 51.061094183900003 ], [ -0.8496777557, 51.062405379099999 ], [ -0.8518325859, 51.064137027500003 ], [ -0.8507082297, 51.065742744799998 ], [ -0.8750353298, 51.068928899299998 ], [ -0.8690878884, 51.072081841299998 ], [ -0.8705286719, 51.074065124 ], [ -0.869528222, 51.074702914200003 ], [ -0.8821381292, 51.075057961299997 ], [ -0.8877844788, 51.080813035699997 ], [ -0.8850835617, 51.083170316599997 ], [ -0.8873582316, 51.085952669299999 ], [ -0.8967498965, 51.089683600199997 ], [ -0.9052120878, 51.0886930323 ], [ -0.9136394692, 51.091001754 ], [ -0.9164010513, 51.092591764399998 ], [ -0.9170462214, 51.094927076099999 ], [ -0.919387988, 51.092946631 ], [ -0.9290090908, 51.090939036400002 ], [ -0.9403172674, 51.083944703500002 ], [ -0.9416673348, 51.081717806500002 ], [ -0.9334544798, 51.080645031300001 ], [ -0.9365152988, 51.077903239100003 ], [ -0.9449111046, 51.077187966399997 ], [ -0.949689041, 51.078633802500001 ], [ -0.953668242, 51.075630036600003 ], [ -0.9643811653, 51.072721941799998 ], [ -0.9507390694, 51.059974914199998 ], [ -0.9550306396, 51.058232845299997 ], [ -0.9554142919, 51.056401812 ], [ -0.9635252197, 51.054837375600002 ], [ -0.9688768675, 51.0490036311 ], [ -0.9644091941, 51.045605218399999 ], [ -0.9565305908, 51.043552548400001 ], [ -0.9495616024, 51.0375910586 ], [ -0.9634405569, 51.032984909 ], [ -0.9627079424, 51.030100811600001 ], [ -0.9640179263, 51.027630500400001 ], [ -0.9797222941, 51.026779465899999 ], [ -0.9876387873, 51.028628813600001 ], [ -1.0103551104, 51.0433551721 ], [ -1.0298339964, 51.044345757499997 ], [ -1.0326535444, 51.039099552899998 ], [ -1.0362088565, 51.038229675700002 ], [ -1.0647394759, 51.043659045 ], [ -1.0659915542, 51.0480753386 ], [ -1.0742162186, 51.056287874299997 ], [ -1.0748698278, 51.057857724500003 ], [ -1.06857202, 51.0616744501 ], [ -1.0690619899, 51.064996534099997 ], [ -1.062770775, 51.065584742 ], [ -1.0585155661, 51.0692194489 ], [ -1.0492987624, 51.070457759599996 ], [ -1.0583317687, 51.0796850941 ], [ -1.059077103, 51.0823528341 ], [ -1.055739522, 51.0836028465 ], [ -1.0561769655, 51.090170799399999 ], [ -1.0584997004, 51.091106742500003 ], [ -1.0592401123, 51.094026221900002 ], [ -1.0613352161, 51.093521500800001 ], [ -1.0629780057, 51.0956119063 ], [ -1.0617338822, 51.097814047100002 ], [ -1.0641660827, 51.0990115309 ], [ -1.0626373092, 51.106813623 ], [ -1.0563568769, 51.109397871299997 ], [ -1.0610643803, 51.112538107100001 ], [ -1.0675896447, 51.1219333134 ], [ -1.0679201903, 51.1268097719 ], [ -1.0657519208, 51.130164574699997 ], [ -1.0761760328, 51.132018849700003 ], [ -1.0856328654, 51.129341512800003 ], [ -1.1029020522, 51.128306226100001 ], [ -1.1066057461, 51.130402791800002 ], [ -1.1082243459, 51.133922124199998 ], [ -1.1031848865, 51.1402681028 ], [ -1.1085716346, 51.145578727900002 ], [ -1.086607027, 51.157476902 ], [ -1.0664951916, 51.164889638799998 ], [ -1.0654289011, 51.169530111100002 ], [ -1.0677062378, 51.175761903400002 ], [ -1.0763775577, 51.178510344400003 ], [ -1.0757759875, 51.182839838299998 ], [ -1.083647075, 51.182739875700001 ], [ -1.0844551725, 51.185281999899999 ], [ -1.0802799709, 51.185141355799999 ], [ -1.0632472376, 51.191084986699998 ], [ -1.0548459037, 51.190450931400001 ], [ -1.0534132711, 51.193325849499999 ], [ -1.0371739248, 51.195225617200002 ], [ -1.0372736961, 51.198679443899998 ], [ -1.0341943151, 51.200839178199999 ], [ -1.0371971513, 51.205099241900001 ], [ -1.0469877697, 51.207895007799998 ], [ -1.0481474313, 51.209972645100002 ], [ -1.0467868199, 51.211391319 ], [ -1.055859265, 51.2164914799 ], [ -1.0588453328, 51.216101886899999 ], [ -1.0628176888, 51.2193169815 ], [ -1.0682732275, 51.217184430099998 ], [ -1.0742801118, 51.217519836500003 ], [ -1.0772215305, 51.215061226700001 ], [ -1.0892604185, 51.215892867599997 ], [ -1.0894689039, 51.217665932099997 ], [ -1.0925925919, 51.219731413 ], [ -1.0991752683, 51.218469401599997 ], [ -1.1046431817, 51.222989432 ], [ -1.1200557749, 51.220507564400002 ], [ -1.1304233013, 51.227320136899998 ], [ -1.1372229186, 51.227478350399998 ], [ -1.1456417044, 51.2314606447 ], [ -1.1503590447, 51.230397939 ], [ -1.1572096181, 51.231715338800001 ], [ -1.1612537382, 51.236159492900001 ], [ -1.1591379454, 51.239075733900002 ], [ -1.1602828166, 51.242285128 ], [ -1.159126474, 51.247564164099998 ], [ -1.1608630989, 51.249761692900002 ], [ -1.1592182644, 51.25038833 ], [ -1.1579864535, 51.255073331299997 ], [ -1.1611908641, 51.264825718899999 ], [ -1.1470495831, 51.2653170496 ], [ -1.1457554561, 51.270181301400001 ], [ -1.1417708667, 51.271698799100001 ], [ -1.1425760859, 51.273107454300003 ], [ -1.1342676988, 51.274305216499997 ], [ -1.1286522474, 51.280908673399999 ], [ -1.141879439, 51.2843423813 ], [ -1.1451848771, 51.288574813799997 ], [ -1.1615473736, 51.293287983799999 ], [ -1.1613287424, 51.290328063300002 ], [ -1.1629510432, 51.2894404683 ], [ -1.1755523138, 51.288864434899999 ], [ -1.1817265832, 51.286803605199999 ], [ -1.1839610663, 51.288563639899998 ], [ -1.1899885968, 51.288299750299998 ], [ -1.1945868699, 51.294320116599998 ], [ -1.2060882634, 51.296035170899998 ], [ -1.2115892196, 51.298931767900001 ], [ -1.2206517129, 51.299082330399997 ], [ -1.2267562283, 51.296011568099999 ], [ -1.2328546385, 51.2975623126 ], [ -1.2367929674, 51.3005194124 ], [ -1.2456350379, 51.299263861199996 ], [ -1.2499738749, 51.303230189700002 ], [ -1.2463721177, 51.306812829499997 ], [ -1.2472831961, 51.307241318300001 ], [ -1.2527279735, 51.307653835700002 ], [ -1.265220199, 51.304261969099997 ], [ -1.2727691888, 51.309488418800001 ], [ -1.2772538947, 51.309857863600001 ], [ -1.2900363076, 51.308779665700001 ], [ -1.2928531915, 51.306401252699999 ], [ -1.3008905401, 51.306530417099999 ], [ -1.3039725555, 51.308580938399999 ], [ -1.3143477298, 51.308399324600003 ], [ -1.3224888213, 51.311836640400003 ], [ -1.3445555884, 51.312807402 ], [ -1.3527328318, 51.316953155900002 ], [ -1.3633018963, 51.315320592799999 ], [ -1.3650780779, 51.313459922 ], [ -1.3820100454, 51.3122825863 ], [ -1.3947124179, 51.3184543765 ], [ -1.3999830247, 51.319218815699998 ], [ -1.401292488, 51.322246774299998 ], [ -1.4099421229, 51.325896375900001 ], [ -1.4073542071, 51.328481956799997 ], [ -1.4158891895, 51.3322474263 ], [ -1.419575283, 51.337022402599999 ], [ -1.4309961415, 51.338651986499997 ], [ -1.4404364893, 51.346196601099997 ], [ -1.4479758485, 51.349667216299999 ], [ -1.4478668004, 51.351572961199999 ], [ -1.4542836833, 51.3505239984 ], [ -1.4577456633, 51.352841961400003 ], [ -1.4646817415, 51.352828884600001 ], [ -1.469381392, 51.356222168199999 ], [ -1.4779063735, 51.357977864699997 ], [ -1.4844590693, 51.3576382149 ], [ -1.4897887838, 51.354910053899999 ], [ -1.5116853604, 51.355246080500002 ], [ -1.5175435745, 51.351233047900003 ], [ -1.5256465003, 51.349467765100002 ], [ -1.5365310366, 51.350824102399997 ], [ -1.5558770367, 51.348938791099997 ], [ -1.5716916701, 51.340635304400003 ], [ -1.5737591888, 51.337513705900001 ], [ -1.5766192285, 51.337155397700002 ], [ -1.5753684454, 51.331135387499998 ] ] ], [ [ [ 1.0091746805, 51.334961977399999 ], [ 1.009222539, 51.3285117458 ], [ 1.014863871, 51.322592125299998 ], [ 1.010390535, 51.320044917 ], [ 1.0097362961, 51.317507319100002 ], [ 1.005822784, 51.314729675800002 ], [ 0.9985243989, 51.31241645 ], [ 0.9986346802, 51.310147024899997 ], [ 0.9850842409, 51.303909538299997 ], [ 0.9851286441, 51.301057172100002 ], [ 0.980022242, 51.297094863799998 ], [ 0.9783263561, 51.293504294 ], [ 0.9688897649, 51.289102990899998 ], [ 0.9684677667, 51.287009004799998 ], [ 0.9708930157, 51.285472365099999 ], [ 0.969842849, 51.279868517 ], [ 0.9679125422, 51.277956714799998 ], [ 0.9701499014, 51.275516402500003 ], [ 0.9626552053, 51.274258339900001 ], [ 0.9647772326, 51.268466139899999 ], [ 0.9633921355, 51.266549442500001 ], [ 0.9623494612, 51.265496518500001 ], [ 0.9521204324, 51.269190957 ], [ 0.9508585531, 51.267846648400003 ], [ 0.9432488275, 51.267228848400002 ], [ 0.9378663922, 51.262417225 ], [ 0.9297130379, 51.263377224899997 ], [ 0.9251077036, 51.261702587499997 ], [ 0.9283554549, 51.257133141300002 ], [ 0.9264830589, 51.25338252 ], [ 0.9271605128, 51.249607766799997 ], [ 0.9235864008, 51.242519633100002 ], [ 0.9011689724, 51.236961641299999 ], [ 0.8941630543, 51.2367394543 ], [ 0.8911328522, 51.233657380899999 ], [ 0.8945096718, 51.225146153399997 ], [ 0.8935089671, 51.219927204699999 ], [ 0.8900874533, 51.2169807099 ], [ 0.8916815523, 51.214081096599998 ], [ 0.8788521762, 51.216637205799998 ], [ 0.8628374916, 51.230656717499997 ], [ 0.8638247068, 51.237324304700003 ], [ 0.8781500224, 51.2469203908 ], [ 0.8803774002, 51.254582678600002 ], [ 0.9015954016, 51.271039598599998 ], [ 0.9026443978, 51.276760945100001 ], [ 0.9012251726, 51.279953147699999 ], [ 0.9068309526, 51.283105930700003 ], [ 0.913672132, 51.283331522200001 ], [ 0.9244686282, 51.290275628400003 ], [ 0.924919794, 51.296920156600002 ], [ 0.931054576, 51.301785492199997 ], [ 0.92911696, 51.304253482 ], [ 0.9339895048, 51.310004718899997 ], [ 0.9384140527, 51.311422745900003 ], [ 0.9408050644, 51.314699586300001 ], [ 0.9428107673, 51.321367937799998 ], [ 0.9398324234, 51.323277629099998 ], [ 0.9433902547, 51.323691891700001 ], [ 0.9479130651, 51.329748175900001 ], [ 0.9473657663, 51.332406291200002 ], [ 0.9442147867, 51.333870717700002 ], [ 0.9520698017, 51.3347221143 ], [ 0.9583983294, 51.340859872599999 ], [ 0.959933878, 51.345132728599999 ], [ 0.9960712859, 51.347509487799996 ], [ 1.0055356779, 51.3415544705 ], [ 1.0091746805, 51.334961977399999 ] ] ], [ [ [ 0.1989469041, 51.458138662700001 ], [ 0.1985955218, 51.458291042299997 ], [ 0.19914501, 51.4583989781 ], [ 0.1989469041, 51.458138662700001 ] ] ] ] } },
{ "type": "Feature", "properties": { "river_basin_district": "Anglian" }, "geometry": { "type": "MultiPolygon", "coordinates": [ [ [ [ -0.8802101019, 51.879093650100003 ], [ -0.8910321071, 51.8856338744 ], [ -0.9003112648, 51.884066547700002 ], [ -0.9030970048, 51.886016673500002 ], [ -0.9109850222, 51.885487495200003 ], [ -0.9122014304, 51.889868507099997 ], [ -0.9156683227, 51.892534931500002 ], [ -0.9225507395, 51.892166554399999 ], [ -0.9280579036, 51.894626487499998 ], [ -0.9324184043, 51.8939827843 ], [ -0.9384532305, 51.896285170100001 ], [ -0.9468921983, 51.895246063099997 ], [ -0.9491265895, 51.899141244299997 ], [ -0.9462308652, 51.903637934 ], [ -0.9501274173, 51.908581943900003 ], [ -0.9576539967, 51.908738739 ], [ -0.9675208266, 51.905103338899998 ], [ -0.9700771394, 51.905827044200002 ], [ -0.9728465248, 51.909321835900002 ], [ -0.9800455811, 51.911110733 ], [ -0.9856194756, 51.909558464500002 ], [ -0.9876679922, 51.911554154100003 ], [ -1.0009652261, 51.903917365300003 ], [ -1.0058642199, 51.904552255600002 ], [ -1.0095707693, 51.9019131083 ], [ -1.0097147749, 51.903955328899997 ], [ -1.0125364109, 51.905201828599999 ], [ -1.0150366349, 51.909187872300002 ], [ -1.0128688893, 51.917225766 ], [ -1.0202728758, 51.918411518100001 ], [ -1.0264593578, 51.917419864800003 ], [ -1.0280445564, 51.915382984399997 ], [ -1.0299331747, 51.916801177099998 ], [ -1.0407082599, 51.916062281199999 ], [ -1.0454096012, 51.918564059799998 ], [ -1.0438552396, 51.919180825200002 ], [ -1.0455894871, 51.924481669400002 ], [ -1.0537090117, 51.925626137199998 ], [ -1.0591977908, 51.919762952600003 ], [ -1.0634984603, 51.922018056 ], [ -1.0738619078, 51.920823293700003 ], [ -1.0805875297, 51.924004903399997 ], [ -1.080833602, 51.927621240100002 ], [ -1.0750118995, 51.930668583 ], [ -1.0779614716, 51.931518895400004 ], [ -1.0827491414, 51.937814071 ], [ -1.0866791916, 51.9348236198 ], [ -1.0897928796, 51.9347758 ], [ -1.0974328314, 51.937495958699998 ], [ -1.1054373184, 51.938024571500002 ], [ -1.1164075421, 51.945318207900002 ], [ -1.1148114584, 51.948057477900001 ], [ -1.1242930751, 51.952785710100002 ], [ -1.1284323696, 51.953187986700001 ], [ -1.1285374048, 51.9515224851 ], [ -1.1315677726, 51.9498185936 ], [ -1.1470064998, 51.947467884600002 ], [ -1.1497399977, 51.944484652299998 ], [ -1.1671990015, 51.947432824400003 ], [ -1.1782549114, 51.9452894482 ], [ -1.1879596341, 51.946858272599997 ], [ -1.1971459203, 51.944907270900003 ], [ -1.1995802317, 51.946278415199998 ], [ -1.2020165652, 51.945812135399997 ], [ -1.2019029898, 51.943285261600003 ], [ -1.2066143301, 51.945061345399999 ], [ -1.2091511657, 51.942273220200001 ], [ -1.21609808, 51.9418341513 ], [ -1.2205532952, 51.943302278300003 ], [ -1.2245758884, 51.9411889788 ], [ -1.244685213, 51.938298696700002 ], [ -1.2620639708, 51.944765466299998 ], [ -1.2627543936, 51.947907648399998 ], [ -1.2684344087, 51.9493456529 ], [ -1.2685994903, 51.951720287599997 ], [ -1.2642934062, 51.958778330500003 ], [ -1.2585572298, 51.962446628899997 ], [ -1.2415399785, 51.966096499400003 ], [ -1.2354320915, 51.9649241563 ], [ -1.2370484707, 51.967766781400002 ], [ -1.2329220021, 51.972990672599998 ], [ -1.1989870913, 51.973043552699998 ], [ -1.1935170395, 51.974462765 ], [ -1.1928672373, 51.976598159700004 ], [ -1.1885426508, 51.979049951500002 ], [ -1.175395011, 51.979857752100003 ], [ -1.1691354414, 51.984516037500001 ], [ -1.1691934347, 51.992401499700001 ], [ -1.1557445654, 51.993510683700002 ], [ -1.1459411009, 51.9997246796 ], [ -1.1538769486, 51.999615317299998 ], [ -1.1596133632, 52.001576233900003 ], [ -1.160312156, 52.005492266399997 ], [ -1.1591058407, 52.006895238 ], [ -1.1615645448, 52.010976651299998 ], [ -1.1647896902, 52.012267255799998 ], [ -1.1735551085, 52.013381006800003 ], [ -1.1856141987, 52.012080363499997 ], [ -1.1894490673, 52.015954903699999 ], [ -1.1889180328, 52.0211479803 ], [ -1.2147122473, 52.021178823299998 ], [ -1.2151115273, 52.025011590299997 ], [ -1.2105735946, 52.029449738499999 ], [ -1.2116155821, 52.0315336 ], [ -1.2094429277, 52.035708783 ], [ -1.2098523312, 52.038948231699997 ], [ -1.2199365052, 52.040885492299999 ], [ -1.2233908323, 52.0443158092 ], [ -1.2197117069, 52.0529609202 ], [ -1.2134330182, 52.055892915100003 ], [ -1.2147959654, 52.059678141 ], [ -1.2076963686, 52.065240905400003 ], [ -1.1977652903, 52.069138693299998 ], [ -1.1951399257, 52.078030679900003 ], [ -1.1972890203, 52.082684575 ], [ -1.1962954304, 52.086004395499998 ], [ -1.2069430642, 52.092127255 ], [ -1.2003323286, 52.095310313 ], [ -1.2030596816, 52.102818073199998 ], [ -1.1973718636, 52.110610441200002 ], [ -1.1980381051, 52.114986053199999 ], [ -1.1957847273, 52.120102818900001 ], [ -1.1886682437, 52.118687509700003 ], [ -1.1839187243, 52.120443901100003 ], [ -1.1763577149, 52.119969830499997 ], [ -1.1670061041, 52.1227531774 ], [ -1.1607853292, 52.120335527 ], [ -1.1470982841, 52.124732727500003 ], [ -1.1425274179, 52.127990202299998 ], [ -1.1446936735, 52.131584244499997 ], [ -1.1313402739, 52.1391198074 ], [ -1.135465596, 52.141892283399997 ], [ -1.1358148552, 52.144987651599997 ], [ -1.1319400555, 52.145741398399998 ], [ -1.1319527727, 52.149706399700001 ], [ -1.1271384274, 52.152251216800003 ], [ -1.1354514975, 52.1577158391 ], [ -1.1366227161, 52.160646392700002 ], [ -1.1426766539, 52.165122945 ], [ -1.1587716026, 52.167558377900001 ], [ -1.1682497908, 52.165791468099997 ], [ -1.1741934743, 52.166165850299997 ], [ -1.1731868155, 52.167624297300002 ], [ -1.1763372312, 52.1743803333 ], [ -1.1745391298, 52.181461393399999 ], [ -1.1766862496, 52.184784947499999 ], [ -1.1724976357, 52.186652662100002 ], [ -1.1785221844, 52.187548875099999 ], [ -1.1832339839, 52.1922477114 ], [ -1.1878353314, 52.191820940600003 ], [ -1.191485991, 52.1935452309 ], [ -1.1876710968, 52.199228078899999 ], [ -1.1885445208, 52.2002769972 ], [ -1.1988523889, 52.199070740800003 ], [ -1.2041490161, 52.200706897400003 ], [ -1.2038535539, 52.202503024800002 ], [ -1.2079888935, 52.203645676699999 ], [ -1.2093446806, 52.206405886200002 ], [ -1.2122061124, 52.206730696400001 ], [ -1.2111166574, 52.213772037399998 ], [ -1.2152852345, 52.221405840400003 ], [ -1.2109239997, 52.222995074799996 ], [ -1.2105916416, 52.224404354299999 ], [ -1.218304659, 52.226190865900001 ], [ -1.22038618, 52.231059525100001 ], [ -1.2201713316, 52.234965846800002 ], [ -1.2168730607, 52.237653316600003 ], [ -1.2138827112, 52.237831238600002 ], [ -1.2133196445, 52.2406894366 ], [ -1.2092921295, 52.240695542200001 ], [ -1.2108819998, 52.248491976799997 ], [ -1.2085162595, 52.249734818599997 ], [ -1.2024224952, 52.2464752108 ], [ -1.1904364522, 52.245935115400002 ], [ -1.1895180978, 52.2521233131 ], [ -1.1849784022, 52.258439384 ], [ -1.1864397508, 52.261847876300003 ], [ -1.1850006771, 52.265218389 ], [ -1.188149945, 52.266085185900003 ], [ -1.1903639046, 52.270038224799997 ], [ -1.1899291973, 52.272984128799997 ], [ -1.1818891524, 52.278233111 ], [ -1.1759102959, 52.279737916800002 ], [ -1.1659486001, 52.288802344200001 ], [ -1.1694963264, 52.293520370800003 ], [ -1.1738341022, 52.295223013399998 ], [ -1.1787436522, 52.304085880800002 ], [ -1.1928985636, 52.309613650400003 ], [ -1.1956431122, 52.3151884555 ], [ -1.1994280817, 52.315178197500003 ], [ -1.2072599161, 52.3210298025 ], [ -1.1978981576, 52.322719780200003 ], [ -1.1899206925, 52.321685407799997 ], [ -1.1872041481, 52.324211045 ], [ -1.1820053683, 52.324462867599998 ], [ -1.1753582859, 52.3284264009 ], [ -1.1645938791, 52.329645419199998 ], [ -1.1623050593, 52.331957720399998 ], [ -1.1473665608, 52.332669036600002 ], [ -1.1465996768, 52.334389664600003 ], [ -1.1316773146, 52.340969852599997 ], [ -1.1113810177, 52.339317573 ], [ -1.1072590115, 52.342109526900003 ], [ -1.1090169977, 52.345718968900002 ], [ -1.1074913759, 52.3502566007 ], [ -1.0990880116, 52.352332590300001 ], [ -1.0932163145, 52.352638317900002 ], [ -1.0776312194, 52.346637972099998 ], [ -1.0773442285, 52.344909564300004 ], [ -1.0708087594, 52.342952385899999 ], [ -1.0672442326, 52.339346100599997 ], [ -1.0613026578, 52.346833073399999 ], [ -1.0534775281, 52.3502949298 ], [ -1.0507698622, 52.353329973900003 ], [ -1.041595558, 52.355944072500002 ], [ -1.0496049523, 52.358355270899999 ], [ -1.0516184368, 52.360331361699998 ], [ -1.0515431977, 52.363846024 ], [ -1.046217127, 52.375212042699999 ], [ -1.0483992454, 52.380992472800003 ], [ -1.0385513109, 52.3818747933 ], [ -1.0322872488, 52.378083666 ], [ -1.0227852645, 52.377286271 ], [ -0.9964840574, 52.389185077 ], [ -0.985010428, 52.392269758200001 ], [ -0.981643184, 52.396825934 ], [ -0.9803474544, 52.404582508799997 ], [ -0.9959998768, 52.406640390100002 ], [ -0.997621399, 52.409036607 ], [ -0.9952147424, 52.412729224700001 ], [ -0.9893475347, 52.413416443400003 ], [ -0.9901003003, 52.416506585800001 ], [ -0.9871853688, 52.419232724099999 ], [ -0.9911213567, 52.420731801400002 ], [ -0.9879310328, 52.425199745299999 ], [ -0.9880518681, 52.430199439299997 ], [ -0.9847404153, 52.434135805399997 ], [ -1.0004210088, 52.434116538200001 ], [ -1.0052291196, 52.4355056279 ], [ -1.0123855155, 52.433857425399999 ], [ -1.0196555356, 52.436345300399999 ], [ -1.020442801, 52.4393186406 ], [ -1.024394238, 52.440915617100003 ], [ -1.0538279338, 52.435616656100002 ], [ -1.0564280277, 52.437849047599997 ], [ -1.0566929816, 52.443353242500002 ], [ -1.0641411327, 52.448734666699998 ], [ -1.0664749466, 52.455271077500001 ], [ -1.06460377, 52.457458922199997 ], [ -1.0645279676, 52.461036460899997 ], [ -1.0680628379, 52.463707501400002 ], [ -1.0666590478, 52.468838879300002 ], [ -1.0620623547, 52.4717873058 ], [ -1.0653693768, 52.475517465599999 ], [ -1.0744191102, 52.4785643544 ], [ -1.0669811235, 52.482848260600001 ], [ -1.0642199817, 52.488058789500002 ], [ -1.0683536045, 52.490374925099999 ], [ -1.07313363, 52.490691135 ], [ -1.0731779049, 52.493487466799998 ], [ -1.0709653337, 52.499898139 ], [ -1.0677846968, 52.500565379199998 ], [ -1.069010736, 52.503197928699997 ], [ -1.0597007018, 52.507522806200001 ], [ -1.0612928562, 52.512102476700001 ], [ -1.0606715278, 52.515675634899999 ], [ -1.0437522426, 52.5222648779 ], [ -1.0310797572, 52.521739298 ], [ -1.029004587, 52.523610243100002 ], [ -1.0307648647, 52.528011895200002 ], [ -1.0159494954, 52.532672477799998 ], [ -1.0166044269, 52.533711794699997 ], [ -1.0138975832, 52.537402240799999 ], [ -1.0093761417, 52.541769702899998 ], [ -1.0022452651, 52.545413796799998 ], [ -1.0006564937, 52.549140325800003 ], [ -0.9740131534, 52.554576311799998 ], [ -0.972940292, 52.557569743899997 ], [ -0.9744350739, 52.559254878 ], [ -0.9718241272, 52.561147153 ], [ -0.9726949953, 52.566809549600002 ], [ -0.9582458237, 52.5726348496 ], [ -0.9563657126, 52.574757965800003 ], [ -0.9462113153, 52.576070527200002 ], [ -0.9245334683, 52.587526989499999 ], [ -0.9317487796, 52.594316945800003 ], [ -0.9396282397, 52.597543272899998 ], [ -0.9336292541, 52.601993525 ], [ -0.932077457, 52.609944840399997 ], [ -0.9205983674, 52.620925673499997 ], [ -0.9192016531, 52.625452992100001 ], [ -0.9199317761, 52.630602015199997 ], [ -0.9267738308, 52.633576983600001 ], [ -0.9290669791, 52.6370948697 ], [ -0.9200621704, 52.642110579899999 ], [ -0.9129106026, 52.641451848099997 ], [ -0.9037963558, 52.646006807299997 ], [ -0.8991378535, 52.646700819599999 ], [ -0.8927471207, 52.643404834199998 ], [ -0.8919072556, 52.638038853099999 ], [ -0.8768393347, 52.637825083499997 ], [ -0.8744395063, 52.640355523 ], [ -0.8699961232, 52.641311126600002 ], [ -0.8672113159, 52.645591808200003 ], [ -0.8620276317, 52.647105482400001 ], [ -0.8599523282, 52.651314260500001 ], [ -0.8561637026, 52.653180328399998 ], [ -0.8491586936, 52.650846995 ], [ -0.8404726529, 52.6511848528 ], [ -0.8423218242, 52.653369582700002 ], [ -0.8426217303, 52.657687794200001 ], [ -0.8290282544, 52.665124007300001 ], [ -0.8292336155, 52.6685063384 ], [ -0.8317517655, 52.671677738200003 ], [ -0.826760218, 52.674721056300001 ], [ -0.8281710451, 52.6772702341 ], [ -0.8241812989, 52.6798828043 ], [ -0.8110540992, 52.678493257500001 ], [ -0.8020028696, 52.671416789299997 ], [ -0.7966491808, 52.671416504699998 ], [ -0.7883521961, 52.667681968899998 ], [ -0.7790299168, 52.667891980100002 ], [ -0.7760797459, 52.666566965100003 ], [ -0.773023034, 52.669052623900001 ], [ -0.7748459298, 52.671027748 ], [ -0.7733207184, 52.673209181300003 ], [ -0.7682761918, 52.674829052100002 ], [ -0.7665376348, 52.677741782600002 ], [ -0.7613736145, 52.6804209628 ], [ -0.7629894963, 52.681867277 ], [ -0.7619084063, 52.684526081400001 ], [ -0.7461351508, 52.692901006200003 ], [ -0.7426561012, 52.692450613299997 ], [ -0.737130477, 52.694729340499997 ], [ -0.7342914547, 52.693539330299998 ], [ -0.7225912133, 52.6945106561 ], [ -0.7178650656, 52.692185115299999 ], [ -0.7139775058, 52.692556561899998 ], [ -0.7129478877, 52.688373920099998 ], [ -0.7083466349, 52.687820426099996 ], [ -0.7068256061, 52.6862215616 ], [ -0.6955780591, 52.686350068400003 ], [ -0.6923689181, 52.684822332099998 ], [ -0.6865347953, 52.687958372799997 ], [ -0.6787170902, 52.697958579900003 ], [ -0.6806121523, 52.700874544400001 ], [ -0.6790977603, 52.704957237099997 ], [ -0.6829165242, 52.7059347012 ], [ -0.6829505005, 52.7116888304 ], [ -0.6812515996, 52.712065519600003 ], [ -0.6823587273, 52.716590922 ], [ -0.6785602227, 52.718832173899997 ], [ -0.6812804847, 52.7228900733 ], [ -0.6814767782, 52.726200655299998 ], [ -0.6768020345, 52.731920310200003 ], [ -0.6778268552, 52.736229057199999 ], [ -0.6864757377, 52.738231073 ], [ -0.6903728767, 52.743614334900002 ], [ -0.6984813503, 52.7479109784 ], [ -0.6956755246, 52.748599374100003 ], [ -0.6954001407, 52.753355090699998 ], [ -0.6984347614, 52.754446314500001 ], [ -0.7002415264, 52.7589611776 ], [ -0.6971259695, 52.765534783 ], [ -0.6990735057, 52.767821668099998 ], [ -0.6927362021, 52.772552747500001 ], [ -0.6896525498, 52.7784881826 ], [ -0.6896300021, 52.782200856300001 ], [ -0.6933536818, 52.785595231199999 ], [ -0.6965421574, 52.792031253499999 ], [ -0.6950958649, 52.79377742 ], [ -0.6958816023, 52.795772847499997 ], [ -0.6993984359, 52.794220214200003 ], [ -0.722823376, 52.792469804900001 ], [ -0.7254030499, 52.7950327609 ], [ -0.7258395438, 52.796844452 ], [ -0.7240760345, 52.798821301700002 ], [ -0.7184273986, 52.802266569700002 ], [ -0.71801506, 52.806199765499997 ], [ -0.72547967, 52.811692165099998 ], [ -0.7227670983, 52.814135272 ], [ -0.7171387801, 52.814802773 ], [ -0.717620409, 52.816588006899998 ], [ -0.71471771, 52.817905121199999 ], [ -0.7216553783, 52.821683930799999 ], [ -0.7212522119, 52.8263184463 ], [ -0.7261783564, 52.829410033 ], [ -0.7280335935, 52.832971991100003 ], [ -0.7308654946, 52.833595637400002 ], [ -0.7296174878, 52.835667972800003 ], [ -0.7384345331, 52.840823354400001 ], [ -0.7383946779, 52.843223258800002 ], [ -0.7351510839, 52.844735029799999 ], [ -0.7428410487, 52.845553874399997 ], [ -0.7495398258, 52.848582287500001 ], [ -0.7481626962, 52.851543480499998 ], [ -0.749220484, 52.852975041599997 ], [ -0.7389962742, 52.859357670599998 ], [ -0.7369589834, 52.863021906500002 ], [ -0.7390530682, 52.866622162100001 ], [ -0.7383562911, 52.871181658499999 ], [ -0.7429522536, 52.874089191700001 ], [ -0.7521556412, 52.8754268486 ], [ -0.7518580116, 52.878030800799998 ], [ -0.7596353613, 52.879388838700002 ], [ -0.7605645809, 52.8811965214 ], [ -0.7599825884, 52.882844591500003 ], [ -0.7581075628, 52.882932882200002 ], [ -0.7548613075, 52.890423455099999 ], [ -0.7511602158, 52.891975818699997 ], [ -0.7507139168, 52.894056784500002 ], [ -0.7464774674, 52.894569533099997 ], [ -0.7446374211, 52.899602430800002 ], [ -0.7396687273, 52.903297993199999 ], [ -0.7400223315, 52.906997214299999 ], [ -0.7463459537, 52.907369761600002 ], [ -0.7506898892, 52.915569337199997 ], [ -0.7446530683, 52.9206659022 ], [ -0.7468546708, 52.924779529299997 ], [ -0.74667461, 52.927924082099999 ], [ -0.7483487713, 52.928678894900003 ], [ -0.7469880711, 52.933555036900003 ], [ -0.7600495291, 52.939868043499999 ], [ -0.7617364275, 52.942285913799999 ], [ -0.7708546771, 52.942955906500003 ], [ -0.773009747, 52.944632298499997 ], [ -0.7845797145, 52.942809373700001 ], [ -0.7994911198, 52.9514113137 ], [ -0.7989161134, 52.954974445799998 ], [ -0.8006814536, 52.956808202799998 ], [ -0.792676522, 52.958803811099997 ], [ -0.7916367782, 52.960321508200003 ], [ -0.7927599652, 52.9643603353 ], [ -0.7907724613, 52.967288778799997 ], [ -0.7867816394, 52.9683628517 ], [ -0.7829939353, 52.973861834600001 ], [ -0.7750329543, 52.977322047500003 ], [ -0.7745763973, 52.978719745600003 ], [ -0.7763859049, 52.980041895799999 ], [ -0.7758345732, 52.985322172300002 ], [ -0.7712046126, 52.986272303 ], [ -0.7703223415, 52.989014046299999 ], [ -0.7610187855, 52.988234253199998 ], [ -0.7628156857, 52.991039786100004 ], [ -0.7574777563, 52.9994974261 ], [ -0.7616669986, 53.002031278899999 ], [ -0.7610607324, 53.003948768500003 ], [ -0.7639660394, 53.011278657299997 ], [ -0.7673710957, 53.016276317100001 ], [ -0.7707504007, 53.016437144400001 ], [ -0.7724309367, 53.012373953599997 ], [ -0.7775732231, 53.0114598304 ], [ -0.7758343253, 53.009437384 ], [ -0.7768368513, 53.008373191799997 ], [ -0.7827557144, 53.006186486799997 ], [ -0.8025895017, 53.008437471299999 ], [ -0.8087274921, 53.015025615 ], [ -0.815182095, 53.016654286 ], [ -0.8178783985, 53.0194499288 ], [ -0.8160431894, 53.021139712599997 ], [ -0.8091220791, 53.021268398 ], [ -0.8076591937, 53.024579920100003 ], [ -0.8019198045, 53.028315893600002 ], [ -0.7992467437, 53.032756781700002 ], [ -0.7875759503, 53.035739873300003 ], [ -0.7855084755, 53.0413822736 ], [ -0.779610595, 53.042130993100002 ], [ -0.7735385441, 53.034292487099997 ], [ -0.7711154029, 53.0345461621 ], [ -0.77183591, 53.038580978399999 ], [ -0.7759985093, 53.040637562100002 ], [ -0.7757693189, 53.042936558800001 ], [ -0.7723890485, 53.043261316399999 ], [ -0.7714588016, 53.048699451700003 ], [ -0.7644106044, 53.054155112799997 ], [ -0.7669897584, 53.054748214599996 ], [ -0.7685199054, 53.057074401100003 ], [ -0.7656302341, 53.057943426400001 ], [ -0.7652016174, 53.061975332700001 ], [ -0.7676207784, 53.062962302099997 ], [ -0.7653946432, 53.065663089899999 ], [ -0.7657323578, 53.071599753800001 ], [ -0.7452195263, 53.076886915 ], [ -0.7441614071, 53.080417674400003 ], [ -0.7401916861, 53.081391552500001 ], [ -0.7381854312, 53.0892387926 ], [ -0.7491435603, 53.094508524799998 ], [ -0.7493706942, 53.096420119199998 ], [ -0.7458337751, 53.099412408699997 ], [ -0.7497598494, 53.102573098800001 ], [ -0.7496066472, 53.104252521200003 ], [ -0.7450231464, 53.101606320599998 ], [ -0.7333892143, 53.100026791700003 ], [ -0.7309713053, 53.098445836099998 ], [ -0.7257390488, 53.099621524 ], [ -0.719186007, 53.105025886599996 ], [ -0.7123659499, 53.106309752800001 ], [ -0.7116481933, 53.108333644799998 ], [ -0.7161505172, 53.111151085899998 ], [ -0.7143721193, 53.115177225799997 ], [ -0.7177934066, 53.117991909700002 ], [ -0.7118813087, 53.118530401400001 ], [ -0.7106875046, 53.122472911199999 ], [ -0.7150875828, 53.1262601496 ], [ -0.7194386585, 53.126693573200001 ], [ -0.7209108137, 53.131977296899997 ], [ -0.7130019656, 53.1340405985 ], [ -0.7084442782, 53.132498981799998 ], [ -0.7081448259, 53.134509403899997 ], [ -0.7063188994, 53.135082895899998 ], [ -0.7070251603, 53.136951412599998 ], [ -0.7054283859, 53.140341121799999 ], [ -0.6998324647, 53.141484767800002 ], [ -0.686390166, 53.147917649599997 ], [ -0.6833757631, 53.146742685200003 ], [ -0.6830605618, 53.149714758899997 ], [ -0.6707334099, 53.148445128 ], [ -0.6708066371, 53.153821732799997 ], [ -0.672706848, 53.155245301199997 ], [ -0.6606393705, 53.1614478937 ], [ -0.6608348763, 53.163337884599997 ], [ -0.6717898283, 53.166543991099999 ], [ -0.668566906, 53.171110681899997 ], [ -0.6695382968, 53.172595826 ], [ -0.6825419624, 53.1739810702 ], [ -0.6819535021, 53.175610492300002 ], [ -0.67434418, 53.176856521300003 ], [ -0.6800059446, 53.177153114399999 ], [ -0.6817339608, 53.177891412400001 ], [ -0.6813657544, 53.179163855299997 ], [ -0.6862839427, 53.177851775 ], [ -0.6884715417, 53.180454189499997 ], [ -0.6883804865, 53.183682124299999 ], [ -0.6920143383, 53.184261444400001 ], [ -0.690361983, 53.186841271200002 ], [ -0.6916628459, 53.187943296599997 ], [ -0.6944739906, 53.189506173799998 ], [ -0.7068409383, 53.190365335700001 ], [ -0.7174016748, 53.202988504499999 ], [ -0.7191673003, 53.213691379 ], [ -0.7168458559, 53.2212175632 ], [ -0.705018293, 53.2309780657 ], [ -0.6925502193, 53.2369918658 ], [ -0.6869929213, 53.242324467899998 ], [ -0.684389354, 53.2490378615 ], [ -0.6871079353, 53.253255812299997 ], [ -0.6972888547, 53.258581327100003 ], [ -0.7057265745, 53.266601900799998 ], [ -0.7073666163, 53.272876314400001 ], [ -0.7216742712, 53.290928373699998 ], [ -0.7315853866, 53.292634281399998 ], [ -0.7413499766, 53.291694950299998 ], [ -0.7454608075, 53.292718068 ], [ -0.7467554386, 53.294619436 ], [ -0.7427756892, 53.293723596600003 ], [ -0.7367277109, 53.296320544300002 ], [ -0.7348804781, 53.299932659200003 ], [ -0.7260880954, 53.299902016600001 ], [ -0.730378086, 53.316146515600003 ], [ -0.7390167792, 53.331690723100003 ], [ -0.7396768006, 53.3347720302 ], [ -0.7374060664, 53.337417843 ], [ -0.7396017495, 53.339355767400001 ], [ -0.7443859559, 53.339082584300002 ], [ -0.7476714487, 53.348951352100002 ], [ -0.7454197739, 53.350428884099998 ], [ -0.7489475831, 53.351544648500003 ], [ -0.7431515938, 53.356544703399997 ], [ -0.7430026717, 53.359563520099996 ], [ -0.7411076494, 53.3606402371 ], [ -0.7420755833, 53.3634910396 ], [ -0.7496118251, 53.3699166062 ], [ -0.74832281, 53.370819998599998 ], [ -0.7499464353, 53.3759428826 ], [ -0.7560410892, 53.377265027900002 ], [ -0.7571276216, 53.379703426900001 ], [ -0.7613135732, 53.382066138900001 ], [ -0.7612677401, 53.384681516500002 ], [ -0.7635330157, 53.387392760899999 ], [ -0.761968423, 53.392662184300001 ], [ -0.7646345415, 53.393561745500001 ], [ -0.7658239766, 53.396621371400002 ], [ -0.7634300989, 53.399823716100002 ], [ -0.7642485084, 53.40428182 ], [ -0.7626715464, 53.404714949899997 ], [ -0.7628349342, 53.411009047 ], [ -0.752907109, 53.410438361499999 ], [ -0.7484673882, 53.404854596100002 ], [ -0.7448827879, 53.405518132799997 ], [ -0.7425188904, 53.403551604599997 ], [ -0.7304080349, 53.406650587 ], [ -0.7270836767, 53.404628590400002 ], [ -0.7164574894, 53.404335072599999 ], [ -0.7136658432, 53.4121076598 ], [ -0.7045490572, 53.412584430800003 ], [ -0.702079696, 53.413636325600002 ], [ -0.7022815569, 53.415409365499997 ], [ -0.6938521342, 53.411101566799999 ], [ -0.6921048336, 53.4131319858 ], [ -0.6844177132, 53.414557747800004 ], [ -0.680775995, 53.411659005499999 ], [ -0.6802338045, 53.406816809299997 ], [ -0.672582555, 53.408080397 ], [ -0.6658852253, 53.404805596400003 ], [ -0.6572958441, 53.405284645 ], [ -0.6562196323, 53.400292487100003 ], [ -0.6461684651, 53.396619203599997 ], [ -0.6472932451, 53.394348672100001 ], [ -0.6416901025, 53.391786042100001 ], [ -0.6446890213, 53.390166088800001 ], [ -0.6445818028, 53.388807488 ], [ -0.6339768503, 53.387050551199998 ], [ -0.6319933205, 53.384663677500001 ], [ -0.6252112387, 53.386095983600001 ], [ -0.6223552909, 53.382341483 ], [ -0.6190886402, 53.382932998299999 ], [ -0.6163420933, 53.3860294881 ], [ -0.598163004, 53.391993112100003 ], [ -0.5963232705, 53.390775915699997 ], [ -0.5909991854, 53.391252568500001 ], [ -0.5854960955, 53.393497741099999 ], [ -0.5736288958, 53.384547006600002 ], [ -0.5639929151, 53.371531705899997 ], [ -0.5623636836, 53.359205578199997 ], [ -0.5641103344, 53.357311854599999 ], [ -0.563311936, 53.3524569414 ], [ -0.5647732303, 53.350550782900001 ], [ -0.5623419154, 53.339311675600001 ], [ -0.5596858355, 53.338794216499998 ], [ -0.5584161089, 53.3354707612 ], [ -0.5426922009, 53.334578588900001 ], [ -0.5218211633, 53.338367150700002 ], [ -0.5224756367, 53.340290020300003 ], [ -0.5200672296, 53.342174940900001 ], [ -0.508489271, 53.342516230100003 ], [ -0.4946125973, 53.34457139 ], [ -0.4910914569, 53.347295696300002 ], [ -0.485941624, 53.346789959100001 ], [ -0.4867430568, 53.348337360499997 ], [ -0.4822666378, 53.349170479900003 ], [ -0.4832147245, 53.351241136799999 ], [ -0.4732407485, 53.354547964200002 ], [ -0.471950894, 53.357003580600001 ], [ -0.4736591363, 53.359659372400003 ], [ -0.4676095422, 53.361577533499997 ], [ -0.4621814334, 53.366254198199996 ], [ -0.455960855, 53.366209851599997 ], [ -0.4524360645, 53.362280717600001 ], [ -0.4452550721, 53.3622143634 ], [ -0.444263573, 53.359729313300001 ], [ -0.436368326, 53.3594823074 ], [ -0.4339536775, 53.360583336300003 ], [ -0.4350259989, 53.361667161100002 ], [ -0.4338726278, 53.362793709100004 ], [ -0.4265361786, 53.362049969700003 ], [ -0.4191121916, 53.363677871299998 ], [ -0.4186710686, 53.365038446100002 ], [ -0.4033302523, 53.366542244100003 ], [ -0.3804817779, 53.365838871599998 ], [ -0.3760237283, 53.366479491699998 ], [ -0.3717310491, 53.370268578400001 ], [ -0.3597029078, 53.371919804800001 ], [ -0.3564431742, 53.373816732400002 ], [ -0.3452168622, 53.373355981800003 ], [ -0.3434497274, 53.374733860299997 ], [ -0.3200526275, 53.376420562699998 ], [ -0.3165803026, 53.376030035399999 ], [ -0.3164508195, 53.373214429800001 ], [ -0.3132895812, 53.370284101400003 ], [ -0.3063279847, 53.367686377399998 ], [ -0.3026255261, 53.368568715199999 ], [ -0.2987413512, 53.365708615499997 ], [ -0.289382605, 53.368217839 ], [ -0.2805968228, 53.366922928500003 ], [ -0.2748822602, 53.3632805162 ], [ -0.2665027215, 53.363860305800003 ], [ -0.2555729712, 53.367261019600001 ], [ -0.25234774, 53.366009276900002 ], [ -0.2431824893, 53.366665750499998 ], [ -0.2352430708, 53.371115454799998 ], [ -0.2292301025, 53.372572650400002 ], [ -0.2273876649, 53.375673764299997 ], [ -0.2208596782, 53.3785522517 ], [ -0.2264146038, 53.3839355649 ], [ -0.2293150636, 53.391377498200001 ], [ -0.2182638515, 53.392262734399999 ], [ -0.1924041349, 53.3902154938 ], [ -0.1790409881, 53.395617898 ], [ -0.1635690591, 53.390461383199998 ], [ -0.1471203954, 53.389511752 ], [ -0.1341051784, 53.395447098399998 ], [ -0.133340259, 53.398831857799998 ], [ -0.1201375571, 53.406639136599999 ], [ -0.1157943046, 53.414355089700003 ], [ -0.1152770425, 53.419136334699999 ], [ -0.1094800443, 53.416251923600001 ], [ -0.0970647238, 53.415058850400001 ], [ -0.0918810853, 53.411382846199999 ], [ -0.0809063423, 53.407932347 ], [ -0.0778461168, 53.403439431800003 ], [ -0.0787233748, 53.401051572299998 ], [ -0.076181163, 53.392764702500003 ], [ -0.0732857487, 53.388915686399997 ], [ -0.0692193164, 53.387128074 ], [ -0.0833285359, 53.380690595899999 ], [ -0.0937902839, 53.378078717699999 ], [ -0.1132739666, 53.364816249299999 ], [ -0.1135554828, 53.358804 ], [ -0.1084741615, 53.342134748399999 ], [ -0.1099110436, 53.331931141299997 ], [ -0.113283431, 53.325926139800004 ], [ -0.1032942439, 53.3232918295 ], [ -0.095159928, 53.314619300499999 ], [ -0.0804982043, 53.309563189 ], [ -0.0640698769, 53.299329283500001 ], [ -0.0612317357, 53.300298238899998 ], [ -0.0542522265, 53.307299424699998 ], [ -0.033200026, 53.310790311300003 ], [ -0.0235820968, 53.314037089 ], [ -0.015336616, 53.318473379 ], [ -0.0095468507, 53.3191142915 ], [ -0.0013570014, 53.325612119 ], [ 0.0082141919, 53.339082882699998 ], [ 0.0054442729, 53.344422011500001 ], [ -0.0031983169, 53.351365208399997 ], [ -0.003433819, 53.356024161199997 ], [ -0.0079973524, 53.359620842200002 ], [ 0.026261556, 53.372745602400002 ], [ 0.0429776108, 53.381422193100001 ], [ 0.0468964086, 53.386964746300002 ], [ 0.0585874244, 53.3961778177 ], [ 0.0561063111, 53.399638351500002 ], [ 0.05876774, 53.402655321600001 ], [ 0.0655472804, 53.406168851700002 ], [ 0.0722180672, 53.405634081800002 ], [ 0.0716083942, 53.407442934099997 ], [ 0.0809595741, 53.412558436899999 ], [ 0.0847767447, 53.413338085699998 ], [ 0.0920052023, 53.409858244399999 ], [ 0.1006532432, 53.413115731799998 ], [ 0.1305774913, 53.438441763599997 ], [ 0.1508996093, 53.440959634 ], [ 0.1632132187, 53.436277494099997 ], [ 0.1731007733, 53.439863968200001 ], [ 0.1751842255, 53.436756452300003 ], [ 0.20086287, 53.418079981699996 ], [ 0.1921579047, 53.418239079700001 ], [ 0.1894260875, 53.417925768499998 ], [ 0.1957340639, 53.417804965 ], [ 0.1936346855, 53.416039085400001 ], [ 0.1946532492, 53.414359083400001 ], [ 0.2257336161, 53.382889714699999 ], [ 0.2361580229, 53.370161510499997 ], [ 0.256308163, 53.350445107200002 ], [ 0.2594534638, 53.350386157199999 ], [ 0.2737635575, 53.332445230399998 ], [ 0.2890879229, 53.3056514807 ], [ 0.3156290259, 53.277227498599999 ], [ 0.3364581454, 53.241643396900002 ], [ 0.3401149259, 53.233273942700002 ], [ 0.3391269227, 53.22951859 ], [ 0.3402883868, 53.220925661599999 ], [ 0.3555792328, 53.191972467600003 ], [ 0.3493060094, 53.147443763200002 ], [ 0.3458298449, 53.147585225699999 ], [ 0.3425363271, 53.129795444199999 ], [ 0.3371297138, 53.1283872371 ], [ 0.3337349314, 53.118437770100002 ], [ 0.3251446799, 53.1026392984 ], [ 0.3245159236, 53.103110937399997 ], [ 0.3146986898, 53.101559890700003 ], [ 0.3136548027, 53.103281816900001 ], [ 0.308783267, 53.105398811800001 ], [ 0.3084716251, 53.1078924706 ], [ 0.307309174, 53.109827135899998 ], [ 0.3052683101, 53.110929303399999 ], [ 0.303714614, 53.111436151100001 ], [ 0.3070921894, 53.109934049099998 ], [ 0.3085755188, 53.105522827800002 ], [ 0.3144016097, 53.101632723599998 ], [ 0.314918891, 53.101440943199997 ], [ 0.3155972575, 53.101421108499999 ], [ 0.3176906096, 53.101936036399998 ], [ 0.3188165472, 53.101525353900001 ], [ 0.319727198, 53.098408258699997 ], [ 0.3187036811, 53.097684620300001 ], [ 0.3203171246, 53.095761050599997 ], [ 0.3089316605, 53.094717491899999 ], [ 0.2944370765, 53.088647866300001 ], [ 0.2557923859, 53.066665389599997 ], [ 0.2361923748, 53.053685765200001 ], [ 0.2294102752, 53.052680182499998 ], [ 0.2213760161, 53.0451864351 ], [ 0.2059729557, 53.036775019300002 ], [ 0.1938777388, 53.033147610100002 ], [ 0.188066358, 53.035282238500002 ], [ 0.1759450097, 53.029640000100002 ], [ 0.1705245401, 53.022005913900003 ], [ 0.1670676252, 53.021314848499998 ], [ 0.1641574641, 53.018325324300001 ], [ 0.1582460256, 53.017966592100002 ], [ 0.1559134832, 53.014938420199996 ], [ 0.1375299884, 53.004467943599998 ], [ 0.1390634535, 53.001255795699997 ], [ 0.1304866132, 52.995220900699998 ], [ 0.1283460559, 52.991897953799999 ], [ 0.1222295428, 52.989815310600001 ], [ 0.1167221273, 52.981635473499999 ], [ 0.1124104498, 52.980142358800002 ], [ 0.1009571382, 52.970554124499998 ], [ 0.0944254833, 52.9709241527 ], [ 0.0876925314, 52.964201603600003 ], [ 0.0796111754, 52.961943246399997 ], [ 0.0762112651, 52.9573915681 ], [ 0.0758569601, 52.951416525900001 ], [ 0.0694211148, 52.949103927099998 ], [ 0.07012044, 52.945904143 ], [ 0.0649485608, 52.9413818652 ], [ 0.0636186026, 52.9377517641 ], [ 0.0592478832, 52.934949051899999 ], [ 0.0606957963, 52.930878331 ], [ 0.0448911007, 52.932784446500001 ], [ 0.031572548, 52.939146928200003 ], [ 0.025219099, 52.939599044300003 ], [ -0.0107471098, 52.967701413 ], [ -0.0189528854, 52.969229504399998 ], [ -0.0197895628, 52.968610428799998 ], [ -0.015129617, 52.967856330300002 ], [ -0.0248472164, 52.967172550599997 ], [ -0.0254092719, 52.970192830899997 ], [ -0.0222918239, 52.972240329100003 ], [ -0.0217477463, 52.973225679099997 ], [ -0.0240105564, 52.975011474600002 ], [ -0.0235601028, 52.976792633400002 ], [ -0.0294531883, 52.981675075399998 ], [ -0.0299508555, 52.981416348099998 ], [ -0.0239690623, 52.976658903400001 ], [ -0.0244145376, 52.974876506100003 ], [ -0.022212133, 52.9731494993 ], [ -0.0258644814, 52.970428027499999 ], [ -0.0260703926, 52.966554782400003 ], [ -0.0104738365, 52.966859858600003 ], [ 0.0228691148, 52.9398814169 ], [ 0.0213723078, 52.939743777 ], [ 0.0223679236, 52.938071722499998 ], [ 0.0330376161, 52.9327681627 ], [ 0.0352732187, 52.929063622699999 ], [ 0.0247334195, 52.923533954500002 ], [ 0.0237466481, 52.920793934 ], [ 0.0110584188, 52.916958260299999 ], [ 0.0194390374, 52.9136721044 ], [ 0.0180318569, 52.910789477199998 ], [ 0.00005694358965, 52.8960262015 ], [ -0.0046163733, 52.8951556588 ], [ -0.0014734353, 52.893130116800002 ], [ -0.0016384218, 52.8908401614 ], [ -0.0050405618, 52.888391216300001 ], [ -0.002422217, 52.887430392799999 ], [ -0.007779079, 52.886218712400002 ], [ -0.0055181252, 52.887606694299997 ], [ -0.007899862, 52.8864615305 ], [ -0.0078293683, 52.886192017200003 ], [ -0.0073045152, 52.886172990399999 ], [ -0.0069224911, 52.885624503400003 ], [ -0.0073066409, 52.885285487200001 ], [ -0.0110012868, 52.883695618300003 ], [ -0.0097238425, 52.885524604399997 ], [ -0.0164353468, 52.882081541399998 ], [ -0.011277856, 52.884482610799999 ], [ -0.0117608744, 52.883318083699997 ], [ -0.0380063453, 52.872612470299998 ], [ -0.0697407871, 52.864389189599997 ], [ -0.081787508, 52.856377377400001 ], [ -0.090303014, 52.853616434 ], [ -0.101074155, 52.845840195400001 ], [ -0.0972813434, 52.847151898100002 ], [ -0.0969614849, 52.844885520699997 ], [ -0.1235356946, 52.815272305900002 ], [ -0.1352473451, 52.799711236500002 ], [ -0.132652125, 52.799591871600001 ], [ -0.1332819697, 52.801148793099998 ], [ -0.1236290226, 52.814481535399999 ], [ -0.0967882834, 52.843701599100001 ], [ -0.0957604334, 52.848306538 ], [ -0.090030171, 52.853138520599998 ], [ -0.0821387874, 52.855699889199997 ], [ -0.0696984506, 52.863792153799999 ], [ -0.0654597516, 52.865400902899999 ], [ -0.0381548098, 52.871684467100003 ], [ -0.0278881133, 52.874730847199999 ], [ -0.0317318832, 52.874185741799998 ], [ 0.0055256194, 52.890076867600001 ], [ 0.0212704255, 52.893215167699999 ], [ 0.0284598458, 52.896594715600003 ], [ 0.0412728738, 52.896375176399999 ], [ 0.0474848856, 52.8977705219 ], [ 0.046582904, 52.890840575699997 ], [ 0.0362487867, 52.888204383199998 ], [ 0.0219339242, 52.879946995200001 ], [ 0.0256094638, 52.873675840700002 ], [ 0.0146657725, 52.867555807199999 ], [ 0.0132853472, 52.865303817700003 ], [ 0.0183027903, 52.858696017699998 ], [ 0.0146244112, 52.843693662900002 ], [ 0.0184440223, 52.8394694825 ], [ 0.0275488047, 52.838177877200003 ], [ 0.0283326723, 52.833934910799996 ], [ 0.0371584104, 52.832586817500001 ], [ 0.0461550404, 52.839543378800002 ], [ 0.0523700036, 52.839093731 ], [ 0.0548646627, 52.837463968100003 ], [ 0.0490737521, 52.828938682 ], [ 0.0513391965, 52.8237408759 ], [ 0.0647000416, 52.8221439983 ], [ 0.0658674052, 52.814345525199997 ], [ 0.0571662307, 52.812814643 ], [ 0.0515781171, 52.808931600100003 ], [ 0.0419965388, 52.808837798699997 ], [ 0.0330706292, 52.805304317400001 ], [ 0.031910782, 52.804197348400002 ], [ 0.0345356042, 52.799185808700003 ], [ 0.0330381623, 52.795068763800003 ], [ 0.0457104643, 52.791184773099999 ], [ 0.0521195761, 52.791189054599997 ], [ 0.0596326598, 52.793486576299998 ], [ 0.0615483349, 52.797014632500002 ], [ 0.0642894784, 52.797498612299997 ], [ 0.1062810821, 52.7913099453 ], [ 0.1162328621, 52.788858255800001 ], [ 0.1184327215, 52.785564738399998 ], [ 0.1231386151, 52.784891221199999 ], [ 0.1279174996, 52.781280960499998 ], [ 0.1536165858, 52.778707005299999 ], [ 0.1948527047, 52.766699392100001 ], [ 0.1722461903, 52.739500876599998 ], [ 0.1480476186, 52.737021486700002 ], [ 0.1454003642, 52.722130803200002 ], [ 0.1377866911, 52.716265522800001 ], [ 0.1364883689, 52.711478449099999 ], [ 0.1324480286, 52.708239481699998 ], [ 0.1336204888, 52.702779852799999 ], [ 0.1302454917, 52.6949644277 ], [ 0.135633167, 52.689201525199998 ], [ 0.1370212725, 52.683661578500001 ], [ 0.1438052918, 52.675957468299998 ], [ 0.1522123066, 52.675798404200002 ], [ 0.1553930408, 52.6727968748 ], [ 0.1591763923, 52.6669016098 ], [ 0.1579540262, 52.6651145509 ], [ 0.1508797463, 52.662742577 ], [ 0.1295923593, 52.661799050500001 ], [ 0.1251351555, 52.663409199299998 ], [ 0.1195948337, 52.663075467399999 ], [ 0.1047014467, 52.653843949100001 ], [ 0.0834213599, 52.647581536300002 ], [ 0.0784674344, 52.642657859499998 ], [ 0.0605068456, 52.631333965099998 ], [ 0.0731038167, 52.615931353800001 ], [ 0.0643634436, 52.610796269799998 ], [ 0.0613376771, 52.606657870799999 ], [ 0.0390670596, 52.602274342800001 ], [ -0.1206983995, 52.577461554800003 ], [ -0.124276459, 52.576410178499998 ], [ 0.0395222899, 52.602059400400002 ], [ 0.0616554477, 52.606448464300001 ], [ 0.0636491289, 52.602050416300003 ], [ 0.0621689602, 52.590705207900001 ], [ 0.1133174499, 52.576365116 ], [ 0.1167602878, 52.580344795599999 ], [ 0.1059418613, 52.583913364799997 ], [ 0.1050495782, 52.587974095 ], [ 0.1110800876, 52.598557653299999 ], [ 0.1165314677, 52.604179123800002 ], [ 0.1232159908, 52.603502802500003 ], [ 0.1269858903, 52.607748946299999 ], [ 0.1377470017, 52.606281181100002 ], [ 0.1520617004, 52.621141684500003 ], [ 0.1690757594, 52.619145404500003 ], [ 0.1813778224, 52.624341476 ], [ 0.2034620479, 52.622776539299998 ], [ 0.2106183257, 52.618996409099999 ], [ 0.2187558201, 52.622114623199998 ], [ 0.2233603929, 52.619369976500003 ], [ 0.2282048388, 52.619162733400003 ], [ 0.2348455443, 52.609737927099999 ], [ 0.2440313201, 52.609253336099997 ], [ 0.2512776852, 52.60510603 ], [ 0.2597824297, 52.604227284099998 ], [ 0.3363463751, 52.689643322199998 ], [ 0.3520748193, 52.703898162500003 ], [ 0.3500691199, 52.700230808400001 ], [ 0.3449288794, 52.697192665300001 ], [ 0.3362919847, 52.688285702899996 ], [ 0.2605961793, 52.6024751243 ], [ 0.2942129521, 52.584798619099999 ], [ 0.3094599594, 52.583990721200003 ], [ 0.3204915537, 52.586424026499998 ], [ 0.3348480256, 52.5868024221 ], [ 0.3402574733, 52.589285780300003 ], [ 0.3401279505, 52.582970773100001 ], [ 0.2601104333, 52.511511671199997 ], [ 0.1408559252, 52.421897559800001 ], [ 0.1149196754, 52.410542309599997 ], [ 0.1071909381, 52.404704801100003 ], [ 0.0999699734, 52.398600744699998 ], [ 0.0932354237, 52.390881454 ], [ 0.0447472529, 52.353702309 ], [ 0.0276555197, 52.353322118800001 ], [ 0.030097973, 52.352622936400003 ], [ 0.0259287996, 52.351223539800003 ], [ 0.00955571, 52.341860093400001 ], [ 0.008873036, 52.3409963334 ], [ 0.0086204616, 52.335325468100002 ], [ 0.0096498648, 52.341537604300001 ], [ 0.0265323237, 52.351127862299997 ], [ 0.0350823519, 52.353302766699997 ], [ 0.0452587844, 52.352505569500003 ], [ 0.0638842888, 52.363371394600001 ], [ 0.087430541, 52.369992261299998 ], [ 0.100330532, 52.3701809915 ], [ 0.10233112, 52.368339776900001 ], [ 0.1038941001, 52.365051943399997 ], [ 0.1027382983, 52.355390263899999 ], [ 0.0984256967, 52.353622744399999 ], [ 0.09871496, 52.348902611900002 ], [ 0.1037658359, 52.347525193899997 ], [ 0.117628588, 52.349842078400002 ], [ 0.1176698313, 52.355564388099999 ], [ 0.1107897282, 52.3625594365 ], [ 0.109240352, 52.368326448300003 ], [ 0.1149791632, 52.370777150400002 ], [ 0.1403851463, 52.373406877 ], [ 0.1459442206, 52.376885018 ], [ 0.1473382357, 52.382962139900002 ], [ 0.1367478346, 52.387405674 ], [ 0.1145051949, 52.383685698400001 ], [ 0.1046880836, 52.385448734599997 ], [ 0.1004227992, 52.393170720400001 ], [ 0.0996672843, 52.3980068778 ], [ 0.112228424, 52.408276211500002 ], [ 0.1251699742, 52.3947115482 ], [ 0.1373820825, 52.391506844 ], [ 0.1729452156, 52.389279391899997 ], [ 0.1774823385, 52.393771606599998 ], [ 0.19060858, 52.3959041086 ], [ 0.1954146652, 52.399998965599998 ], [ 0.2094474597, 52.396192474599999 ], [ 0.214649365, 52.3926460267 ], [ 0.2159255703, 52.388443208200002 ], [ 0.2196618303, 52.389235617399997 ], [ 0.2233437027, 52.392402457499998 ], [ 0.2208605197, 52.396204892100002 ], [ 0.2223709046, 52.4025595512 ], [ 0.2267683765, 52.402905936 ], [ 0.2246959868, 52.399275034399999 ], [ 0.2279471798, 52.398807981899999 ], [ 0.2438124512, 52.405591554899999 ], [ 0.2426314753, 52.410348566800003 ], [ 0.2457989871, 52.416824523700001 ], [ 0.2448991482, 52.424508879400001 ], [ 0.2419916617, 52.426434503800003 ], [ 0.2246319771, 52.4276777225 ], [ 0.2000610635, 52.4256338179 ], [ 0.2005103787, 52.428245994100003 ], [ 0.2049019783, 52.432499817 ], [ 0.238454863, 52.438224614 ], [ 0.2473012756, 52.438390010900001 ], [ 0.2534035618, 52.435534366299997 ], [ 0.2586683817, 52.436093996300002 ], [ 0.2615406011, 52.438333738099999 ], [ 0.2521519958, 52.445712934200003 ], [ 0.249778813, 52.452785402 ], [ 0.2617987649, 52.4597624791 ], [ 0.2786210706, 52.4598626939 ], [ 0.2912835639, 52.463396305899998 ], [ 0.3006952318, 52.461569301499999 ], [ 0.3057645171, 52.467926066499999 ], [ 0.3112770347, 52.471326078700002 ], [ 0.311489979, 52.473951258 ], [ 0.3051090942, 52.478584690700004 ], [ 0.2921852717, 52.481118233899998 ], [ 0.2925579209, 52.486362789700003 ], [ 0.2968782373, 52.487711061200002 ], [ 0.2985296856, 52.490554836500003 ], [ 0.2983425731, 52.493148953199999 ], [ 0.2927423745, 52.497154177900001 ], [ 0.2938286363, 52.501654520800003 ], [ 0.290446041, 52.502993619800002 ], [ 0.2787806663, 52.502735629199996 ], [ 0.2705678021, 52.507096077299998 ], [ 0.264263052, 52.508476956499997 ], [ 0.26096342, 52.511878437699998 ], [ 0.3421902839, 52.583894117699998 ], [ 0.3416033804, 52.590439856700002 ], [ 0.3539979004, 52.597441249900001 ], [ 0.3649675313, 52.610297502599998 ], [ 0.3634348524, 52.621882887300004 ], [ 0.366402695, 52.625102901399998 ], [ 0.3655863418, 52.628371246500002 ], [ 0.3678348155, 52.632606994500001 ], [ 0.3687210518, 52.641551886 ], [ 0.3661090427, 52.646229553399998 ], [ 0.3666684422, 52.654647869500003 ], [ 0.3611563717, 52.666513705200003 ], [ 0.3732583812, 52.687586959500003 ], [ 0.3719700323, 52.6932383702 ], [ 0.3622251747, 52.699063350800003 ], [ 0.3563835197, 52.706087494499997 ], [ 0.3545256006, 52.713927653500001 ], [ 0.3582673573, 52.719641251600002 ], [ 0.3736043892, 52.7303538886 ], [ 0.3766473439, 52.729681634599999 ], [ 0.3757967719, 52.731466537700001 ], [ 0.3922802144, 52.743978200299999 ], [ 0.3953652681, 52.749019092399998 ], [ 0.3964522749, 52.748519904399998 ], [ 0.3950867829, 52.749278142199998 ], [ 0.39457191, 52.7480811171 ], [ 0.3941154926, 52.7498212661 ], [ 0.3966204472, 52.750412250300002 ], [ 0.393900707, 52.750103558699998 ], [ 0.392298332, 52.753471946799998 ], [ 0.3947854596, 52.753658143400003 ], [ 0.3922539015, 52.753665289300002 ], [ 0.3915782098, 52.758596491399999 ], [ 0.3895552722, 52.760945422699997 ], [ 0.3935053711, 52.760427951600001 ], [ 0.3889025765, 52.761931661399998 ], [ 0.3764174135, 52.781517538300001 ], [ 0.3808411136, 52.782912195500003 ], [ 0.3813661372, 52.788709506099998 ], [ 0.3748455489, 52.788821329599998 ], [ 0.3716903529, 52.7932365383 ], [ 0.3717943109, 52.801264079100001 ], [ 0.3764344706, 52.805782365299997 ], [ 0.3824210068, 52.808135584299997 ], [ 0.395876966, 52.8240698886 ], [ 0.4249845898, 52.835049490300001 ], [ 0.4297671289, 52.832692301400002 ], [ 0.4326483771, 52.832444445299998 ], [ 0.4335211893, 52.834512600899998 ], [ 0.4374904059, 52.831919723399999 ], [ 0.4435296033, 52.8323388576 ], [ 0.4557487314, 52.829475040200002 ], [ 0.4644305517, 52.825221426600002 ], [ 0.465485182, 52.822523315200002 ], [ 0.4766951658, 52.824768067599997 ], [ 0.4875366063, 52.824227862400001 ], [ 0.506606485, 52.832334167100001 ], [ 0.5557043694, 52.837178142699997 ], [ 0.5469170627, 52.842502208699997 ], [ 0.5475154257, 52.849323163800001 ], [ 0.5280267415, 52.849968530600002 ], [ 0.5249919971, 52.8520415212 ], [ 0.51623402, 52.853640710599997 ], [ 0.5086505892, 52.847926988799998 ], [ 0.5038675831, 52.846606833499997 ], [ 0.5001841856, 52.8477332346 ], [ 0.4995255272, 52.851235392100001 ], [ 0.4953382751, 52.8533625516 ], [ 0.4901101119, 52.8501396212 ], [ 0.480394621, 52.850984668099997 ], [ 0.4809069101, 52.8498124507 ], [ 0.4765421506, 52.849541947299997 ], [ 0.4762353146, 52.8478076233 ], [ 0.4714835592, 52.846090360399998 ], [ 0.464488466, 52.851682308299999 ], [ 0.4611702195, 52.851491517900001 ], [ 0.4577704084, 52.8481410666 ], [ 0.4557570492, 52.848286298 ], [ 0.4552534152, 52.845568106 ], [ 0.4525313201, 52.846004184900004 ], [ 0.4531082346, 52.844254595599999 ], [ 0.4489205097, 52.845738104200002 ], [ 0.4465256826, 52.848599604100002 ], [ 0.4482361207, 52.847878200899999 ], [ 0.4486760842, 52.852771014399998 ], [ 0.4477233346, 52.859853632799997 ], [ 0.446753715, 52.859980441099999 ], [ 0.4459569552, 52.8503954169 ], [ 0.4449081796, 52.853548047899999 ], [ 0.4459296957, 52.864371676799998 ], [ 0.4433817143, 52.8676388847 ], [ 0.4453170151, 52.873946371099997 ], [ 0.461367266, 52.893185370300003 ], [ 0.471168506, 52.907793245 ], [ 0.4791792433, 52.931558374399998 ], [ 0.4917988359, 52.949140204599999 ], [ 0.4998393381, 52.943938168499997 ], [ 0.4985241705, 52.942554181399998 ], [ 0.4933914866, 52.9423383317 ], [ 0.4934997507, 52.939045141699999 ], [ 0.4954020115, 52.937962170399999 ], [ 0.4941750778, 52.935002731099999 ], [ 0.4961832645, 52.931885421 ], [ 0.5143189701, 52.933355168699997 ], [ 0.5306874086, 52.931550893100002 ], [ 0.5299785233, 52.934704083900002 ], [ 0.5342069824, 52.937284466500003 ], [ 0.5326387081, 52.938972380899997 ], [ 0.5335831139, 52.941379987 ], [ 0.5508615461, 52.947160502599999 ], [ 0.5653560813, 52.946075078299998 ], [ 0.5738772428, 52.947185556400001 ], [ 0.5850865424, 52.943938902299998 ], [ 0.5902594471, 52.949796741299998 ], [ 0.6133300653, 52.952186793300001 ], [ 0.6162360598, 52.951493401900002 ], [ 0.6200000382, 52.946770667599999 ], [ 0.6285511276, 52.9463839294 ], [ 0.6394011875, 52.950261605199998 ], [ 0.647413613, 52.949822515 ], [ 0.6504304193, 52.954601880699997 ], [ 0.6591849554, 52.957265649199996 ], [ 0.6670752838, 52.957484407400003 ], [ 0.695232983, 52.9727495136 ], [ 0.7203687721, 52.971616145600002 ], [ 0.7307339739, 52.972956529900003 ], [ 0.7353051496, 52.968114558700002 ], [ 0.7300856124, 52.963378780600003 ], [ 0.7294224102, 52.961820158899997 ], [ 0.7309211499, 52.96026005 ], [ 0.7452506226, 52.957268118 ], [ 0.7662424463, 52.956511367499999 ], [ 0.7690744413, 52.952362966400003 ], [ 0.7780255114, 52.951479547799998 ], [ 0.7821933666, 52.941958228 ], [ 0.7787843006, 52.9361481822 ], [ 0.7809953586, 52.934190090100003 ], [ 0.7886434103, 52.933471217 ], [ 0.7865321528, 52.931650403100001 ], [ 0.78560438, 52.926474693700001 ], [ 0.78668711, 52.9252623227 ], [ 0.7926476626, 52.922856262099998 ], [ 0.7983900415, 52.922613166300003 ], [ 0.8011022002, 52.918071095899997 ], [ 0.8061716383, 52.916404732899998 ], [ 0.8087999537, 52.911504762600003 ], [ 0.8240962006, 52.907922675499997 ], [ 0.825421937, 52.907954056299999 ], [ 0.825637614, 52.911950509699999 ], [ 0.8242052059, 52.913711107200001 ], [ 0.8261529477, 52.918035005699998 ], [ 0.8336699389, 52.921057101400002 ], [ 0.8351224368, 52.925068956700002 ], [ 0.8336325109, 52.925949794700003 ], [ 0.8388594591, 52.929421862399998 ], [ 0.840893296, 52.932754322800001 ], [ 0.8487924084, 52.934741227499998 ], [ 0.8525371045, 52.937367013299998 ], [ 0.8623386643, 52.935458602799997 ], [ 0.8712147152, 52.940262058400002 ], [ 0.8822908266, 52.941630366600002 ], [ 0.8896386376, 52.940876296299997 ], [ 0.8942211807, 52.938615523700001 ], [ 0.900447403, 52.940684743600002 ], [ 0.9025158801, 52.943565732099998 ], [ 0.9068606943, 52.9453119024 ], [ 0.9063066987, 52.946818201 ], [ 0.9166759251, 52.949585457 ], [ 0.917273456, 52.952268510099998 ], [ 0.9333144061, 52.952125210299997 ], [ 0.9379539274, 52.954672305700001 ], [ 0.9445814677, 52.955569293700002 ], [ 0.9496794602, 52.954993170599998 ], [ 0.9502639792, 52.953081235600003 ], [ 0.9539450461, 52.954221712699997 ], [ 0.9564275218, 52.957433218200002 ], [ 0.9591820947, 52.955467200599998 ], [ 0.9565061701, 52.951604113099997 ], [ 0.9576946758, 52.950693254400001 ], [ 0.9562452139, 52.947779797 ], [ 0.9572657477, 52.944409170900002 ], [ 0.9827307241, 52.933071133799999 ], [ 1.0035365182, 52.931989135099997 ], [ 1.0104596395, 52.929241910899997 ], [ 1.0119345224, 52.930121758799999 ], [ 1.0094988606, 52.931694284199999 ], [ 1.010300896, 52.933814205700003 ], [ 1.0087303579, 52.935202908800001 ], [ 1.0144536444, 52.940453349899997 ], [ 1.0122650446, 52.944087962300003 ], [ 1.0234006136, 52.947078309699997 ], [ 1.0256845408, 52.951642375200002 ], [ 1.0492579838, 52.9527480661 ], [ 1.0525543861, 52.949659810500002 ], [ 1.0585497132, 52.949379655100003 ], [ 1.0718729395, 52.9411580895 ], [ 1.0860257455, 52.944658030799999 ], [ 1.0875924296, 52.941991401700001 ], [ 1.1032504025, 52.935719882400001 ], [ 1.1040652267, 52.932964751299998 ], [ 1.1100036447, 52.929230183800001 ], [ 1.120034641, 52.929236791 ], [ 1.123578191, 52.9282263391 ], [ 1.1243090406, 52.926390538100001 ], [ 1.1296739372, 52.925260011600002 ], [ 1.1351085099, 52.926537510300001 ], [ 1.1360172756, 52.928608866799998 ], [ 1.145706286, 52.928415495099998 ], [ 1.1473939884, 52.929728705499997 ], [ 1.1555744139, 52.928639240899997 ], [ 1.1596550604, 52.925616976 ], [ 1.1696413292, 52.925224874 ], [ 1.1735210338, 52.922117550199999 ], [ 1.1838504295, 52.922560416099998 ], [ 1.1911730235, 52.925817147 ], [ 1.1980843134, 52.923886505399999 ], [ 1.2040759495, 52.925829333 ], [ 1.2062521704, 52.9248712662 ], [ 1.2068390636, 52.9219416416 ], [ 1.208494082, 52.921986853200004 ], [ 1.2165558028, 52.924952263900003 ], [ 1.2237894624, 52.923371100399997 ], [ 1.2322751406, 52.928212511600002 ], [ 1.2438051825, 52.925577776700003 ], [ 1.2433196927, 52.924260046299999 ], [ 1.245662391, 52.923152804899999 ], [ 1.2508999595, 52.924934039599997 ], [ 1.2499149411, 52.922910553900003 ], [ 1.2569218154, 52.918329813299998 ], [ 1.2622523175, 52.917589882199998 ], [ 1.264301198, 52.915555036 ], [ 1.2762177887, 52.914561218800003 ], [ 1.2791635716, 52.912986984699998 ], [ 1.2788894523, 52.911132919400004 ], [ 1.2856598998, 52.9137066666 ], [ 1.2931954831, 52.911456318900001 ], [ 1.2956820003, 52.914615938600001 ], [ 1.3025599166, 52.915845719899998 ], [ 1.3094251122, 52.913783882899999 ], [ 1.31197859, 52.9113743769 ], [ 1.312439973, 52.913519916 ], [ 1.3179347124, 52.916307287 ], [ 1.3263908431, 52.909973064299997 ], [ 1.3346316496, 52.913060400299997 ], [ 1.3417737987, 52.911528491799999 ], [ 1.3423957096, 52.909946115899999 ], [ 1.3536993254, 52.9079904309 ], [ 1.3589749506, 52.910035654200001 ], [ 1.378957343, 52.903011051900002 ], [ 1.3806145562, 52.8996542195 ], [ 1.3906964523, 52.897154157 ], [ 1.3928140927, 52.894755291099997 ], [ 1.4081946874, 52.8912027282 ], [ 1.408641969, 52.8874305306 ], [ 1.4057918553, 52.885974458100002 ], [ 1.4085845876, 52.8848060296 ], [ 1.4079777988, 52.881621715500003 ], [ 1.4108723434, 52.8821321207 ], [ 1.41593992, 52.878514766599999 ], [ 1.4197101144, 52.877875527699999 ], [ 1.4262674247, 52.878648666700002 ], [ 1.429016299, 52.881267366300001 ], [ 1.4339284307, 52.880028061 ], [ 1.4409380735, 52.876866003700002 ], [ 1.44380256, 52.872564836199999 ], [ 1.4505239104, 52.868484216299997 ], [ 1.444394911, 52.861665174400002 ], [ 1.428533255, 52.860649713299999 ], [ 1.4214847557, 52.853037682 ], [ 1.4225490895, 52.8512711853 ], [ 1.4208273716, 52.847327637600003 ], [ 1.41723354, 52.84620809 ], [ 1.4219534101, 52.834146305399997 ], [ 1.4266064476, 52.829802868500003 ], [ 1.4317366458, 52.828953001 ], [ 1.4336906474, 52.830569280500001 ], [ 1.4456053068, 52.832885852399997 ], [ 1.4448315524, 52.8369915193 ], [ 1.4559333553, 52.840823663599998 ], [ 1.4532981935, 52.842429373900003 ], [ 1.4515993029, 52.846849822899998 ], [ 1.4570707217, 52.848777033 ], [ 1.4707928641, 52.848718030900002 ], [ 1.4707605352, 52.852406458200001 ], [ 1.478651932, 52.853362463499998 ], [ 1.4805067073, 52.850178179700002 ], [ 1.4829462998, 52.851329732 ], [ 1.494230917, 52.844594139 ], [ 1.4984888826, 52.8436051909 ], [ 1.4949064953, 52.836551647699999 ], [ 1.4964685251, 52.835660172099999 ], [ 1.4952943014, 52.832322062 ], [ 1.4974103526, 52.829642432699998 ], [ 1.511406525, 52.827349050899997 ], [ 1.524343581, 52.830877628099998 ], [ 1.5327638113, 52.824115377799998 ], [ 1.5358515195, 52.824473041499999 ], [ 1.5387286204, 52.8189547952 ], [ 1.5499365507, 52.817188920900001 ], [ 1.5757506229, 52.804720182300002 ], [ 1.5863975986, 52.801643338600002 ], [ 1.5861433779, 52.800249004 ], [ 1.5915936135, 52.796406619899997 ], [ 1.6405285751, 52.767800669899998 ], [ 1.6674501093, 52.748741575799997 ], [ 1.6976583007, 52.723274767600003 ], [ 1.7096451819, 52.695857517 ], [ 1.7058412808, 52.6968563832 ], [ 1.7027131947, 52.696108729 ], [ 1.7086983701, 52.693537855 ], [ 1.7164454831, 52.681925687700002 ], [ 1.7148544442, 52.678179876199998 ], [ 1.718506637, 52.678317064799998 ], [ 1.7225437626, 52.672370623 ], [ 1.7138711648, 52.672526099400002 ], [ 1.7103085662, 52.670299205399999 ], [ 1.7062522849, 52.665209378599997 ], [ 1.707033112, 52.659932048500004 ], [ 1.7021045627, 52.659726518 ], [ 1.7003530646, 52.661580215500003 ], [ 1.6899497223, 52.663290157 ], [ 1.6878600171, 52.660261137799999 ], [ 1.6851892799, 52.659462848099999 ], [ 1.6622543883, 52.658321804 ], [ 1.6528041935, 52.655330819200003 ], [ 1.6480089416, 52.655649604200001 ], [ 1.6491517524, 52.651261034299999 ], [ 1.6424165437, 52.648878083600003 ], [ 1.6409163434, 52.645776170200001 ], [ 1.6241138092, 52.645014662 ], [ 1.6226475065, 52.641947473599998 ], [ 1.6148201817, 52.6377615452 ], [ 1.5932989579, 52.641070277499999 ], [ 1.5819859527, 52.636889055300003 ], [ 1.5772587438, 52.638021414 ], [ 1.5737927489, 52.640842413 ], [ 1.5705393588, 52.640472903300001 ], [ 1.5702517001, 52.642748148199999 ], [ 1.5746145434, 52.642940255799999 ], [ 1.5745017231, 52.648079420400002 ], [ 1.5761721772, 52.651149990500002 ], [ 1.5795068583, 52.653045932700003 ], [ 1.5783951633, 52.656272530499997 ], [ 1.5859214134, 52.660757801199999 ], [ 1.5881094594, 52.664711968600002 ], [ 1.5969915104, 52.669461268699997 ], [ 1.5960427473, 52.678979111 ], [ 1.5924739078, 52.675165943800003 ], [ 1.5813268343, 52.676915773099999 ], [ 1.5745464962, 52.6806824174 ], [ 1.5663866715, 52.681522108300001 ], [ 1.5612426026, 52.684141368600002 ], [ 1.5565492372, 52.684120541799999 ], [ 1.5435348104, 52.6798338 ], [ 1.5357992775, 52.683717166800001 ], [ 1.5303370319, 52.681884390199997 ], [ 1.5263508924, 52.6823876562 ], [ 1.5234725269, 52.685544417300001 ], [ 1.5220035513, 52.686104508500001 ], [ 1.5243447185, 52.683023087099997 ], [ 1.5274299029, 52.681692581299998 ], [ 1.5181053821, 52.679422838 ], [ 1.5169591851, 52.676578764299997 ], [ 1.5113250489, 52.677915224499998 ], [ 1.5093505535, 52.673593625499997 ], [ 1.514524709, 52.6667215214 ], [ 1.5134570339, 52.66024145 ], [ 1.5242949752, 52.657796662899997 ], [ 1.5303099385, 52.653516079100001 ], [ 1.5327387138, 52.648607915600003 ], [ 1.5287112923, 52.647627575599998 ], [ 1.5260861165, 52.643307646700002 ], [ 1.5194633664, 52.639646255899997 ], [ 1.5028957984, 52.635658663699999 ], [ 1.4927752611, 52.638332213699996 ], [ 1.484526731, 52.634258175399999 ], [ 1.4811093677, 52.630878024499999 ], [ 1.4863924098, 52.629094578199997 ], [ 1.4860293936, 52.62750432 ], [ 1.4924423689, 52.623771555600001 ], [ 1.4854410619, 52.6182487166 ], [ 1.4916824696, 52.615717247399999 ], [ 1.4892322461, 52.612596112299997 ], [ 1.5073263051, 52.6152689217 ], [ 1.5177921285, 52.608857543200003 ], [ 1.5342681849, 52.603783696199997 ], [ 1.538567272, 52.599306522399999 ], [ 1.5433760384, 52.589735504 ], [ 1.5528323972, 52.585803806 ], [ 1.5512035949, 52.580426148599997 ], [ 1.5462117386, 52.575901231499998 ], [ 1.5279116907, 52.571849849099998 ], [ 1.5230503836, 52.564725534799997 ], [ 1.52064674, 52.564807162699999 ], [ 1.5258297791, 52.559663028400003 ], [ 1.5217377868, 52.556041427300002 ], [ 1.4919527563, 52.546544129799997 ], [ 1.4959745962, 52.542018096200003 ], [ 1.4956911244, 52.5373404877 ], [ 1.4939039584, 52.536197078299999 ], [ 1.4926503209, 52.530999479899997 ], [ 1.5001241694, 52.526137438299997 ], [ 1.4994979172, 52.522900059900003 ], [ 1.4951674153, 52.521103396900003 ], [ 1.4983766792, 52.518813878899998 ], [ 1.5009053044, 52.5131625864 ], [ 1.4936212369, 52.508503197099998 ], [ 1.4836780362, 52.505423788400002 ], [ 1.4877752268, 52.500581015400002 ], [ 1.5149973252, 52.493946317 ], [ 1.5191458678, 52.493858845 ], [ 1.5188640323, 52.497339044199997 ], [ 1.5436122297, 52.493550556800002 ], [ 1.554761786, 52.500600147900002 ], [ 1.5675340091, 52.499981474099997 ], [ 1.5726583389, 52.502830838500003 ], [ 1.5923803844, 52.503204469099998 ], [ 1.5960961805, 52.501418495599999 ], [ 1.5987300077, 52.497578621400002 ], [ 1.6029704893, 52.497170596300002 ], [ 1.6069830059, 52.492901720900001 ], [ 1.6091694591, 52.491890541300002 ], [ 1.6123158706, 52.492882752299998 ], [ 1.6150523129, 52.489956795700003 ], [ 1.6212350531, 52.487554837 ], [ 1.6253078064, 52.491387588800002 ], [ 1.6252292307, 52.4932968532 ], [ 1.6360735296, 52.494348876300002 ], [ 1.6376239523, 52.4917107124 ], [ 1.6461514427, 52.489343173599998 ], [ 1.6509116388, 52.4859761174 ], [ 1.6524378512, 52.480927916900001 ], [ 1.6502066516, 52.478892108099998 ], [ 1.6543345406, 52.480527478 ], [ 1.6642692481, 52.4807684978 ], [ 1.6723341995, 52.484556759500002 ], [ 1.675626914, 52.483876716099999 ], [ 1.6773464638, 52.487008261200003 ], [ 1.6814245542, 52.489234399099999 ], [ 1.6812247059, 52.4743313066 ], [ 1.6886228003, 52.4728468701 ], [ 1.6890543192, 52.471339212099998 ], [ 1.6906473332, 52.470294711299999 ], [ 1.6886124326, 52.473119780499999 ], [ 1.6951104822, 52.473565372300001 ], [ 1.7018338096, 52.470935608300003 ], [ 1.7060228704, 52.471140715099999 ], [ 1.7051824802, 52.4736790941 ], [ 1.7063356538, 52.474352982500001 ], [ 1.7166460941, 52.472889415 ], [ 1.7229216741, 52.476897324200003 ], [ 1.7243730913, 52.476001972500001 ], [ 1.7234175338, 52.475396209700001 ], [ 1.7382325906, 52.473012429199997 ], [ 1.7392061838, 52.470897868500003 ], [ 1.7400684087, 52.472236631800001 ], [ 1.7449544909, 52.4726282361 ], [ 1.7498145883, 52.4717088218 ], [ 1.7440241835, 52.464407099399999 ], [ 1.7388421452, 52.461998666699998 ], [ 1.7393731006, 52.456800786 ], [ 1.7342939011, 52.451420589199998 ], [ 1.7223795105, 52.447712957299998 ], [ 1.7224192272, 52.445741825 ], [ 1.7246809478, 52.445679522600003 ], [ 1.7250444889, 52.444057971699998 ], [ 1.7317817689, 52.443656414199999 ], [ 1.7306196434, 52.440706812899997 ], [ 1.7208567245, 52.4383882614 ], [ 1.7219370443, 52.436888055300003 ], [ 1.7191910777, 52.429454824 ], [ 1.727984219, 52.427810341300003 ], [ 1.7276450212, 52.420832011900004 ], [ 1.7255438824, 52.417552206 ], [ 1.7275784584, 52.416210720099997 ], [ 1.7293449494, 52.404200651099998 ], [ 1.7237883076, 52.393042407499998 ], [ 1.7170895521, 52.392093176400003 ], [ 1.7142588893, 52.396373894299998 ], [ 1.7050226273, 52.395998474599999 ], [ 1.7031375255, 52.398243372 ], [ 1.6955719037, 52.396924306499997 ], [ 1.6910869322, 52.397802179499998 ], [ 1.6896813715, 52.395057708499998 ], [ 1.6823083275, 52.395332845900001 ], [ 1.6806308115, 52.391256545200001 ], [ 1.6773334301, 52.3897941958 ], [ 1.6784419176, 52.385801940100002 ], [ 1.6774685467, 52.383997319499997 ], [ 1.6793957445, 52.382426139 ], [ 1.6787495852, 52.377840920600001 ], [ 1.677475653, 52.3748943278 ], [ 1.6756087317, 52.374358814200001 ], [ 1.6763588272, 52.370476671299997 ], [ 1.6734534851, 52.365044294299999 ], [ 1.6690662332, 52.362815112 ], [ 1.6668203881, 52.355041416500001 ], [ 1.676476526, 52.354920918700003 ], [ 1.6836607715, 52.352106385200003 ], [ 1.6832831458, 52.348628160200001 ], [ 1.6846775995, 52.348440713099997 ], [ 1.6854817714, 52.345222400499999 ], [ 1.6787200205, 52.343031761699997 ], [ 1.6743239648, 52.346865602100003 ], [ 1.6681428076, 52.343702810400004 ], [ 1.6606163004, 52.343972492500001 ], [ 1.6493693099, 52.3477478358 ], [ 1.6451033235, 52.347133104400001 ], [ 1.6355588847, 52.352527511 ], [ 1.6313428925, 52.341782675300003 ], [ 1.6322759941, 52.338120079500001 ], [ 1.627926776, 52.337012591 ], [ 1.6282133885, 52.335492662100002 ], [ 1.6236150965, 52.332233939399998 ], [ 1.6096734083, 52.329252235 ], [ 1.601422591, 52.331420205 ], [ 1.5917394344, 52.330420097500003 ], [ 1.5881309676, 52.332634621700002 ], [ 1.5804136135, 52.333066903499997 ], [ 1.583209358, 52.325156710400002 ], [ 1.5821385352, 52.321717290400002 ], [ 1.5890714661, 52.321002111399999 ], [ 1.5864606786, 52.319790898800001 ], [ 1.5845454821, 52.320940724 ], [ 1.5806152749, 52.321214672700002 ], [ 1.5874246708, 52.319059166899997 ], [ 1.589216863, 52.320878119100001 ], [ 1.5873622438, 52.3158919563 ], [ 1.5899435884, 52.315507625800002 ], [ 1.590678282, 52.313344537699997 ], [ 1.5934985855, 52.311927460900002 ], [ 1.5960736585, 52.311831013400003 ], [ 1.5854340563, 52.309474409800004 ], [ 1.5782827667, 52.309961355699997 ], [ 1.5768991785, 52.307727665199998 ], [ 1.5792112075, 52.305103066800001 ], [ 1.5783399496, 52.301216822199997 ], [ 1.5712086924, 52.300479476200003 ], [ 1.5686351722, 52.2969415094 ], [ 1.5630922097, 52.294050883399997 ], [ 1.5559512325, 52.295003909499997 ], [ 1.5555650257, 52.293846251799998 ], [ 1.5500744486, 52.293426961199998 ], [ 1.5416033902, 52.289849891700001 ], [ 1.5387593134, 52.287110949099997 ], [ 1.5484402799, 52.285102163399998 ], [ 1.5537524839, 52.281110538599997 ], [ 1.5696101864, 52.280074037600002 ], [ 1.5774427829, 52.273180678 ], [ 1.5762174633, 52.271985567199998 ], [ 1.576916453, 52.269742685 ], [ 1.5814081916, 52.265810612599999 ], [ 1.585920928, 52.266141210299999 ], [ 1.5871602984, 52.264061720800001 ], [ 1.5853956343, 52.2625413094 ], [ 1.5899803225, 52.2595954823 ], [ 1.5966546152, 52.257845018300003 ], [ 1.6047038924, 52.261844770899998 ], [ 1.6041593776, 52.263624385299998 ], [ 1.6103208362, 52.268005261500001 ], [ 1.6153297166, 52.268661349399999 ], [ 1.6198426711, 52.263233981299997 ], [ 1.6197935884, 52.260833878100001 ], [ 1.6176843575, 52.259054670499999 ], [ 1.6216175815, 52.259293734099998 ], [ 1.6242815144, 52.258348389799998 ], [ 1.62437036, 52.255845102199999 ], [ 1.6293410107, 52.255485414200002 ], [ 1.6289779332, 52.240536593500003 ], [ 1.6250489932, 52.226394089599999 ], [ 1.6243117675, 52.215600944199998 ], [ 1.6237656153, 52.213487945099999 ], [ 1.6199682842, 52.212256501900001 ], [ 1.6218844709, 52.207376401600001 ], [ 1.6158632312, 52.198863259399999 ], [ 1.6168936055, 52.1958723216 ], [ 1.6215243191, 52.194857635300004 ], [ 1.6176949531, 52.190783642100001 ], [ 1.6181330387, 52.189331016399997 ], [ 1.6104265937, 52.188505968900003 ], [ 1.6170473504, 52.184974853600004 ], [ 1.6192952899, 52.185625424900003 ], [ 1.6180239868, 52.1840273977 ], [ 1.618670614, 52.180754103699996 ], [ 1.6116278557, 52.1715950384 ], [ 1.6049753073, 52.156461953499999 ], [ 1.600867692, 52.1578921921 ], [ 1.5991289223, 52.154878080499998 ], [ 1.5927579874, 52.159974711700002 ], [ 1.5858919685, 52.158618782300003 ], [ 1.5812065371, 52.159642780699997 ], [ 1.581144467, 52.1636023756 ], [ 1.5795391183, 52.164010948200001 ], [ 1.5825048702, 52.171062674799998 ], [ 1.5816204091, 52.172798570499999 ], [ 1.5756131534, 52.171955603699999 ], [ 1.5725849994, 52.173963335099998 ], [ 1.5736961378, 52.176142353800003 ], [ 1.5724970126, 52.177608879300003 ], [ 1.5652566884, 52.179645090800001 ], [ 1.5649950395, 52.1822255003 ], [ 1.5559084625, 52.186259814400003 ], [ 1.5453384047, 52.186020593800002 ], [ 1.5455124379, 52.189676193099999 ], [ 1.5417908838, 52.191829879899998 ], [ 1.5376385404, 52.198880471599999 ], [ 1.5339428981, 52.200268572299997 ], [ 1.5337990364, 52.202143771199999 ], [ 1.5301823186, 52.2043478756 ], [ 1.5298237692, 52.202964463900003 ], [ 1.5164583743, 52.199262407399999 ], [ 1.5140808614, 52.195105852799998 ], [ 1.5063552102, 52.193465061 ], [ 1.5074600252, 52.189654463 ], [ 1.4996102148, 52.186604788899999 ], [ 1.5007763671, 52.181335312599998 ], [ 1.5039788046, 52.178892553700003 ], [ 1.5008127533, 52.173607885400003 ], [ 1.4990588943, 52.1740017686 ], [ 1.4923909088, 52.169936141299999 ], [ 1.4946405738, 52.164301803800001 ], [ 1.493282505, 52.160411441299999 ], [ 1.4829406502, 52.153836749500002 ], [ 1.4851312043, 52.149310668399998 ], [ 1.4841088534, 52.144834624700003 ], [ 1.4725307726, 52.149727689400002 ], [ 1.4549874797, 52.152024342600001 ], [ 1.4512151491, 52.154293575600001 ], [ 1.44814024, 52.153106384300003 ], [ 1.4429530648, 52.154481317799998 ], [ 1.439741652, 52.152659291200003 ], [ 1.4390433637, 52.150431058899997 ], [ 1.4366805413, 52.150886762500001 ], [ 1.4353225761, 52.148443893699998 ], [ 1.437358934, 52.147548017600002 ], [ 1.4369469975, 52.143341631600002 ], [ 1.4387529788, 52.140788471100002 ], [ 1.4547373168, 52.141436152799997 ], [ 1.4630095226, 52.138962646099998 ], [ 1.4638786231, 52.137354058 ], [ 1.4619148717, 52.135406000700002 ], [ 1.4623942566, 52.133296186 ], [ 1.4695871912, 52.129936464099998 ], [ 1.4691267052, 52.127773343699999 ], [ 1.4732942073, 52.124988145800003 ], [ 1.4731012723, 52.1221335615 ], [ 1.4717061449, 52.119602242100001 ], [ 1.4692553244, 52.118900919300003 ], [ 1.4696296632, 52.115633859900001 ], [ 1.468221649, 52.114811849399999 ], [ 1.4709537098, 52.112932455900001 ], [ 1.4791747108, 52.116452604300001 ], [ 1.4896141013, 52.1160898714 ], [ 1.4890290645, 52.1135061815 ], [ 1.4848819649, 52.111472497800001 ], [ 1.4842146075, 52.112147418900001 ], [ 1.4831643381, 52.112231081399997 ], [ 1.4839766505, 52.111549329699997 ], [ 1.4856671358, 52.111389653400003 ], [ 1.4854446757, 52.110627188700001 ], [ 1.483085275, 52.111254021400001 ], [ 1.4658485457, 52.105509365800003 ], [ 1.4634745371, 52.103339539700002 ], [ 1.4629756688, 52.100107187900001 ], [ 1.4688686872, 52.0928640128 ], [ 1.4771110007, 52.092944736900002 ], [ 1.4836754913, 52.0842418055 ], [ 1.4900591805, 52.083486089499999 ], [ 1.4887580802, 52.072857313500002 ], [ 1.4972451124, 52.070730366500001 ], [ 1.49560855, 52.064935026100002 ], [ 1.4892537824, 52.062930750200003 ], [ 1.4952138846, 52.064304757599999 ], [ 1.4794558034, 52.059700565200004 ], [ 1.481430731, 52.060417966899998 ], [ 1.4826835648, 52.061225348800001 ], [ 1.4784678048, 52.059561910299998 ], [ 1.4768661861, 52.057890916300003 ], [ 1.4684422736, 52.061971114899997 ], [ 1.4624054287, 52.061087449600002 ], [ 1.4586482278, 52.058355596299997 ], [ 1.453423114, 52.058149204300001 ], [ 1.4512869817, 52.0601546766 ], [ 1.4535186034, 52.062032064199997 ], [ 1.4534435992, 52.0648405739 ], [ 1.4403060212, 52.065935770300001 ], [ 1.4342559904, 52.063360056100002 ], [ 1.4334911114, 52.062330020399997 ], [ 1.4354995389, 52.061120128799999 ], [ 1.4345567112, 52.059483647500002 ], [ 1.4406878067, 52.058378183 ], [ 1.4393294995, 52.055134859900001 ], [ 1.4428369063, 52.053692147600003 ], [ 1.4419684425, 52.051127107799999 ], [ 1.4430515779, 52.049656302 ], [ 1.4462836686, 52.0495707189 ], [ 1.450854897, 52.0431878188 ], [ 1.4579591025, 52.041322067199999 ], [ 1.4580269482, 52.039042930599997 ], [ 1.4540361327, 52.032896201200003 ], [ 1.4450281831, 52.027087305499997 ], [ 1.434280698, 52.008735359 ], [ 1.4261706625, 52.004078714199999 ], [ 1.4226455603, 52.0048648864 ], [ 1.4188854698, 52.001617534099999 ], [ 1.4172228749, 52.003511399899999 ], [ 1.4195582182, 52.003749373 ], [ 1.4203495834, 52.008772322799999 ], [ 1.414658421, 52.012508435500003 ], [ 1.4179731616, 52.013923292400001 ], [ 1.4192556161, 52.016593397800001 ], [ 1.4155814724, 52.0200280691 ], [ 1.4176961421, 52.0248147354 ], [ 1.4159831872, 52.026825273199997 ], [ 1.4058273139, 52.031329023300003 ], [ 1.401266617, 52.031568837 ], [ 1.3956201541, 52.028259997200003 ], [ 1.3912819655, 52.030471791 ], [ 1.384158614, 52.030568881699999 ], [ 1.3842157178, 52.032096297300001 ], [ 1.3807685978, 52.033760391 ], [ 1.3646794415, 52.033708718900002 ], [ 1.3648063421, 52.035009280600001 ], [ 1.3594925226, 52.036492230199997 ], [ 1.3584796207, 52.038931630900002 ], [ 1.3517588623, 52.042797742200001 ], [ 1.361062704, 52.046916879800001 ], [ 1.3662843423, 52.052919848599998 ], [ 1.3601580708, 52.060901979699999 ], [ 1.3502190411, 52.063020061499998 ], [ 1.3513813878, 52.065289535 ], [ 1.3554660711, 52.065658893699997 ], [ 1.3556770168, 52.068081357799997 ], [ 1.3587916242, 52.069521592699999 ], [ 1.3587924129, 52.071086588599997 ], [ 1.3540195282, 52.072445871 ], [ 1.3572155253, 52.075161029199997 ], [ 1.3603951153, 52.075322175099998 ], [ 1.3627448118, 52.079392502 ], [ 1.3758185003, 52.088588455 ], [ 1.3764977295, 52.092553492 ], [ 1.3565808337, 52.091980551699997 ], [ 1.3544889279, 52.093874997500002 ], [ 1.3517153118, 52.093108499499998 ], [ 1.3470165143, 52.096075337899997 ], [ 1.350539248, 52.1000136193 ], [ 1.3550962048, 52.1019615835 ], [ 1.3490565817, 52.104765666699997 ], [ 1.3500118861, 52.107781711299999 ], [ 1.3415672697, 52.109712508199998 ], [ 1.3397472477, 52.1119407407 ], [ 1.3370923948, 52.111602247100002 ], [ 1.3367888536, 52.113013951699998 ], [ 1.3283129954, 52.116113915100001 ], [ 1.3123806966, 52.112272738900003 ], [ 1.3102005833, 52.1055254232 ], [ 1.3071379532, 52.104208356199997 ], [ 1.304552136, 52.100647272099998 ], [ 1.2920389314, 52.095933938100004 ], [ 1.2965150166, 52.0922740404 ], [ 1.2946480219, 52.089133343599997 ], [ 1.2955071308, 52.0873194614 ], [ 1.3032766945, 52.084187663900003 ], [ 1.3035160368, 52.081104926199998 ], [ 1.306689321, 52.081375634499999 ], [ 1.3123130856, 52.078465349699997 ], [ 1.28573177, 52.077483131900003 ], [ 1.2790487827, 52.072740601 ], [ 1.2638704529, 52.069555625200003 ], [ 1.264898411, 52.063644951400001 ], [ 1.26787447, 52.060837161599999 ], [ 1.2706205863, 52.062074062900003 ], [ 1.2779169127, 52.060683932800004 ], [ 1.2789219126, 52.058668233399999 ], [ 1.2833925226, 52.059542004699999 ], [ 1.2895424373, 52.057652449199999 ], [ 1.2954248114, 52.059466683300002 ], [ 1.3056880331, 52.056381766199998 ], [ 1.3118315053, 52.057774117699999 ], [ 1.3139147131, 52.048865133500001 ], [ 1.3124361364, 52.0478094427 ], [ 1.3243949745, 52.046590910699997 ], [ 1.3253098706, 52.0416271952 ], [ 1.3231550975, 52.040500794099998 ], [ 1.3246670216, 52.038470359900003 ], [ 1.322408715, 52.036339507900003 ], [ 1.3227965516, 52.0340979709 ], [ 1.3253169282, 52.031904138199998 ], [ 1.3292763664, 52.031810205 ], [ 1.3395801702, 52.027623763500003 ], [ 1.3370356693, 52.025192057700004 ], [ 1.3383107803, 52.022721869800002 ], [ 1.3208421097, 52.018754851700002 ], [ 1.3236857051, 52.013853620399999 ], [ 1.3188032471, 52.011697849900003 ], [ 1.3189588208, 52.008878237099999 ], [ 1.3135302947, 52.003859470199998 ], [ 1.3023141754, 51.9999744052 ], [ 1.285988568, 52.004676696700002 ], [ 1.2917613174, 52.009462218499998 ], [ 1.2855751851, 52.010966232 ], [ 1.28462643, 52.012737599799998 ], [ 1.2790318278, 52.011976190699997 ], [ 1.2782541141, 52.009713318800003 ], [ 1.2731256126, 52.006546183399998 ], [ 1.2709842877, 52.0075591067 ], [ 1.2696729699, 52.008962667799999 ], [ 1.2706929342, 52.011155900299997 ], [ 1.2740895886, 52.012959240100002 ], [ 1.2718385765, 52.015468267400003 ], [ 1.2723672014, 52.018115860800002 ], [ 1.2816450735, 52.020591792300003 ], [ 1.2774043438, 52.024001839299999 ], [ 1.2582224338, 52.023868807 ], [ 1.2573687546, 52.027166316100001 ], [ 1.2527183811, 52.027177988799998 ], [ 1.2384633926, 52.031681354 ], [ 1.2306939727, 52.036167043399999 ], [ 1.2234680196, 52.032218847599999 ], [ 1.2176563582, 52.032108021600003 ], [ 1.2132431682, 52.0340093939 ], [ 1.2078299667, 52.033356553300003 ], [ 1.2023570475, 52.029826991699998 ], [ 1.1966000693, 52.032519782500003 ], [ 1.1873945123, 52.033075187400001 ], [ 1.1876550006, 52.035505513899999 ], [ 1.182730986, 52.036807960700003 ], [ 1.1859312391, 52.042432595500003 ], [ 1.1812930971, 52.0459217712 ], [ 1.180878048, 52.04972845 ], [ 1.1685637075, 52.050726044100003 ], [ 1.1654356096, 52.050018714899998 ], [ 1.1645749478, 52.048162113499998 ], [ 1.1661502736, 52.046923564799997 ], [ 1.1637725276, 52.045890219100002 ], [ 1.1621653902, 52.046494733099998 ], [ 1.1627743761, 52.052011835400002 ], [ 1.1616894868, 52.052329154500001 ], [ 1.1572780684, 52.052181867 ], [ 1.1608944739, 52.051505067900003 ], [ 1.1612341182, 52.0462991996 ], [ 1.1604534501, 52.048891385799998 ], [ 1.1564767863, 52.051579951900003 ], [ 1.1540919871, 52.052088744400002 ], [ 1.1454334855, 52.051391574500002 ], [ 1.1404124656, 52.053418064500001 ], [ 1.1421031501, 52.051518636499999 ], [ 1.1454397846, 52.051076447500002 ], [ 1.154962327, 52.051664229 ], [ 1.1579986929, 52.0503721969 ], [ 1.1600289462, 52.045477738400002 ], [ 1.1568247677, 52.0433425513 ], [ 1.151412899, 52.043955219499999 ], [ 1.1471907143, 52.0484212163 ], [ 1.1328180166, 52.045233924500003 ], [ 1.1390390192, 52.042217177300003 ], [ 1.1472938968, 52.042212650899998 ], [ 1.150497491, 52.040274217700002 ], [ 1.1483853699, 52.0338819523 ], [ 1.1453727884, 52.032721432700001 ], [ 1.1468807811, 52.0299020056 ], [ 1.1398184025, 52.025044988200001 ], [ 1.133839544, 52.0162733429 ], [ 1.1292165245, 52.016450297399999 ], [ 1.1322361078, 52.013770740600002 ], [ 1.1265879027, 52.010323324600002 ], [ 1.1216829704, 52.012721001700001 ], [ 1.1187793056, 52.018121353399998 ], [ 1.1071571009, 52.017430389799998 ], [ 1.1047204249, 52.020552597299996 ], [ 1.1048722213, 52.022743095700001 ], [ 1.0957723826, 52.0222812373 ], [ 1.0894635116, 52.025927590899997 ], [ 1.0797831756, 52.026783824600003 ], [ 1.0788153078, 52.028823752400001 ], [ 1.0686575436, 52.028864118599998 ], [ 1.0606483033, 52.0365104515 ], [ 1.0478712453, 52.035618761899997 ], [ 1.0386072204, 52.039212871700002 ], [ 1.0299452011, 52.035775668299998 ], [ 1.0261947464, 52.032283628899997 ], [ 1.029219317, 52.0302182565 ], [ 1.0285289929, 52.027771743599999 ], [ 1.0335964571, 52.027677250300002 ], [ 1.0376370895, 52.024910922 ], [ 1.0393509624, 52.0213771214 ], [ 1.0440844469, 52.018952418799998 ], [ 1.0438146913, 52.017556370800001 ], [ 1.0498745379, 52.018352862100002 ], [ 1.0535120293, 52.015686348300001 ], [ 1.0565391358, 52.015616779699997 ], [ 1.0618084828, 52.011243767300002 ], [ 1.0670405784, 52.0103880514 ], [ 1.0713185598, 52.012201178399998 ], [ 1.0794859242, 52.0103689002 ], [ 1.0842103228, 52.006800565699997 ], [ 1.0922186689, 52.007121083599998 ], [ 1.0947308381, 52.008889804500001 ], [ 1.0976842331, 52.008182545 ], [ 1.0947992428, 52.005236500499997 ], [ 1.0952228595, 52.000818369199997 ], [ 1.0979031823, 51.998697247499997 ], [ 1.0944773134, 51.995927323399997 ], [ 1.09653906, 51.9928691414 ], [ 1.0994387208, 51.991821471599998 ], [ 1.0968361945, 51.988310420600001 ], [ 1.0978963309, 51.985098683 ], [ 1.1149626432, 51.9816621891 ], [ 1.1159969015, 51.980195778099997 ], [ 1.1143019566, 51.978019148599998 ], [ 1.1187995646, 51.977351397100001 ], [ 1.1202873751, 51.9744518798 ], [ 1.1174738822, 51.972943521399998 ], [ 1.1179142759, 51.969640068700002 ], [ 1.1133823551, 51.9693823275 ], [ 1.1131092282, 51.965863931100003 ], [ 1.1052474329, 51.958085076099998 ], [ 1.1059905178, 51.956410577200003 ], [ 1.104560099, 51.955512963399997 ], [ 1.1004849914, 51.956789638899998 ], [ 1.1003690199, 51.958483552399997 ], [ 1.0965527524, 51.961408145299998 ], [ 1.0955908655, 51.966883763299997 ], [ 1.0929704075, 51.969003285200003 ], [ 1.0632320336, 51.968935821800002 ], [ 1.0607719324, 51.970654705299999 ], [ 1.0559999833, 51.969006939700002 ], [ 1.0589940703, 51.966788624099998 ], [ 1.0559012434, 51.954934181600002 ], [ 1.0314165267, 51.957294406099997 ], [ 1.0263293265, 51.954844140500001 ], [ 1.0214165695, 51.954709601899999 ], [ 1.0161929792, 51.957775594300003 ], [ 1.0100644088, 51.956907256699999 ], [ 1.0077703399, 51.960473480600001 ], [ 0.9979479357, 51.962936613799997 ], [ 0.9965514915, 51.961209418800003 ], [ 0.998626491, 51.954348312199997 ], [ 0.9938570612, 51.949181468500001 ], [ 0.9949537786, 51.945547073100002 ], [ 0.9924064053, 51.942697929700003 ], [ 0.9959104437, 51.941997174199997 ], [ 0.9934555112, 51.938785950400003 ], [ 0.9946428579, 51.934330814799999 ], [ 0.9977596045, 51.932632556400002 ], [ 0.9968005068, 51.930030821400003 ], [ 0.9991838546, 51.929556365400003 ], [ 0.9995602331, 51.927783993200002 ], [ 1.0081057539, 51.9285281 ], [ 1.0071062357, 51.931854367900002 ], [ 1.0107354688, 51.9330386496 ], [ 1.0106081845, 51.936351613100001 ], [ 1.0236116722, 51.9377988683 ], [ 1.0235088327, 51.933025808799997 ], [ 1.0273510555, 51.933043907299997 ], [ 1.0297081384, 51.928944986600001 ], [ 1.0346992743, 51.929823646499997 ], [ 1.0384377292, 51.926588291100003 ], [ 1.0445132266, 51.924362607799999 ], [ 1.0516374524, 51.925167311 ], [ 1.0541760583, 51.9224931993 ], [ 1.0603114405, 51.921380370599998 ], [ 1.0610127151, 51.919716241300002 ], [ 1.068787869, 51.919621555600003 ], [ 1.0721457117, 51.917888009599999 ], [ 1.0798849882, 51.919610295399998 ], [ 1.0848817478, 51.918876732 ], [ 1.0848229906, 51.923744004200003 ], [ 1.0872943188, 51.924992274700003 ], [ 1.0999439553, 51.925325111200003 ], [ 1.1155824115, 51.928059793499997 ], [ 1.1174727645, 51.931823155399996 ], [ 1.131829462, 51.933654293399997 ], [ 1.1420163965, 51.937429928500002 ], [ 1.1424075474, 51.941358863600001 ], [ 1.1475991509, 51.944008209700002 ], [ 1.1607620881, 51.943691235300001 ], [ 1.1644336712, 51.940444597499997 ], [ 1.1775269072, 51.937717188199997 ], [ 1.1815233642, 51.934767019100001 ], [ 1.1888893083, 51.9374816435 ], [ 1.1907192596, 51.937022395600003 ], [ 1.1893130069, 51.935455470900003 ], [ 1.1923891673, 51.934310711599998 ], [ 1.1982283156, 51.936418607 ], [ 1.2050908006, 51.9351165323 ], [ 1.2075638677, 51.938574829 ], [ 1.2213613021, 51.9379998888 ], [ 1.2313761304, 51.939987897599998 ], [ 1.2381485967, 51.945795369700001 ], [ 1.2453656086, 51.948423231200003 ], [ 1.260532599, 51.947707961299997 ], [ 1.2635532477, 51.945855218200002 ], [ 1.2640308581, 51.942911736699998 ], [ 1.2606860433, 51.940572986699998 ], [ 1.2630318777, 51.939531519600003 ], [ 1.2602195019, 51.938476229199999 ], [ 1.2603092234, 51.934498270699997 ], [ 1.2371923064, 51.928894804199999 ], [ 1.2272116759, 51.9284855338 ], [ 1.2294978505, 51.926084281199998 ], [ 1.2277142436, 51.926367095099998 ], [ 1.2283880146, 51.925215329700002 ], [ 1.2230148202, 51.921693065200003 ], [ 1.2263192046, 51.920307291500002 ], [ 1.2241351717, 51.916625592400003 ], [ 1.2156089618, 51.9108868868 ], [ 1.2099991342, 51.910734351499997 ], [ 1.2020186403, 51.905879206199998 ], [ 1.1876835232, 51.901807579500002 ], [ 1.18856751, 51.900740288800002 ], [ 1.1853374991, 51.8990649777 ], [ 1.1864732566, 51.898062834900003 ], [ 1.1849595013, 51.892491489800001 ], [ 1.1783982254, 51.890564408099998 ], [ 1.1742918142, 51.885926433599998 ], [ 1.1662843378, 51.882220909700003 ], [ 1.1594390409, 51.887189936799999 ], [ 1.1457813598, 51.881853895399999 ], [ 1.146989281, 51.874599304299998 ], [ 1.149713725, 51.871585267100002 ], [ 1.1504490131, 51.8671404575 ], [ 1.1491263287, 51.865053285599998 ], [ 1.1507393944, 51.863813843 ], [ 1.1546891543, 51.863375126900003 ], [ 1.1622135066, 51.858810789800003 ], [ 1.1717525729, 51.857717320799999 ], [ 1.1744712925, 51.855071591399998 ], [ 1.1783198755, 51.8548596567 ], [ 1.1787818596, 51.852760510300001 ], [ 1.1849593578, 51.851801787100001 ], [ 1.1886625976, 51.849129032199997 ], [ 1.2029185236, 51.8466007687 ], [ 1.2070277236, 51.844348077600003 ], [ 1.2071845183, 51.8428777337 ], [ 1.2212497459, 51.845038442700002 ], [ 1.2231482381, 51.842953680599997 ], [ 1.2363770259, 51.840935170800002 ], [ 1.2374757309, 51.839249951500001 ], [ 1.2477288977, 51.8368623633 ], [ 1.2451521222, 51.833335807 ], [ 1.2431661842, 51.824405257199999 ], [ 1.2255469265, 51.813230797700001 ], [ 1.2042425153, 51.803743560100003 ], [ 1.1970062123, 51.801488729200003 ], [ 1.1933133981, 51.8032399963 ], [ 1.1878395261, 51.802561177800001 ], [ 1.1727768589, 51.796313179899997 ], [ 1.165345121, 51.796657559400003 ], [ 1.1619686814, 51.7952554425 ], [ 1.1587078024, 51.796332527 ], [ 1.1526839045, 51.793364352399998 ], [ 1.1464072874, 51.792795100299998 ], [ 1.1430004583, 51.79448726 ], [ 1.1449530322, 51.797115273899998 ], [ 1.13971743, 51.799216040399997 ], [ 1.1349324615, 51.799038015400001 ], [ 1.1324656185, 51.801118504500003 ], [ 1.1313829354, 51.7993125582 ], [ 1.1272271078, 51.798164069099997 ], [ 1.1252276121, 51.799665331600004 ], [ 1.1128458605, 51.7963963897 ], [ 1.0920256468, 51.795264290900001 ], [ 1.0926464671, 51.792891500300001 ], [ 1.086105069, 51.790131446 ], [ 1.0866230818, 51.788372986200002 ], [ 1.0601783729, 51.790851348700002 ], [ 1.0607156625, 51.793215040200003 ], [ 1.0627577626, 51.793170816299998 ], [ 1.0673436632, 51.797907953600003 ], [ 1.0720133958, 51.799171028899998 ], [ 1.074466688, 51.8019669627 ], [ 1.0833788412, 51.804161814399997 ], [ 1.0827383774, 51.809655996799997 ], [ 1.0797178712, 51.810895434700001 ], [ 1.0802878458, 51.817122356600002 ], [ 1.0887532316, 51.819526408100003 ], [ 1.087083299, 51.826513690200002 ], [ 1.0854185349, 51.8267912552 ], [ 1.0845110683, 51.829441334 ], [ 1.0746664604, 51.832595377600001 ], [ 1.078113072, 51.837577779100002 ], [ 1.0728366729, 51.840683868299998 ], [ 1.0735875963, 51.842328122399998 ], [ 1.0722317518, 51.843739650899998 ], [ 1.0739208394, 51.844873701300003 ], [ 1.0665441016, 51.847647661899998 ], [ 1.0660421474, 51.850943555699999 ], [ 1.0673878164, 51.8515110433 ], [ 1.0620047229, 51.853935860900002 ], [ 1.0567162619, 51.861619419299998 ], [ 1.0562492631, 51.862872724699997 ], [ 1.0585969934, 51.864502525500001 ], [ 1.0560410299, 51.867941722399998 ], [ 1.0614834175, 51.869140217599998 ], [ 1.0519791437, 51.873821337199999 ], [ 1.0573403603, 51.874671373600002 ], [ 1.0604984282, 51.878807359299998 ], [ 1.054921105, 51.883134578 ], [ 1.0359111097, 51.884850124700002 ], [ 1.0375502052, 51.882001702799997 ], [ 1.0344951032, 51.8810912637 ], [ 1.0339122206, 51.8769691237 ], [ 1.0305970655, 51.875210879299999 ], [ 1.0312565106, 51.872702576 ], [ 1.02872567, 51.870069639299999 ], [ 1.0308565979, 51.867622351400001 ], [ 1.0330127088, 51.8681423544 ], [ 1.0344030832, 51.8654892546 ], [ 1.0298344348, 51.862792003 ], [ 1.0345291341, 51.859595000799999 ], [ 1.0386852973, 51.859622549900003 ], [ 1.0374828271, 51.858160638599998 ], [ 1.0397418553, 51.854612608099998 ], [ 1.0328399424, 51.844420910099998 ], [ 1.029739855, 51.842801011500001 ], [ 1.031331573, 51.837102800899999 ], [ 1.0239597763, 51.834594527299998 ], [ 1.0130266086, 51.838445874100003 ], [ 1.0091197653, 51.834507726799998 ], [ 1.0053805498, 51.834603400900001 ], [ 1.0054888386, 51.839277441599997 ], [ 1.0041676821, 51.840804197499999 ], [ 0.9996548182, 51.8395344021 ], [ 0.9988007053, 51.8413189909 ], [ 0.9914463439, 51.843395097799998 ], [ 0.9785962521, 51.853290831499997 ], [ 0.9795001817, 51.854661963200002 ], [ 0.9777396099, 51.855273181699999 ], [ 0.9746739697, 51.8629595341 ], [ 0.9766505321, 51.8638538517 ], [ 0.9760152176, 51.865012145500003 ], [ 0.9791731639, 51.869051314700002 ], [ 0.972964898, 51.871402945 ], [ 0.9716012048, 51.874297435199999 ], [ 0.9669873418, 51.8755021992 ], [ 0.9659088382, 51.878542313700002 ], [ 0.9667914974, 51.881353074099998 ], [ 0.9691157409, 51.882661455799997 ], [ 0.9682617408, 51.884256921599999 ], [ 0.9629627221, 51.885226969100003 ], [ 0.9520590356, 51.882290476 ], [ 0.9508696852, 51.880773411699998 ], [ 0.9424042801, 51.880877630100002 ], [ 0.9367234301, 51.8771073968 ], [ 0.933084845, 51.879248777500003 ], [ 0.9322179303, 51.883119691600001 ], [ 0.9354711536, 51.885316498900004 ], [ 0.9353340675, 51.892800078100002 ], [ 0.9398346391, 51.8944953811 ], [ 0.9367725752, 51.901703864600002 ], [ 0.9444028753, 51.9045529383 ], [ 0.9353992826, 51.907619998500003 ], [ 0.933642613, 51.909669411899998 ], [ 0.9342510587, 51.913647411200003 ], [ 0.9321312509, 51.914815486400002 ], [ 0.9325688129, 51.916396451 ], [ 0.9255696679, 51.9152217046 ], [ 0.9193123113, 51.920989187799997 ], [ 0.9137161433, 51.914085956699999 ], [ 0.9240999278, 51.906930156599998 ], [ 0.9250413834, 51.903965828399997 ], [ 0.9234347938, 51.900273417299999 ], [ 0.9262103947, 51.899583827100003 ], [ 0.9243633199, 51.898901286600001 ], [ 0.924246224, 51.895756424299996 ], [ 0.9175324092, 51.893099177899998 ], [ 0.9168140134, 51.891364505 ], [ 0.9117842392, 51.8941230203 ], [ 0.9067607126, 51.890164196100002 ], [ 0.8908284578, 51.888776201399999 ], [ 0.8874472467, 51.8877260812 ], [ 0.8869536572, 51.885921496500004 ], [ 0.8751023939, 51.884682945800002 ], [ 0.8704219146, 51.8821621775 ], [ 0.8682951406, 51.883680022199997 ], [ 0.8644687735, 51.882927899199998 ], [ 0.8636750239, 51.880500988100003 ], [ 0.8602590561, 51.878425678699998 ], [ 0.8628357073, 51.877355697399999 ], [ 0.8630558781, 51.874418439800003 ], [ 0.8669485896, 51.873028518300003 ], [ 0.8654273121, 51.871725561200002 ], [ 0.8664137267, 51.870559335899998 ], [ 0.8700704331, 51.869804609299997 ], [ 0.8703312542, 51.868197386799999 ], [ 0.8741655535, 51.8663589648 ], [ 0.8732910775, 51.863124662399997 ], [ 0.8789664577, 51.862374261100001 ], [ 0.8802770751, 51.864698482199998 ], [ 0.885933933, 51.867059985700003 ], [ 0.8893314516, 51.865897308900003 ], [ 0.8918443644, 51.856158392399998 ], [ 0.8963777703, 51.856640370100003 ], [ 0.8989119065, 51.850875939799998 ], [ 0.9075588604, 51.8487197583 ], [ 0.9123947715, 51.845350486400001 ], [ 0.9075709789, 51.843727973599997 ], [ 0.9092681902, 51.841902001900003 ], [ 0.9105073093, 51.834328860100001 ], [ 0.9011373004, 51.82993776 ], [ 0.9005523199, 51.828063526400001 ], [ 0.8685562098, 51.816563493099999 ], [ 0.8676469624, 51.813671747400001 ], [ 0.8588524874, 51.81273483 ], [ 0.8561758438, 51.810994894 ], [ 0.8551226465, 51.8124927406 ], [ 0.8502688709, 51.809615691799998 ], [ 0.8498123785, 51.807899991100001 ], [ 0.8529608628, 51.805836009300002 ], [ 0.8479600775, 51.801073782099998 ], [ 0.848758918, 51.796719498 ], [ 0.8425139763, 51.791060862400002 ], [ 0.8426227092, 51.786795259900003 ], [ 0.8405118089, 51.783896405900002 ], [ 0.8374803932, 51.784300843700002 ], [ 0.8402804477, 51.785265106899999 ], [ 0.8398360184, 51.787225502299997 ], [ 0.8321755872, 51.788055673400002 ], [ 0.8332748221, 51.789759315 ], [ 0.8298737129, 51.788956667500003 ], [ 0.8282156961, 51.787689882700001 ], [ 0.8301465376, 51.788791494500003 ], [ 0.831528837, 51.788010084699998 ], [ 0.8284183983, 51.7855192034 ], [ 0.8192327273, 51.785182364299999 ], [ 0.8065301883, 51.789389664300003 ], [ 0.8030837372, 51.786899779899997 ], [ 0.7940416782, 51.786071891799999 ], [ 0.7830848617, 51.793940429 ], [ 0.7790453803, 51.799243246800003 ], [ 0.7653331006, 51.793477114700003 ], [ 0.7570127666, 51.7921267985 ], [ 0.7542501878, 51.792011713900003 ], [ 0.7513593094, 51.795029286400002 ], [ 0.7477865544, 51.795904305500002 ], [ 0.727060415, 51.792304111599996 ], [ 0.7102689137, 51.801299228300003 ], [ 0.700498779, 51.793888804399998 ], [ 0.6918617499, 51.790597553200001 ], [ 0.6926355176, 51.788493369800001 ], [ 0.6874522502, 51.783755623899999 ], [ 0.6744165753, 51.780077513400002 ], [ 0.6799755591, 51.775040972299998 ], [ 0.6798274778, 51.771563926699997 ], [ 0.6830036334, 51.767435438600003 ], [ 0.6833116115, 51.763831062400001 ], [ 0.6921124106, 51.759743511300002 ], [ 0.6935933686, 51.755888654800003 ], [ 0.6924390545, 51.749646521 ], [ 0.6990757657, 51.746499413400002 ], [ 0.6962539917, 51.745583936099997 ], [ 0.6963023742, 51.743964012799999 ], [ 0.6985191678, 51.742995778900003 ], [ 0.6984609247, 51.739831435100001 ], [ 0.6999261572, 51.7391386583 ], [ 0.6941086141, 51.738617434600002 ], [ 0.690820458, 51.733429380799997 ], [ 0.687707364, 51.733316960300002 ], [ 0.6911348521, 51.734627806100001 ], [ 0.6907676619, 51.735516061600002 ], [ 0.685446289, 51.733840792099997 ], [ 0.6753816743, 51.737010587199997 ], [ 0.663718649, 51.743717346300002 ], [ 0.6594531761, 51.743597576699997 ], [ 0.6560085079, 51.741167760700002 ], [ 0.6561797842, 51.733222763599997 ], [ 0.6647783805, 51.726741632299998 ], [ 0.6590596071, 51.723067052499999 ], [ 0.6520468868, 51.722254334299997 ], [ 0.6455662374, 51.723605604200003 ], [ 0.6391436169, 51.722158282199999 ], [ 0.6351448078, 51.7204494064 ], [ 0.6350355758, 51.715334651100001 ], [ 0.6227511314, 51.7122101653 ], [ 0.6179922706, 51.716039579399997 ], [ 0.6072064504, 51.717808379200001 ], [ 0.6052760049, 51.716466252899998 ], [ 0.5982498475, 51.717404308100001 ], [ 0.6033994287, 51.714043707400002 ], [ 0.6058502127, 51.709834452599999 ], [ 0.6102314368, 51.709997958800002 ], [ 0.6161590196, 51.707356922800003 ], [ 0.6151244457, 51.705482377400003 ], [ 0.6180330279, 51.702710579 ], [ 0.6308613963, 51.701290709 ], [ 0.6324363839, 51.698503446499998 ], [ 0.6316614685, 51.695624957 ], [ 0.6297409191, 51.6949485174 ], [ 0.6425904312, 51.690954762399997 ], [ 0.6436105588, 51.6856167093 ], [ 0.6454798466, 51.683928814700003 ], [ 0.6447652293, 51.6826678531 ], [ 0.6531494925, 51.676039402500002 ], [ 0.6537669663, 51.673983927499997 ], [ 0.6461896106, 51.6693075361 ], [ 0.6298962247, 51.667677146300001 ], [ 0.6272053981, 51.665165289699999 ], [ 0.6196149091, 51.663446311900003 ], [ 0.6142734341, 51.665615875599997 ], [ 0.6151289293, 51.666909851699998 ], [ 0.6136631025, 51.668579287500002 ], [ 0.6065883239, 51.672315937 ], [ 0.5967521117, 51.670789211500001 ], [ 0.5854602713, 51.676704216399997 ], [ 0.5784245058, 51.676607133799997 ], [ 0.5740163819, 51.678970168200003 ], [ 0.5626992512, 51.6717173535 ], [ 0.5628290551, 51.667100957599999 ], [ 0.5686195419, 51.664896969099999 ], [ 0.5699057045, 51.661559289 ], [ 0.5751346867, 51.660437449600003 ], [ 0.5762287856, 51.657547808 ], [ 0.5819708493, 51.656051434200002 ], [ 0.5805399972, 51.6537716152 ], [ 0.5837618345, 51.652459662600002 ], [ 0.5902836001, 51.654510299199998 ], [ 0.5946830352, 51.653315945800003 ], [ 0.5965243768, 51.650118563100001 ], [ 0.5949943397, 51.646618012300003 ], [ 0.5923036297, 51.6440514114 ], [ 0.5817498487, 51.643006976199999 ], [ 0.5624633797, 51.636019135399998 ], [ 0.5556238844, 51.635700611700003 ], [ 0.5452797041, 51.640413032600001 ], [ 0.5476860915, 51.634092515299997 ], [ 0.5544533536, 51.629017088399998 ], [ 0.5514317271, 51.624613144800001 ], [ 0.5534738245, 51.622383353300002 ], [ 0.5504213075, 51.616388238900001 ], [ 0.5430411129, 51.6115121538 ], [ 0.5326990208, 51.610998379100003 ], [ 0.5348327894, 51.609630289800002 ], [ 0.5334585896, 51.609075402899997 ], [ 0.5334606453, 51.604443807300001 ], [ 0.5362809854, 51.6016668981 ], [ 0.53351341, 51.599685207500002 ], [ 0.5342714395, 51.5967010432 ], [ 0.5309789567, 51.596178554799998 ], [ 0.5296642842, 51.592789448300003 ], [ 0.5185241312, 51.586643868099998 ], [ 0.5189164925, 51.5848637633 ], [ 0.5154788581, 51.584307990100001 ], [ 0.5182309069, 51.583430558800003 ], [ 0.5211279555, 51.578395033699998 ], [ 0.5172897832, 51.575284829200001 ], [ 0.5157337035, 51.567494022200002 ], [ 0.4960561402, 51.569443245599999 ], [ 0.4878946079, 51.566127231899998 ], [ 0.4795104268, 51.569038706900002 ], [ 0.4689877092, 51.569791255799998 ], [ 0.4663051939, 51.568489704400001 ], [ 0.4715988053, 51.564187431299999 ], [ 0.4714402181, 51.562859770199999 ], [ 0.461236361, 51.560942914400002 ], [ 0.4522063076, 51.561518748700003 ], [ 0.445856614, 51.558809459800003 ], [ 0.4329332942, 51.557801183199999 ], [ 0.4305615168, 51.555530105899997 ], [ 0.4213965712, 51.553282491 ], [ 0.4200870846, 51.55497327 ], [ 0.4204082475, 51.559391293099999 ], [ 0.4167324463, 51.561085855599998 ], [ 0.4149542939, 51.559386793199998 ], [ 0.4087834099, 51.562742222499999 ], [ 0.4107915022, 51.567970965400001 ], [ 0.4168969462, 51.569356187700002 ], [ 0.4126720857, 51.570783135900001 ], [ 0.4037186533, 51.570670158799999 ], [ 0.391202837, 51.5747210376 ], [ 0.3849360197, 51.574111167200002 ], [ 0.3847432976, 51.575392107200003 ], [ 0.3772876771, 51.576892386799997 ], [ 0.3842834739, 51.583702092300001 ], [ 0.3832080736, 51.584668217100003 ], [ 0.3775322535, 51.583236557699998 ], [ 0.3741404919, 51.589060814500002 ], [ 0.3771932395, 51.588909073499998 ], [ 0.3768527446, 51.590130038 ], [ 0.3713481567, 51.591995066400003 ], [ 0.3716763619, 51.594137777199997 ], [ 0.3698816724, 51.595442061200004 ], [ 0.364418874, 51.5936817093 ], [ 0.3611099899, 51.595582921899997 ], [ 0.3548043251, 51.595385885799999 ], [ 0.3498670917, 51.598200760399997 ], [ 0.3436457928, 51.597965460200001 ], [ 0.3362046489, 51.602376530699999 ], [ 0.3304666565, 51.600026542400002 ], [ 0.3289987777, 51.601818313 ], [ 0.3252598374, 51.602126278199997 ], [ 0.3190051599, 51.5995431598 ], [ 0.3171682619, 51.599768299200001 ], [ 0.3150984013, 51.6027948224 ], [ 0.3067892528, 51.602688664200002 ], [ 0.3042104764, 51.5988183957 ], [ 0.2996464914, 51.59880001 ], [ 0.2995720487, 51.597326623299999 ], [ 0.2937359887, 51.599284388199997 ], [ 0.2959464141, 51.602739431800003 ], [ 0.300454849, 51.605079235600002 ], [ 0.3063910041, 51.605088620300002 ], [ 0.3047773251, 51.6060196197 ], [ 0.3053100283, 51.607412057799998 ], [ 0.3122970119, 51.607346540599998 ], [ 0.3102023167, 51.609896831500002 ], [ 0.3135889432, 51.612303180700003 ], [ 0.313385324, 51.613979885399999 ], [ 0.309166883, 51.616814806199997 ], [ 0.3090615107, 51.619577702 ], [ 0.3033310765, 51.624807295300002 ], [ 0.2966160603, 51.626305804499999 ], [ 0.2924261788, 51.629463288899998 ], [ 0.2946975442, 51.631235474100002 ], [ 0.280390918, 51.629490889499998 ], [ 0.2801348985, 51.633605613599997 ], [ 0.270044962, 51.637883939399998 ], [ 0.2715613755, 51.641910387499998 ], [ 0.2708229434, 51.644487639600001 ], [ 0.2673905221, 51.647539612599999 ], [ 0.2611035558, 51.648434255300003 ], [ 0.2609499967, 51.651449800100004 ], [ 0.2637831427, 51.655792714599997 ], [ 0.2719699009, 51.659330630600003 ], [ 0.2715408989, 51.662027790499998 ], [ 0.2735311875, 51.665100789299998 ], [ 0.2763511651, 51.664236794799997 ], [ 0.279161853, 51.666070765400001 ], [ 0.2794452756, 51.668259516900001 ], [ 0.2881468909, 51.670464377899997 ], [ 0.2989252076, 51.676530859400003 ], [ 0.302293027, 51.683325361500003 ], [ 0.300115194, 51.688593948799998 ], [ 0.2960262309, 51.692136207499999 ], [ 0.2971924544, 51.695449742100003 ], [ 0.3020841887, 51.701163327099998 ], [ 0.3085193332, 51.703051410400001 ], [ 0.3110622188, 51.7069402642 ], [ 0.3174404468, 51.710240848200002 ], [ 0.3173206554, 51.718939297600002 ], [ 0.321174055, 51.719546669700001 ], [ 0.3208030679, 51.724176315599998 ], [ 0.3254275438, 51.731333081 ], [ 0.3250398612, 51.733373132899999 ], [ 0.3351597617, 51.734143635400002 ], [ 0.3370943853, 51.737954098300001 ], [ 0.3362180859, 51.742306072200002 ], [ 0.339360758, 51.748178805599998 ], [ 0.3354601118, 51.750639503199999 ], [ 0.3349898558, 51.753319715499998 ], [ 0.3257243878, 51.757981893199997 ], [ 0.3322968726, 51.763481111 ], [ 0.3312581453, 51.769760704799999 ], [ 0.3348097927, 51.774825059699999 ], [ 0.329984403, 51.776548536699998 ], [ 0.329839899, 51.778808587699999 ], [ 0.3329012301, 51.783630933700003 ], [ 0.3304050878, 51.788086909599997 ], [ 0.3282834059, 51.788560611299999 ], [ 0.3243787977, 51.793278153800003 ], [ 0.3204264559, 51.7948220639 ], [ 0.3182526794, 51.793722880799997 ], [ 0.3119069194, 51.797247119 ], [ 0.3119393306, 51.804116917199998 ], [ 0.3059031249, 51.8074908396 ], [ 0.3070957622, 51.809823526 ], [ 0.3040623182, 51.812356010599999 ], [ 0.3063006954, 51.813004555600003 ], [ 0.3072556254, 51.815224998 ], [ 0.3035592863, 51.817284868 ], [ 0.3037783744, 51.819303928300002 ], [ 0.3082242402, 51.823955868200002 ], [ 0.3265577678, 51.8316519579 ], [ 0.3289778094, 51.834670556600003 ], [ 0.3329972297, 51.833520739699999 ], [ 0.3417207732, 51.835478580199997 ], [ 0.3437876638, 51.840895990600004 ], [ 0.3463129716, 51.840881597600003 ], [ 0.3520196701, 51.844526543400001 ], [ 0.3534867478, 51.853166168900003 ], [ 0.3512939788, 51.854001391399997 ], [ 0.3524124597, 51.8548423226 ], [ 0.3412030261, 51.858788993499999 ], [ 0.3437607755, 51.862173253100003 ], [ 0.3411954524, 51.864796256 ], [ 0.335688501, 51.8667222714 ], [ 0.3367303683, 51.8688867949 ], [ 0.3351362152, 51.871202593 ], [ 0.3290061759, 51.870649690199997 ], [ 0.3195338618, 51.875153343400001 ], [ 0.3204814839, 51.876627429 ], [ 0.3256785073, 51.8765427704 ], [ 0.3275547834, 51.879113522399997 ], [ 0.3142423326, 51.891498236399997 ], [ 0.3087007807, 51.8931178789 ], [ 0.297903252, 51.892861673299997 ], [ 0.2993411292, 51.898534870600002 ], [ 0.2934629924, 51.899566851400003 ], [ 0.2874989673, 51.9057799136 ], [ 0.2774365606, 51.906892361099999 ], [ 0.2750095826, 51.908638886399999 ], [ 0.2751245574, 51.911775068099999 ], [ 0.2723934965, 51.916432011 ], [ 0.2749468048, 51.919763856499998 ], [ 0.2740397142, 51.924835177 ], [ 0.2683266586, 51.928065836499997 ], [ 0.2709979459, 51.931997987300001 ], [ 0.2754431984, 51.933890467399998 ], [ 0.2722739654, 51.937674590900002 ], [ 0.2729234638, 51.939586439499998 ], [ 0.2683013561, 51.9428499419 ], [ 0.2625414755, 51.940865583600001 ], [ 0.2609539058, 51.935914268700003 ], [ 0.2579695058, 51.934424863 ], [ 0.2475310915, 51.933977221200003 ], [ 0.2509450526, 51.931268190200001 ], [ 0.2509231121, 51.927923415 ], [ 0.2301584869, 51.918660884399998 ], [ 0.2306548873, 51.915180391100002 ], [ 0.2206494663, 51.913391306800001 ], [ 0.2191087431, 51.916351907 ], [ 0.2164559973, 51.917229208400002 ], [ 0.2169241843, 51.922777705400001 ], [ 0.2153331794, 51.9241377723 ], [ 0.2166419841, 51.931217904500002 ], [ 0.208986394, 51.933502042699999 ], [ 0.2088100852, 51.935726472500001 ], [ 0.205661783, 51.937197322700001 ], [ 0.1936769188, 51.935766727100003 ], [ 0.1928670561, 51.937058735699999 ], [ 0.182968447, 51.938438721 ], [ 0.1830390981, 51.943787871399998 ], [ 0.1789754814, 51.945805516299998 ], [ 0.1750737221, 51.951776648699997 ], [ 0.1757860066, 51.956268635800001 ], [ 0.1652523609, 51.966615166899999 ], [ 0.1607872243, 51.967002945799997 ], [ 0.1593634661, 51.974330795299998 ], [ 0.1537666046, 51.980889756 ], [ 0.139976209, 51.985475466300002 ], [ 0.1308234753, 51.996072418700003 ], [ 0.1234640114, 51.998471391199999 ], [ 0.122482538, 52.001744255200002 ], [ 0.1184917825, 52.003003081700001 ], [ 0.1014331791, 52.005538770400001 ], [ 0.0984036025, 52.003380724099998 ], [ 0.0930923412, 52.003834928700002 ], [ 0.0916308201, 52.005299636899998 ], [ 0.0861631568, 52.005216776799998 ], [ 0.0746052794, 52.0114366492 ], [ 0.0642549072, 52.0059625078 ], [ 0.0552058893, 52.004673028699997 ], [ 0.0534206492, 52.008004278500003 ], [ 0.0478454378, 52.008443051500002 ], [ 0.0470169661, 52.010723454400001 ], [ 0.0407667915, 52.012990013200003 ], [ 0.0344158395, 52.011121636200002 ], [ 0.0354419364, 52.009970909400003 ], [ 0.0333849644, 52.007668508499997 ], [ 0.0303726245, 52.007109019700003 ], [ 0.0105142301, 52.008438818899997 ], [ 0.0033161423, 52.010395844800001 ], [ -0.0056081921, 52.009594151599998 ], [ -0.0178974964, 52.013092674600003 ], [ -0.0243904403, 52.010261373299997 ], [ -0.027519309, 52.010682501600002 ], [ -0.0326062322, 52.015964932700001 ], [ -0.0402425069, 52.018969655200003 ], [ -0.0567750211, 52.019522292399998 ], [ -0.0650116474, 52.016771500700003 ], [ -0.0678259005, 52.015720686400002 ], [ -0.0659143297, 52.014088753800003 ], [ -0.0665733861, 52.010970388899999 ], [ -0.0642345789, 52.009790000099997 ], [ -0.0667123581, 52.007070178699998 ], [ -0.0673786382, 52.001074510099997 ], [ -0.0716859392, 51.997800118299999 ], [ -0.0735460496, 51.993154758499998 ], [ -0.0780647313, 51.991717947799998 ], [ -0.0781896456, 51.989480996799998 ], [ -0.0820361146, 51.987745306800001 ], [ -0.0887527518, 51.988367064800002 ], [ -0.0929472385, 51.986996360900001 ], [ -0.0966682938, 51.983046170900003 ], [ -0.1052964259, 51.979426699199998 ], [ -0.1097357416, 51.980163447700001 ], [ -0.1161502133, 51.978252059100001 ], [ -0.1199720778, 51.9822605803 ], [ -0.1326847297, 51.981914353699999 ], [ -0.1368313618, 51.978841874499999 ], [ -0.1346154521, 51.977502970400003 ], [ -0.1348288905, 51.975869830299999 ], [ -0.1410174212, 51.973396020099997 ], [ -0.1461040626, 51.967973193799999 ], [ -0.1596591227, 51.966504350299999 ], [ -0.1678246407, 51.958673922 ], [ -0.1684341834, 51.9558599621 ], [ -0.1730458877, 51.953755587499998 ], [ -0.1653391982, 51.947539249800002 ], [ -0.1687836029, 51.941568321600002 ], [ -0.1675364429, 51.940397952700003 ], [ -0.1742662814, 51.936609024500001 ], [ -0.1775564501, 51.938341506199997 ], [ -0.1877116864, 51.937599105499999 ], [ -0.1938604002, 51.933737191100001 ], [ -0.2034809189, 51.923040234299997 ], [ -0.2147426757, 51.915568512 ], [ -0.2200728958, 51.9131495082 ], [ -0.2309854985, 51.914429032199997 ], [ -0.2379033138, 51.9100548734 ], [ -0.2319889063, 51.903689854900001 ], [ -0.2264419922, 51.902059786899997 ], [ -0.2152212536, 51.894696631800002 ], [ -0.2136812241, 51.890285217600002 ], [ -0.2162673883, 51.888831795500003 ], [ -0.2107794026, 51.886509487600001 ], [ -0.2165302889, 51.879987746700003 ], [ -0.2227776297, 51.877043015600002 ], [ -0.2275345333, 51.875406313900001 ], [ -0.2301680491, 51.877523088300002 ], [ -0.2348662317, 51.877009194800003 ], [ -0.2397894315, 51.875194657 ], [ -0.2404686044, 51.873055739900003 ], [ -0.2444740071, 51.872782889699998 ], [ -0.2439392232, 51.874950945499997 ], [ -0.2476641274, 51.878908960499999 ], [ -0.2535180102, 51.880812358299998 ], [ -0.2621497652, 51.886802856599999 ], [ -0.2641709557, 51.891670302800001 ], [ -0.2685676122, 51.893357799900002 ], [ -0.2682268989, 51.896549686699998 ], [ -0.2721898798, 51.897812845700003 ], [ -0.2750613076, 51.901775402799998 ], [ -0.2799513117, 51.903141797899998 ], [ -0.2765745502, 51.906293478099997 ], [ -0.2854889729, 51.907358832600003 ], [ -0.2867135243, 51.910325973299997 ], [ -0.2965772921, 51.913993928099998 ], [ -0.2982008308, 51.9172005008 ], [ -0.3097029392, 51.919901921799998 ], [ -0.3136911693, 51.919023987400003 ], [ -0.3149819534, 51.921056624 ], [ -0.3199792872, 51.920804356700003 ], [ -0.3322729882, 51.928496263699998 ], [ -0.3413411508, 51.930278864599998 ], [ -0.342741861, 51.932528534100001 ], [ -0.3458715311, 51.932860287600001 ], [ -0.3432915609, 51.9341907433 ], [ -0.350305237, 51.934918659799997 ], [ -0.348394163, 51.937841135 ], [ -0.3485086929, 51.941853030499999 ], [ -0.3540189764, 51.944735601799998 ], [ -0.3595345258, 51.945100319200002 ], [ -0.3649883974, 51.949564113500003 ], [ -0.3678304235, 51.950241938600001 ], [ -0.3764296158, 51.947438569 ], [ -0.3887308873, 51.949450831599997 ], [ -0.3901224595, 51.946601555400001 ], [ -0.4027445453, 51.945172965799998 ], [ -0.4120830237, 51.951008955100001 ], [ -0.4167912205, 51.948302933900003 ], [ -0.4183340672, 51.951183011799998 ], [ -0.4221085811, 51.953094914700003 ], [ -0.4280960834, 51.9524916433 ], [ -0.438145393, 51.946385228099999 ], [ -0.4517896074, 51.950296920699998 ], [ -0.4566472645, 51.948247696499998 ], [ -0.4588394464, 51.944571891899997 ], [ -0.4641738512, 51.945576720600002 ], [ -0.4746565424, 51.942799738200002 ], [ -0.4790831755, 51.943549339400001 ], [ -0.4812919095, 51.936735304700001 ], [ -0.4801178489, 51.935749066 ], [ -0.4851044733, 51.933673351800003 ], [ -0.4835924002, 51.927611561600003 ], [ -0.4857614275, 51.925391593599997 ], [ -0.4830376557, 51.9207708275 ], [ -0.4791109494, 51.918202517399997 ], [ -0.4846479445, 51.9161339363 ], [ -0.4881242151, 51.9217264336 ], [ -0.4908451723, 51.9221120204 ], [ -0.4906486374, 51.920167323900003 ], [ -0.4929125396, 51.921607990299997 ], [ -0.4985115164, 51.9163655487 ], [ -0.5093139126, 51.916394951199997 ], [ -0.5134828718, 51.914757264099997 ], [ -0.5184302616, 51.908453627100002 ], [ -0.5221401737, 51.907924808899999 ], [ -0.5232503171, 51.9055469913 ], [ -0.5290436773, 51.904864248400003 ], [ -0.5309809885, 51.902514677 ], [ -0.5266981693, 51.901022494199999 ], [ -0.5264330876, 51.896685245800001 ], [ -0.5224734877, 51.893335696900003 ], [ -0.5230943903, 51.889468124300002 ], [ -0.5302633425, 51.882634367800001 ], [ -0.5386507702, 51.878476821699998 ], [ -0.5392213346, 51.877009288 ], [ -0.5352010181, 51.874657465200002 ], [ -0.5343277729, 51.868900952700002 ], [ -0.5389189743, 51.862133451200002 ], [ -0.5475952587, 51.8578799557 ], [ -0.5471015273, 51.8524699086 ], [ -0.55105728, 51.848652306699996 ], [ -0.5505643896, 51.8450136254 ], [ -0.5521942893, 51.842174364400002 ], [ -0.5648899035, 51.8400820321 ], [ -0.574731254, 51.842845212299999 ], [ -0.5868916272, 51.842056793399998 ], [ -0.5933151538, 51.844147893500001 ], [ -0.6078305577, 51.841838898 ], [ -0.6076839528, 51.834356178599997 ], [ -0.6028579591, 51.827564246900003 ], [ -0.6100511296, 51.828179986800002 ], [ -0.6195351299, 51.8226989168 ], [ -0.6231154679, 51.818532825200002 ], [ -0.6196269672, 51.813996139700002 ], [ -0.6209933792, 51.813400741099997 ], [ -0.6346220682, 51.812246982200001 ], [ -0.6415816442, 51.818154111799998 ], [ -0.6501571371, 51.827343303500001 ], [ -0.6506657127, 51.835576397300002 ], [ -0.6581657123, 51.835212612600003 ], [ -0.6538758091, 51.840846244399998 ], [ -0.6547827063, 51.843536091499999 ], [ -0.6614751415, 51.845482663200002 ], [ -0.6678225131, 51.842416675700001 ], [ -0.6636680865, 51.851828606 ], [ -0.6713746012, 51.854892086100001 ], [ -0.6707466452, 51.858463604199997 ], [ -0.6728532399, 51.860897101500001 ], [ -0.6840548562, 51.864205896400001 ], [ -0.6834385196, 51.8674089533 ], [ -0.6848149734, 51.868521289599997 ], [ -0.68972041, 51.869151483400003 ], [ -0.7110533444, 51.864711551799999 ], [ -0.7272222699, 51.868151447700001 ], [ -0.7373792855, 51.864358599 ], [ -0.7483391104, 51.866112129699999 ], [ -0.7530653327, 51.863267076299998 ], [ -0.7578356352, 51.864072809600003 ], [ -0.7589549376, 51.866674143399997 ], [ -0.7662237016, 51.8717318104 ], [ -0.7790526312, 51.874841746900003 ], [ -0.7757115731, 51.8807233693 ], [ -0.7805883074, 51.880899880699999 ], [ -0.7850824749, 51.886646879600001 ], [ -0.7839344729, 51.890420379600002 ], [ -0.7799617981, 51.893310443300003 ], [ -0.7739497392, 51.894219034599999 ], [ -0.773407558, 51.895984680200002 ], [ -0.7771949614, 51.898874343199999 ], [ -0.7701613515, 51.900437485200001 ], [ -0.7643046099, 51.8993511316 ], [ -0.7611801076, 51.901979726 ], [ -0.7476244351, 51.9043898189 ], [ -0.7563051233, 51.913239421900002 ], [ -0.7556434946, 51.918240599500002 ], [ -0.7588831507, 51.920981186399999 ], [ -0.7624808057, 51.928697637799999 ], [ -0.766443475, 51.932695394500001 ], [ -0.7716015214, 51.934493633499997 ], [ -0.7731228917, 51.937377716100002 ], [ -0.7876152104, 51.933994263800002 ], [ -0.7935137609, 51.930997821600002 ], [ -0.7940508509, 51.928323923699999 ], [ -0.8063748639, 51.920986755400001 ], [ -0.8068984343, 51.918789198799999 ], [ -0.803956431, 51.916781262800001 ], [ -0.8017592762, 51.9130185418 ], [ -0.8026205079, 51.911795497500002 ], [ -0.8071240014, 51.910276734100002 ], [ -0.8076700425, 51.908322163599998 ], [ -0.8126066443, 51.905243092100001 ], [ -0.8162850956, 51.905765670299999 ], [ -0.8206891012, 51.904119511700003 ], [ -0.8206286306, 51.901987968900002 ], [ -0.8235319911, 51.898789147499997 ], [ -0.839714357, 51.890093354 ], [ -0.8481349097, 51.883000992699998 ], [ -0.8526981082, 51.881813771499999 ], [ -0.8606722268, 51.885343894199998 ], [ -0.8771930971, 51.878903061700001 ], [ -0.8802101019, 51.879093650100003 ] ], [ [ 1.4910144417, 52.072063645900002 ], [ 1.4920203528, 52.071793705600001 ], [ 1.4919406286, 52.071829021200003 ], [ 1.4910144417, 52.072063645900002 ] ], [ [ 0.446970143, 52.860275526300001 ], [ 0.4484388151, 52.867095101300002 ], [ 0.447853653, 52.8674476777 ], [ 0.4467378188, 52.867326891300003 ], [ 0.446970143, 52.860275526300001 ] ], [ [ 1.4861405701, 52.112873546199999 ], [ 1.4863126816, 52.112983943499998 ], [ 1.4863090401, 52.113026195499998 ], [ 1.4861405701, 52.112873546199999 ] ], [ [ 1.4857702827, 52.112636030399997 ], [ 1.4857743257, 52.112466231900001 ], [ 1.4861405701, 52.112873546199999 ], [ 1.4857702827, 52.112636030399997 ] ], [ [ 1.6155414288, 52.242896438300001 ], [ 1.6161717419, 52.243204564400003 ], [ 1.6157601734, 52.2434959351 ], [ 1.6155414288, 52.242896438300001 ] ], [ [ 1.6271344485, 52.239180779400002 ], [ 1.627239016, 52.239166496099998 ], [ 1.6272564942, 52.239553018599999 ], [ 1.6271344485, 52.239180779400002 ] ], [ [ 1.6207070442, 52.244306337799998 ], [ 1.6213981367, 52.244278290499999 ], [ 1.6214718103, 52.244582257 ], [ 1.6207070442, 52.244306337799998 ] ], [ [ 1.6121906828, 52.242443208700003 ], [ 1.6124610426, 52.24304179 ], [ 1.6118340472, 52.242713739 ], [ 1.6121906828, 52.242443208700003 ] ], [ [ 1.5988850204, 52.2445093173 ], [ 1.5993549626, 52.243643439800003 ], [ 1.6003602332, 52.243717617400002 ], [ 1.5988850204, 52.2445093173 ] ], [ [ 1.609313382, 52.243997151400002 ], [ 1.609899158, 52.243025978399999 ], [ 1.61124911, 52.242814001200003 ], [ 1.609313382, 52.243997151400002 ] ], [ [ 1.623117744, 52.240468456899997 ], [ 1.6212273818, 52.240713008 ], [ 1.6208330723, 52.240104628399997 ], [ 1.623117744, 52.240468456899997 ] ], [ [ 1.6217136564, 52.243430283499997 ], [ 1.6238073085, 52.242513714 ], [ 1.6231421208, 52.244049994699999 ], [ 1.6217136564, 52.243430283499997 ] ], [ [ 1.6230648107, 52.244115870100003 ], [ 1.6218660535, 52.245364674800001 ], [ 1.6211023706, 52.243552005 ], [ 1.6230648107, 52.244115870100003 ] ], [ [ 1.6263769015, 52.243533329900004 ], [ 1.6249283515, 52.245092438 ], [ 1.6235806599, 52.244574457900001 ], [ 1.6263769015, 52.243533329900004 ] ], [ [ 1.625915636, 52.2400632632 ], [ 1.6271001151, 52.242043645499997 ], [ 1.6228867832, 52.241259724199999 ], [ 1.625915636, 52.2400632632 ] ] ], [ [ [ 0.0305720527, 52.352399502700003 ], [ 0.0306715428, 52.352695260300003 ], [ 0.0318267169, 52.352904563800003 ], [ 0.0305720527, 52.352399502700003 ] ] ], [ [ [ 0.7143296674, 51.573587614799997 ], [ 0.7175613163, 51.570833993199997 ], [ 0.7174881145, 51.568155581399999 ], [ 0.7144376247, 51.5644308989 ], [ 0.7182757666, 51.562974970600003 ], [ 0.7182620711, 51.55694054 ], [ 0.7208550431, 51.553489796800001 ], [ 0.7183042989, 51.547972869900001 ], [ 0.7190039729, 51.544467101199999 ], [ 0.7034327647, 51.538252594399999 ], [ 0.6995851412, 51.541714006500001 ], [ 0.6935507409, 51.541618935700001 ], [ 0.6796197692, 51.545571518899997 ], [ 0.6543373077, 51.542153344900001 ], [ 0.632426932, 51.543618531500002 ], [ 0.6283656274, 51.5487280165 ], [ 0.6128560483, 51.550441597099997 ], [ 0.6013259714, 51.556435745899996 ], [ 0.5870272705, 51.557939144400002 ], [ 0.5875763616, 51.558970271900002 ], [ 0.5817755653, 51.5602312758 ], [ 0.5785714525, 51.566588166899997 ], [ 0.5796235269, 51.571916121100003 ], [ 0.5909670696, 51.574957710500001 ], [ 0.5929167374, 51.577513733899998 ], [ 0.5904149377, 51.580222067800001 ], [ 0.5934829113, 51.582132835899998 ], [ 0.6008010111, 51.582627329300003 ], [ 0.6065619047, 51.588192332600002 ], [ 0.6118826034, 51.589836711499999 ], [ 0.611233261, 51.591604888600003 ], [ 0.6151743968, 51.5943590332 ], [ 0.6144973138, 51.596145833100003 ], [ 0.6242222202, 51.598267014299999 ], [ 0.6289378487, 51.597406145599997 ], [ 0.632291104, 51.599705083400004 ], [ 0.6372311543, 51.600223688900002 ], [ 0.6468966571, 51.60799225 ], [ 0.6521355839, 51.6096546602 ], [ 0.6510988156, 51.6116926316 ], [ 0.6560959585, 51.613162474500001 ], [ 0.6586537866, 51.610955099800002 ], [ 0.6658539546, 51.611807999100002 ], [ 0.6698982615, 51.609341753099997 ], [ 0.6951533382, 51.604573348 ], [ 0.7037807655, 51.599311455100001 ], [ 0.7057426411, 51.596361293299999 ], [ 0.7125786636, 51.593793143500001 ], [ 0.7153264782, 51.591445196199999 ], [ 0.7123789746, 51.586036256200003 ], [ 0.7221285181, 51.582052372699998 ], [ 0.72171241, 51.578472282299998 ], [ 0.7152765279, 51.578747349499999 ], [ 0.7151377427, 51.574011031600001 ], [ 0.7143170821, 51.5736266344 ], [ 0.7135619983, 51.572705366400001 ], [ 0.7143296674, 51.573587614799997 ] ] ], [ [ [ 1.6250112463, 52.2407655226 ], [ 1.6254177794, 52.241285309799999 ], [ 1.6255370165, 52.240560150299999 ], [ 1.6250112463, 52.2407655226 ] ] ], [ [ [ 1.6223553901, 52.244066939699998 ], [ 1.6227492261, 52.244383240499999 ], [ 1.6229113706, 52.244185643500003 ], [ 1.6223553901, 52.244066939699998 ] ] ] ] } },
{ "type": "Feature", "properties": { "river_basin_district": "Northumbria" }, "geometry": { "type": "MultiPolygon", "coordinates": [ [ [ [ -2.1714698102, 54.522545592699998 ], [ -2.1887416145, 54.529116204499999 ], [ -2.2021630744, 54.524744839900002 ], [ -2.2114159159, 54.534731393500003 ], [ -2.2217639226, 54.535135226500003 ], [ -2.2251512091, 54.535650200600003 ], [ -2.2259342522, 54.537518007599999 ], [ -2.2342511191, 54.537879619400002 ], [ -2.2403230757, 54.542801451499997 ], [ -2.2327698115, 54.543723943099998 ], [ -2.2328825362, 54.547228600799997 ], [ -2.2310939253, 54.548040850900001 ], [ -2.230798664, 54.550503812099997 ], [ -2.2345623713, 54.551695949 ], [ -2.2385598743, 54.550560636500002 ], [ -2.2401762657, 54.552015795899997 ], [ -2.2390076842, 54.553112016599997 ], [ -2.2461683808, 54.5534930659 ], [ -2.2518309899, 54.556626796800003 ], [ -2.2561497309, 54.559852985500001 ], [ -2.2562797495, 54.562039408099999 ], [ -2.2603900993, 54.5628005608 ], [ -2.2612823365, 54.564488195800003 ], [ -2.2598091238, 54.568175971700001 ], [ -2.2654817782, 54.570530853299999 ], [ -2.2663639987, 54.573086488500003 ], [ -2.2716299661, 54.576319015400003 ], [ -2.2807364074, 54.577809596599998 ], [ -2.2860188273, 54.576609361800003 ], [ -2.2878882354, 54.574070641 ], [ -2.2947569378, 54.574143961 ], [ -2.3063206483, 54.579934196700002 ], [ -2.3126133775, 54.578880110100002 ], [ -2.3285428122, 54.582055168700002 ], [ -2.331219385, 54.5839530752 ], [ -2.3309913664, 54.586362167700003 ], [ -2.3346579006, 54.590050337500003 ], [ -2.3355108932, 54.593968156199999 ], [ -2.3402265819, 54.595341332300002 ], [ -2.3404960618, 54.599806981699999 ], [ -2.3484061641, 54.603496043699998 ], [ -2.3481282791, 54.604602219900002 ], [ -2.3601392513, 54.613922316 ], [ -2.368534504, 54.614984439 ], [ -2.3762095566, 54.6120131164 ], [ -2.3805100872, 54.6132668423 ], [ -2.384417357, 54.617118813899999 ], [ -2.3842116216, 54.621576914199998 ], [ -2.3879068077, 54.622553672400002 ], [ -2.3873476953, 54.625646916299999 ], [ -2.3911920843, 54.632437540399998 ], [ -2.3980146211, 54.636270621599998 ], [ -2.4093736447, 54.635028509599998 ], [ -2.4154618184, 54.6412535718 ], [ -2.4210999953, 54.6407555117 ], [ -2.4276221375, 54.643772454800001 ], [ -2.4266412454, 54.646283223300003 ], [ -2.4281730817, 54.654905102699999 ], [ -2.4248965314, 54.658771960400003 ], [ -2.4311946657, 54.666990537 ], [ -2.4340845077, 54.668552890699999 ], [ -2.4390096888, 54.676677112199997 ], [ -2.444700298, 54.678022332499999 ], [ -2.4491072417, 54.681061556499998 ], [ -2.4530871225, 54.688029412799999 ], [ -2.4599366824, 54.691298611800001 ], [ -2.4715450933, 54.700729078800002 ], [ -2.4856714038, 54.702506559699998 ], [ -2.4898712767, 54.704628486399997 ], [ -2.5041738684, 54.716683885599998 ], [ -2.5139540141, 54.719177047 ], [ -2.5290669668, 54.730507132600003 ], [ -2.5346022005, 54.731264685200003 ], [ -2.534964839, 54.7326380477 ], [ -2.551491689, 54.7409036245 ], [ -2.5514820601, 54.745909241 ], [ -2.5532696667, 54.7471322695 ], [ -2.5504070515, 54.749113380700003 ], [ -2.5501546532, 54.753113591499996 ], [ -2.5574132996, 54.7626511888 ], [ -2.5511188826, 54.767200278700003 ], [ -2.5471419531, 54.775407028 ], [ -2.5440925709, 54.777539638100002 ], [ -2.5464444541, 54.780171165699997 ], [ -2.5489101709, 54.787735747100001 ], [ -2.550885991, 54.788742275899999 ], [ -2.5495666465, 54.792567567900001 ], [ -2.5468091775, 54.793370850899997 ], [ -2.5430669282, 54.800361265900001 ], [ -2.5457362386, 54.801463616200003 ], [ -2.5459577964, 54.804050755600002 ], [ -2.5419149943, 54.812327507799999 ], [ -2.5540652768, 54.814456402700003 ], [ -2.5581292711, 54.816863900500003 ], [ -2.5623605009, 54.8201516707 ], [ -2.5634795384, 54.824513949599996 ], [ -2.5688902866, 54.828532656199997 ], [ -2.5728977286, 54.8345168229 ], [ -2.5778646063, 54.835643553499999 ], [ -2.579245949, 54.841864647599998 ], [ -2.5835899018, 54.846148392 ], [ -2.5797943286, 54.850785660500001 ], [ -2.571470575, 54.854707311299997 ], [ -2.571951426, 54.856762922800002 ], [ -2.5790110661, 54.861339577199999 ], [ -2.5792997422, 54.864088073200001 ], [ -2.5872144187, 54.8683815491 ], [ -2.5907645003, 54.874600963 ], [ -2.5956061601, 54.877435018299998 ], [ -2.5956821735, 54.879417984600003 ], [ -2.604069862, 54.880628350099997 ], [ -2.6047792082, 54.883240597 ], [ -2.6118127903, 54.887599056399999 ], [ -2.6161299949, 54.8936610493 ], [ -2.6310725759, 54.892056623599998 ], [ -2.639902136, 54.89730351 ], [ -2.6475624026, 54.899509536799997 ], [ -2.6510344345, 54.899661720499999 ], [ -2.6599950461, 54.895973827500001 ], [ -2.6634894648, 54.899872907700001 ], [ -2.6698271855, 54.899334220699998 ], [ -2.6722087097, 54.9009482819 ], [ -2.6706462608, 54.906393755300002 ], [ -2.6726854514, 54.909896164400003 ], [ -2.6612218181, 54.913742449899999 ], [ -2.6462629499, 54.924489883 ], [ -2.6434097494, 54.928147227700002 ], [ -2.6468367726, 54.929132828 ], [ -2.6454436626, 54.929841179199997 ], [ -2.646277842, 54.931256604700003 ], [ -2.6431830343, 54.932908558500003 ], [ -2.6446366842, 54.934024161499998 ], [ -2.6402714209, 54.938247067 ], [ -2.6427241705, 54.939363251099998 ], [ -2.6418126175, 54.942890750499998 ], [ -2.6127404021, 54.944568494199999 ], [ -2.6141995327, 54.947032391699999 ], [ -2.6035562106, 54.948406713700003 ], [ -2.60611002, 54.952114374099999 ], [ -2.5936560507, 54.952517323499997 ], [ -2.5944572179, 54.956018098599998 ], [ -2.5998322063, 54.957286095400001 ], [ -2.5927766945, 54.958542492600003 ], [ -2.5778959889, 54.956484342099998 ], [ -2.5715641765, 54.9581588247 ], [ -2.5701302041, 54.9605559325 ], [ -2.5727918511, 54.961028683199999 ], [ -2.5718786216, 54.9627044466 ], [ -2.5625443147, 54.9641947677 ], [ -2.5636282122, 54.965756696600003 ], [ -2.562478785, 54.967331345700003 ], [ -2.5673006266, 54.972538994700002 ], [ -2.5658567926, 54.9742890741 ], [ -2.5700523405, 54.977109158300003 ], [ -2.5694244839, 54.981317705899997 ], [ -2.5716685369, 54.983095456100003 ], [ -2.5605911536, 54.988799429499998 ], [ -2.5606858933, 54.989989682400001 ], [ -2.5548455737, 54.991467758 ], [ -2.5617930768, 55.004352690700003 ], [ -2.5522707089, 55.009955501299999 ], [ -2.5526466368, 55.011139785200001 ], [ -2.5273302505, 55.015583558199999 ], [ -2.522928622, 55.017723317700003 ], [ -2.5132394087, 55.015837191899998 ], [ -2.5069775665, 55.016568716 ], [ -2.5048967043, 55.018985685399997 ], [ -2.4906467694, 55.022656466 ], [ -2.4911970132, 55.0241639324 ], [ -2.4877132834, 55.025813443200001 ], [ -2.487404949, 55.028762161700001 ], [ -2.484449072, 55.030121901599998 ], [ -2.4701986376, 55.032909623099997 ], [ -2.4642419209, 55.0359698368 ], [ -2.4642005247, 55.039154266200001 ], [ -2.4597872727, 55.043723866800001 ], [ -2.4633225999, 55.045786265399997 ], [ -2.4640511895, 55.051948010300002 ], [ -2.4562707167, 55.054601395100001 ], [ -2.4528932495, 55.059089122700001 ], [ -2.4483438884, 55.059654085399998 ], [ -2.4522013662, 55.065759424600003 ], [ -2.4506697758, 55.067409571200002 ], [ -2.4520765636, 55.069965406199998 ], [ -2.4597865387, 55.069073854599999 ], [ -2.4703279791, 55.070282652099998 ], [ -2.4724026632, 55.0726110174 ], [ -2.4721334688, 55.0750181744 ], [ -2.4710865529, 55.076552012299999 ], [ -2.4623975688, 55.076863938300001 ], [ -2.4621809787, 55.079812214299999 ], [ -2.4585038849, 55.081515513 ], [ -2.4551467919, 55.081078804599997 ], [ -2.451550575, 55.0844350371 ], [ -2.4450356739, 55.084602806299998 ], [ -2.4370609385, 55.087372426 ], [ -2.4347881598, 55.090157311600002 ], [ -2.4373873684, 55.092879778099999 ], [ -2.4333818428, 55.094844048200002 ], [ -2.4458959556, 55.095742439699997 ], [ -2.4511756992, 55.094267239499999 ], [ -2.4503398031, 55.096570778 ], [ -2.458405426, 55.100287884899998 ], [ -2.4670916661, 55.097963415400002 ], [ -2.4707094756, 55.099117677700001 ], [ -2.4785060146, 55.106533458800001 ], [ -2.4983968416, 55.102619917399998 ], [ -2.513806441, 55.104119458200003 ], [ -2.5275434003, 55.102299441 ], [ -2.5332603814, 55.104395267699999 ], [ -2.5384324264, 55.103222284 ], [ -2.5409411443, 55.100982602899997 ], [ -2.551295397, 55.104045373200002 ], [ -2.545620894, 55.108581970499998 ], [ -2.5563736507, 55.108569265900002 ], [ -2.5590315101, 55.114811445199997 ], [ -2.5634180067, 55.1156987934 ], [ -2.5646762919, 55.119323401599999 ], [ -2.5625885887, 55.1207348979 ], [ -2.5635243067, 55.123246648299997 ], [ -2.5887969667, 55.125077138800002 ], [ -2.5964475707, 55.122847301199997 ], [ -2.5988522708, 55.125315677400003 ], [ -2.6244432106, 55.128251422300004 ], [ -2.6323185202, 55.127429043299998 ], [ -2.6353373015, 55.129893515299997 ], [ -2.6468655691, 55.130929159700003 ], [ -2.6483972806, 55.134223433199999 ], [ -2.6575070415, 55.137135545699998 ], [ -2.6579078436, 55.140521161800002 ], [ -2.6600519171, 55.141803571499999 ], [ -2.6597282484, 55.145314412200001 ], [ -2.6627169678, 55.148147202600001 ], [ -2.6675853918, 55.148879560399998 ], [ -2.6726543571, 55.151727251600001 ], [ -2.673997983, 55.155116751900003 ], [ -2.6774278843, 55.155618767900002 ], [ -2.6751704169, 55.157617232 ], [ -2.6762889275, 55.1606483439 ], [ -2.6810139536, 55.163452665400001 ], [ -2.6828204932, 55.167207706900001 ], [ -2.672489031, 55.175469509 ], [ -2.6767873302, 55.180801440700002 ], [ -2.6819659453, 55.1787596928 ], [ -2.6842715339, 55.179519578600001 ], [ -2.6818944661, 55.182848771300002 ], [ -2.6842044695, 55.1866010058 ], [ -2.6723678636, 55.195311473 ], [ -2.6743428465, 55.195983508499999 ], [ -2.6755471397, 55.200308131500002 ], [ -2.681909265, 55.204855617600003 ], [ -2.6923736555, 55.206647786300003 ], [ -2.696255238, 55.208467829100002 ], [ -2.6963769508, 55.210938307299998 ], [ -2.6886442658, 55.218171065299998 ], [ -2.6824115072, 55.2213512143 ], [ -2.6472372446, 55.220716220699998 ], [ -2.6380337134, 55.223163939700001 ], [ -2.6413326777, 55.225959301499998 ], [ -2.6420321078, 55.230340796199997 ], [ -2.6386340734, 55.238068622599997 ], [ -2.6389342349, 55.241095330900002 ], [ -2.6358740201, 55.246431022599999 ], [ -2.6328200705, 55.2482530821 ], [ -2.6495589262, 55.256108726900003 ], [ -2.6466540666, 55.263241042600001 ], [ -2.6332465935, 55.265180427799997 ], [ -2.6342874468, 55.267295707199999 ], [ -2.6307645646, 55.267439768800003 ], [ -2.6244905364, 55.2707788612 ], [ -2.6216807958, 55.274279748300003 ], [ -2.6110934897, 55.279778684100002 ], [ -2.6100102989, 55.283054975299997 ], [ -2.591790959, 55.2912454489 ], [ -2.5894015728, 55.295772415800002 ], [ -2.5885720883, 55.306757158 ], [ -2.5793576519, 55.317629176600001 ], [ -2.5678276187, 55.321232738 ], [ -2.5570524371, 55.319251563 ], [ -2.5557014527, 55.317298806799997 ], [ -2.550101133, 55.315895415599996 ], [ -2.5336945745, 55.322415545299997 ], [ -2.5195544075, 55.323289695200003 ], [ -2.5145611089, 55.328849287499999 ], [ -2.5024020477, 55.336507708 ], [ -2.5023550129, 55.340183083100001 ], [ -2.497747057, 55.342439402899998 ], [ -2.4961858778, 55.346201803 ], [ -2.4899442743, 55.351528589600001 ], [ -2.48175984, 55.354167004099999 ], [ -2.4599261723, 55.353559147299997 ], [ -2.44364047, 55.359864551599998 ], [ -2.4300735793, 55.356830963299998 ], [ -2.4198161571, 55.359319740899998 ], [ -2.410275451, 55.358022269300001 ], [ -2.4007411897, 55.353354536200001 ], [ -2.3996883937, 55.348278627100001 ], [ -2.3914306165, 55.347247343399999 ], [ -2.3784875555, 55.349229048300003 ], [ -2.3788761441, 55.350288156799998 ], [ -2.3734274255, 55.3544563289 ], [ -2.3577190923, 55.359723983800002 ], [ -2.3582036754, 55.362732807199997 ], [ -2.3479349143, 55.368207802100002 ], [ -2.3506696629, 55.370590170200003 ], [ -2.3477249056, 55.373042686700003 ], [ -2.3381877249, 55.3759628388 ], [ -2.3305778633, 55.381180484200002 ], [ -2.3349963451, 55.382980434399997 ], [ -2.3356248778, 55.392467539899997 ], [ -2.3449270328, 55.399126943900001 ], [ -2.3331696594, 55.402232640199998 ], [ -2.332398256, 55.404391287 ], [ -2.335213054, 55.408300521500003 ], [ -2.3316009949, 55.409832613900001 ], [ -2.3255707562, 55.407554625499998 ], [ -2.3132404089, 55.406778143799997 ], [ -2.3122892458, 55.409584083799999 ], [ -2.29584054, 55.414890614699999 ], [ -2.2943198497, 55.420683135099999 ], [ -2.2843735572, 55.4227368934 ], [ -2.2795240121, 55.426142950600003 ], [ -2.2742931859, 55.426004109200001 ], [ -2.2725253137, 55.428548911900002 ], [ -2.2644359168, 55.431028719700002 ], [ -2.2429746138, 55.432242233700002 ], [ -2.2302704868, 55.430136003800001 ], [ -2.2036964046, 55.437893126600002 ], [ -2.2017995491, 55.440942406700003 ], [ -2.1949075522, 55.444502696500003 ], [ -2.1920419944, 55.452872691099998 ], [ -2.1884677055, 55.455888672100002 ], [ -2.1884530307, 55.461836959700001 ], [ -2.1831967738, 55.464998931799997 ], [ -2.1546668344, 55.469414245899998 ], [ -2.156158813, 55.458737642 ], [ -2.1549729052, 55.454731623599997 ], [ -2.1591274647, 55.449847159900003 ], [ -2.1588214909, 55.444528139799999 ], [ -2.1518883933, 55.433862164200001 ], [ -2.1521406599, 55.4255053089 ], [ -2.1559064701, 55.422867756700001 ], [ -2.1425771401, 55.419855958500001 ], [ -2.1309341419, 55.424577418600002 ], [ -2.124642612, 55.42352371 ], [ -2.1171387277, 55.418427355299997 ], [ -2.1064526326, 55.415723509300001 ], [ -2.1073862666, 55.410529045099999 ], [ -2.1028884976, 55.405806518799999 ], [ -2.0925059486, 55.402714774099998 ], [ -2.0811321615, 55.408267015 ], [ -2.0721784004, 55.408739879099997 ], [ -2.063786764, 55.4053659928 ], [ -2.0548539201, 55.409198188799998 ], [ -2.0492952676, 55.409685786499999 ], [ -2.0470257614, 55.413676266700001 ], [ -2.0392536736, 55.412798440800003 ], [ -2.0242454288, 55.407644664400003 ], [ -2.016856028, 55.411347967 ], [ -2.0028625618, 55.413990874 ], [ -1.9892453582, 55.420334252 ], [ -1.9791372636, 55.415534692 ], [ -1.9698931084, 55.4202591775 ], [ -1.9581544235, 55.421154303900003 ], [ -1.9585361508, 55.4186834116 ], [ -1.9560880998, 55.418224302200002 ], [ -1.9547498317, 55.41428815 ], [ -1.9526012959, 55.414592849400002 ], [ -1.9449311001, 55.409953112799997 ], [ -1.9401747243, 55.4116042299 ], [ -1.9374593188, 55.410830120699998 ], [ -1.9362081615, 55.412968037100001 ], [ -1.9248639936, 55.414794670699997 ], [ -1.9210163239, 55.419491692100003 ], [ -1.915027649, 55.420161607300003 ], [ -1.9111342105, 55.423375670299997 ], [ -1.8971114427, 55.426878012300001 ], [ -1.8934792808, 55.432023657899997 ], [ -1.8929258896, 55.437989557900003 ], [ -1.8904532618, 55.440548244799999 ], [ -1.8918668245, 55.4438381935 ], [ -1.881310033, 55.443028723600001 ], [ -1.8771345383, 55.438729539 ], [ -1.8686386705, 55.441290588500003 ], [ -1.8616864298, 55.440582073800002 ], [ -1.8604409963, 55.4396641413 ], [ -1.8616954617, 55.437994256499998 ], [ -1.858203644, 55.437711675499997 ], [ -1.8562772479, 55.441564258500001 ], [ -1.8473478554, 55.445363320799999 ], [ -1.8484469718, 55.447305553200003 ], [ -1.8415791755, 55.449022087400003 ], [ -1.8403711934, 55.450628925 ], [ -1.8412512497, 55.451950935799999 ], [ -1.8487270178, 55.452625314 ], [ -1.8459130098, 55.456611368200001 ], [ -1.8427179385, 55.456858905099999 ], [ -1.8417271928, 55.4594544359 ], [ -1.8447810719, 55.4630076053 ], [ -1.8420242769, 55.464262051799999 ], [ -1.8404286193, 55.467764321200001 ], [ -1.8407671868, 55.470100983899997 ], [ -1.8459163934, 55.476055944599999 ], [ -1.8533230624, 55.4795513774 ], [ -1.8658217539, 55.479637568599998 ], [ -1.8667554902, 55.484257106800001 ], [ -1.8762978871, 55.489029382299996 ], [ -1.874967379, 55.489405421299999 ], [ -1.8744191044, 55.492621646899998 ], [ -1.8718998689, 55.493481644500001 ], [ -1.8721006087, 55.497480378200002 ], [ -1.8751874161, 55.499918596900002 ], [ -1.8722650164, 55.502934690899998 ], [ -1.8761572023, 55.5036395423 ], [ -1.8762674303, 55.5088871337 ], [ -1.8744494319, 55.512982633199996 ], [ -1.8774043262, 55.5150072924 ], [ -1.8707879703, 55.518927166899999 ], [ -1.8732208506, 55.520816635800003 ], [ -1.8727733363, 55.522074127400003 ], [ -1.8664602305, 55.524843907 ], [ -1.8617724308, 55.524632054 ], [ -1.8584983529, 55.527737266400003 ], [ -1.8528909227, 55.527676761800002 ], [ -1.8515813113, 55.530514565600001 ], [ -1.8535269075, 55.535584654099999 ], [ -1.8509355611, 55.537908745499998 ], [ -1.8528700774, 55.541774786200001 ], [ -1.848286765, 55.546854920800001 ], [ -1.8418133325, 55.550638606200003 ], [ -1.8421019729, 55.555742617900002 ], [ -1.8537239994, 55.559360134599999 ], [ -1.8609199608, 55.559799791300001 ], [ -1.8633909229, 55.569596571 ], [ -1.8621927475, 55.572129094899999 ], [ -1.8638188629, 55.57425144 ], [ -1.8713234771, 55.578177124699998 ], [ -1.8829376079, 55.58758736 ], [ -1.8888736549, 55.586676370799999 ], [ -1.8900284286, 55.587890381400001 ], [ -1.8852779221, 55.590231241700003 ], [ -1.8840648431, 55.592701056700001 ], [ -1.8887241684, 55.594673139599998 ], [ -1.8886214972, 55.597314718299998 ], [ -1.8929612041, 55.600391536700002 ], [ -1.8919744043, 55.601432965 ], [ -1.9026589861, 55.606347842 ], [ -1.90650207, 55.612218212899997 ], [ -1.9211388559, 55.620072566499999 ], [ -1.9213375126, 55.623959763400002 ], [ -1.9241780666, 55.624944473600003 ], [ -1.9229352467, 55.627082186599999 ], [ -1.9189943599, 55.628265706500002 ], [ -1.9217174143, 55.6325624061 ], [ -1.9319720102, 55.635964910399998 ], [ -1.9362796848, 55.634116259300001 ], [ -1.9528962597, 55.632254802699997 ], [ -1.9674911517, 55.634128431699999 ], [ -1.9715594305, 55.631272133300001 ], [ -1.9896332504, 55.633305613300003 ], [ -1.9901728473, 55.635102699599997 ], [ -1.9992902892, 55.637870516900001 ], [ -1.9980511416, 55.6402066602 ], [ -1.9946197064, 55.640386269099999 ], [ -1.9933484475, 55.642596569799998 ], [ -1.999925717, 55.641877919800002 ], [ -2.0110470186, 55.643656469100002 ], [ -2.0146553312, 55.648487915 ], [ -2.0196381006, 55.648126411299998 ], [ -2.0248697139, 55.644463085 ], [ -2.0298580412, 55.643850968499997 ], [ -2.0420133702, 55.645042415 ], [ -2.0673202737, 55.6433688256 ], [ -2.0679759064, 55.645785439100003 ], [ -2.0660086783, 55.647553022499999 ], [ -2.0556725685, 55.652970876700003 ], [ -2.0465357567, 55.653522753799997 ], [ -2.0462689092, 55.656353231899999 ], [ -2.0749732474, 55.657453156800003 ], [ -2.0759425837, 55.661468934699997 ], [ -2.0800545988, 55.663038719 ], [ -2.0697101562, 55.664985848900002 ], [ -2.0670156339, 55.669551820899997 ], [ -2.0582119484, 55.672126086399999 ], [ -2.055830273, 55.674355517099997 ], [ -2.057424635, 55.677319879599999 ], [ -2.0614987094, 55.679456364 ], [ -2.0743071193, 55.674902765 ], [ -2.0786661275, 55.676068110499997 ], [ -2.080231573, 55.680047517299997 ], [ -2.0761390922, 55.6807509737 ], [ -2.075565514, 55.6843004622 ], [ -2.0818330899, 55.684961332500002 ], [ -2.0847496426, 55.687735713599999 ], [ -2.0799018095, 55.689383297500001 ], [ -2.0807952638, 55.690694540899997 ], [ -2.0893242063, 55.6920004447 ], [ -2.0885367099, 55.695469277299999 ], [ -2.0836097915, 55.697683082200001 ], [ -2.0897247163, 55.7001586481 ], [ -2.0917409993, 55.7050809992 ], [ -2.079752811, 55.709887442899998 ], [ -2.0782634158, 55.713158982 ], [ -2.0712288544, 55.713271098699998 ], [ -2.075657416, 55.715317044300001 ], [ -2.0734994941, 55.718894427099997 ], [ -2.068439817, 55.720191214099998 ], [ -2.0668296121, 55.728063038400002 ], [ -2.0636800587, 55.729879703500004 ], [ -2.0593627918, 55.738848973700001 ], [ -2.0494132522, 55.742267721200001 ], [ -2.0408435443, 55.741641932500002 ], [ -2.034275171, 55.7389933615 ], [ -2.005229458, 55.737452618299997 ], [ -2.0019326753, 55.735179543100003 ], [ -2.0025056232, 55.730345563900002 ], [ -1.9955634783, 55.728728210699998 ], [ -1.9908195625, 55.7249272695 ], [ -1.9853423906, 55.726301467100001 ], [ -1.9784971371, 55.7247909807 ], [ -1.9786412007, 55.723434214900003 ], [ -1.9719377826, 55.724951402899997 ], [ -1.9638190121, 55.724176580300004 ], [ -1.9595513932, 55.725145647399998 ], [ -1.9571448933, 55.727471929300002 ], [ -1.9405881079, 55.715811457599997 ], [ -1.9385181758, 55.716286653499999 ], [ -1.9399166352, 55.717751913 ], [ -1.9382113319, 55.719098834599997 ], [ -1.9262024405, 55.714132459799998 ], [ -1.9277183417, 55.712030844200001 ], [ -1.9164026885, 55.7044941666 ], [ -1.9045190182, 55.703353403599998 ], [ -1.8999387329, 55.701022578 ], [ -1.8987103091, 55.699896619199997 ], [ -1.8997042117, 55.699359400900001 ], [ -1.8904087042, 55.696423107900003 ], [ -1.8920554742, 55.693459469499999 ], [ -1.8912476389, 55.692209824800003 ], [ -1.8866069095, 55.69075903 ], [ -1.888902674, 55.6889191701 ], [ -1.8886240627, 55.686205405199999 ], [ -1.8801133389, 55.681534116400002 ], [ -1.881472783, 55.678983649599999 ], [ -1.8975190152, 55.678512859199998 ], [ -1.899657729, 55.675423727199998 ], [ -1.9040781308, 55.675391310400002 ], [ -1.9085862164, 55.6718366164 ], [ -1.9150399133, 55.672434259299997 ], [ -1.9231906512, 55.667165276699997 ], [ -1.9123722475, 55.663770687 ], [ -1.8904961361, 55.665065003499997 ], [ -1.8915479873, 55.664086550900002 ], [ -1.8877388695, 55.662025528599997 ], [ -1.8707705829, 55.659717651500003 ], [ -1.8682018671, 55.657890932599997 ], [ -1.86508481, 55.658462604699999 ], [ -1.8472812096, 55.651002039700003 ], [ -1.8481745122, 55.650113611099997 ], [ -1.8420929209, 55.645074233700001 ], [ -1.8448669125, 55.642678713899997 ], [ -1.851888813, 55.642741286099998 ], [ -1.8532591992, 55.641646733400002 ], [ -1.8510062148, 55.640871294900002 ], [ -1.8517634576, 55.638077764400002 ], [ -1.8459374296, 55.637073283900001 ], [ -1.8451971376, 55.635472984 ], [ -1.8329861587, 55.630784676399998 ], [ -1.8203937285, 55.630281713499997 ], [ -1.7978369775, 55.624891462699999 ], [ -1.785812129, 55.628483154500003 ], [ -1.7886533314, 55.631731749300002 ], [ -1.7854388135, 55.632867302599998 ], [ -1.7867547703, 55.633300885399997 ], [ -1.7845374438, 55.6350401527 ], [ -1.7789307099, 55.634976279900002 ], [ -1.7687925567, 55.627571744299999 ], [ -1.7683653584, 55.6246058057 ], [ -1.7742984988, 55.625641170400002 ], [ -1.7799496372, 55.620368094 ], [ -1.7838726952, 55.6201594136 ], [ -1.7846630121, 55.6179144866 ], [ -1.7989794454, 55.612637445799997 ], [ -1.7999582343, 55.610599345700003 ], [ -1.798898707, 55.609797968700001 ], [ -1.8063422268, 55.606844790799997 ], [ -1.8113586549, 55.606708833399999 ], [ -1.8055438423, 55.6013804802 ], [ -1.796383662, 55.601940692500001 ], [ -1.791905774, 55.599381365 ], [ -1.7879515447, 55.599886719600001 ], [ -1.7816139463, 55.603730342 ], [ -1.7693750498, 55.603388601500001 ], [ -1.769685787, 55.599790962699998 ], [ -1.7648175697, 55.596493116200001 ], [ -1.7640190231, 55.5920528451 ], [ -1.755970392, 55.590168166 ], [ -1.7510290754, 55.591281365299999 ], [ -1.7493116556, 55.594368858 ], [ -1.7520563569, 55.596953213799999 ], [ -1.7507166281, 55.598019751499997 ], [ -1.7550167136, 55.600643128500003 ], [ -1.750408081, 55.601631213799998 ], [ -1.7346924411, 55.5927657043 ], [ -1.7272765634, 55.584464988 ], [ -1.720347805, 55.583946218 ], [ -1.7174111696, 55.586419441700002 ], [ -1.7137452239, 55.5865906529 ], [ -1.7116508016, 55.584465212799998 ], [ -1.7075897604, 55.584455604299997 ], [ -1.7050268387, 55.587756072200001 ], [ -1.701402313, 55.588717722799998 ], [ -1.6935539319, 55.5819593772 ], [ -1.6892634244, 55.582919004799997 ], [ -1.6798027649, 55.5797857556 ], [ -1.6752012944, 55.576125610200002 ], [ -1.666423854, 55.576910743799999 ], [ -1.6648546609, 55.5805185794 ], [ -1.6602277956, 55.58179076 ], [ -1.6579919752, 55.5798706689 ], [ -1.6467261203, 55.580305989099998 ], [ -1.6419056376, 55.578387119399999 ], [ -1.6484807117, 55.5774357138 ], [ -1.6488022612, 55.573393221499998 ], [ -1.6483565467, 55.5716370703 ], [ -1.6428824221, 55.568622871899997 ], [ -1.6387186967, 55.562698300599997 ], [ -1.6508651158, 55.5589506253 ], [ -1.652906181, 55.557608609600003 ], [ -1.6529823803, 55.554356114100003 ], [ -1.6569575161, 55.552956547 ], [ -1.6530165837, 55.552271599599997 ], [ -1.652842444, 55.550447071400001 ], [ -1.6495983428, 55.548083671400001 ], [ -1.6517819412, 55.544900071900003 ], [ -1.6416838609, 55.540000890800002 ], [ -1.6398643504, 55.541433227600002 ], [ -1.637592439, 55.540590905400002 ], [ -1.6331941958, 55.532787450900003 ], [ -1.6251563986, 55.5266889866 ], [ -1.6287416617, 55.521075006499998 ], [ -1.6342503599, 55.5179825986 ], [ -1.6372163245, 55.5123305746 ], [ -1.6419553266, 55.510098141900002 ], [ -1.6435317476, 55.507362170100002 ], [ -1.6393300135, 55.504564342800002 ], [ -1.632536681, 55.508129409 ], [ -1.624358921, 55.5072959285 ], [ -1.6183263521, 55.504051506700002 ], [ -1.6159143224, 55.498122538200001 ], [ -1.6130213244, 55.496127644200001 ], [ -1.6180464478, 55.493708340300003 ], [ -1.6193460154, 55.490243982300001 ], [ -1.6087134576, 55.483606145800003 ], [ -1.6143440866, 55.480613850300003 ], [ -1.6107434939, 55.473494917399996 ], [ -1.6162221062, 55.471337662899998 ], [ -1.6119836636, 55.466409267499998 ], [ -1.6046199452, 55.462575852699999 ], [ -1.6045751965, 55.460724685800002 ], [ -1.5939033605, 55.452764508900003 ], [ -1.5945701237, 55.449415101900001 ], [ -1.5931157713, 55.446328228100001 ], [ -1.5992081996, 55.442592348200002 ], [ -1.5977323573, 55.440053576099999 ], [ -1.5922420262, 55.439073960100004 ], [ -1.6027104659, 55.432252369300002 ], [ -1.606582624, 55.433792421500002 ], [ -1.6081241533, 55.436115645199997 ], [ -1.6067984306, 55.437522131800002 ], [ -1.6094996608, 55.439264992200002 ], [ -1.6094163124, 55.441304452 ], [ -1.6143374826, 55.442371360599999 ], [ -1.6190289346, 55.441056180399997 ], [ -1.6194024096, 55.438379641 ], [ -1.6519153779, 55.436373747799998 ], [ -1.6538771424, 55.434339543 ], [ -1.6468139676, 55.430680260099997 ], [ -1.6445156611, 55.426180819499997 ], [ -1.6471572469, 55.4240768477 ], [ -1.6466796544, 55.420939500199999 ], [ -1.6395030375, 55.417935362500003 ], [ -1.6398355122, 55.409166391699998 ], [ -1.6345976963, 55.4085578189 ], [ -1.6362982844, 55.402228023200003 ], [ -1.624302236, 55.396464508400001 ], [ -1.6312686456, 55.395222133600001 ], [ -1.6356969121, 55.392063487900003 ], [ -1.6569120548, 55.388656342399997 ], [ -1.6589753713, 55.387350206299999 ], [ -1.6581724735, 55.385272284099997 ], [ -1.6596841405, 55.383856725500003 ], [ -1.657325624, 55.380983764299998 ], [ -1.6421300031, 55.375441048600003 ], [ -1.6415815788, 55.3732649134 ], [ -1.6396770849, 55.3727381514 ], [ -1.6417737602, 55.3694555541 ], [ -1.6377924272, 55.3665863891 ], [ -1.6396957835, 55.360257065900001 ], [ -1.6286184094, 55.3599543686 ], [ -1.6292517213, 55.358743262200001 ], [ -1.6238666963, 55.354413690500003 ], [ -1.6234383961, 55.353010603900003 ], [ -1.6282551418, 55.352315426600001 ], [ -1.626396686, 55.347992853500003 ], [ -1.6326922191, 55.344897695599997 ], [ -1.6255269223, 55.3422611254 ], [ -1.6235884302, 55.3338535257 ], [ -1.625726067, 55.3311643682 ], [ -1.625770234, 55.3264739504 ], [ -1.6216664393, 55.3204858028 ], [ -1.6241778271, 55.316539777800003 ], [ -1.6185474328, 55.313799697 ], [ -1.6141973835, 55.307460068600001 ], [ -1.6147573379, 55.304945818599997 ], [ -1.6181246166, 55.302044993499997 ], [ -1.6127864082, 55.2938151934 ], [ -1.6144410872, 55.292068195200002 ], [ -1.6130664499, 55.2876877685 ], [ -1.6060176232, 55.287180014800001 ], [ -1.6023100566, 55.284777781800003 ], [ -1.5962099663, 55.2885857319 ], [ -1.5840481727, 55.292193180600002 ], [ -1.5818600981, 55.290622183799996 ], [ -1.5760908145, 55.291195371699999 ], [ -1.5717919812, 55.2882689817 ], [ -1.572482812, 55.276050824 ], [ -1.5711757707, 55.276450822800001 ], [ -1.5699463916, 55.271568115 ], [ -1.5740598887, 55.272030535200003 ], [ -1.587337741, 55.266522854599998 ], [ -1.5943747994, 55.266258873799998 ], [ -1.6038881996, 55.260664953400003 ], [ -1.5986336152, 55.257466813400001 ], [ -1.5995844867, 55.253650946900002 ], [ -1.5941955527, 55.24832252 ], [ -1.5979441606, 55.246277114 ], [ -1.5963836603, 55.243495373599998 ], [ -1.5931275299, 55.242001901 ], [ -1.5938861903, 55.238544863599998 ], [ -1.5923859871, 55.234541148200002 ], [ -1.5847086077, 55.228881127199998 ], [ -1.587050077, 55.227469296099997 ], [ -1.585679705, 55.226206628299998 ], [ -1.5804750938, 55.224805028699997 ], [ -1.5799258318, 55.223221620899999 ], [ -1.5726001174, 55.223250113500001 ], [ -1.552813673, 55.213007181599998 ], [ -1.5456396106, 55.213681594900002 ], [ -1.54496678, 55.2120436485 ], [ -1.5381651073, 55.210418608799998 ], [ -1.542998096, 55.208298142899999 ], [ -1.5415378462, 55.2054620941 ], [ -1.545363054, 55.204847384499999 ], [ -1.5470422505, 55.200872851 ], [ -1.5554710859, 55.198765182 ], [ -1.5451088207, 55.191304598 ], [ -1.547977175, 55.190452602400001 ], [ -1.5488944999, 55.188506001599997 ], [ -1.5538464872, 55.188092918199999 ], [ -1.5532814674, 55.186653096 ], [ -1.5679603319, 55.182823966 ], [ -1.5637724996, 55.179475310699999 ], [ -1.5646382202, 55.177842954200003 ], [ -1.5621966906, 55.1742488115 ], [ -1.5629604043, 55.173325992700001 ], [ -1.5607014521, 55.173156133 ], [ -1.5599461564, 55.170457614199996 ], [ -1.5440575768, 55.170561023799998 ], [ -1.5405600961, 55.162072642699997 ], [ -1.5743946868, 55.167142159900003 ], [ -1.5811958673, 55.169344004499997 ], [ -1.593028484, 55.1709378368 ], [ -1.5941925345, 55.172675773500004 ], [ -1.5953210312, 55.173185323799999 ], [ -1.5932157435, 55.170925512399997 ], [ -1.5976322216, 55.169608559499999 ], [ -1.5994953464, 55.166111342599997 ], [ -1.5970627754, 55.169573647900002 ], [ -1.5913630297, 55.170645231599998 ], [ -1.5741857602, 55.166295506600001 ], [ -1.5648428461, 55.1650984061 ], [ -1.5603322775, 55.162541892199997 ], [ -1.5524960195, 55.162830983699997 ], [ -1.5423027638, 55.1606660076 ], [ -1.5461349579, 55.159048708 ], [ -1.5476552731, 55.160617921099998 ], [ -1.5531139472, 55.160907619 ], [ -1.5573131867, 55.158712370400004 ], [ -1.5560432551, 55.157180133399997 ], [ -1.5587833818, 55.156327417100002 ], [ -1.5614923417, 55.152581030100002 ], [ -1.5594747951, 55.144845778399997 ], [ -1.5641255895, 55.144215492500003 ], [ -1.5646738431, 55.142851573800002 ], [ -1.572132671, 55.143668737200002 ], [ -1.5725284616, 55.144802364199997 ], [ -1.577278492, 55.143668707300002 ], [ -1.5777905542, 55.142717962100001 ], [ -1.573494316, 55.1395579044 ], [ -1.5838808852, 55.131838795900002 ], [ -1.5696242755, 55.131834287499998 ], [ -1.5693827895, 55.129497062600002 ], [ -1.5817201876, 55.126978979 ], [ -1.574274435, 55.119306078800001 ], [ -1.5758838485, 55.115384776900001 ], [ -1.5718645854, 55.112998407500001 ], [ -1.5666662093, 55.106626884500002 ], [ -1.5664597655, 55.102528494700003 ], [ -1.5646524918, 55.104427105200003 ], [ -1.5605387007, 55.102246697200002 ], [ -1.5571528545, 55.090956885200001 ], [ -1.5516071009, 55.085293328 ], [ -1.5479587133, 55.083752209700002 ], [ -1.544128044, 55.077600413200003 ], [ -1.5405215554, 55.076589407199997 ], [ -1.5406138369, 55.0740017464 ], [ -1.5261177318, 55.066847173399999 ], [ -1.5233810452, 55.066548941900002 ], [ -1.5197794124, 55.071800689699998 ], [ -1.5145295162, 55.070809381499998 ], [ -1.5095677646, 55.06676371 ], [ -1.5054941178, 55.066962913 ], [ -1.4954996642, 55.069797514699999 ], [ -1.4968401104, 55.0740445279 ], [ -1.5001334841, 55.076196788700003 ], [ -1.4983646962, 55.077366706799999 ], [ -1.4999648653, 55.078415677599999 ], [ -1.4992462252, 55.080776085099998 ], [ -1.4850342466, 55.082370309799998 ], [ -1.4785146631, 55.080452611299997 ], [ -1.4789833428, 55.079696116500003 ], [ -1.4781171254, 55.0784469894 ], [ -1.4770766749, 55.077904803099997 ], [ -1.4750532103, 55.077706530699999 ], [ -1.4780696784, 55.078481223 ], [ -1.4788848139, 55.079736443 ], [ -1.4783051045, 55.080489371799999 ], [ -1.467142147, 55.075535787900002 ], [ -1.4702601101, 55.0742553738 ], [ -1.4688062892, 55.068138441599999 ], [ -1.4717187305, 55.065769765200002 ], [ -1.4800995807, 55.0642691786 ], [ -1.4781644046, 55.060172150500001 ], [ -1.4718707856, 55.062544382299997 ], [ -1.4645286744, 55.058953798700003 ], [ -1.4537686677, 55.059301421400001 ], [ -1.4524758912, 55.057453406699999 ], [ -1.4703595009, 55.057235965399997 ], [ -1.4715325546, 55.056126770900001 ], [ -1.4769126131, 55.057713589499997 ], [ -1.4833892204, 55.054416334 ], [ -1.4814515579, 55.051730213299997 ], [ -1.4826046518, 55.0497042342 ], [ -1.4768635997, 55.044656421100001 ], [ -1.4794614015, 55.043454411600003 ], [ -1.4795621875, 55.040507362600003 ], [ -1.4942937326, 55.028797467499999 ], [ -1.5012854399, 55.030138289500002 ], [ -1.5048654137, 55.029074550099999 ], [ -1.5054321598, 55.027513249599998 ], [ -1.5146427191, 55.030371979900004 ], [ -1.5211916094, 55.028253192199998 ], [ -1.5206853524, 55.026109446299998 ], [ -1.5171550107, 55.024397141199998 ], [ -1.5134992016, 55.025326145 ], [ -1.5095035707, 55.02332416 ], [ -1.5071473259, 55.024141379900001 ], [ -1.5041143889, 55.0214781277 ], [ -1.5054884446, 55.020396380699999 ], [ -1.5009042669, 55.020521457699999 ], [ -1.4981655128, 55.0168977314 ], [ -1.5000512711, 55.013652466899998 ], [ -1.5029725163, 55.012631007899998 ], [ -1.4995413547, 55.009390887599999 ], [ -1.5026529215, 55.008127589499999 ], [ -1.5010552472, 55.0070966189 ], [ -1.5031761027, 55.006278556200002 ], [ -1.4967591428, 55.001812985100003 ], [ -1.4951294972, 54.997133375200001 ], [ -1.4925337122, 54.995972338 ], [ -1.4977200483, 54.994969412499998 ], [ -1.4985284099, 54.992816038 ], [ -1.5031339853, 54.990732576600003 ], [ -1.5047959821, 54.992464533899998 ], [ -1.5073619537, 54.993567551300004 ], [ -1.5142364575, 54.995671582500002 ], [ -1.5047563851, 54.9921463843 ], [ -1.5037018999, 54.990635564500003 ], [ -1.5051558279, 54.9902371389 ], [ -1.5066371531, 54.991788792400001 ], [ -1.5246706727, 54.994655277200003 ], [ -1.5361356165, 54.989900838300002 ], [ -1.545206951, 54.989297043400001 ], [ -1.546276973, 54.991421794899999 ], [ -1.5493087524, 54.990049173 ], [ -1.5493104934, 54.991289283699999 ], [ -1.5537023445, 54.992689348500001 ], [ -1.5534361277, 54.9941441458 ], [ -1.5590461427, 54.998531913299999 ], [ -1.5595886916, 55.001804870199997 ], [ -1.573977196, 55.001235979900002 ], [ -1.5765725885, 54.996742965700001 ], [ -1.5821505893, 54.992448841300003 ], [ -1.580483092, 54.9904841042 ], [ -1.5782006359, 54.990548107099997 ], [ -1.5836594909, 54.988607896399998 ], [ -1.5812127243, 54.9879524933 ], [ -1.5818686682, 54.9834795923 ], [ -1.5887371737, 54.97956701 ], [ -1.5969772085, 54.982092751899998 ], [ -1.5983428744, 54.983031836400002 ], [ -1.5973584716, 54.984592192400001 ], [ -1.6003922064, 54.984368546699997 ], [ -1.6068690227, 54.989997053099998 ], [ -1.6261254682, 54.989761167700003 ], [ -1.6364136807, 54.992694879600002 ], [ -1.6423043488, 54.991121766399999 ], [ -1.6424090567, 54.989890960799997 ], [ -1.6516931021, 54.989801054200001 ], [ -1.6529618128, 54.991287404099999 ], [ -1.6513476188, 54.993601237699998 ], [ -1.6539254173, 54.995549615100003 ], [ -1.6643437712, 54.998292616699999 ], [ -1.6673518778, 55.001248347100002 ], [ -1.6719592015, 55.001782045500001 ], [ -1.6858068902, 55.000183072699997 ], [ -1.6888101974, 54.995895379700002 ], [ -1.7086131424, 54.996061158099998 ], [ -1.7114868488, 54.989840599 ], [ -1.7177056915, 54.990016926199999 ], [ -1.719321063, 54.986965349599998 ], [ -1.7251578506, 54.983527958300002 ], [ -1.7317261303, 54.982715875 ], [ -1.7367760488, 54.979887252300003 ], [ -1.7402718238, 54.980523794100002 ], [ -1.7401590617, 54.983471031199997 ], [ -1.7434532654, 54.9863715746 ], [ -1.7427800081, 54.989021084400001 ], [ -1.7567568377, 54.998476316800001 ], [ -1.7685837568, 54.996845902799997 ], [ -1.7802733983, 54.997280914100003 ], [ -1.7850179567, 54.995725784100003 ], [ -1.7954052718, 54.997109571400003 ], [ -1.8142771618, 54.992610767400002 ], [ -1.822405335, 54.992407217900002 ], [ -1.8242703189, 54.987656230900001 ], [ -1.821996786, 54.985828734199998 ], [ -1.8265236518, 54.983346051200002 ], [ -1.8246762686, 54.980557723899999 ], [ -1.8245082227, 54.9760913402 ], [ -1.8173836306, 54.976206674899998 ], [ -1.8151585485, 54.974253274100001 ], [ -1.8116385214, 54.9753172781 ], [ -1.8096834054, 54.972492569099998 ], [ -1.7900651563, 54.966026199 ], [ -1.7856584355, 54.960554894200001 ], [ -1.7800857608, 54.957220048899998 ], [ -1.7772911819, 54.957116082799999 ], [ -1.7698717374, 54.962934391099999 ], [ -1.762374608, 54.963027824699999 ], [ -1.7594539439, 54.965664042199997 ], [ -1.7463551873, 54.962303563900001 ], [ -1.7373295477, 54.962095713300002 ], [ -1.7274978048, 54.9656326542 ], [ -1.7181963028, 54.966789397900001 ], [ -1.7173357756, 54.964791734599999 ], [ -1.721081796, 54.958375208200003 ], [ -1.7243375191, 54.957268329500003 ], [ -1.7251659419, 54.954861886499998 ], [ -1.7335824722, 54.9524722823 ], [ -1.7345091261, 54.949275198499997 ], [ -1.7299169255, 54.949588600600002 ], [ -1.7225722319, 54.952834094300002 ], [ -1.7181552443, 54.952581317400004 ], [ -1.7056072892, 54.9475372757 ], [ -1.6965033216, 54.949905261399998 ], [ -1.6899457851, 54.945862879800003 ], [ -1.6869120063, 54.940499287 ], [ -1.6783339826, 54.941573240899999 ], [ -1.6756637794, 54.9436329993 ], [ -1.6573016001, 54.944139820899998 ], [ -1.6466935194, 54.939760113299997 ], [ -1.6392662651, 54.939468730199998 ], [ -1.6374880719, 54.9428063497 ], [ -1.6320477764, 54.943679663099999 ], [ -1.630744628, 54.9462008653 ], [ -1.6257418591, 54.948647825899997 ], [ -1.617940768, 54.949755854800003 ], [ -1.6158176317, 54.948095691 ], [ -1.6046999367, 54.953056462500001 ], [ -1.5972287607, 54.949131906700003 ], [ -1.5898385784, 54.949664369799997 ], [ -1.5844202338, 54.945188772800002 ], [ -1.5840732076, 54.942509664200003 ], [ -1.5816889236, 54.940614361900003 ], [ -1.5846279773, 54.9371467243 ], [ -1.5809480819, 54.9368016098 ], [ -1.5781659365, 54.934194944200001 ], [ -1.5821594414, 54.931360058599999 ], [ -1.5735700915, 54.928993802 ], [ -1.5734067879, 54.926728670300001 ], [ -1.5702689332, 54.923940804700003 ], [ -1.5490312388, 54.933901709700002 ], [ -1.5436406322, 54.934456731600001 ], [ -1.5340926307, 54.939560727100002 ], [ -1.533818587, 54.941662481500003 ], [ -1.5291065409, 54.941482578900001 ], [ -1.5275029579, 54.937126968599998 ], [ -1.5245987308, 54.937223489300003 ], [ -1.5253943271, 54.935932561199998 ], [ -1.5202586149, 54.936002278300002 ], [ -1.520748864, 54.938089045 ], [ -1.5168095864, 54.941191725499998 ], [ -1.5156115624, 54.944763527399999 ], [ -1.5170140057, 54.946278809200003 ], [ -1.510704115, 54.950369339200002 ], [ -1.5136944272, 54.953571478 ], [ -1.5123616335, 54.956612509800003 ], [ -1.5141385921, 54.958174253199999 ], [ -1.5138635917, 54.960257982100003 ], [ -1.5228032622, 54.962324278 ], [ -1.5251212457, 54.9644181711 ], [ -1.5147889104, 54.971602404199999 ], [ -1.5055812631, 54.973416523300003 ], [ -1.4958424714, 54.980152242899997 ], [ -1.4788899106, 54.981338919700001 ], [ -1.4775066589, 54.977871974099997 ], [ -1.48027177, 54.974963362399997 ], [ -1.4775729556, 54.9776727032 ], [ -1.475130065, 54.9772968945 ], [ -1.4753629692, 54.973811207200001 ], [ -1.4628556523, 54.969838602899998 ], [ -1.4628417917, 54.968535523299998 ], [ -1.4564576955, 54.964723924 ], [ -1.460710404, 54.959728466199998 ], [ -1.4561989595, 54.960750802500002 ], [ -1.444947762, 54.9567100517 ], [ -1.4350578666, 54.959306520799998 ], [ -1.4310027412, 54.9578318322 ], [ -1.4237698799, 54.962380837799998 ], [ -1.4163034755, 54.963531447800001 ], [ -1.4106183339, 54.961401230100002 ], [ -1.4052072856, 54.964016891199996 ], [ -1.3950955149, 54.965494722400003 ], [ -1.3910538704, 54.964216468499998 ], [ -1.3884056022, 54.961704970699998 ], [ -1.389619413, 54.959931762 ], [ -1.3884804871, 54.958829703200003 ], [ -1.395201429, 54.954280241799999 ], [ -1.3958946529, 54.951785468799997 ], [ -1.4047685467, 54.947201219500002 ], [ -1.4047225265, 54.943974876799999 ], [ -1.4085456798, 54.9408842315 ], [ -1.4208915378, 54.933368099399999 ], [ -1.4223497151, 54.929627700399998 ], [ -1.4078780857, 54.928947026099998 ], [ -1.40658561, 54.9277005999 ], [ -1.4156478342, 54.924743016400001 ], [ -1.4160158002, 54.923037363200002 ], [ -1.4265023976, 54.925118200599996 ], [ -1.4367878608, 54.923800334900001 ], [ -1.4415463751, 54.924954567599997 ], [ -1.4472143639, 54.928080772900003 ], [ -1.4460408152, 54.929450352800004 ], [ -1.4468916311, 54.933408240200002 ], [ -1.4551086013, 54.935134771199998 ], [ -1.4608244131, 54.9313679873 ], [ -1.4753905975, 54.930910477600001 ], [ -1.4781278035, 54.929223826499999 ], [ -1.4767031034, 54.925973618599997 ], [ -1.4806891363, 54.924211398799997 ], [ -1.4818792442, 54.921448665699998 ], [ -1.4961166988, 54.925768036199997 ], [ -1.4996991073, 54.922511782100003 ], [ -1.4978095314, 54.920140574100003 ], [ -1.4985566438, 54.917771249700003 ], [ -1.496445509, 54.916926791599998 ], [ -1.5010085384, 54.916298580300001 ], [ -1.5008589159, 54.913260564300003 ], [ -1.505965646, 54.911502111899999 ], [ -1.5074992012, 54.909818889599997 ], [ -1.5058864967, 54.909048502899999 ], [ -1.5082874685, 54.906569001100003 ], [ -1.5107045428, 54.906596724300002 ], [ -1.5122407728, 54.911114070099998 ], [ -1.5143288779, 54.912578223799997 ], [ -1.5167174887, 54.912408012299998 ], [ -1.5206679278, 54.9081281518 ], [ -1.5286372452, 54.906847291699997 ], [ -1.5312449914, 54.907917767 ], [ -1.5309676824, 54.910307077699997 ], [ -1.5368852391, 54.911138533 ], [ -1.537363958, 54.9129196592 ], [ -1.5425630844, 54.9138739108 ], [ -1.5484413895, 54.918281230200002 ], [ -1.5607159558, 54.917139984899997 ], [ -1.5602345895, 54.915502726299998 ], [ -1.5499360564, 54.915752613899997 ], [ -1.5492807194, 54.910178632799997 ], [ -1.5509387892, 54.9083515449 ], [ -1.5626325959, 54.904386238699999 ], [ -1.5593218103, 54.899090287900002 ], [ -1.5582770565, 54.884834058499997 ], [ -1.5596393757, 54.881406189400003 ], [ -1.5511057396, 54.880709981099997 ], [ -1.5504410788, 54.877409506 ], [ -1.5467939631, 54.873262202900001 ], [ -1.5474092457, 54.8711976146 ], [ -1.5451327575, 54.868556088600002 ], [ -1.5420853272, 54.867978499099998 ], [ -1.5478241081, 54.861970077700001 ], [ -1.5421589781, 54.858722728899998 ], [ -1.5384539805, 54.861233909299997 ], [ -1.5350592181, 54.861113131499998 ], [ -1.5350973594, 54.8564403162 ], [ -1.5311088773, 54.855166886100001 ], [ -1.5205746426, 54.8555571323 ], [ -1.5167024154, 54.858938680500003 ], [ -1.5086293686, 54.86053282 ], [ -1.5067968145, 54.866447516500003 ], [ -1.5017022152, 54.865159642499997 ], [ -1.4938960849, 54.868928661299996 ], [ -1.492270946, 54.871779579 ], [ -1.4901368984, 54.871716726400003 ], [ -1.4858581888, 54.876102068500003 ], [ -1.4876461791, 54.877664276 ], [ -1.4856169707, 54.880360628699997 ], [ -1.476720084, 54.886163847600002 ], [ -1.4727383727, 54.885481644400002 ], [ -1.4682863012, 54.887385352599999 ], [ -1.4599065582, 54.884526661300001 ], [ -1.4549397766, 54.885259353800002 ], [ -1.4530537877, 54.879490556599997 ], [ -1.4502961914, 54.878264942199998 ], [ -1.4469583657, 54.880730067199998 ], [ -1.4413666534, 54.880461824 ], [ -1.4405494877, 54.882066681399998 ], [ -1.4347935531, 54.883495860899998 ], [ -1.4269310535, 54.888347688099998 ], [ -1.4108701425, 54.8896907711 ], [ -1.4041958168, 54.895104045799997 ], [ -1.397357429, 54.895717363400003 ], [ -1.3953542188, 54.898295521199998 ], [ -1.3828561131, 54.901881226 ], [ -1.3724587332, 54.896597864900002 ], [ -1.361826617, 54.898447650199998 ], [ -1.3609364989, 54.896151380799999 ], [ -1.3635396992, 54.894628384299999 ], [ -1.3730652199, 54.893689370899999 ], [ -1.3716254787, 54.892028421600003 ], [ -1.3807269342, 54.890223912899998 ], [ -1.382820419, 54.886873611 ], [ -1.3902978509, 54.883083101099999 ], [ -1.385917309, 54.880041582300002 ], [ -1.3912038021, 54.877785605500002 ], [ -1.3892730846, 54.875601183400001 ], [ -1.3918317784, 54.869197643200003 ], [ -1.3966080599, 54.868646315600003 ], [ -1.3938989638, 54.862270375100003 ], [ -1.4052518004, 54.855155224 ], [ -1.4254275203, 54.855953256500001 ], [ -1.4265034281, 54.852579407100002 ], [ -1.4293147523, 54.850930100500001 ], [ -1.4198952052, 54.848531055899997 ], [ -1.4226910353, 54.844689149499999 ], [ -1.4228977621, 54.841113488300003 ], [ -1.4169530182, 54.836555880799999 ], [ -1.4169124959, 54.835045945099999 ], [ -1.4005942188, 54.835200168299998 ], [ -1.3973941522, 54.832632149799998 ], [ -1.3988849066, 54.830788302800002 ], [ -1.3977088494, 54.830315175099997 ], [ -1.3932882784, 54.833402529 ], [ -1.3897808478, 54.833708475800002 ], [ -1.3895047478, 54.831370579 ], [ -1.3876815397, 54.830462743799998 ], [ -1.3780897993, 54.8285987203 ], [ -1.3756616571, 54.828586263 ], [ -1.372286715, 54.831408629499997 ], [ -1.364320602, 54.832122072899999 ], [ -1.3608709946, 54.834674134799997 ], [ -1.3493222429, 54.838351240500003 ], [ -1.3453707068, 54.8381502772 ], [ -1.3394441242, 54.840670385400003 ], [ -1.336840518, 54.839919298600002 ], [ -1.3431084197, 54.835558911299998 ], [ -1.3427373739, 54.833480999700001 ], [ -1.3455039756, 54.829910285 ], [ -1.3417147778, 54.827436463 ], [ -1.3483130183, 54.821738589399999 ], [ -1.3486895005, 54.819619767799999 ], [ -1.3573667932, 54.818084351400003 ], [ -1.3575790405, 54.816476870199999 ], [ -1.350785663, 54.811183566799997 ], [ -1.3334014199, 54.812383453599999 ], [ -1.3272217746, 54.807838076899998 ], [ -1.3140020871, 54.808101982700002 ], [ -1.3133714337, 54.800697028099997 ], [ -1.3164162881, 54.7907929239 ], [ -1.3255509153, 54.796990899599997 ], [ -1.3303831351, 54.795418022100002 ], [ -1.3337700794, 54.791859963599997 ], [ -1.3401053487, 54.7905645397 ], [ -1.3452326346, 54.792785047800002 ], [ -1.3494216686, 54.792448102500003 ], [ -1.3561384625, 54.789626155400001 ], [ -1.358035624, 54.787668124699998 ], [ -1.3578153759, 54.783901547699998 ], [ -1.3616704074, 54.7819987349 ], [ -1.3631492846, 54.778915089599998 ], [ -1.3631887921, 54.776399029099998 ], [ -1.3593552263, 54.7750128809 ], [ -1.3592247646, 54.7694943702 ], [ -1.3569107699, 54.766426656900002 ], [ -1.3504367564, 54.765008227499997 ], [ -1.3460866611, 54.766836125700003 ], [ -1.3321602889, 54.766850155599997 ], [ -1.3258570949, 54.762681418100001 ], [ -1.3275530225, 54.757873947 ], [ -1.3063146482, 54.760387506 ], [ -1.3007193497, 54.7577312644 ], [ -1.2921388953, 54.760045026299998 ], [ -1.2878903764, 54.757111669700002 ], [ -1.2920251181, 54.752836992799999 ], [ -1.2906228458, 54.751283081099999 ], [ -1.2967998031, 54.749872170700002 ], [ -1.2980553193, 54.7437504735 ], [ -1.3025570667, 54.738501207399999 ], [ -1.2999661815, 54.735628492099998 ], [ -1.3062492854, 54.734208730299997 ], [ -1.3102382356, 54.736172618399998 ], [ -1.313610275, 54.736982579399999 ], [ -1.3153707854, 54.736659981599999 ], [ -1.3112101988, 54.735638935099999 ], [ -1.3101905354, 54.733494291 ], [ -1.3035014075, 54.732341709300002 ], [ -1.2977629562, 54.728318494600003 ], [ -1.2884806473, 54.7298999964 ], [ -1.2881135478, 54.731353701800003 ], [ -1.2830320851, 54.733309853599998 ], [ -1.269196301, 54.7280598794 ], [ -1.2641498939, 54.728910076799998 ], [ -1.2597491227, 54.731812998 ], [ -1.2586093736, 54.729595283099997 ], [ -1.2406310032, 54.721931904100003 ], [ -1.2535944547, 54.716875138100001 ], [ -1.2613918974, 54.7114948328 ], [ -1.2825804733, 54.711397325299998 ], [ -1.2799613907, 54.709413725200001 ], [ -1.2646864804, 54.7095557249 ], [ -1.2605280507, 54.707786992499997 ], [ -1.2549488583, 54.710736472800001 ], [ -1.246441215, 54.710845668099999 ], [ -1.2406510827, 54.715869142599999 ], [ -1.1916590563, 54.702638332600003 ], [ -1.1945945317, 54.700159510500001 ], [ -1.1981323524, 54.700164985400001 ], [ -1.196901527, 54.698844752600003 ], [ -1.2011360998, 54.693390720399996 ], [ -1.2103853203, 54.692462753800001 ], [ -1.2117201079, 54.694035159199998 ], [ -1.2152777693, 54.693788631499999 ], [ -1.2179557551, 54.690876209 ], [ -1.2258178247, 54.691052485299998 ], [ -1.2280791495, 54.689611028900003 ], [ -1.2354753468, 54.689801685900001 ], [ -1.2364016371, 54.691694768200001 ], [ -1.2393685412, 54.692324525799997 ], [ -1.2438541843, 54.689710443899997 ], [ -1.2485933491, 54.693496420599999 ], [ -1.2501314851, 54.697585979099998 ], [ -1.2558169124, 54.7006226166 ], [ -1.2696348627, 54.700203372099999 ], [ -1.2740836738, 54.703069928300003 ], [ -1.2791392199, 54.703261850899999 ], [ -1.2866559235, 54.700277705600001 ], [ -1.2760856219, 54.695218411500001 ], [ -1.282230808, 54.6933946694 ], [ -1.2811144504, 54.691599673 ], [ -1.282488597, 54.689334140299998 ], [ -1.2804504003, 54.685286963099998 ], [ -1.2818650767, 54.677198188299997 ], [ -1.2752119019, 54.676331798500001 ], [ -1.2698775691, 54.672848824200003 ], [ -1.2625036854, 54.672444707899999 ], [ -1.2608402265, 54.668408447700003 ], [ -1.2554467163, 54.668285566900003 ], [ -1.2541449985, 54.669940139799998 ], [ -1.2515036045, 54.668548861300003 ], [ -1.2465957384, 54.668994759599997 ], [ -1.2472584611, 54.6650176777 ], [ -1.2427024604, 54.663236846700002 ], [ -1.2437270818, 54.661490796199999 ], [ -1.2405580804, 54.660176863099998 ], [ -1.2394247041, 54.657779233900001 ], [ -1.2415174028, 54.653613428500002 ], [ -1.2398730724, 54.652857210100002 ], [ -1.2396285167, 54.645198804700001 ], [ -1.231723204, 54.637096626899996 ], [ -1.2344931787, 54.633636404599997 ], [ -1.238427022, 54.633202663399999 ], [ -1.2449642489, 54.633216619899997 ], [ -1.2486389338, 54.635567086199998 ], [ -1.2484752408, 54.634361819200002 ], [ -1.2538865369, 54.631573362099999 ], [ -1.2557249579, 54.626758639599998 ], [ -1.2510141362, 54.625183555900001 ], [ -1.248431209, 54.622462808100003 ], [ -1.2547033595, 54.620785049200002 ], [ -1.254740742, 54.615348160400004 ], [ -1.2650467145, 54.61057614 ], [ -1.2713098553, 54.610128686099998 ], [ -1.2714811898, 54.607469572 ], [ -1.2839247194, 54.6059261264 ], [ -1.2835635751, 54.603569403500003 ], [ -1.2902291811, 54.602161713100003 ], [ -1.2881478717, 54.601673222899997 ], [ -1.2940836174, 54.598580499699999 ], [ -1.294561689, 54.595995035800001 ], [ -1.2922945037, 54.592854337399999 ], [ -1.3060685678, 54.587380097599997 ], [ -1.3046987517, 54.583310120699998 ], [ -1.298322922, 54.578869710600003 ], [ -1.2837964849, 54.577939873399998 ], [ -1.2759474119, 54.575628458700002 ], [ -1.2767488138, 54.5740515329 ], [ -1.2723706213, 54.573908467 ], [ -1.2706028626, 54.571713981400002 ], [ -1.2649920807, 54.570619576399999 ], [ -1.2676818991, 54.568982263 ], [ -1.2758029851, 54.570684730899998 ], [ -1.288150943, 54.570425412399999 ], [ -1.2863688056, 54.562641175800003 ], [ -1.3029906846, 54.559179163099998 ], [ -1.3050496944, 54.5581305324 ], [ -1.3053026473, 54.555984084199999 ], [ -1.309034351, 54.554756246799997 ], [ -1.3052871455, 54.555076304899998 ], [ -1.3054162358, 54.552938131499999 ], [ -1.3012553355, 54.552141296899997 ], [ -1.301990883, 54.549808910199999 ], [ -1.2996814286, 54.548348654900003 ], [ -1.2998892265, 54.5470467353 ], [ -1.3025546446, 54.546666694400002 ], [ -1.3030543435, 54.544557616600002 ], [ -1.3021679344, 54.540337579599999 ], [ -1.3034835847, 54.539320634500001 ], [ -1.3010688809, 54.533195509199999 ], [ -1.2968387036, 54.533854019499998 ], [ -1.295636789, 54.535446727699998 ], [ -1.297034385, 54.5368568369 ], [ -1.2932842506, 54.539225553800001 ], [ -1.2882834268, 54.538827776600002 ], [ -1.2864979784, 54.540174310099999 ], [ -1.2827441564, 54.546227376600001 ], [ -1.2835385111, 54.547652037 ], [ -1.2810724996, 54.549866203900002 ], [ -1.2761783628, 54.549414606799999 ], [ -1.2776668448, 54.547118417299998 ], [ -1.2748895547, 54.546606855900002 ], [ -1.2769744658, 54.5478397356 ], [ -1.2761207233, 54.549234520799999 ], [ -1.2702825464, 54.549801630099999 ], [ -1.2680080219, 54.547316451699999 ], [ -1.258617689, 54.544275548 ], [ -1.2502348624, 54.5470548698 ], [ -1.2463395413, 54.550391843200003 ], [ -1.2460067173, 54.555027101 ], [ -1.2400137043, 54.558018262899999 ], [ -1.2411196493, 54.560083240700003 ], [ -1.2370658883, 54.560201550800002 ], [ -1.2371136863, 54.5617835762 ], [ -1.2398090671, 54.563202515900002 ], [ -1.2374127105, 54.565649898300002 ], [ -1.239729679, 54.567470871200001 ], [ -1.2371127839, 54.572603990600001 ], [ -1.2293486066, 54.575826102199997 ], [ -1.2306456954, 54.577595813899997 ], [ -1.2294595644, 54.578145467600002 ], [ -1.2230989257, 54.576630941300003 ], [ -1.2189897011, 54.578752408600003 ], [ -1.2143238157, 54.577616810899997 ], [ -1.2122274963, 54.5796252771 ], [ -1.2067217042, 54.577332102600003 ], [ -1.2111008754, 54.575474905299998 ], [ -1.2105007104, 54.572909678499997 ], [ -1.2119935876, 54.570897314299998 ], [ -1.2079367229, 54.563932812899999 ], [ -1.2039205831, 54.561300210699997 ], [ -1.203061504, 54.557771616399997 ], [ -1.2046967299, 54.556380385 ], [ -1.2005474961, 54.551904433 ], [ -1.2032718348, 54.550151937899997 ], [ -1.2006945176, 54.548337521299999 ], [ -1.1947529214, 54.547812829199998 ], [ -1.1938263522, 54.5446252196 ], [ -1.186019559, 54.540762416600003 ], [ -1.1823241175, 54.541600267900002 ], [ -1.1811567506, 54.540459995 ], [ -1.1820408838, 54.538758418 ], [ -1.1785313666, 54.534960042900003 ], [ -1.1698448442, 54.5334897754 ], [ -1.1653236795, 54.535426859700003 ], [ -1.1630216701, 54.538412668900001 ], [ -1.1575196138, 54.536900592499997 ], [ -1.1475559113, 54.540371753599999 ], [ -1.1420507814, 54.5397576684 ], [ -1.1341190047, 54.542073784800003 ], [ -1.1341376488, 54.544114006699999 ], [ -1.1307669501, 54.5456086736 ], [ -1.1290335746, 54.5486069118 ], [ -1.1301833292, 54.550520424799998 ], [ -1.1379773993, 54.5540902041 ], [ -1.1386764862, 54.556135264200002 ], [ -1.1283936633, 54.564123121800002 ], [ -1.1294920125, 54.5662879399 ], [ -1.1283298492, 54.567115380499999 ], [ -1.1311288921, 54.5678634625 ], [ -1.1319157012, 54.571598767799998 ], [ -1.1372087279, 54.575860556800002 ], [ -1.1388036658, 54.579457772799998 ], [ -1.1351279706, 54.582073781399998 ], [ -1.1361808916, 54.585694116399999 ], [ -1.133602433, 54.588344863099998 ], [ -1.135911273, 54.590392447399999 ], [ -1.1338328185, 54.592804113500002 ], [ -1.1346581857, 54.594023272900003 ], [ -1.1294702258, 54.59344686 ], [ -1.128050477, 54.5947038256 ], [ -1.1293509369, 54.594686222 ], [ -1.1310091427, 54.5982210747 ], [ -1.1346210436, 54.598696295300002 ], [ -1.1313988366, 54.603184743299998 ], [ -1.1339666001, 54.601819122800002 ], [ -1.1373567533, 54.6032812531 ], [ -1.1430583565, 54.602315181100003 ], [ -1.1488315312, 54.604584690099998 ], [ -1.1496567724, 54.606585616300002 ], [ -1.1487145425, 54.608708931099997 ], [ -1.1463440032, 54.608791102799998 ], [ -1.1477347793, 54.610400595100003 ], [ -1.1465243348, 54.6112728031 ], [ -1.1327158316, 54.608256514600001 ], [ -1.1349055328, 54.609235662099998 ], [ -1.1325269564, 54.608560506700002 ], [ -1.1325387533, 54.610733072599999 ], [ -1.1381523666, 54.611788688899999 ], [ -1.1404969326, 54.6136836465 ], [ -1.1395213147, 54.614422645300003 ], [ -1.1266235076, 54.612209375699997 ], [ -1.1261712086, 54.610193008 ], [ -1.1286342984, 54.608682951500001 ], [ -1.1235645031, 54.607567918199997 ], [ -1.1215597052, 54.609359796900002 ], [ -1.1229624895, 54.6110864961 ], [ -1.1217958226, 54.612776599900002 ], [ -1.1255734228, 54.613522898699998 ], [ -1.1248933067, 54.6149109829 ], [ -1.1173856263, 54.613364649399998 ], [ -1.1140792257, 54.618022777500002 ], [ -1.1153979392, 54.620054507500001 ], [ -1.1257512352, 54.624012088599997 ], [ -1.1201112386, 54.624834008900002 ], [ -1.1145201841, 54.623391284100002 ], [ -1.1150678891, 54.6252735837 ], [ -1.1122449184, 54.626472740099999 ], [ -1.0851600006, 54.6190120682 ], [ -1.0848530223, 54.617508903500003 ], [ -1.0776631, 54.617706003099997 ], [ -1.0762318638, 54.615942609199998 ], [ -1.0713838317, 54.617352460399999 ], [ -1.0664580968, 54.614699342599998 ], [ -1.0675481493, 54.610366959700002 ], [ -1.0657769974, 54.599811400599997 ], [ -1.0632786054, 54.595361435599997 ], [ -1.0599560011, 54.5931248455 ], [ -1.0609037112, 54.590948320300001 ], [ -1.0557770757, 54.586441826399998 ], [ -1.0551703421, 54.583237659300003 ], [ -1.049063833, 54.582345053099999 ], [ -1.0454919071, 54.574965421599998 ], [ -1.0400155385, 54.5716777007 ], [ -1.0179151448, 54.572785619299999 ], [ -1.0135691678, 54.5746735476 ], [ -1.0110595472, 54.5722624681 ], [ -0.9964377454, 54.570524421499996 ], [ -0.9894812239, 54.572857153699999 ], [ -0.9889180261, 54.574362308300003 ], [ -0.9780699343, 54.575133987400001 ], [ -0.9738474766, 54.5818746562 ], [ -0.9687219975, 54.585539419500002 ], [ -0.9599039559, 54.583804756 ], [ -0.9425535192, 54.584589121800001 ], [ -0.9321174218, 54.582484361900001 ], [ -0.9316979976, 54.580773076299998 ], [ -0.9351211992, 54.5764713636 ], [ -0.9315018833, 54.570525825600001 ], [ -0.9316684383, 54.567705281199999 ], [ -0.9291643326, 54.565283539699998 ], [ -0.9305168715, 54.562653228 ], [ -0.926299347, 54.560126396800001 ], [ -0.9201260438, 54.560242195100003 ], [ -0.9201589042, 54.5619231541 ], [ -0.9117516685, 54.565191137799999 ], [ -0.9053848018, 54.563839545500002 ], [ -0.90467549, 54.5695311 ], [ -0.8998476735, 54.571895920199999 ], [ -0.8889638847, 54.569387896800002 ], [ -0.8808655302, 54.563489477399997 ], [ -0.8714780432, 54.563483158 ], [ -0.8640783776, 54.567629048299999 ], [ -0.8564670484, 54.569336875799998 ], [ -0.8436076155, 54.567345317099999 ], [ -0.8361476986, 54.562079088 ], [ -0.837329913, 54.557488894899997 ], [ -0.8422938261, 54.555846850599998 ], [ -0.8452941797, 54.552780976 ], [ -0.8435180339, 54.547554179899997 ], [ -0.8525790786, 54.547496643899997 ], [ -0.8522043288, 54.542118611799999 ], [ -0.8501680541, 54.541973453700002 ], [ -0.8500498947, 54.540678141 ], [ -0.8538867126, 54.537245398800003 ], [ -0.8524974101, 54.536081838500003 ], [ -0.8560306163, 54.534641359699997 ], [ -0.8572597681, 54.530473819199997 ], [ -0.8608125818, 54.528305405399998 ], [ -0.8641750097, 54.521848092299997 ], [ -0.8681045945, 54.519422367899999 ], [ -0.8714224992, 54.520675661299997 ], [ -0.8800952493, 54.518779032300003 ], [ -0.88052417, 54.516510970900001 ], [ -0.888495925, 54.510372385499998 ], [ -0.8918780232, 54.505253619299999 ], [ -0.8918670548, 54.501092333499997 ], [ -0.8899695469, 54.499313392 ], [ -0.895899428, 54.495862572900002 ], [ -0.9146636366, 54.493947354500001 ], [ -0.9214372491, 54.488831200100002 ], [ -0.9282016924, 54.491084279600003 ], [ -0.933560812, 54.486853648900002 ], [ -0.9383555617, 54.488576489099998 ], [ -0.9498869118, 54.485279907 ], [ -0.9549738363, 54.491606206699998 ], [ -0.9609751266, 54.492385865199999 ], [ -0.9670211664, 54.4956821424 ], [ -0.96867329, 54.499974234200003 ], [ -0.9781081353, 54.504925473599997 ], [ -0.9981770908, 54.501444513800003 ], [ -1.0037760361, 54.503620728 ], [ -1.0097674983, 54.502995915600003 ], [ -1.0144900511, 54.504400562900003 ], [ -1.0256403554, 54.503088883499998 ], [ -1.0355619695, 54.508021551600002 ], [ -1.0367623051, 54.513459444 ], [ -1.0406249482, 54.517372649099997 ], [ -1.055752977, 54.515172964800001 ], [ -1.0638596204, 54.510580567 ], [ -1.0697141279, 54.5098708047 ], [ -1.0650571267, 54.505485055800001 ], [ -1.064091327, 54.5017928 ], [ -1.0667195085, 54.499629164300003 ], [ -1.0657354112, 54.498767808 ], [ -1.0608162129, 54.495116814200003 ], [ -1.0422674441, 54.489417178399997 ], [ -1.0248614129, 54.481315282799997 ], [ -1.025369542, 54.478119882500003 ], [ -1.0153084747, 54.467136647700002 ], [ -1.0515735455, 54.459508768299997 ], [ -1.0650343104, 54.450985769699997 ], [ -1.0670830665, 54.447703238599999 ], [ -1.0655368069, 54.443817738600004 ], [ -1.0704066941, 54.438498820600003 ], [ -1.0718729455, 54.433656906899998 ], [ -1.0703061782, 54.427955849 ], [ -1.0643065213, 54.423370904599999 ], [ -1.0629940984, 54.418067151400003 ], [ -1.0594089222, 54.41446227 ], [ -1.0638877264, 54.4079272854 ], [ -1.0700819575, 54.405854092699997 ], [ -1.0913155582, 54.407067166600001 ], [ -1.0966277066, 54.410009968200001 ], [ -1.0996324584, 54.414921537600001 ], [ -1.1121779332, 54.421952625 ], [ -1.1286935616, 54.425146519899997 ], [ -1.1539469684, 54.423330783700003 ], [ -1.1725732071, 54.419109897799999 ], [ -1.1736202519, 54.420689811099997 ], [ -1.1871153542, 54.420179233100001 ], [ -1.1919332216, 54.422044958500003 ], [ -1.2008851205, 54.415831352799998 ], [ -1.1971272164, 54.412571008599997 ], [ -1.1977136738, 54.410157282900002 ], [ -1.1958098566, 54.407448462799998 ], [ -1.1981547797, 54.402547981700003 ], [ -1.1980799622, 54.398485211100002 ], [ -1.1907825824, 54.395165156300003 ], [ -1.1861527748, 54.386290495799997 ], [ -1.1768667779, 54.381706888799997 ], [ -1.1829511116, 54.376922015399998 ], [ -1.190318904, 54.378032146199999 ], [ -1.192031783, 54.38018261 ], [ -1.2024340822, 54.383648971500001 ], [ -1.2184884501, 54.386360248499997 ], [ -1.2220689789, 54.385933991599998 ], [ -1.2242978295, 54.382874656600002 ], [ -1.232672037, 54.378847896800004 ], [ -1.2375656471, 54.378968761199999 ], [ -1.2535217594, 54.390940678299998 ], [ -1.2538531495, 54.392623352 ], [ -1.2607003005, 54.395541386700003 ], [ -1.2646761446, 54.3954218561 ], [ -1.2676340315, 54.400571566 ], [ -1.2637479338, 54.402534136 ], [ -1.2643253406, 54.408145716 ], [ -1.2691086565, 54.412937999 ], [ -1.2723343874, 54.413505691300003 ], [ -1.2738902095, 54.416148317800001 ], [ -1.2775462692, 54.41679934 ], [ -1.278426801, 54.421064558200001 ], [ -1.2828001599, 54.423031837800004 ], [ -1.2822631978, 54.424655341399998 ], [ -1.284178785, 54.427057308199998 ], [ -1.2879874568, 54.427861696699999 ], [ -1.2912484189, 54.4264698697 ], [ -1.2916375243, 54.423569274599998 ], [ -1.3005555231, 54.422099259900001 ], [ -1.2988481418, 54.4273230509 ], [ -1.3022470816, 54.432303668 ], [ -1.3012890875, 54.435156033600002 ], [ -1.3050544923, 54.437667233399999 ], [ -1.3066856925, 54.4360229551 ], [ -1.3095511844, 54.436147204699999 ], [ -1.3100883735, 54.439044151700003 ], [ -1.3167663594, 54.4380036202 ], [ -1.3227799175, 54.434226891 ], [ -1.3266797121, 54.435201322 ], [ -1.3297271914, 54.431731227599997 ], [ -1.3345785039, 54.434867604099999 ], [ -1.3601494221, 54.433226214500003 ], [ -1.3611823761, 54.437186036299998 ], [ -1.3595168669, 54.439190349500002 ], [ -1.3601757157, 54.442424725199999 ], [ -1.3588431957, 54.4448127454 ], [ -1.3616351961, 54.445744212199997 ], [ -1.3606854251, 54.447320933299999 ], [ -1.3678019931, 54.449847801300002 ], [ -1.3691479076, 54.453593451700002 ], [ -1.3721528339, 54.4517487894 ], [ -1.3756345907, 54.452000486899998 ], [ -1.3780326259, 54.448453938100002 ], [ -1.3854472151, 54.445580022400001 ], [ -1.4015553313, 54.446020322800003 ], [ -1.4134230188, 54.4410636669 ], [ -1.4186526669, 54.441421454199997 ], [ -1.4247196492, 54.439248630500003 ], [ -1.4342952116, 54.439185975699999 ], [ -1.4379045362, 54.4402048794 ], [ -1.4398861831, 54.443004578299998 ], [ -1.4431523655, 54.440934654599999 ], [ -1.4435513738, 54.438797555699999 ], [ -1.4463876281, 54.438846526699997 ], [ -1.44705042, 54.433133745100001 ], [ -1.4543726045, 54.430839354 ], [ -1.4792279764, 54.4388486685 ], [ -1.4841145162, 54.442608256600003 ], [ -1.4987546488, 54.445815325799998 ], [ -1.5063450995, 54.445523021600003 ], [ -1.5191484519, 54.447785443 ], [ -1.5214188196, 54.446167789500002 ], [ -1.5191288085, 54.442878417 ], [ -1.5217831984, 54.441361140700003 ], [ -1.5269918735, 54.441615295799998 ], [ -1.5251137608, 54.440021711299998 ], [ -1.5263065318, 54.438871550499996 ], [ -1.5377427598, 54.438538327300002 ], [ -1.5434602264, 54.440150801100003 ], [ -1.5475274342, 54.436247723100003 ], [ -1.5564160266, 54.4369007381 ], [ -1.5643718312, 54.435392910499999 ], [ -1.5693963998, 54.432570993699997 ], [ -1.571566215, 54.4344120672 ], [ -1.5763303781, 54.432865105 ], [ -1.5806384185, 54.436704125200002 ], [ -1.5831387777, 54.436429680300002 ], [ -1.5958087955, 54.4429793348 ], [ -1.5971239336, 54.445666360799997 ], [ -1.6022577883, 54.445786707099998 ], [ -1.609318758, 54.452442164899999 ], [ -1.6273571733, 54.452310366799999 ], [ -1.630347572, 54.456777110499999 ], [ -1.6282864693, 54.457840249199997 ], [ -1.6355714394, 54.464306077 ], [ -1.6379963705, 54.463980873600001 ], [ -1.6374693118, 54.4616471649 ], [ -1.6394851001, 54.459590669900003 ], [ -1.6596143969, 54.465319796 ], [ -1.6651989309, 54.461578814100001 ], [ -1.6685440824, 54.456141898799999 ], [ -1.6755818504, 54.455603785699999 ], [ -1.6839787902, 54.450791002700001 ], [ -1.6901397655, 54.449809350599999 ], [ -1.6989652374, 54.455556398799999 ], [ -1.705788126, 54.454800304 ], [ -1.7099349767, 54.457290732099999 ], [ -1.720760195, 54.457729607099999 ], [ -1.7283221633, 54.4618269208 ], [ -1.7329195413, 54.4617832355 ], [ -1.7341165336, 54.463942748900003 ], [ -1.7273776722, 54.469319941199998 ], [ -1.732202118, 54.4724402091 ], [ -1.7317724519, 54.474443317899997 ], [ -1.7402297567, 54.476717532599999 ], [ -1.7384157137, 54.480470175 ], [ -1.7402614509, 54.481462716199999 ], [ -1.7542819887, 54.485518150399997 ], [ -1.7615231683, 54.482522007199996 ], [ -1.7702166193, 54.484569874899996 ], [ -1.7853576343, 54.484714502099997 ], [ -1.7860425538, 54.486567024700001 ], [ -1.7892625121, 54.487767902 ], [ -1.7990978348, 54.487258922499997 ], [ -1.7995708233, 54.491550967400002 ], [ -1.8091410024, 54.493458179800001 ], [ -1.8139225186, 54.492724202200002 ], [ -1.8129096765, 54.491392576099997 ], [ -1.8178904378, 54.489171411400001 ], [ -1.8214876857, 54.489059939199997 ], [ -1.8242482954, 54.486053354500001 ], [ -1.8376935298, 54.485838462899999 ], [ -1.8421761566, 54.484190792200003 ], [ -1.8591645122, 54.485775465300001 ], [ -1.8775528553, 54.484195774299998 ], [ -1.8807988616, 54.4825813637 ], [ -1.8821768675, 54.475680743600002 ], [ -1.8802456326, 54.471167403 ], [ -1.8804278604, 54.466871819600001 ], [ -1.8906925087, 54.465066150699997 ], [ -1.8922260627, 54.462694967200001 ], [ -1.9023567355, 54.464680685 ], [ -1.9081824734, 54.460416398200003 ], [ -1.9316281877, 54.4614204505 ], [ -1.9439420605, 54.458667799399997 ], [ -1.9523755792, 54.462212261 ], [ -1.9557541918, 54.462033798500002 ], [ -1.9567917572, 54.458223700399998 ], [ -1.9623311786, 54.4562304357 ], [ -1.9693798304, 54.456591890399999 ], [ -1.9774603174, 54.460152487199998 ], [ -1.9855589469, 54.459915552399998 ], [ -1.9899544645, 54.463317553400003 ], [ -1.9970199365, 54.464701909799999 ], [ -2.0076044602, 54.471208234700001 ], [ -2.0103507599, 54.470304837 ], [ -2.0140698346, 54.471836727099998 ], [ -2.0241138362, 54.470055704099998 ], [ -2.0254396041, 54.468186144599997 ], [ -2.0335221757, 54.4655959141 ], [ -2.0337887133, 54.470731881100001 ], [ -2.0373541675, 54.472011462700003 ], [ -2.0364939236, 54.476307484400003 ], [ -2.0330386643, 54.478132833300002 ], [ -2.0354022004, 54.480837225499997 ], [ -2.0339532175, 54.482963054400003 ], [ -2.0363003945, 54.484251989299999 ], [ -2.03441923, 54.486485793 ], [ -2.0354699429, 54.487676220700003 ], [ -2.0415166659, 54.4835493191 ], [ -2.0524873377, 54.480956794900003 ], [ -2.0626111886, 54.480556528699999 ], [ -2.0632566372, 54.478776778700002 ], [ -2.071111904, 54.4743238621 ], [ -2.0863525629, 54.468157844300002 ], [ -2.1068167012, 54.464362432100003 ], [ -2.1156256841, 54.464340827500003 ], [ -2.1164526331, 54.462187654600001 ], [ -2.1255142756, 54.459190398300002 ], [ -2.1267698086, 54.456169463 ], [ -2.1318267692, 54.455481031799998 ], [ -2.131233226, 54.4531630392 ], [ -2.1379743286, 54.448931634899999 ], [ -2.1372097768, 54.446263337799998 ], [ -2.1441403416, 54.443801840100001 ], [ -2.1449646398, 54.4457959645 ], [ -2.1536991002, 54.447528627899999 ], [ -2.1574536387, 54.453419248400003 ], [ -2.1716208881, 54.459169569499998 ], [ -2.1719232493, 54.4613799344 ], [ -2.1777856706, 54.461479284100001 ], [ -2.1872037773, 54.449737031300003 ], [ -2.1904639693, 54.4477458044 ], [ -2.1973579591, 54.447887471800001 ], [ -2.196642005, 54.449739995400002 ], [ -2.1979812885, 54.450834218799997 ], [ -2.2066817141, 54.452805758099998 ], [ -2.2217627134, 54.4522936949 ], [ -2.2209715847, 54.454308231900001 ], [ -2.2181082672, 54.455337956299999 ], [ -2.2189171263, 54.4566126442 ], [ -2.2275834169, 54.456201189200002 ], [ -2.227985906, 54.459565294 ], [ -2.2143723369, 54.459761305 ], [ -2.2001159289, 54.464501309399999 ], [ -2.1964503234, 54.467660344700001 ], [ -2.1974175894, 54.469878545900002 ], [ -2.1938695141, 54.470028087800003 ], [ -2.1919976572, 54.4722778195 ], [ -2.18158046, 54.471898513200003 ], [ -2.1856244314, 54.475577013500001 ], [ -2.1935208673, 54.474611995899998 ], [ -2.1945210138, 54.4772525526 ], [ -2.1930574114, 54.481047394 ], [ -2.2069527236, 54.485077453099997 ], [ -2.2077265548, 54.489238530100003 ], [ -2.2069687364, 54.492504819099999 ], [ -2.2023745138, 54.492553390600001 ], [ -2.1989703723, 54.497304144399997 ], [ -2.1928309623, 54.498500377799999 ], [ -2.1937349182, 54.500278340599998 ], [ -2.1880982876, 54.503486593399998 ], [ -2.1891330467, 54.506855067799997 ], [ -2.1842299689, 54.5086150936 ], [ -2.1841916731, 54.513827553100001 ], [ -2.1800765574, 54.515855776 ], [ -2.1800696962, 54.517814962300001 ], [ -2.1763438589, 54.520705250299997 ], [ -2.1714698102, 54.522545592699998 ] ], [ [ -1.8432907451, 55.644281386599999 ], [ -1.8432609542, 55.644264567900002 ], [ -1.8432530644, 55.6442625424 ], [ -1.8432907451, 55.644281386599999 ] ], [ [ -1.2778836315, 54.547101223600002 ], [ -1.2778782197, 54.547075982599999 ], [ -1.2776668448, 54.547118417299998 ], [ -1.2778836315, 54.547101223600002 ] ], [ [ -1.5590685526, 55.165094208699998 ], [ -1.559079553, 55.165064594699999 ], [ -1.5590636011, 55.165087720899997 ], [ -1.5590685526, 55.165094208699998 ] ], [ [ -1.5764846941, 55.282549256700001 ], [ -1.5750359869, 55.288499047199998 ], [ -1.5774851114, 55.289494423900003 ], [ -1.5834952894, 55.288104166399997 ], [ -1.5790668204, 55.283102988899998 ], [ -1.5764846941, 55.282549256700001 ] ] ], [ [ [ -1.5555249713, 55.163534410099999 ], [ -1.5590095201, 55.163181055099997 ], [ -1.5601804927, 55.163955157899998 ], [ -1.5555249713, 55.163534410099999 ] ] ], [ [ [ -1.5674909522, 55.165798530899998 ], [ -1.5679596465, 55.165924153299997 ], [ -1.56730017, 55.166000039399997 ], [ -1.5674909522, 55.165798530899998 ] ] ] ] } },
{ "type": "Feature", "properties": { "river_basin_district": "South West" }, "geometry": { "type": "MultiPolygon", "coordinates": [ [ [ [ -5.1786376889, 50.047357219399998 ], [ -5.1618421435, 50.046673954500001 ], [ -5.1563179432, 50.049775193 ], [ -5.1541975054, 50.053017515400001 ], [ -5.1647514, 50.059459021899997 ], [ -5.1660086177, 50.061997587599997 ], [ -5.1647716705, 50.064010496900003 ], [ -5.1552222001, 50.065008414 ], [ -5.1531189545, 50.067458582 ], [ -5.1437894783, 50.071832085499999 ], [ -5.1438292373, 50.075429430900002 ], [ -5.1396976262, 50.077232622099999 ], [ -5.136182575, 50.082059651900003 ], [ -5.1255880351, 50.086825689299999 ], [ -5.116076248, 50.082662248 ], [ -5.1209097645, 50.076372362699999 ], [ -5.1191175911, 50.072453334599999 ], [ -5.1239215021, 50.068086893299999 ], [ -5.1233991201, 50.062631374600002 ], [ -5.1201397186, 50.060858900900001 ], [ -5.1253068412, 50.0588736029 ], [ -5.1268333717, 50.052697141199999 ], [ -5.1222648172, 50.049689625699997 ], [ -5.1244744981, 50.048649532100001 ], [ -5.121212158, 50.045741711700003 ], [ -5.1151795045, 50.0455621013 ], [ -5.1105298386, 50.043437922800003 ], [ -5.1092122614, 50.038183589200003 ], [ -5.1220562733, 50.0372267033 ], [ -5.1292980672, 50.039046587900003 ], [ -5.1317287966, 50.036048233599999 ], [ -5.1431995175, 50.033326861299997 ], [ -5.149176265, 50.036727125900001 ], [ -5.1651611333, 50.039368504700001 ], [ -5.1696108596, 50.033129564500001 ], [ -5.1777848063, 50.031070584 ], [ -5.1795923928, 50.024399846400001 ], [ -5.176280565, 50.019074944300002 ], [ -5.1820224828, 50.013213895200003 ], [ -5.1789664692, 50.006046822499997 ], [ -5.1712797758, 50.000391871700003 ], [ -5.171721653, 49.996538410299998 ], [ -5.1769282312, 49.996098943900002 ], [ -5.1800749882, 49.994087463 ], [ -5.1937027811, 49.999254421700002 ], [ -5.201367819, 49.999087945399999 ], [ -5.2027627252, 50.000335869799997 ], [ -5.2109737578, 49.997076954400001 ], [ -5.2160180155, 50.000697532499998 ], [ -5.2170716536, 50.003933930499997 ], [ -5.2147119231, 50.0053848226 ], [ -5.2174174911, 50.009735904199999 ], [ -5.2099994764, 50.014259758800002 ], [ -5.2206111303, 50.0176178826 ], [ -5.2178976115, 50.020050254399997 ], [ -5.2179454862, 50.023062660900003 ], [ -5.2251051395, 50.025508585 ], [ -5.229622019, 50.024564174600002 ], [ -5.2395308748, 50.026347830200002 ], [ -5.2469914716, 50.030952101099999 ], [ -5.2577520386, 50.030434294499997 ], [ -5.2627000669, 50.034613354800001 ], [ -5.2620462979, 50.037123722 ], [ -5.2696782307, 50.038438090299998 ], [ -5.2714019518, 50.041601139599997 ], [ -5.2774893012, 50.045243634800002 ], [ -5.2731895194, 50.050007194899997 ], [ -5.2753972106, 50.051240310899999 ], [ -5.2739169438, 50.0569947591 ], [ -5.2798216351, 50.060795237500002 ], [ -5.2784781169, 50.063019328899998 ], [ -5.2884620863, 50.066164184 ], [ -5.2996510953, 50.072181396700003 ], [ -5.2971342196, 50.077667071800001 ], [ -5.3048473505, 50.082692340199998 ], [ -5.3199319291, 50.084699451100001 ], [ -5.3285175572, 50.091164590200002 ], [ -5.3436022091, 50.0973339528 ], [ -5.3576759393, 50.106589416 ], [ -5.3580154043, 50.109440429800003 ], [ -5.3513816117, 50.114202461700003 ], [ -5.3517341323, 50.115442764400001 ], [ -5.3631949249, 50.109092422899998 ], [ -5.3848872622, 50.115172638300002 ], [ -5.3958670265, 50.114932632299997 ], [ -5.4007362752, 50.110993463299998 ], [ -5.4124545697, 50.112889363400001 ], [ -5.4235892331, 50.1183549175 ], [ -5.4319555576, 50.118539474899997 ], [ -5.4619294855, 50.126141319600002 ], [ -5.4715751431, 50.127544347300002 ], [ -5.476247434, 50.124237617200002 ], [ -5.4803984479, 50.126905821100003 ], [ -5.4948901193, 50.128713834400003 ], [ -5.4976259752, 50.134732606699998 ], [ -5.5062940807, 50.143395489299998 ], [ -5.5150990445, 50.149300643099998 ], [ -5.5180911922, 50.157630732 ], [ -5.5215983454, 50.156192816400001 ], [ -5.5218168727, 50.152119723 ], [ -5.520163179, 50.150766452600003 ], [ -5.5211252773, 50.1459510615 ], [ -5.5194955955, 50.141682156400002 ], [ -5.5245701165, 50.137209691199999 ], [ -5.52529395, 50.134110850500001 ], [ -5.5233535947, 50.126185798500003 ], [ -5.5261128656, 50.125628635399998 ], [ -5.538865735, 50.132905827199998 ], [ -5.5434607556, 50.133341312900001 ], [ -5.5492966944, 50.138434901899998 ], [ -5.5520489731, 50.143082884400002 ], [ -5.5569421743, 50.146387644 ], [ -5.5657343779, 50.150148192 ], [ -5.5728727666, 50.1486150076 ], [ -5.5850436581, 50.159514702599999 ], [ -5.5771314152, 50.164389884899997 ], [ -5.5722755095, 50.165007354399997 ], [ -5.5764754412, 50.169106375600002 ], [ -5.5628058481, 50.175896639100003 ], [ -5.5567627344, 50.174318734800003 ], [ -5.550262365, 50.177522721700001 ], [ -5.5417642585, 50.174570685200003 ], [ -5.5385731931, 50.179724154600002 ], [ -5.5397966641, 50.183762288099999 ], [ -5.5473936087, 50.188712291100003 ], [ -5.5449088725, 50.191109359 ], [ -5.5343796653, 50.194642364700002 ], [ -5.529531506, 50.191236304900002 ], [ -5.5209434719, 50.190885476799998 ], [ -5.5175655928, 50.192400393200003 ], [ -5.5127752994, 50.188236180600001 ], [ -5.4977540887, 50.1819156209 ], [ -5.5009507216, 50.179839967699998 ], [ -5.5023713846, 50.174750033 ], [ -5.5001968834, 50.171450955899999 ], [ -5.4936124319, 50.167600993599997 ], [ -5.4916030922, 50.163864953699999 ], [ -5.4893925237, 50.163319703900001 ], [ -5.46581187, 50.165502020200002 ], [ -5.4470244988, 50.162310252099999 ], [ -5.4407607848, 50.164988217800001 ], [ -5.4344554473, 50.164167456400001 ], [ -5.4273478545, 50.167004610399999 ], [ -5.4175527608, 50.163209204300003 ], [ -5.413586279, 50.165719025599998 ], [ -5.407052045, 50.166792750900001 ], [ -5.3911868714, 50.165854152100003 ], [ -5.3869995809, 50.167047036200003 ], [ -5.3896184598, 50.169021721199996 ], [ -5.3855940503, 50.172719774199997 ], [ -5.3863456957, 50.175225809399997 ], [ -5.3888807024, 50.177592229 ], [ -5.3944126972, 50.177996329300001 ], [ -5.3987545567, 50.182398640300001 ], [ -5.4042714708, 50.182527448099997 ], [ -5.4005892996, 50.185519380899997 ], [ -5.4010596381, 50.188221782600003 ], [ -5.4053700638, 50.191882436299998 ], [ -5.4121160527, 50.1914227543 ], [ -5.4101898284, 50.191692690099998 ], [ -5.4103259459, 50.193283123599997 ], [ -5.4119431128, 50.193502009 ], [ -5.4150881684, 50.199014258699997 ], [ -5.4078937923, 50.201004291799997 ], [ -5.4102404381, 50.202816993799999 ], [ -5.4086473502, 50.204932003400003 ], [ -5.3979435474, 50.207102380400002 ], [ -5.3960184947, 50.211313275 ], [ -5.3921932739, 50.212139067700001 ], [ -5.391937804, 50.2143212163 ], [ -5.3841592565, 50.214021691100001 ], [ -5.3927422545, 50.217024798799997 ], [ -5.3910262958, 50.221294216399997 ], [ -5.392664877, 50.2258074517 ], [ -5.3912892118, 50.2315153184 ], [ -5.3828286048, 50.233048689500002 ], [ -5.3783516067, 50.2389546888 ], [ -5.368529776, 50.235533691800001 ], [ -5.3543748176, 50.239488138200002 ], [ -5.3482017802, 50.235672049 ], [ -5.3451565638, 50.235849813800002 ], [ -5.3264083692, 50.242559989299998 ], [ -5.3215468497, 50.242447309699998 ], [ -5.2998034149, 50.250156393300003 ], [ -5.2890898182, 50.251863829 ], [ -5.2948904879, 50.255405730100001 ], [ -5.2938193715, 50.257370287400001 ], [ -5.2954662483, 50.260085352600001 ], [ -5.2918535814, 50.26211803 ], [ -5.2892615622, 50.261173931499997 ], [ -5.2913260059, 50.262373497600002 ], [ -5.2894767823, 50.263583768799997 ], [ -5.2769701754, 50.264980997899997 ], [ -5.2767071332, 50.266463776400002 ], [ -5.2688845777, 50.270894439199999 ], [ -5.2584031112, 50.269713719899997 ], [ -5.2492165339, 50.271050694300001 ], [ -5.2450199789, 50.275180276299999 ], [ -5.2385268489, 50.274857789099997 ], [ -5.2336528758, 50.276468972700002 ], [ -5.229865329, 50.273191905700003 ], [ -5.218914877, 50.269213925499997 ], [ -5.2055796144, 50.267729698099998 ], [ -5.1968338776, 50.263931652700002 ], [ -5.1757455079, 50.280864919400003 ], [ -5.1587847824, 50.280625859399997 ], [ -5.1576899531, 50.285504404199997 ], [ -5.152087465, 50.289956625 ], [ -5.144751593, 50.291351954200003 ], [ -5.1533764072, 50.296704489900002 ], [ -5.153306671, 50.301168313799998 ], [ -5.1590683259, 50.306301279300001 ], [ -5.1579705483, 50.310082393199998 ], [ -5.1604164029, 50.312858544 ], [ -5.1547845565, 50.317122742099997 ], [ -5.1553963772, 50.319570974199998 ], [ -5.1537971459, 50.321305620099999 ], [ -5.1590791538, 50.325947850699997 ], [ -5.152983365, 50.3327793618 ], [ -5.1541554978, 50.334348791 ], [ -5.1505211929, 50.340168733799999 ], [ -5.1505384556, 50.342552146400003 ], [ -5.1545014713, 50.348471771100002 ], [ -5.1506358468, 50.350177919099998 ], [ -5.147330525, 50.348882164800003 ], [ -5.1400299377, 50.350950836400003 ], [ -5.1468956494, 50.356333437799996 ], [ -5.1439335088, 50.357043336700002 ], [ -5.1466427368, 50.358886086 ], [ -5.1469192054, 50.360938624699997 ], [ -5.1441170718, 50.363434344399998 ], [ -5.1450764176, 50.369219627600003 ], [ -5.142880852, 50.372175663500002 ], [ -5.1435305895, 50.376044242 ], [ -5.1472131747, 50.377698722700003 ], [ -5.1510153377, 50.382849186199998 ], [ -5.1509670301, 50.385090433099997 ], [ -5.1538347193, 50.387171612 ], [ -5.1483281157, 50.386457345499998 ], [ -5.1425533556, 50.390193953500003 ], [ -5.1379658439, 50.389976086099999 ], [ -5.1350010173, 50.391531403199998 ], [ -5.1286056776, 50.390786197899999 ], [ -5.1244682868, 50.3877850075 ], [ -5.1242628914, 50.382950850599997 ], [ -5.1148194232, 50.377537092600001 ], [ -5.0860918327, 50.372087621 ], [ -5.0862232639, 50.384291208599997 ], [ -5.0825278294, 50.385882567400003 ], [ -5.0842762258, 50.389407437 ], [ -5.0878816756, 50.391839459700002 ], [ -5.0850982132, 50.393613554399998 ], [ -5.0842396926, 50.397945243599999 ], [ -5.0811374472, 50.401104028 ], [ -5.0786708646, 50.396707577800001 ], [ -5.0729015001, 50.394323513499998 ], [ -5.0665220271, 50.399043786900002 ], [ -5.0548430817, 50.400169950799999 ], [ -5.0501193483, 50.403316526700003 ], [ -5.0430079597, 50.403260058800001 ], [ -5.0356328693, 50.401060112099998 ], [ -5.0285080659, 50.404538347699997 ], [ -5.0233292607, 50.404772123599997 ], [ -5.0230621814, 50.408314307799998 ], [ -5.036942566, 50.410093387099998 ], [ -5.0406904442, 50.412784010899998 ], [ -5.0393454461, 50.417280966699998 ], [ -5.0497594414, 50.421155129100001 ], [ -5.0552256845, 50.425074217800002 ], [ -5.0555821541, 50.426957248699999 ], [ -5.0523676841, 50.428867797800002 ], [ -5.051871632, 50.4334145646 ], [ -5.0445405438, 50.439219993499997 ], [ -5.0344234004, 50.4391606756 ], [ -5.0247303995, 50.436696646400001 ], [ -5.0162526084, 50.440479121 ], [ -4.9943216398, 50.442494311 ], [ -5.0070446246, 50.447428254199998 ], [ -5.0237846517, 50.448811152499999 ], [ -5.0261698122, 50.450422248400002 ], [ -5.0282214246, 50.456953504 ], [ -5.0375616329, 50.461099645300003 ], [ -5.0343745919, 50.465464701099997 ], [ -5.0228005748, 50.470047997099996 ], [ -5.0220905869, 50.474825033 ], [ -5.014896599, 50.473860365100002 ], [ -5.0083907191, 50.470853487 ], [ -5.0056016916, 50.4737681585 ], [ -4.9927360231, 50.477617180099998 ], [ -4.9984205537, 50.479008958199998 ], [ -4.9949726899, 50.480663005 ], [ -4.9961139111, 50.483548109099999 ], [ -4.997740136, 50.483848023599997 ], [ -4.9972800194, 50.486378588299999 ], [ -5.007929734, 50.494217454100003 ], [ -5.0182356209, 50.49749463 ], [ -5.0197128387, 50.498985500499998 ], [ -5.0191611242, 50.502274146600001 ], [ -5.0230536987, 50.502712756299999 ], [ -5.0255359041, 50.508299897500002 ], [ -5.021172608, 50.509250872599999 ], [ -5.0254027238, 50.510110557499999 ], [ -5.0247612532, 50.512653244299997 ], [ -5.0127141232, 50.511553640599999 ], [ -5.010101842, 50.509741243599997 ], [ -5.0065623812, 50.510426484600004 ], [ -5.0016346684, 50.5072434681 ], [ -4.9976120216, 50.507203287300001 ], [ -4.990321928, 50.512374360400003 ], [ -4.9814911023, 50.507230846299997 ], [ -4.981455314, 50.515390522899999 ], [ -4.9911450628, 50.520035206300001 ], [ -4.9887444042, 50.525359175 ], [ -4.9907107951, 50.530121129900003 ], [ -4.9998701209, 50.5323500075 ], [ -5.0040390859, 50.536434247300001 ], [ -4.9998402162, 50.536992364699998 ], [ -4.9922603865, 50.541667237799999 ], [ -4.9759264375, 50.536707031299997 ], [ -4.967535064, 50.536363679899999 ], [ -4.9615069438, 50.532964164500001 ], [ -4.9505872501, 50.532800870400003 ], [ -4.9504358205, 50.528792830100002 ], [ -4.9534998535, 50.527239855200001 ], [ -4.9538264661, 50.523885324600002 ], [ -4.9518614035, 50.522244097700003 ], [ -4.9526479627, 50.520604987799999 ], [ -4.9492462824, 50.514250676 ], [ -4.9496138281, 50.507476913 ], [ -4.9444499453, 50.501338043899999 ], [ -4.9444263808, 50.503452533900003 ], [ -4.9407852262, 50.505685527 ], [ -4.9375609395, 50.511002242300002 ], [ -4.9344402475, 50.512088481100001 ], [ -4.9200686749, 50.508258381700003 ], [ -4.8986500155, 50.507696704099999 ], [ -4.8893830793, 50.5056245042 ], [ -4.8762183964, 50.510880130700002 ], [ -4.8704646325, 50.515555814199999 ], [ -4.8712031521, 50.518425028800003 ], [ -4.8637569045, 50.519175274 ], [ -4.8474870518, 50.513044217900003 ], [ -4.8417017455, 50.513959271399997 ], [ -4.8393024331, 50.511121437200003 ], [ -4.8391776218, 50.508102128700003 ], [ -4.8293597547, 50.501019343800003 ], [ -4.8279411616, 50.498049479300001 ], [ -4.8465747058, 50.489913096899997 ], [ -4.8495213, 50.487331296100002 ], [ -4.8504393995, 50.4833779179 ], [ -4.8582363015, 50.479651453400002 ], [ -4.8499547716, 50.477668876800003 ], [ -4.8442272352, 50.469380632399997 ], [ -4.8393939898, 50.4698675506 ], [ -4.8320711636, 50.475155356199998 ], [ -4.8142305011, 50.479024583099999 ], [ -4.8115538572, 50.481428048200002 ], [ -4.8108879908, 50.4896836466 ], [ -4.7950033342, 50.4943211207 ], [ -4.7950711098, 50.499527628199999 ], [ -4.7799760687, 50.500402097399999 ], [ -4.7778639863, 50.497817014 ], [ -4.7677259669, 50.497842808599998 ], [ -4.7611523909, 50.495876218600003 ], [ -4.7556383573, 50.498777441800001 ], [ -4.7573443221, 50.500464053100004 ], [ -4.7566747741, 50.5015593221 ], [ -4.7459770716, 50.505320395200002 ], [ -4.7428999708, 50.508199423199997 ], [ -4.741355035, 50.513668797100003 ], [ -4.7349106556, 50.515907308800003 ], [ -4.7342907267, 50.527876146799997 ], [ -4.7487614995, 50.527993898600002 ], [ -4.752709489, 50.529393716199998 ], [ -4.7526200159, 50.531734521600001 ], [ -4.7573018867, 50.531191898800003 ], [ -4.7637293557, 50.525750349500001 ], [ -4.769078067, 50.5264866813 ], [ -4.7734067739, 50.524746481900003 ], [ -4.7699116915, 50.521447634899999 ], [ -4.7681760703, 50.516865522700002 ], [ -4.7736179642, 50.517041732099997 ], [ -4.7815940044, 50.513289265 ], [ -4.7912934297, 50.513902462799997 ], [ -4.795551914, 50.511245611699998 ], [ -4.8020012316, 50.510100986 ], [ -4.8061199141, 50.511998604299997 ], [ -4.8021521146, 50.516933585399997 ], [ -4.8035107453, 50.520336956100003 ], [ -4.8028557139, 50.525947651400003 ], [ -4.7973031446, 50.5291665823 ], [ -4.815124173, 50.529132507 ], [ -4.8296965485, 50.531405534400001 ], [ -4.8407653314, 50.527960518 ], [ -4.8506233495, 50.533526111400001 ], [ -4.8501475363, 50.530930739 ], [ -4.8525968375, 50.5316007582 ], [ -4.8537035456, 50.532442472100001 ], [ -4.8519081106, 50.532856124600002 ], [ -4.8523782378, 50.535196268599996 ], [ -4.8472709616, 50.5380378889 ], [ -4.8457830005, 50.542391931600001 ], [ -4.8388731856, 50.544620600099996 ], [ -4.8435010623, 50.546693396800002 ], [ -4.8440415537, 50.550512084399998 ], [ -4.8533730557, 50.553539836600002 ], [ -4.8578691188, 50.559708057100003 ], [ -4.8704628599, 50.562924141300002 ], [ -4.8710158614, 50.572481267699999 ], [ -4.8544351714, 50.572511361399997 ], [ -4.8478832669, 50.574416924700003 ], [ -4.8187906375, 50.571671156699999 ], [ -4.8094922987, 50.578714206500003 ], [ -4.7988158147, 50.577100503300002 ], [ -4.7850761328, 50.582449297099998 ], [ -4.7842004229, 50.588676753199998 ], [ -4.7871440227, 50.591385728799999 ], [ -4.780554742, 50.593944980499998 ], [ -4.7671115455, 50.594589167800002 ], [ -4.7611664595, 50.596349431100002 ], [ -4.760262905, 50.5982957668 ], [ -4.7516642702, 50.603032769400002 ], [ -4.7498395566, 50.608580742900003 ], [ -4.7439642127, 50.6115797458 ], [ -4.7385958877, 50.619423725499999 ], [ -4.7347933228, 50.621141177299997 ], [ -4.7291754773, 50.631068351499998 ], [ -4.7240669422, 50.631745666 ], [ -4.7123558165, 50.639088969200003 ], [ -4.7053047785, 50.638965178200003 ], [ -4.700081019, 50.6430800981 ], [ -4.6975528507, 50.643147685499997 ], [ -4.6966037438, 50.648557519599997 ], [ -4.7024907308, 50.653269200899999 ], [ -4.6839693597, 50.656728784199998 ], [ -4.673477307, 50.662330963300001 ], [ -4.6715978049, 50.666862431399998 ], [ -4.673886491, 50.667538481100003 ], [ -4.6748871236, 50.670699616599997 ], [ -4.6943160417, 50.673094079 ], [ -4.6970907539, 50.674828794299998 ], [ -4.6989823379, 50.686082308800003 ], [ -4.6965442381, 50.687020258700002 ], [ -4.6974298986, 50.6886367834 ], [ -4.6929447241, 50.692896105899997 ], [ -4.6753661881, 50.693301181400003 ], [ -4.6709091464, 50.691370677800002 ], [ -4.6670402457, 50.695057180600003 ], [ -4.6669314806, 50.697632134400003 ], [ -4.6503691195, 50.697758300399997 ], [ -4.6404798639, 50.702471177299998 ], [ -4.6402068615, 50.707694220699999 ], [ -4.6498267342, 50.7107408436 ], [ -4.645900089, 50.714967597499999 ], [ -4.6493792209, 50.717874729599998 ], [ -4.644837186, 50.719237169899998 ], [ -4.6453895464, 50.725017129199998 ], [ -4.6431601532, 50.726695741699999 ], [ -4.6432245567, 50.731362454 ], [ -4.6367639741, 50.7344230681 ], [ -4.6378151943, 50.7390044773 ], [ -4.6321558353, 50.743737651399996 ], [ -4.6194443307, 50.741019927099998 ], [ -4.6148412594, 50.742868244299999 ], [ -4.6116051424, 50.7397387778 ], [ -4.5985425155, 50.740876292400003 ], [ -4.5930234186, 50.738732632100003 ], [ -4.586723037, 50.739376354199997 ], [ -4.582367532, 50.735956127400001 ], [ -4.5842064107, 50.73331596 ], [ -4.5832517329, 50.730647777800002 ], [ -4.5759214876, 50.730585206299999 ], [ -4.5725438882, 50.731487316799999 ], [ -4.5665027971, 50.737682787799997 ], [ -4.5610267428, 50.738630758200003 ], [ -4.5574911706, 50.743457462199999 ], [ -4.5601824895, 50.748615125299999 ], [ -4.5567605419, 50.748258521300002 ], [ -4.5486139518, 50.7559203056 ], [ -4.5452998393, 50.757036082200003 ], [ -4.544967549, 50.759273944900002 ], [ -4.5416746215, 50.7602632316 ], [ -4.5429266858, 50.761908872500001 ], [ -4.5398672262, 50.766949463300001 ], [ -4.5455782057, 50.771043234 ], [ -4.5401039818, 50.775767772599998 ], [ -4.5412684088, 50.777883046299998 ], [ -4.5403083537, 50.7805842896 ], [ -4.5355542234, 50.781866059899997 ], [ -4.5361917129, 50.7844695426 ], [ -4.5325195699, 50.792914102 ], [ -4.5369778084, 50.7934827427 ], [ -4.54230775, 50.797036311799999 ], [ -4.54333982, 50.799838018099997 ], [ -4.5415809095, 50.8009017308 ], [ -4.555076017, 50.803718779100002 ], [ -4.5519750387, 50.806979680799998 ], [ -4.5551381472, 50.806937389 ], [ -4.5549829622, 50.8144960248 ], [ -4.5562609532, 50.816060006900003 ], [ -4.5480593616, 50.823965645500003 ], [ -4.545358695, 50.824438370099998 ], [ -4.5474451753, 50.828853974799998 ], [ -4.5456334073, 50.832095509600002 ], [ -4.5405618618, 50.831810368200003 ], [ -4.5310541938, 50.827232177399999 ], [ -4.5192950441, 50.827217007900003 ], [ -4.521740566, 50.830959721600003 ], [ -4.5180446145, 50.832478671899999 ], [ -4.5193513724, 50.837226391400002 ], [ -4.5173578819, 50.838717515500001 ], [ -4.515773634, 50.8457042462 ], [ -4.519074978, 50.847386856200004 ], [ -4.51905077, 50.853791268599998 ], [ -4.5226575234, 50.855853934899997 ], [ -4.5233938334, 50.859489661200001 ], [ -4.52118418, 50.863836682900001 ], [ -4.5303163874, 50.869233328500002 ], [ -4.547646416, 50.870600970600002 ], [ -4.5497546811, 50.872767486400001 ], [ -4.5544832019, 50.873455519099998 ], [ -4.5593106551, 50.8769833741 ], [ -4.5592489196, 50.883118805 ], [ -4.5532704695, 50.886631648600002 ], [ -4.5499765133, 50.886200023 ], [ -4.5420668599, 50.899702071299998 ], [ -4.5377120953, 50.898609645199997 ], [ -4.5273343965, 50.900273991200002 ], [ -4.5268702942, 50.904835095499998 ], [ -4.5179870141, 50.908390968100001 ], [ -4.5175096977, 50.910352991 ], [ -4.5207240357, 50.912181364799999 ], [ -4.5285491054, 50.922157454699999 ], [ -4.5461822411, 50.92558754 ], [ -4.5471411202, 50.927509353700003 ], [ -4.5402924287, 50.931625065699997 ], [ -4.5435649946, 50.931868582200003 ], [ -4.5458338531, 50.9348411434 ], [ -4.5422011484, 50.943392827 ], [ -4.5375919935, 50.949204414800001 ], [ -4.5406553638, 50.951593165299997 ], [ -4.5405071765, 50.954096759 ], [ -4.5361400732, 50.95600855 ], [ -4.5356110462, 50.958322538300003 ], [ -4.5292587175, 50.962237891400001 ], [ -4.5240700969, 50.9605783664 ], [ -4.5244337894, 50.963871341599997 ], [ -4.5303875983, 50.969642548899998 ], [ -4.5323680763, 50.977766234299999 ], [ -4.5290854289, 50.981327103799998 ], [ -4.5317831052, 50.983942567299998 ], [ -4.5291256197, 50.985472493499998 ], [ -4.5180530304, 50.982033289900002 ], [ -4.5105713959, 50.983327680899997 ], [ -4.5026913015, 50.9822557058 ], [ -4.4994314477, 50.980454787299998 ], [ -4.4973433462, 50.980040772800002 ], [ -4.5006052862, 50.982678157700001 ], [ -4.5001653807, 50.989073341400001 ], [ -4.5015235682, 50.991274765599996 ], [ -4.5179190934, 50.991929638599998 ], [ -4.5222490406, 50.995038054600002 ], [ -4.5275148629, 50.995949494599998 ], [ -4.5312053076, 51.0009062142 ], [ -4.5304419187, 51.003882446699997 ], [ -4.5263254928, 51.003961953900003 ], [ -4.5235749606, 51.001611033099998 ], [ -4.5199151892, 51.001150437200003 ], [ -4.5056166278, 51.001116395499999 ], [ -4.4824095065, 51.003752690900001 ], [ -4.4765988707, 51.006259489500003 ], [ -4.4570237654, 51.006798958700003 ], [ -4.4431884192, 50.9963055602 ], [ -4.4330230932, 50.993244048 ], [ -4.4331051328, 50.986640792800003 ], [ -4.4191714006, 50.985311448700003 ], [ -4.4084173729, 50.986487148899997 ], [ -4.4093639689, 50.982204506099997 ], [ -4.4037438514, 50.979874018099999 ], [ -4.3966645928, 50.982393955 ], [ -4.3662443582, 50.984336586 ], [ -4.354398768, 50.976634514499999 ], [ -4.3378375227, 50.978190499599997 ], [ -4.3353456334, 50.977080172199997 ], [ -4.3235253018, 50.978871957099997 ], [ -4.3247603908, 50.9873375102 ], [ -4.3201183545, 50.9885450787 ], [ -4.3156992144, 50.9890825007 ], [ -4.3058298568, 50.983737673199997 ], [ -4.297935542, 50.988624035 ], [ -4.2798757112, 50.990255195499998 ], [ -4.2774355319, 50.995132445899998 ], [ -4.2788622861, 51.003306874099998 ], [ -4.273308491, 51.009827635400001 ], [ -4.2750192281, 51.011575070100001 ], [ -4.2688267766, 51.012055294100001 ], [ -4.2667976633, 51.014298151 ], [ -4.265543612, 51.021328556500002 ], [ -4.2623938911, 51.023997778 ], [ -4.2572430128, 51.024232351400002 ], [ -4.2537542451, 51.029920757500001 ], [ -4.2577146775, 51.031589032600003 ], [ -4.2547461572, 51.032725615099999 ], [ -4.2538120388, 51.035225887800003 ], [ -4.2510829038, 51.035422417299998 ], [ -4.249794632, 51.037389862700003 ], [ -4.2447521355, 51.035472311500001 ], [ -4.2398070404, 51.037338979600001 ], [ -4.2201727249, 51.038100576200002 ], [ -4.2034896529, 51.020499894799997 ], [ -4.2107583165, 51.0183313685 ], [ -4.2107693983, 51.016766272 ], [ -4.2158659575, 51.013611852399997 ], [ -4.2223652681, 51.011185981600001 ], [ -4.2236530111, 51.007707914599997 ], [ -4.2389996383, 51.0069829754 ], [ -4.2442062163, 51.008825658600003 ], [ -4.2531353654, 51.008635726900003 ], [ -4.2600058423, 51.007153908399999 ], [ -4.2607335709, 51.001599713300003 ], [ -4.2444312168, 50.993999773699997 ], [ -4.2258047576, 50.991316475399998 ], [ -4.213184746, 50.992635604900002 ], [ -4.2123736208, 50.996554213800003 ], [ -4.1963236031, 50.998314176500003 ], [ -4.1909999601, 50.994223169400001 ], [ -4.2015434592, 50.988754587700001 ], [ -4.2049324344, 50.982691882499999 ], [ -4.2031836547, 50.979460204299997 ], [ -4.2096074265, 50.975228698 ], [ -4.2042550631, 50.972604808500002 ], [ -4.2030364993, 50.965819604399996 ], [ -4.1978400137, 50.966466175 ], [ -4.193246371, 50.969934178700001 ], [ -4.1906545675, 50.968130152100002 ], [ -4.1844271288, 50.967455403899997 ], [ -4.1740340824, 50.9696819706 ], [ -4.1679188324, 50.966827797800001 ], [ -4.166060712, 50.962401455299997 ], [ -4.1636908031, 50.961968735 ], [ -4.1617898082, 50.963047221099998 ], [ -4.1628559945, 50.968216785700001 ], [ -4.1691524258, 50.972210036600003 ], [ -4.1667734932, 50.974655513800002 ], [ -4.1551959845, 50.977504931299997 ], [ -4.1549473383, 50.981979331399998 ], [ -4.1629289001, 50.983270717 ], [ -4.1560197424, 50.989747969500002 ], [ -4.1517871952, 50.999287270700002 ], [ -4.152797503, 51.000482770399998 ], [ -4.160754317, 51.000254873499998 ], [ -4.1654259441, 51.0044672593 ], [ -4.1750954956, 51.005186907099997 ], [ -4.1800970904, 51.008493210300003 ], [ -4.1885571436, 51.009540104599999 ], [ -4.192262563, 51.014956688799998 ], [ -4.196001863, 51.016244465500002 ], [ -4.1985906452, 51.020332806399999 ], [ -4.1972935544, 51.0247460756 ], [ -4.1848935921, 51.027433958499998 ], [ -4.1814537739, 51.030106386699998 ], [ -4.1813920708, 51.0336509961 ], [ -4.1753893068, 51.034608343899997 ], [ -4.1743702893, 51.036605895400001 ], [ -4.1704401105, 51.036139381 ], [ -4.1692842025, 51.038265339100001 ], [ -4.1464171535, 51.037320773300003 ], [ -4.1441290111, 51.039665131699998 ], [ -4.1379557232, 51.041289191499999 ], [ -4.1323605837, 51.039358940699998 ], [ -4.1186645325, 51.039320373800003 ], [ -4.1108759516, 51.0346139042 ], [ -4.1035798241, 51.036337380699997 ], [ -4.0885671123, 51.035545558499997 ], [ -4.0846808429, 51.037305746500003 ], [ -4.079168316, 51.034292277699997 ], [ -4.0678408985, 51.033917782499998 ], [ -4.0639716127, 51.0322235111 ], [ -4.0436426655, 51.031142021699999 ], [ -4.0398798734, 51.034769172300003 ], [ -4.034278611, 51.031935019400002 ], [ -4.025715457, 51.032785324 ], [ -4.0242961719, 51.030327762900001 ], [ -4.0149692869, 51.029679631199997 ], [ -4.014908562, 51.032882310200002 ], [ -4.0120121894, 51.035162585 ], [ -4.0002786241, 51.038925460400002 ], [ -3.9992027521, 51.0414350183 ], [ -4.0034041735, 51.0432606372 ], [ -4.0048924293, 51.046670550899996 ], [ -4.035144289, 51.0481079845 ], [ -4.0369795783, 51.051565415399999 ], [ -4.0465527224, 51.052513275300001 ], [ -4.0475953047, 51.056092347499998 ], [ -4.0436217288, 51.059183688399997 ], [ -4.0318536326, 51.058327736199999 ], [ -4.0285236377, 51.062783329299997 ], [ -4.0393542719, 51.064042712700001 ], [ -4.0421208173, 51.066584468599999 ], [ -4.0469993058, 51.067812124 ], [ -4.0452902125, 51.0704860946 ], [ -4.0547032875, 51.073567522099999 ], [ -4.0542172774, 51.077380256600001 ], [ -4.0503286778, 51.0798407809 ], [ -4.0363693132, 51.079275496900003 ], [ -4.0354138467, 51.083527990100002 ], [ -4.0328994147, 51.084471082500002 ], [ -4.0477975218, 51.083950147300001 ], [ -4.0503385615, 51.085875124 ], [ -4.0486408205, 51.087523697 ], [ -4.0554618556, 51.088707944100001 ], [ -4.0570213073, 51.0907039903 ], [ -4.0640946207, 51.090804105899998 ], [ -4.0711606381, 51.088502693599999 ], [ -4.0720745811, 51.091058584599999 ], [ -4.079398221, 51.091324199500001 ], [ -4.0736378391, 51.094718120800003 ], [ -4.0725110497, 51.098263493899999 ], [ -4.0734463743, 51.100333353499998 ], [ -4.0843607534, 51.101641073400003 ], [ -4.1297933885, 51.099050219600002 ], [ -4.143093889, 51.101271251699998 ], [ -4.1506858402, 51.100502238799997 ], [ -4.1515944595, 51.099460263499999 ], [ -4.1490276977, 51.098320363100001 ], [ -4.1521889208, 51.099035619600002 ], [ -4.1559818969, 51.097670649599998 ], [ -4.1564139951, 51.0989757169 ], [ -4.162974044, 51.099672872399999 ], [ -4.1627725185, 51.1014752886 ], [ -4.1665414394, 51.100515134200002 ], [ -4.1679271576, 51.101739514 ], [ -4.1690797074, 51.097068527099999 ], [ -4.1678263036, 51.0936278223 ], [ -4.1709256209, 51.087670012700002 ], [ -4.1671782466, 51.084126239200003 ], [ -4.1669703759, 51.080621926299997 ], [ -4.1858727453, 51.076313355499998 ], [ -4.1895476212, 51.072296474700003 ], [ -4.1948388686, 51.070686283100002 ], [ -4.1961828447, 51.073143236100002 ], [ -4.1997945209, 51.073444023900002 ], [ -4.1989801103, 51.074934291 ], [ -4.2017917349, 51.077624360400002 ], [ -4.2098145062, 51.078505598100001 ], [ -4.2078918726, 51.082203859700002 ], [ -4.2093719433, 51.083300071399997 ], [ -4.2075149689, 51.083883774299998 ], [ -4.2090982412, 51.0853467735 ], [ -4.2077552069, 51.087728456400001 ], [ -4.2087006141, 51.090786368 ], [ -4.2125381516, 51.092197695700001 ], [ -4.21080476, 51.095378229600001 ], [ -4.2121735206, 51.097124044600001 ], [ -4.2091463796, 51.099537607199998 ], [ -4.2106116841, 51.103305149900002 ], [ -4.2090089488, 51.103245522500004 ], [ -4.2073765518, 51.107359408800001 ], [ -4.2114929312, 51.110393329 ], [ -4.2105928547, 51.1145833307 ], [ -4.2154252067, 51.116137633699999 ], [ -4.2142843791, 51.124550161499997 ], [ -4.2015151496, 51.124701442700001 ], [ -4.1758008918, 51.128564480199998 ], [ -4.1799142225, 51.132750716 ], [ -4.1773842927, 51.136701008099998 ], [ -4.1808798501, 51.138074787599997 ], [ -4.1826031323, 51.146118697699997 ], [ -4.1935660204, 51.148755416299998 ], [ -4.195455886, 51.152722004899999 ], [ -4.1944645128, 51.154431377800002 ], [ -4.1993844478, 51.1568480818 ], [ -4.1994810582, 51.1588787731 ], [ -4.1910414847, 51.164882945199999 ], [ -4.1814666902, 51.165673535400003 ], [ -4.168724997, 51.162996729900001 ], [ -4.1687100988, 51.167556636 ], [ -4.1656263977, 51.171654026200002 ], [ -4.1431936459, 51.178720189899998 ], [ -4.1331997512, 51.1779496483 ], [ -4.1292487195, 51.1797663583 ], [ -4.1005438581, 51.175932789400001 ], [ -4.0868200988, 51.182509752400001 ], [ -4.082735876, 51.182690485199998 ], [ -4.0848896331, 51.187292608100002 ], [ -4.0835197894, 51.194358707699998 ], [ -4.0804686804, 51.196526428299997 ], [ -4.0778934385, 51.2029124134 ], [ -4.0747453712, 51.202941321300003 ], [ -4.0753717467, 51.204773811 ], [ -4.0691945777, 51.209406825199999 ], [ -4.0684384468, 51.215535551800002 ], [ -4.056593131, 51.209035531 ], [ -4.0526851446, 51.202611123300002 ], [ -4.0501134863, 51.202080667600001 ], [ -4.0491489186, 51.198410376600002 ], [ -4.0466927515, 51.1978958097 ], [ -4.0485171808, 51.193205408799997 ], [ -4.0470097039, 51.190839622299997 ], [ -4.0424104678, 51.188455909 ], [ -4.0320704049, 51.187305051599999 ], [ -4.0309477877, 51.187810183700002 ], [ -4.0326466993, 51.189669229 ], [ -4.0340239404, 51.196893761399998 ], [ -4.0360818271, 51.197469486700001 ], [ -4.0396921588, 51.206615557100001 ], [ -4.0369143159, 51.209200030600002 ], [ -4.0282660601, 51.209835948 ], [ -4.026524211, 51.213859083400003 ], [ -4.0046495641, 51.214613733100002 ], [ -4.0029064796, 51.212062577899999 ], [ -4.0033803738, 51.204509257300003 ], [ -3.9831740371, 51.200348076499999 ], [ -3.9779283939, 51.204537755899999 ], [ -3.9768270828, 51.2115799563 ], [ -3.9589193471, 51.212007137500002 ], [ -3.9513489569, 51.215820816 ], [ -3.9490199205, 51.218989215800001 ], [ -3.9285185562, 51.229383161800001 ], [ -3.9159234659, 51.227539717399999 ], [ -3.9074403058, 51.2156637426 ], [ -3.9018877322, 51.214351250699998 ], [ -3.8989453138, 51.212438588200001 ], [ -3.8980652482, 51.209143459700002 ], [ -3.889728963, 51.2045031619 ], [ -3.8824328846, 51.2046208123 ], [ -3.8767274509, 51.208300693200002 ], [ -3.8617258428, 51.211903781700002 ], [ -3.8588079347, 51.214108487700003 ], [ -3.8554346099, 51.221374358699997 ], [ -3.8521076074, 51.222686086899998 ], [ -3.8517910547, 51.2262163145 ], [ -3.843197884, 51.229085858200001 ], [ -3.8418305466, 51.232146986099998 ], [ -3.8355701521, 51.233428680599999 ], [ -3.8308198381, 51.232074567200002 ], [ -3.8311512411, 51.231307082299999 ], [ -3.8301343465, 51.230492511199998 ], [ -3.829860011, 51.232016649800002 ], [ -3.8274231902, 51.232706596699998 ], [ -3.8097328134, 51.2281874504 ], [ -3.7938410837, 51.235599474899999 ], [ -3.7846184216, 51.231343040600002 ], [ -3.7608729664, 51.229922270400003 ], [ -3.758428685, 51.227423066299998 ], [ -3.7471465186, 51.223743186599997 ], [ -3.740241164, 51.228031544799997 ], [ -3.7183053967, 51.219943758500001 ], [ -3.7021375507, 51.217985887499999 ], [ -3.6968438784, 51.214213895500002 ], [ -3.688905466, 51.216001425800002 ], [ -3.679721363, 51.215054530800003 ], [ -3.6781468779, 51.213494407100001 ], [ -3.6725963291, 51.212836497399998 ], [ -3.6701225824, 51.208573316600003 ], [ -3.6650840417, 51.207008469199998 ], [ -3.6609073793, 51.203129032500001 ], [ -3.652822374, 51.200806515899998 ], [ -3.6485539489, 51.201127551399999 ], [ -3.6412748017, 51.205744257299997 ], [ -3.6371284669, 51.211539704300002 ], [ -3.625919182, 51.213602489899998 ], [ -3.6122689444, 51.218714523599999 ], [ -3.6067581944, 51.2172807074 ], [ -3.6028241732, 51.219081065200001 ], [ -3.6110745219, 51.219424760599999 ], [ -3.590745521, 51.222889862199999 ], [ -3.5796468685, 51.229577890800002 ], [ -3.5749603842, 51.22991085 ], [ -3.5562271121, 51.221025044500003 ], [ -3.5413682922, 51.221185785 ], [ -3.536838853, 51.218907299599998 ], [ -3.5365818927, 51.217211074799998 ], [ -3.5401452212, 51.213288406799997 ], [ -3.5400354365, 51.209998558499997 ], [ -3.5255831322, 51.205026176700002 ], [ -3.5240607683, 51.198805153199999 ], [ -3.5184289622, 51.196423415200002 ], [ -3.5163510581, 51.191549398799999 ], [ -3.5096595495, 51.186914827099997 ], [ -3.4920157997, 51.186018083 ], [ -3.4853140848, 51.192118134300003 ], [ -3.4794531682, 51.201391900700003 ], [ -3.467302615, 51.206487211300001 ], [ -3.4523761674, 51.208830515800003 ], [ -3.4431540955, 51.207145376900002 ], [ -3.4374596606, 51.202184107900003 ], [ -3.4293556265, 51.191063786599997 ], [ -3.4320815712, 51.186935103499998 ], [ -3.4417353094, 51.179651553200003 ], [ -3.4387569976, 51.178654084800002 ], [ -3.4452457245, 51.173870965100001 ], [ -3.444672486, 51.172007591400003 ], [ -3.4472313607, 51.168756608300001 ], [ -3.4299930456, 51.162206249400001 ], [ -3.4210769307, 51.1610739646 ], [ -3.415793075, 51.1650588161 ], [ -3.4118585733, 51.165484071599998 ], [ -3.4128742021, 51.166892630100001 ], [ -3.4059005945, 51.170861457 ], [ -3.406965561, 51.172952905800003 ], [ -3.3970231288, 51.1821635453 ], [ -3.3859329331, 51.182963368099998 ], [ -3.3817937858, 51.180770772599999 ], [ -3.3692978154, 51.181061618900003 ], [ -3.3654520889, 51.178255946599997 ], [ -3.3509518208, 51.177012526399999 ], [ -3.3413368245, 51.181403617800001 ], [ -3.3310115929, 51.181071953100002 ], [ -3.3299402577, 51.1806345165 ], [ -3.3309667478, 51.178024004100003 ], [ -3.3279188245, 51.177006540199997 ], [ -3.3107698189, 51.176642462 ], [ -3.3031420775, 51.179591479599999 ], [ -3.3021360962, 51.178924072800001 ], [ -3.3059120272, 51.174331787200003 ], [ -3.30446403, 51.173205903800003 ], [ -3.2914351296, 51.1748432483 ], [ -3.2829675504, 51.170763946900003 ], [ -3.2781153367, 51.1701336502 ], [ -3.2689717427, 51.162193972200001 ], [ -3.2532528542, 51.161077556599999 ], [ -3.2544110192, 51.167395827199996 ], [ -3.2516951133, 51.172739453799998 ], [ -3.246681247, 51.176713703099999 ], [ -3.2459327012, 51.179725146199999 ], [ -3.247785868, 51.182654900899998 ], [ -3.2461950373, 51.186268823799999 ], [ -3.2394411068, 51.187329752300002 ], [ -3.2262499902, 51.192935668799997 ], [ -3.2134213187, 51.195282066200001 ], [ -3.2089452544, 51.194321268700001 ], [ -3.2081781414, 51.192350874299997 ], [ -3.2107939596, 51.190597291400003 ], [ -3.2104966032, 51.186895511300001 ], [ -3.2026322689, 51.182714251699998 ], [ -3.1997819002, 51.178184379900003 ], [ -3.1895600449, 51.179574711400001 ], [ -3.1875747716, 51.181375375499996 ], [ -3.1879857862, 51.188457183600001 ], [ -3.1771333815, 51.191597325300002 ], [ -3.1692645462, 51.197889953299999 ], [ -3.131580373, 51.196731875399998 ], [ -3.1153540767, 51.200430682899999 ], [ -3.1101331986, 51.205929670099998 ], [ -3.1023133615, 51.208161762300001 ], [ -3.1041381146, 51.2030549256 ], [ -3.1093679232, 51.199102793900003 ], [ -3.1096047298, 51.193471372099999 ], [ -3.1119377672, 51.192891694799997 ], [ -3.1123846463, 51.190648352799997 ], [ -3.0887274878, 51.192966154899999 ], [ -3.0841888549, 51.196533284600001 ], [ -3.0846831086, 51.198686848599998 ], [ -3.0799668845, 51.198982269200002 ], [ -3.0786987148, 51.201062192199998 ], [ -3.0677537216, 51.201881988700002 ], [ -3.0609063508, 51.1985272318 ], [ -3.0564099685, 51.1990535069 ], [ -3.0541242534, 51.196105737 ], [ -3.0599468582, 51.193508576299998 ], [ -3.0562475677, 51.194450442200001 ], [ -3.0572951878, 51.193148897199997 ], [ -3.0577629846, 51.191085294799997 ], [ -3.0595058621, 51.192362950800003 ], [ -3.0610959446, 51.191402244700001 ], [ -3.0585725781, 51.189718393500002 ], [ -3.0548173453, 51.1901230068 ], [ -3.0575428942, 51.191190902800003 ], [ -3.0536388958, 51.195958176700003 ], [ -3.0481175115, 51.193768718199998 ], [ -3.050316849, 51.191680770399998 ], [ -3.0530115581, 51.191872356799998 ], [ -3.0578848955, 51.184715495699997 ], [ -3.0598497321, 51.1842930555 ], [ -3.0585249595, 51.182137153699998 ], [ -3.0616121926, 51.181291633800001 ], [ -3.0614561451, 51.178235672299998 ], [ -3.070451406, 51.178090733200001 ], [ -3.0563614819, 51.1731561928 ], [ -3.0602842628, 51.169559744399997 ], [ -3.0664703463, 51.168622250600002 ], [ -3.0646287916, 51.165671567700002 ], [ -3.0722298055, 51.162868459599999 ], [ -3.0738702395, 51.160839126299997 ], [ -3.0733663793, 51.158847456 ], [ -3.0790759945, 51.1583992467 ], [ -3.0773252657, 51.153838282300001 ], [ -3.0539994765, 51.154887151099999 ], [ -3.050476935, 51.157184912 ], [ -3.0464265364, 51.156393934500002 ], [ -3.0452811699, 51.160126994599999 ], [ -3.0309517928, 51.162682120299998 ], [ -3.0318363179, 51.157458785700001 ], [ -3.0363448157, 51.153174547200003 ], [ -3.0389530677, 51.153439156200001 ], [ -3.0402637297, 51.1481400208 ], [ -3.0381491026, 51.1456499564 ], [ -3.0313039031, 51.145126030599997 ], [ -3.0295578716, 51.141184795500003 ], [ -3.0405405353, 51.133749825300001 ], [ -3.0437240628, 51.1285148698 ], [ -3.0201250544, 51.122455511200002 ], [ -3.0062067306, 51.127545792200003 ], [ -3.0005881726, 51.127239591 ], [ -3.0189340104, 51.118329416800002 ], [ -3.0377063441, 51.120808043700002 ], [ -3.050894758, 51.113891998200003 ], [ -3.0716741621, 51.1092611061 ], [ -3.0888078561, 51.095542201800001 ], [ -3.0911518327, 51.090772337300002 ], [ -3.0953755753, 51.088835414599998 ], [ -3.0864329331, 51.088046625700002 ], [ -3.0811224844, 51.089930325600001 ], [ -3.0746268578, 51.088137788899999 ], [ -3.0712593933, 51.088852127400003 ], [ -3.0655835971, 51.085432934899998 ], [ -3.057806098, 51.086222980599999 ], [ -3.0420811879, 51.092982659599997 ], [ -3.0155722347, 51.093377864399997 ], [ -3.0027450818, 51.097822941499999 ], [ -2.9995113744, 51.096214026399998 ], [ -2.994104919, 51.101151982600001 ], [ -2.9838018244, 51.104926020400001 ], [ -2.9768309644, 51.105577977199999 ], [ -2.9676254335, 51.102241184199997 ], [ -2.9667825062, 51.099079119 ], [ -2.9622112912, 51.096275255599998 ], [ -2.9641642765, 51.096106282800001 ], [ -2.9558409236, 51.0926022011 ], [ -2.956079989, 51.090230039 ], [ -2.9480052718, 51.089638075899998 ], [ -2.9362272934, 51.0822573031 ], [ -2.9351625445, 51.077757812599998 ], [ -2.9475450437, 51.0745380372 ], [ -2.9461998858, 51.068537405800001 ], [ -2.9421514021, 51.066996141099999 ], [ -2.9505414824, 51.056683045900002 ], [ -2.9623147578, 51.051726112899999 ], [ -2.972659061, 51.049716080099998 ], [ -2.9754754833, 51.047282628300003 ], [ -2.9796470085, 51.046888028799998 ], [ -2.983581965, 51.048797336500002 ], [ -2.9868717505, 51.0471869267 ], [ -2.9919343371, 51.047773527499999 ], [ -2.9913801864, 51.050233167400002 ], [ -3.0023838253, 51.054698454499999 ], [ -3.0055037186, 51.059086935499998 ], [ -3.0151919786, 51.0577532163 ], [ -3.0196393578, 51.059494996399998 ], [ -3.022767739, 51.057057680699998 ], [ -3.0291530931, 51.058026755 ], [ -3.031311337, 51.056263190400003 ], [ -3.0357923309, 51.055926794599998 ], [ -3.0302078843, 51.051849874699997 ], [ -3.0255106439, 51.052244281 ], [ -3.0230952887, 51.047872072300002 ], [ -3.0242847821, 51.044375824 ], [ -3.0189742217, 51.042546605799998 ], [ -3.0197649839, 51.038707147799997 ], [ -2.9995825293, 51.030184024 ], [ -2.9969240058, 51.029986648200001 ], [ -2.9849662186, 51.037991780699997 ], [ -2.9771461457, 51.038345952299998 ], [ -2.9769532192, 51.036693293699997 ], [ -2.9836273075, 51.035522372400003 ], [ -2.9969603702, 51.0277798272 ], [ -2.996471384, 51.023745014299998 ], [ -2.98304948, 51.016905547500002 ], [ -2.976266624, 51.021809386199998 ], [ -2.9678021868, 51.024775393399999 ], [ -2.968946805, 51.026330594 ], [ -2.9656403463, 51.0264119267 ], [ -2.9635124625, 51.028317912799999 ], [ -2.9657773672, 51.030259566399998 ], [ -2.9516697588, 51.036328338799997 ], [ -2.9502645467, 51.038749749899999 ], [ -2.945196546, 51.040625317100002 ], [ -2.9438285303, 51.043495968899997 ], [ -2.9385633248, 51.042711080300002 ], [ -2.9386505211, 51.041379501100003 ], [ -2.935320471, 51.040345101500002 ], [ -2.9231712836, 51.046970224299997 ], [ -2.9062008343, 51.050178479400003 ], [ -2.9040969956, 51.052766601400002 ], [ -2.8960800155, 51.051353607899998 ], [ -2.8913681702, 51.053385957899998 ], [ -2.8851376094, 51.046131507299997 ], [ -2.8820429628, 51.045678305300001 ], [ -2.8808886403, 51.047731912300002 ], [ -2.8916391974, 51.055290832099999 ], [ -2.8915078891, 51.062584091200002 ], [ -2.8880988997, 51.066701575099998 ], [ -2.8893082251, 51.067249904299999 ], [ -2.8878727033, 51.069796664899997 ], [ -2.8886850471, 51.0734593699 ], [ -2.8911331565, 51.074582755800002 ], [ -2.893610543, 51.0727743602 ], [ -2.9172328798, 51.0705950324 ], [ -2.9322448565, 51.080385830099999 ], [ -2.9311412267, 51.083721801300001 ], [ -2.9376202408, 51.085000871 ], [ -2.9390763698, 51.087812780100002 ], [ -2.9415709518, 51.088314266399998 ], [ -2.9425182484, 51.089961224200003 ], [ -2.9408015189, 51.091207007800001 ], [ -2.9540734767, 51.09360829 ], [ -2.961766593, 51.098931659599998 ], [ -2.9601784509, 51.100860086600001 ], [ -2.9642488024, 51.102229385800001 ], [ -2.9633747322, 51.105527790799997 ], [ -2.966736831, 51.105104370200003 ], [ -2.9712592313, 51.108250170300003 ], [ -2.9683776673, 51.112536445 ], [ -2.97390047, 51.112940180599999 ], [ -2.9779572977, 51.116305414899998 ], [ -2.9699537844, 51.1236738622 ], [ -2.9681217342, 51.134461833499998 ], [ -2.9727364748, 51.143217996499999 ], [ -2.9801602336, 51.150853399100001 ], [ -2.9818972636, 51.15993901 ], [ -2.9843332411, 51.162184582800002 ], [ -2.9863689392, 51.160404945099998 ], [ -2.9889697509, 51.162990737599998 ], [ -2.9888968984, 51.164933684399998 ], [ -2.9832398429, 51.167256416400001 ], [ -2.9828990104, 51.169390456499997 ], [ -2.9859885309, 51.170731272899999 ], [ -2.991523207, 51.168022770599997 ], [ -2.9962876978, 51.170751895899997 ], [ -2.9958239278, 51.171798948 ], [ -2.9979031413, 51.172698435900003 ], [ -2.9958804952, 51.174424205699999 ], [ -2.9983615016, 51.179348792900001 ], [ -3.0144507992, 51.182357637199999 ], [ -3.0274428043, 51.182397099 ], [ -3.0287203956, 51.180659354200003 ], [ -3.0307744627, 51.185515076599998 ], [ -3.0258459858, 51.192959029400001 ], [ -3.0145672895, 51.199387934100002 ], [ -3.013377076, 51.202545530499997 ], [ -3.0142277509, 51.206063043500002 ], [ -3.0128571719, 51.206902268 ], [ -3.0054283332, 51.205617519900002 ], [ -3.0044212809, 51.204070517600002 ], [ -2.9982428839, 51.204977663699999 ], [ -2.9960883166, 51.2039709174 ], [ -2.9965159107, 51.2012336425 ], [ -2.9932855761, 51.200110113100003 ], [ -2.9870384439, 51.202473990599998 ], [ -2.9850236526, 51.205988941400001 ], [ -2.9802750833, 51.206847119400003 ], [ -2.9810098648, 51.2097634239 ], [ -2.9887050199, 51.209446859700002 ], [ -2.9891870172, 51.211897655199998 ], [ -2.9875577652, 51.213368155399998 ], [ -2.9887819414, 51.214373932900003 ], [ -2.9879288812, 51.215990741799999 ], [ -2.9827484923, 51.216115302399999 ], [ -2.9838052599, 51.217329357799997 ], [ -2.9806390303, 51.217913455500003 ], [ -2.9841287721, 51.219071120599999 ], [ -2.9833432696, 51.221181895599997 ], [ -2.9762971851, 51.219784172799997 ], [ -2.9714219186, 51.222180703399999 ], [ -2.970342483, 51.2362174294 ], [ -2.9655541524, 51.237390050499997 ], [ -2.9650023046, 51.239768528500001 ], [ -2.9628922272, 51.238877705100002 ], [ -2.9574753856, 51.241538866299997 ], [ -2.9546326307, 51.238468798600003 ], [ -2.9476261435, 51.2362957016 ], [ -2.9485458979, 51.237834896400003 ], [ -2.9448632185, 51.239869937 ], [ -2.9452989504, 51.244353488400002 ], [ -2.9372961609, 51.250271719700002 ], [ -2.9464675657, 51.253821732299997 ], [ -2.9489947816, 51.2568585824 ], [ -2.9579049509, 51.256696068700002 ], [ -2.9622404556, 51.259124339800003 ], [ -2.9700389909, 51.258556401100002 ], [ -2.9727951014, 51.2608085289 ], [ -2.9745543005, 51.259283217499998 ], [ -2.9755842872, 51.253780449899999 ], [ -2.9839117286, 51.255886827200001 ], [ -2.9887615062, 51.254838833599997 ], [ -2.9883310337, 51.253475665700002 ], [ -2.992512336, 51.252010528500001 ], [ -2.9948002299, 51.254445955400001 ], [ -3.0055231536, 51.255954913700002 ], [ -3.0087337811, 51.257294088800002 ], [ -3.0103878562, 51.262144565900002 ], [ -3.0136134975, 51.264139903599997 ], [ -3.0137999216, 51.273912728699997 ], [ -3.0179295396, 51.276547545699998 ], [ -3.0149512626, 51.280619859200002 ], [ -3.0115360691, 51.293544089900003 ], [ -3.0103712516, 51.312734238399997 ], [ -3.0045928339, 51.313170620100003 ], [ -3.0046019004, 51.310958496799998 ], [ -3.0000841062, 51.311033143 ], [ -3.0016712741, 51.313420452899997 ], [ -2.9984379837, 51.313852712399999 ], [ -2.9983132648, 51.31207335 ], [ -2.9936533316, 51.309559249099998 ], [ -2.9973123512, 51.3069384251 ], [ -2.9973544175, 51.302262194599997 ], [ -2.9931211362, 51.300194039300003 ], [ -2.9915939709, 51.301214095900001 ], [ -2.9924176838, 51.303491099799999 ], [ -2.9907016298, 51.303739427799997 ], [ -2.9885849185, 51.301365433 ], [ -2.9893598283, 51.300046045599998 ], [ -2.9843742109, 51.301670675899999 ], [ -2.9819959429, 51.299118920300003 ], [ -2.9740129043, 51.297387200499998 ], [ -2.9669230183, 51.298543005600003 ], [ -2.9677612549, 51.2995252049 ], [ -2.9646406854, 51.300513109299999 ], [ -2.9631497382, 51.3074042979 ], [ -2.9591944236, 51.308983400300001 ], [ -2.9598988794, 51.314552684799999 ], [ -2.9522979151, 51.317501181899999 ], [ -2.9678085272, 51.3167715453 ], [ -2.9674801915, 51.319579770300003 ], [ -2.9698532775, 51.318472102699999 ], [ -2.9797105435, 51.319100407699999 ], [ -2.9888278037, 51.323339940099999 ], [ -2.9844411173, 51.332944411600003 ], [ -2.9777654956, 51.333575831 ], [ -2.9775710586, 51.335231983299998 ], [ -2.9790399796, 51.3354535036 ], [ -2.9783729024, 51.338507367600002 ], [ -2.9752005302, 51.339873636299998 ], [ -2.9752252604, 51.342391188699999 ], [ -2.9780211542, 51.342889408 ], [ -2.976749838, 51.345219951899999 ], [ -2.9792115243, 51.345523106199998 ], [ -2.98237771, 51.350568070800001 ], [ -2.9806652206, 51.351067989900002 ], [ -2.9815329747, 51.358074463 ], [ -2.9552625298, 51.360036112499998 ], [ -2.9505987069, 51.3630054331 ], [ -2.9368652169, 51.365022379199999 ], [ -2.9332630646, 51.369421214299997 ], [ -2.9224748043, 51.369434738300001 ], [ -2.9228910189, 51.365843681800001 ], [ -2.9201701471, 51.364111662900001 ], [ -2.915336296, 51.367332679299999 ], [ -2.9079720229, 51.368307172500003 ], [ -2.9072816108, 51.366082527099998 ], [ -2.9105327623, 51.364151011300002 ], [ -2.9097582278, 51.359858889500003 ], [ -2.9131515945, 51.357161878299998 ], [ -2.9082748701, 51.3545741541 ], [ -2.9032086218, 51.356924260600003 ], [ -2.9043351285, 51.352869197799997 ], [ -2.8976265824, 51.351284274699999 ], [ -2.8985235954, 51.349425057099999 ], [ -2.8944927377, 51.347423735500001 ], [ -2.8938152301, 51.343598341099998 ], [ -2.8897988228, 51.340823440299999 ], [ -2.8935899156, 51.334967787499998 ], [ -2.8928220868, 51.3294345961 ], [ -2.8848969148, 51.329314916400001 ], [ -2.8838377537, 51.324242445 ], [ -2.8658177896, 51.324529954 ], [ -2.8633255319, 51.323262506299997 ], [ -2.8488407633, 51.3269022466 ], [ -2.8437975389, 51.3265970044 ], [ -2.8356946841, 51.322195111900001 ], [ -2.8277300836, 51.322197735800003 ], [ -2.8257419499, 51.319370319400001 ], [ -2.8007976004, 51.3166481807 ], [ -2.7920753554, 51.311761947599997 ], [ -2.7908319669, 51.309540351400003 ], [ -2.7804760276, 51.309681783099997 ], [ -2.7742161371, 51.306845927200001 ], [ -2.7736146264, 51.302641674 ], [ -2.7582669388, 51.300961686100003 ], [ -2.7568466594, 51.310538295299999 ], [ -2.7412398794, 51.312490483700003 ], [ -2.7218306297, 51.308115805500002 ], [ -2.714215681, 51.313845395900003 ], [ -2.7076774253, 51.3132017155 ], [ -2.6956236882, 51.308355386800002 ], [ -2.6830152637, 51.300759532599997 ], [ -2.6824818689, 51.295745155600002 ], [ -2.6779230475, 51.293937295200003 ], [ -2.6763930356, 51.291320505599998 ], [ -2.665868012, 51.287442390599999 ], [ -2.6628554057, 51.281380946299997 ], [ -2.6540004811, 51.279776245199997 ], [ -2.6507435122, 51.280621656699999 ], [ -2.6415152112, 51.277903088499997 ], [ -2.6431563119, 51.2753044054 ], [ -2.6391410684, 51.269023054199998 ], [ -2.6403328209, 51.266076173800002 ], [ -2.6355968093, 51.261480130400003 ], [ -2.6290014737, 51.259177859300003 ], [ -2.6306472308, 51.255868953700002 ], [ -2.6328191654, 51.255416622200002 ], [ -2.6267068956, 51.250629826100003 ], [ -2.6329204724, 51.248186534 ], [ -2.6339746533, 51.245663074500001 ], [ -2.6323932188, 51.241085723499999 ], [ -2.6274723471, 51.236337463799998 ], [ -2.6160269972, 51.238439475900002 ], [ -2.6082406486, 51.236735769699997 ], [ -2.5855047608, 51.236438128300001 ], [ -2.5827436223, 51.234437712 ], [ -2.5701707803, 51.2323595724 ], [ -2.5666304278, 51.227476136600004 ], [ -2.5617603941, 51.2262317645 ], [ -2.5608334241, 51.223017082699997 ], [ -2.5557739259, 51.2202537143 ], [ -2.5292051318, 51.2158629535 ], [ -2.5186009598, 51.211216632 ], [ -2.5067161405, 51.209677131100001 ], [ -2.5087089921, 51.202160175499998 ], [ -2.5049249848, 51.201673021 ], [ -2.5037142846, 51.198279264900002 ], [ -2.4974719777, 51.195410558200003 ], [ -2.5050345652, 51.190756250299998 ], [ -2.5042107331, 51.186074962900001 ], [ -2.5053872792, 51.183758933599997 ], [ -2.4995583178, 51.179251997199998 ], [ -2.4883646704, 51.177303050900001 ], [ -2.4774465446, 51.179775987799999 ], [ -2.4654224062, 51.184770075 ], [ -2.463099917, 51.187162178900003 ], [ -2.4524889308, 51.181925408799998 ], [ -2.4538448471, 51.180139734699999 ], [ -2.4524215686, 51.177969181500004 ], [ -2.4455488564, 51.174380778600003 ], [ -2.4410375909, 51.169326378599997 ], [ -2.4342966246, 51.170394687700004 ], [ -2.4302165427, 51.168467493800001 ], [ -2.4314305841, 51.166754533300001 ], [ -2.4250913567, 51.161724230099999 ], [ -2.418853067, 51.161369081 ], [ -2.4152316835, 51.159403750800003 ], [ -2.4145933659, 51.15519774 ], [ -2.4063350144, 51.149399888799998 ], [ -2.3986195327, 51.146638917 ], [ -2.3897138141, 51.148413406099998 ], [ -2.3846494253, 51.144563598200001 ], [ -2.3851601332, 51.140659362699999 ], [ -2.3827166619, 51.139030833600003 ], [ -2.3788759172, 51.137802441799998 ], [ -2.3744350378, 51.140100736800001 ], [ -2.3651964256, 51.139500524200002 ], [ -2.3582410977, 51.134702304699999 ], [ -2.3536388254, 51.134680352899998 ], [ -2.3500723846, 51.131777660700003 ], [ -2.3457985339, 51.131673478899998 ], [ -2.3401326771, 51.136626757899997 ], [ -2.3329930087, 51.137564508700002 ], [ -2.3297697581, 51.142555244900002 ], [ -2.3307009305, 51.144836593500003 ], [ -2.3245967054, 51.142785536 ], [ -2.3209156091, 51.1396664691 ], [ -2.3129661062, 51.1393463303 ], [ -2.3106994568, 51.142373706199997 ], [ -2.3038792809, 51.144297952300001 ], [ -2.3003173662, 51.150529648 ], [ -2.2866857317, 51.149484838900001 ], [ -2.279045436, 51.153252997599999 ], [ -2.2760491639, 51.151920311200001 ], [ -2.2514243042, 51.151094669099997 ], [ -2.2483720653, 51.152467983599998 ], [ -2.2494141534, 51.154812680500001 ], [ -2.2470961135, 51.159844139400001 ], [ -2.2565415399, 51.166333996200002 ], [ -2.2519316445, 51.165480792899999 ], [ -2.2467079301, 51.167488161599998 ], [ -2.2491947235, 51.169802819799997 ], [ -2.246986861, 51.171506993 ], [ -2.246873771, 51.177109238500002 ], [ -2.2558570003, 51.182179377600001 ], [ -2.2553246326, 51.184221719500002 ], [ -2.2490042212, 51.190179044399997 ], [ -2.2431362117, 51.189957607 ], [ -2.2386809638, 51.191747197600002 ], [ -2.2387760334, 51.193527410599998 ], [ -2.2326759963, 51.1984493175 ], [ -2.2330754485, 51.203861670400002 ], [ -2.2254577219, 51.2091279005 ], [ -2.2247697515, 51.214830105 ], [ -2.2274273846, 51.219554712399997 ], [ -2.2253771929, 51.221941539200003 ], [ -2.2268578547, 51.223116615199999 ], [ -2.2241097215, 51.2263140417 ], [ -2.2244892792, 51.227796977 ], [ -2.2193666498, 51.231700182499999 ], [ -2.2146729292, 51.229487908 ], [ -2.2046529539, 51.230638857800002 ], [ -2.201427733, 51.226723993699999 ], [ -2.1790696561, 51.233198579800003 ], [ -2.1723976045, 51.233820060200003 ], [ -2.1669307053, 51.231094463700003 ], [ -2.1541688906, 51.230833249 ], [ -2.1393160697, 51.235239932100001 ], [ -2.138940805, 51.239052944100003 ], [ -2.1410029178, 51.243528424600001 ], [ -2.1402539224, 51.246901274800003 ], [ -2.1431826512, 51.248839964200002 ], [ -2.1428743133, 51.251052338199997 ], [ -2.1476417702, 51.254319446099998 ], [ -2.1462655132, 51.258610277599999 ], [ -2.1425443106, 51.260143489 ], [ -2.1328119255, 51.259606463899999 ], [ -2.1283895899, 51.256590148100003 ], [ -2.1078701518, 51.2570425081 ], [ -2.1052958054, 51.2592568504 ], [ -2.1034261966, 51.269059617300002 ], [ -2.0889777855, 51.269107489 ], [ -2.0810914625, 51.2756682594 ], [ -2.0782964934, 51.276002875 ], [ -2.0711421715, 51.275575849699997 ], [ -2.0613025458, 51.271634020500002 ], [ -2.0564685128, 51.269019853099998 ], [ -2.0552611353, 51.266250950200003 ], [ -2.0496669005, 51.262207146800002 ], [ -2.0429592296, 51.261742240099998 ], [ -2.0271762786, 51.255102025799999 ], [ -2.0138787496, 51.2560125734 ], [ -2.008133065, 51.259052368 ], [ -1.9947192228, 51.261732128299997 ], [ -1.9856333121, 51.260778252199998 ], [ -1.9816195506, 51.263349363800003 ], [ -1.9787216962, 51.269445336700002 ], [ -1.9595316715, 51.282280625399999 ], [ -1.9510316864, 51.293553106700003 ], [ -1.943151389, 51.2991514319 ], [ -1.9356085319, 51.297924673799997 ], [ -1.9293820655, 51.299054051900001 ], [ -1.9287191394, 51.310356313600003 ], [ -1.9379088981, 51.315172113599999 ], [ -1.9362220281, 51.321060804600002 ], [ -1.9332355075, 51.322246056799997 ], [ -1.9322560393, 51.324727216299998 ], [ -1.9385351004, 51.329802001799997 ], [ -1.9500712751, 51.332990531500002 ], [ -1.9507249902, 51.339141141699997 ], [ -1.9627511791, 51.343947128099998 ], [ -1.9626854996, 51.354179658900001 ], [ -1.9787975024, 51.354920964400002 ], [ -1.9884030396, 51.361845882700003 ], [ -1.9804878337, 51.364991936 ], [ -1.9828136254, 51.368076437799999 ], [ -1.9810032635, 51.3690742374 ], [ -1.9810013812, 51.373686959899999 ], [ -1.9838594761, 51.376223018399997 ], [ -1.9537398817, 51.384681927599999 ], [ -1.9432204674, 51.391121160600001 ], [ -1.9301554618, 51.391741009100002 ], [ -1.9275320761, 51.390219836199996 ], [ -1.9280517875, 51.388727543599998 ], [ -1.9209026685, 51.384227132299998 ], [ -1.9136566993, 51.386146245699997 ], [ -1.9103829539, 51.384759082400002 ], [ -1.8983987174, 51.384623449199999 ], [ -1.8940070049, 51.382245774600001 ], [ -1.8864896873, 51.383155899499997 ], [ -1.8835342335, 51.381318709699997 ], [ -1.8588349395, 51.381057832499998 ], [ -1.852404327, 51.378999826799998 ], [ -1.8506331416, 51.375778572400002 ], [ -1.8442083896, 51.3723174219 ], [ -1.8282218694, 51.371539812899996 ], [ -1.8212000161, 51.374453901099997 ], [ -1.8071588034, 51.375625274900003 ], [ -1.8009064657, 51.379553182199999 ], [ -1.7905613482, 51.379535173 ], [ -1.7792777616, 51.374488135500002 ], [ -1.7625421152, 51.376946159 ], [ -1.7473916374, 51.373012125800003 ], [ -1.7456789832, 51.373565909200003 ], [ -1.746617639, 51.375294342499998 ], [ -1.7450504539, 51.378096349 ], [ -1.7366915815, 51.380038068200001 ], [ -1.7216453574, 51.380434928699998 ], [ -1.7074529109, 51.378664996399998 ], [ -1.7017092598, 51.379270955499997 ], [ -1.6985062786, 51.381285892900003 ], [ -1.6912582869, 51.377913141800001 ], [ -1.6850033937, 51.380719896800002 ], [ -1.6817591128, 51.380279538 ], [ -1.6752754432, 51.378733179699999 ], [ -1.6721975319, 51.375145926199998 ], [ -1.660192684, 51.372405245400003 ], [ -1.6609630991, 51.367284697400002 ], [ -1.6727467018, 51.358557770700003 ], [ -1.6710416608, 51.355990360600003 ], [ -1.6680901085, 51.355046904200002 ], [ -1.6648448124, 51.3451737356 ], [ -1.6558458967, 51.3454859422 ], [ -1.6539377391, 51.342633364299999 ], [ -1.6486594939, 51.341970259699998 ], [ -1.6417745504, 51.3371298466 ], [ -1.6336736331, 51.338057938399999 ], [ -1.6287472877, 51.333025039399999 ], [ -1.6203343214, 51.329743073499998 ], [ -1.5940769657, 51.312534718400002 ], [ -1.5931382388, 51.303494684 ], [ -1.6010476689, 51.299538512700003 ], [ -1.6049336988, 51.294642142199997 ], [ -1.6046267796, 51.290298052899999 ], [ -1.6059021687, 51.288728778100001 ], [ -1.611707727, 51.287282489500001 ], [ -1.6118466243, 51.285960743899999 ], [ -1.6272064593, 51.278709647100001 ], [ -1.6385026254, 51.275220237500001 ], [ -1.6404710517, 51.269138808699999 ], [ -1.6476582312, 51.262740452499997 ], [ -1.6481418212, 51.255710261700003 ], [ -1.6460640774, 51.253833692299999 ], [ -1.6506894676, 51.2396224031 ], [ -1.6508268263, 51.230325178699999 ], [ -1.6537881218, 51.228922237799999 ], [ -1.6560256899, 51.224172103800001 ], [ -1.659400086, 51.221430435199998 ], [ -1.6587658585, 51.2142440342 ], [ -1.6487167675, 51.206535201900003 ], [ -1.6512194451, 51.2030538032 ], [ -1.6492991892, 51.201465483600003 ], [ -1.6498757316, 51.198669878300002 ], [ -1.6430706963, 51.1962133412 ], [ -1.6475461301, 51.194860117300003 ], [ -1.6477279279, 51.193538844400003 ], [ -1.6473417161, 51.191640375200002 ], [ -1.641570966, 51.188448684500003 ], [ -1.6437309933, 51.184813522600002 ], [ -1.6321829101, 51.179634395299999 ], [ -1.6266653792, 51.179059428 ], [ -1.6260292603, 51.169265101199997 ], [ -1.6240932296, 51.166381445200003 ], [ -1.6421421954, 51.1608539713 ], [ -1.6431678282, 51.153951222800004 ], [ -1.6415662733, 51.150277578199997 ], [ -1.6428395042, 51.148321204600002 ], [ -1.6526130786, 51.141390771899999 ], [ -1.6568752214, 51.141061645100002 ], [ -1.6627035998, 51.129784557100002 ], [ -1.6694270311, 51.1288325955 ], [ -1.6875637377, 51.121681795900002 ], [ -1.6907900448, 51.118298316699999 ], [ -1.7009244494, 51.115339279399997 ], [ -1.7112490262, 51.109160664900003 ], [ -1.7097633788, 51.104606989899999 ], [ -1.7124851886, 51.100081688300001 ], [ -1.7175965639, 51.098907175299999 ], [ -1.7173638793, 51.0949051248 ], [ -1.7292903063, 51.084655326899998 ], [ -1.7275671114, 51.083922965799999 ], [ -1.7269880195, 51.080432669499999 ], [ -1.7243841263, 51.078996816199997 ], [ -1.7385220282, 51.070396804300003 ], [ -1.7366713285, 51.069565376699998 ], [ -1.7374303854, 51.067489895599998 ], [ -1.7357565901, 51.064779489400003 ], [ -1.7288572291, 51.063468834799998 ], [ -1.7343784905, 51.061206481900001 ], [ -1.7347132087, 51.057565414400003 ], [ -1.7379524937, 51.054973976900001 ], [ -1.7365937719, 51.053037608799997 ], [ -1.743677293, 51.051758467799999 ], [ -1.7402124487, 51.048855344700002 ], [ -1.7409920099, 51.047202511599998 ], [ -1.7384845896, 51.046621433299997 ], [ -1.7342056815, 51.041522212099999 ], [ -1.7219834365, 51.038868084199997 ], [ -1.7219415491, 51.036332184 ], [ -1.7241015807, 51.035240249499999 ], [ -1.7224824874, 51.034112394099999 ], [ -1.7239364649, 51.031822821399999 ], [ -1.7183688202, 51.028356539900003 ], [ -1.7100730066, 51.027598910499997 ], [ -1.7056782559, 51.021302362500002 ], [ -1.706485313, 51.0174467314 ], [ -1.7030307362, 51.013913053899998 ], [ -1.707363896, 51.006079351300002 ], [ -1.7100472656, 51.004272986300002 ], [ -1.7127250962, 50.995287334099999 ], [ -1.7173789411, 50.993877895300002 ], [ -1.7186474404, 50.991462033300003 ], [ -1.7162045638, 50.987841235600001 ], [ -1.7186932182, 50.983881652699999 ], [ -1.7175319076, 50.97805185 ], [ -1.7185733232, 50.975428610900003 ], [ -1.7110170868, 50.972011090099997 ], [ -1.7027578963, 50.962872180300003 ], [ -1.698437202, 50.961620175 ], [ -1.6985070654, 50.959624059399999 ], [ -1.6918347956, 50.954472793800001 ], [ -1.6647387949, 50.946996769599998 ], [ -1.6633068857, 50.944223009 ], [ -1.6555380504, 50.9419163126 ], [ -1.6549461268, 50.939198873199999 ], [ -1.6521270948, 50.937436996899997 ], [ -1.6557114657, 50.931917310499998 ], [ -1.6553000492, 50.929820873899999 ], [ -1.6577052371, 50.927822642400002 ], [ -1.6534672011, 50.921785252399999 ], [ -1.6516055295, 50.921509945300002 ], [ -1.651131769, 50.918280254899997 ], [ -1.6549042075, 50.9140740279 ], [ -1.6637369778, 50.912193389400002 ], [ -1.6668465927, 50.9089740151 ], [ -1.6716459891, 50.908079373699998 ], [ -1.6815241041, 50.90280119 ], [ -1.6829228625, 50.8936686925 ], [ -1.6857300964, 50.892750049100002 ], [ -1.6855130954, 50.889071567099997 ], [ -1.6907299695, 50.882736829300001 ], [ -1.6895653088, 50.880449659 ], [ -1.6929170188, 50.870063236900002 ], [ -1.6970988704, 50.869480651300002 ], [ -1.6997597282, 50.866735825100001 ], [ -1.701825549, 50.868125955799997 ], [ -1.7094619743, 50.867263934299999 ], [ -1.7143595301, 50.863427234500001 ], [ -1.7185687247, 50.862879916600001 ], [ -1.7234442773, 50.8601578476 ], [ -1.7243783697, 50.855951575299997 ], [ -1.7278649233, 50.852497642700001 ], [ -1.726355159, 50.848312608500002 ], [ -1.7242571535, 50.847588275699998 ], [ -1.7239291388, 50.8454023245 ], [ -1.719748598, 50.841435669399999 ], [ -1.7191769727, 50.832549695399997 ], [ -1.7134400669, 50.8279405826 ], [ -1.7153770784, 50.826947148400002 ], [ -1.7134934279, 50.823858105100001 ], [ -1.7146139304, 50.821702640200002 ], [ -1.7209553143, 50.820063336399997 ], [ -1.7217366748, 50.817574267300003 ], [ -1.7236999862, 50.816832547499999 ], [ -1.724101626, 50.811276103499999 ], [ -1.7270029147, 50.810293740699997 ], [ -1.7272089613, 50.806592050500001 ], [ -1.7308997378, 50.8014990633 ], [ -1.7201289787, 50.799162663799997 ], [ -1.7126469656, 50.799827927599999 ], [ -1.7052759133, 50.789576001599997 ], [ -1.6959206337, 50.788347005699997 ], [ -1.6925853185, 50.786413856899998 ], [ -1.6963581623, 50.784310469899999 ], [ -1.6944476509, 50.783622048200002 ], [ -1.6977954363, 50.779709987700002 ], [ -1.6971719978, 50.77469949 ], [ -1.7029393384, 50.773221533600001 ], [ -1.6999541153, 50.7698866319 ], [ -1.6898715929, 50.767738024300002 ], [ -1.6922783319, 50.7640034609 ], [ -1.6959439058, 50.762862009300001 ], [ -1.6953917983, 50.751799624599997 ], [ -1.7046150292, 50.752578710599998 ], [ -1.7237261367, 50.749747858699997 ], [ -1.723852957, 50.747464026300001 ], [ -1.7215035706, 50.746873922699997 ], [ -1.7228857159, 50.743235187499998 ], [ -1.7302729794, 50.740194987099997 ], [ -1.7330760488, 50.740714011900003 ], [ -1.7337094398, 50.738979875200002 ], [ -1.7381949695, 50.737659107500001 ], [ -1.7374650156, 50.736416480499997 ], [ -1.7424643086, 50.734368296699998 ], [ -1.7392909984, 50.731672444399997 ], [ -1.7436315643, 50.727721892200002 ], [ -1.7530559635, 50.735803031300001 ], [ -1.7433409874, 50.739900714900003 ], [ -1.7442888507, 50.742807422799999 ], [ -1.7471748489, 50.743775922499999 ], [ -1.7575628271, 50.741172102299998 ], [ -1.7588193211, 50.743939299600001 ], [ -1.766613132, 50.744016166500003 ], [ -1.7733548921, 50.740268591400003 ], [ -1.7744689339, 50.741430794599999 ], [ -1.7774351459, 50.740528235 ], [ -1.7795757523, 50.737366881299998 ], [ -1.7820889883, 50.7393499832 ], [ -1.7854990723, 50.737395898899997 ], [ -1.78376105, 50.739389062400001 ], [ -1.7855223077, 50.741631475 ], [ -1.7895162619, 50.739039872900001 ], [ -1.7923194842, 50.739656392900002 ], [ -1.791931198, 50.7377312737 ], [ -1.7951425666, 50.7357315896 ], [ -1.7941618222, 50.733175949299998 ], [ -1.797279049, 50.733199388300001 ], [ -1.7950700611, 50.729607458899999 ], [ -1.8033931308, 50.728146972499999 ], [ -1.803915026, 50.725306166 ], [ -1.8063692086, 50.724518906299998 ], [ -1.8239696061, 50.726992771299997 ], [ -1.8236817357, 50.728197354499997 ], [ -1.8270462033, 50.730252713200002 ], [ -1.8328724826, 50.729433870900003 ], [ -1.8338885482, 50.7305863813 ], [ -1.8443989438, 50.7271836436 ], [ -1.8485599931, 50.7285200269 ], [ -1.8488217642, 50.730831480200003 ], [ -1.8472451922, 50.732007467599999 ], [ -1.8509678322, 50.733235277600002 ], [ -1.8478034102, 50.734652037300002 ], [ -1.8493449509, 50.735589271599999 ], [ -1.8529193613, 50.734478737400003 ], [ -1.8597002509, 50.736681284600003 ], [ -1.8692153725, 50.734318262400002 ], [ -1.8715657393, 50.7350132973 ], [ -1.8716128193, 50.733322736399998 ], [ -1.8740823826, 50.731814657400001 ], [ -1.8743769026, 50.72764238 ], [ -1.8664866552, 50.727175004800003 ], [ -1.8667633268, 50.724531476499997 ], [ -1.8636096599, 50.722603406 ], [ -1.8646035339, 50.7218311922 ], [ -1.8634325658, 50.7201661844 ], [ -1.8654208777, 50.718378949 ], [ -1.8704907187, 50.718852298100003 ], [ -1.8761496012, 50.715544553500003 ], [ -1.8800743862, 50.715751060099997 ], [ -1.8865598061, 50.716530906099997 ], [ -1.8883662269, 50.719338360899997 ], [ -1.9006292281, 50.721381773 ], [ -1.9019144844, 50.723235348400003 ], [ -1.9081349356, 50.722574943399998 ], [ -1.9073389625, 50.723923215600003 ], [ -1.9094886265, 50.725849329699997 ], [ -1.9180040338, 50.725405975900003 ], [ -1.9234530408, 50.728736952799999 ], [ -1.9501175132, 50.729021126900001 ], [ -1.95051175, 50.731386362499997 ], [ -1.9527505322, 50.731324337499998 ], [ -1.9548439652, 50.735084090400001 ], [ -1.9542433105, 50.740767208599998 ], [ -1.9494922082, 50.744038578500003 ], [ -1.9463951139, 50.743371748 ], [ -1.946499661, 50.745853762700001 ], [ -1.9447129601, 50.746572344 ], [ -1.9457039179, 50.747615952399997 ], [ -1.941615614, 50.752613886399999 ], [ -1.9436273976, 50.753568089399998 ], [ -1.9432411971, 50.756472512199998 ], [ -1.9664470791, 50.758324935899999 ], [ -1.969847682, 50.761365358900001 ], [ -1.9693630982, 50.765268024 ], [ -1.9731621944, 50.766977545300001 ], [ -1.9849188896, 50.761943773900001 ], [ -1.995651887, 50.762016584199998 ], [ -2.0138263543, 50.754713803500003 ], [ -2.0234819374, 50.757832668299997 ], [ -2.0278616421, 50.756204037499998 ], [ -2.0273500884, 50.754171828300002 ], [ -2.0298143477, 50.750484244 ], [ -2.0277715003, 50.7476970389 ], [ -2.0311982957, 50.742741224299998 ], [ -2.029426245, 50.741977314800003 ], [ -2.037089786, 50.737352894200001 ], [ -2.0434946521, 50.736937005 ], [ -2.0476875698, 50.735334665 ], [ -2.0487056185, 50.733211976600003 ], [ -2.0517945444, 50.733156682599997 ], [ -2.0531512096, 50.729972669399999 ], [ -2.0598631137, 50.7268039856 ], [ -2.0616732389, 50.724267107 ], [ -2.0607639953, 50.722298192300002 ], [ -2.0634230423, 50.719176313299997 ], [ -2.0704915879, 50.719172238100001 ], [ -2.0735398932, 50.720914926900001 ], [ -2.0746421704, 50.719241586800003 ], [ -2.079782126, 50.718006174899998 ], [ -2.0890773481, 50.7195461632 ], [ -2.0912113884, 50.716999581099998 ], [ -2.0948075993, 50.716187363099998 ], [ -2.0964267202, 50.718308303599997 ], [ -2.1084567364, 50.719925374900001 ], [ -2.1073881129, 50.717237562400001 ], [ -2.1087916569, 50.711660794499998 ], [ -2.1039431169, 50.709524968899998 ], [ -2.1023321951, 50.7046883282 ], [ -2.0978974972, 50.703595037200003 ], [ -2.0998765881, 50.701992653399998 ], [ -2.0989249531, 50.700599591600003 ], [ -2.1035334766, 50.6965498522 ], [ -2.1116632164, 50.698249954200001 ], [ -2.1133122102, 50.695109909499998 ], [ -2.1118307602, 50.691334402599999 ], [ -2.1142821028, 50.686413000100004 ], [ -2.1102168509, 50.683764381800003 ], [ -2.1095961388, 50.6801495757 ], [ -2.1078686076, 50.6798094671 ], [ -2.1083997768, 50.6769223039 ], [ -2.0935628989, 50.674498158 ], [ -2.0918310101, 50.671765744299996 ], [ -2.0926471612, 50.669426981500003 ], [ -2.0994013977, 50.664853081700002 ], [ -2.09860229, 50.661634353499998 ], [ -2.1017096122, 50.6592036292 ], [ -2.1000091521, 50.657901153099999 ], [ -2.100541713, 50.655553580099998 ], [ -2.1106867816, 50.650472436400001 ], [ -2.1108719511, 50.645022631099998 ], [ -2.1128983628, 50.640776082 ], [ -2.1120856947, 50.6379980878 ], [ -2.1057674828, 50.639271998399998 ], [ -2.1051502511, 50.641502772199999 ], [ -2.0944396511, 50.646026350299998 ], [ -2.090909716, 50.649086712699997 ], [ -2.0901801849, 50.652198783499998 ], [ -2.0861415021, 50.655942842499996 ], [ -2.0877584091, 50.658198818 ], [ -2.0875967483, 50.662542446 ], [ -2.074557663, 50.6661486498 ], [ -2.0727994177, 50.663757691599997 ], [ -2.0688216418, 50.6624112031 ], [ -2.0581678508, 50.662345089299997 ], [ -2.0538969196, 50.663965849100002 ], [ -2.055257602, 50.665997572099997 ], [ -2.0449472159, 50.670687246 ], [ -2.0430601055, 50.665247352900003 ], [ -2.0370740679, 50.664080365799997 ], [ -2.0400791809, 50.654052429899998 ], [ -2.0344733647, 50.648541662600003 ], [ -2.0328680142, 50.638506176 ], [ -1.9882263409, 50.630308880900003 ], [ -1.9786987522, 50.626044956699999 ], [ -1.9739482213, 50.626691485099997 ], [ -1.9702734391, 50.625089892399998 ], [ -1.9665991848, 50.6230924993 ], [ -1.9640573896, 50.619413683399998 ], [ -1.9661224459, 50.617615731500003 ], [ -1.9654598374, 50.615232437899998 ], [ -1.9602452179, 50.6141606399 ], [ -1.9557085035, 50.608421950299999 ], [ -1.9582453908, 50.605994444 ], [ -1.9583611312, 50.602927922900001 ], [ -1.9738489423, 50.601511522499997 ], [ -1.9835148692, 50.598743469 ], [ -1.987839481, 50.594535330900001 ], [ -1.9935896172, 50.59420304 ], [ -2.0015296789, 50.599086312799997 ], [ -2.0167469419, 50.598941198600002 ], [ -2.0174832151, 50.6030598169 ], [ -2.0242383715, 50.604515433899998 ], [ -2.0223174407, 50.606359356200002 ], [ -2.0230250428, 50.608436564400002 ], [ -2.0286368338, 50.610530634500002 ], [ -2.0539100909, 50.6139119296 ], [ -2.0595461212, 50.611265278 ], [ -2.061145093, 50.612757257600002 ], [ -2.0693289383, 50.613148341500001 ], [ -2.077926373, 50.615696854500001 ], [ -2.0888382334, 50.615778949 ], [ -2.0964555794, 50.608362773300001 ], [ -2.1017252843, 50.614167655800003 ], [ -2.1121370531, 50.6180429817 ], [ -2.1155378014, 50.621438941299999 ], [ -2.1367700937, 50.621415904700001 ], [ -2.1510644678, 50.617891011399998 ], [ -2.1549697509, 50.6234074726 ], [ -2.1549420237, 50.627867950400002 ], [ -2.1573109435, 50.630211891400002 ], [ -2.1754588209, 50.6285582418 ], [ -2.180696606, 50.626607775300002 ], [ -2.184892828, 50.629532843299998 ], [ -2.1998704155, 50.634022476299997 ], [ -2.2052964251, 50.639660516600003 ], [ -2.2164394486, 50.639550399699999 ], [ -2.223685125, 50.634698566700003 ], [ -2.2327272009, 50.633170044700002 ], [ -2.2427497039, 50.635433750300002 ], [ -2.2588348214, 50.631676066600001 ], [ -2.2621325061, 50.632262214 ], [ -2.2666147017, 50.629770014 ], [ -2.2760672623, 50.631132876899997 ], [ -2.2850750696, 50.629006844499997 ], [ -2.2929636605, 50.631181511500003 ], [ -2.2981268423, 50.629333866 ], [ -2.3076213386, 50.630496220300003 ], [ -2.3164825855, 50.627828575099997 ], [ -2.3222135497, 50.630636607200003 ], [ -2.3250318336, 50.629261862 ], [ -2.3297827253, 50.631334840900003 ], [ -2.3397299445, 50.6402091462 ], [ -2.3386407532, 50.642136783399998 ], [ -2.3301962972, 50.645956005 ], [ -2.3300986883, 50.648171962699998 ], [ -2.3327954995, 50.651506163100002 ], [ -2.342316386, 50.653618853 ], [ -2.3484108429, 50.651388547899998 ], [ -2.3694829899, 50.650873957199998 ], [ -2.375325041, 50.652671824400002 ], [ -2.3763116414, 50.655762167699997 ], [ -2.3917274401, 50.657006301899997 ], [ -2.4004659442, 50.659836296500004 ], [ -2.4083453199, 50.659736995800003 ], [ -2.4104829282, 50.661510058 ], [ -2.4182678413, 50.661896031300003 ], [ -2.4220600824, 50.666684509699998 ], [ -2.441159493, 50.669410495800001 ], [ -2.4437490222, 50.663411455599999 ], [ -2.4368450102, 50.657376395599996 ], [ -2.4414295862, 50.654463421700001 ], [ -2.4421573771, 50.650620723499998 ], [ -2.4521052705, 50.643676033200002 ], [ -2.4661217953, 50.648063245099998 ], [ -2.4655838162, 50.645151715700003 ], [ -2.4709723366, 50.640903411 ], [ -2.4667634251, 50.63574047 ], [ -2.4674771851, 50.632144932300001 ], [ -2.4639480961, 50.631926719699997 ], [ -2.4543296556, 50.623055131299999 ], [ -2.4488383447, 50.621008099699999 ], [ -2.453456145, 50.611839771500001 ], [ -2.4691583971, 50.6143965061 ], [ -2.4806747022, 50.612749706099997 ], [ -2.4861864908, 50.610290791799997 ], [ -2.4918852609, 50.6122469815 ], [ -2.4928493375, 50.614135306599998 ], [ -2.5055584176, 50.61559516 ], [ -2.5051327283, 50.6179029774 ], [ -2.5088608063, 50.620150342199999 ], [ -2.5086888394, 50.6264820882 ], [ -2.513012411, 50.626247293500001 ], [ -2.5206735689, 50.6286773446 ], [ -2.5281237202, 50.6273488227 ], [ -2.5302197296, 50.630181051500003 ], [ -2.5280665551, 50.6323401334 ], [ -2.5283243391, 50.635153735599999 ], [ -2.5255788694, 50.637486319 ], [ -2.5362188617, 50.6404953965 ], [ -2.5385719372, 50.6533443326 ], [ -2.5364259908, 50.654954962200001 ], [ -2.5466859558, 50.657731017300001 ], [ -2.5467826541, 50.661183816 ], [ -2.550546371, 50.663630127899999 ], [ -2.5608144138, 50.6656674882 ], [ -2.5549827887, 50.672691839800002 ], [ -2.554892193, 50.677008826799998 ], [ -2.5564595585, 50.677900633299998 ], [ -2.5683321804, 50.681260594100003 ], [ -2.570483484, 50.681250080200002 ], [ -2.5741956852, 50.678084356600003 ], [ -2.5832148679, 50.681232010499997 ], [ -2.5874352977, 50.676327702499997 ], [ -2.5906616026, 50.675160307900001 ], [ -2.6230606648, 50.67406528 ], [ -2.6295742934, 50.6768090594 ], [ -2.6433122191, 50.678550571 ], [ -2.6593514758, 50.687885411099998 ], [ -2.6655605537, 50.688497595400001 ], [ -2.6709018221, 50.691776329 ], [ -2.6789799429, 50.690398598400002 ], [ -2.6831520973, 50.693036093800004 ], [ -2.6922247209, 50.693827878500002 ], [ -2.6936986966, 50.695851495 ], [ -2.7092023775, 50.694912843499999 ], [ -2.7116558992, 50.696120912600001 ], [ -2.7104093572, 50.701704079300001 ], [ -2.7146939959, 50.704105946699997 ], [ -2.7184343799, 50.702374309 ], [ -2.7195354194, 50.6984466372 ], [ -2.7255342854, 50.697037290700003 ], [ -2.7445272331, 50.704032166700003 ], [ -2.7451398515, 50.705857708800004 ], [ -2.74887872, 50.705869714499997 ], [ -2.7381649658, 50.713501035100002 ], [ -2.7395229515, 50.7160913596 ], [ -2.7538046447, 50.719848795200001 ], [ -2.7572952945, 50.7166966626 ], [ -2.7581271675, 50.7120689371 ], [ -2.7675213502, 50.711431907799998 ], [ -2.7771947438, 50.715702352599997 ], [ -2.7775784949, 50.720915638699999 ], [ -2.7831825603, 50.728216266499999 ], [ -2.7911043045, 50.729151981299999 ], [ -2.7942653027, 50.726720406299997 ], [ -2.7968847259, 50.727457925400003 ], [ -2.7975292016, 50.730367194300001 ], [ -2.8032410553, 50.734608559100003 ], [ -2.8043788807, 50.737334530799998 ], [ -2.8023763236, 50.739563103 ], [ -2.8040070836, 50.742930627 ], [ -2.8062353991, 50.743940417499999 ], [ -2.8072970091, 50.747979834100001 ], [ -2.8114332149, 50.749461909 ], [ -2.8179722153, 50.757842460100001 ], [ -2.8261321942, 50.758297519800003 ], [ -2.8325903102, 50.7499242397 ], [ -2.8496619916, 50.747067249200001 ], [ -2.8563986916, 50.7395179313 ], [ -2.8745481503, 50.736982091900003 ], [ -2.8809972765, 50.734028837 ], [ -2.9009591082, 50.733096654699999 ], [ -2.9097373535, 50.737827889199998 ], [ -2.9137940848, 50.736564142399999 ], [ -2.9177512029, 50.738187744 ], [ -2.9268780182, 50.738205461600003 ], [ -2.9317414373, 50.733337512699997 ], [ -2.9301176339, 50.727190351200001 ], [ -2.9327119124, 50.724535446799997 ], [ -2.9399616805, 50.724215670299998 ], [ -2.9542534055, 50.726851373700001 ], [ -2.9613149194, 50.724365263499998 ], [ -2.9600584987, 50.722505092500001 ], [ -2.9616507438, 50.718625011 ], [ -2.9736533337, 50.718147662 ], [ -2.9763743516, 50.715480977600002 ], [ -2.9841676527, 50.716962217700001 ], [ -2.9997848138, 50.715965980100002 ], [ -3.0096486268, 50.719496118400002 ], [ -3.0142199533, 50.724546438399997 ], [ -3.0549486433, 50.725048260199998 ], [ -3.0634956763, 50.7308519909 ], [ -3.0703468765, 50.731796494699999 ], [ -3.0749514586, 50.734865689099998 ], [ -3.0847983363, 50.735403978 ], [ -3.0919236207, 50.7322438701 ], [ -3.0991003933, 50.733138665 ], [ -3.108600656, 50.728003642099999 ], [ -3.1094588125, 50.725945074800002 ], [ -3.1154562823, 50.724341039800002 ], [ -3.1172494002, 50.721104370699997 ], [ -3.1246024225, 50.716986801300003 ], [ -3.1235320682, 50.71606185 ], [ -3.1256625688, 50.713936926400002 ], [ -3.1222895633, 50.7103003004 ], [ -3.1277012848, 50.7085843467 ], [ -3.122262197, 50.704410128699998 ], [ -3.1221344412, 50.696686336799999 ], [ -3.1178425769, 50.693043412900003 ], [ -3.1240653616, 50.686989869900003 ], [ -3.1317728032, 50.688283545099999 ], [ -3.1512451494, 50.687409325200001 ], [ -3.1608995585, 50.690838834099999 ], [ -3.1748560038, 50.692425637500001 ], [ -3.1778662877, 50.697863044899997 ], [ -3.1828409207, 50.7019854487 ], [ -3.1910226097, 50.698502736099996 ], [ -3.1957247788, 50.694092935299999 ], [ -3.205508754, 50.6979760786 ], [ -3.2096947328, 50.697770826800003 ], [ -3.2182448678, 50.688940456 ], [ -3.2172514168, 50.686657592 ], [ -3.2218967465, 50.681833623800003 ], [ -3.2394862035, 50.677530466 ], [ -3.243880076, 50.680261051599999 ], [ -3.2417528045, 50.681713650799999 ], [ -3.2446550852, 50.687618160500001 ], [ -3.243654396, 50.689391499300001 ], [ -3.2504757083, 50.689300514499998 ], [ -3.2541852231, 50.691436989400003 ], [ -3.2600671816, 50.691679303299999 ], [ -3.2667173955, 50.695735052099998 ], [ -3.2711175171, 50.68513818 ], [ -3.2778280918, 50.676827040799999 ], [ -3.3008393421, 50.661391886 ], [ -3.3024789633, 50.662144640599998 ], [ -3.3020489835, 50.664202242899997 ], [ -3.2977243836, 50.668495285100001 ], [ -3.2983122893, 50.671339580199998 ], [ -3.2954248252, 50.673377201400001 ], [ -3.2965088339, 50.676764571100001 ], [ -3.3041905173, 50.681229400699998 ], [ -3.309670245, 50.686887607899997 ], [ -3.318093445, 50.689922264099998 ], [ -3.3440643345, 50.687665091500001 ], [ -3.3498180665, 50.684918607199997 ], [ -3.3598587919, 50.685062662 ], [ -3.3703523696, 50.682286732500003 ], [ -3.3694951012, 50.6781239492 ], [ -3.3727220556, 50.676179408700001 ], [ -3.3708953759, 50.6688624234 ], [ -3.3716288529, 50.664896757500003 ], [ -3.3779768483, 50.661332463599997 ], [ -3.3767852139, 50.657839175299998 ], [ -3.3785350987, 50.656721303 ], [ -3.3852221431, 50.657523327299998 ], [ -3.390596897, 50.661308422600001 ], [ -3.4020211103, 50.66151325 ], [ -3.408774772, 50.659777015300001 ], [ -3.4163079399, 50.664685954399999 ], [ -3.4231142086, 50.666563555899998 ], [ -3.4380485936, 50.664257760799998 ], [ -3.4435203334, 50.667985273200003 ], [ -3.4433076245, 50.669354891499999 ], [ -3.4357397255, 50.674556587600001 ], [ -3.4359185168, 50.6757774724 ], [ -3.4470779648, 50.680136063200003 ], [ -3.4511935856, 50.679734933 ], [ -3.4517000311, 50.683536510499998 ], [ -3.4500847112, 50.684308064500001 ], [ -3.4500341411, 50.684510729899998 ], [ -3.4502740853, 50.684611925699997 ], [ -3.4548307968, 50.6838745592 ], [ -3.4561971111, 50.682421508200001 ], [ -3.4573309392, 50.684005892 ], [ -3.4594577081, 50.684942102599997 ], [ -3.4567437263, 50.682069131600002 ], [ -3.4522394749, 50.683141413199998 ], [ -3.4523454128, 50.679810684 ], [ -3.4592128122, 50.681189830699999 ], [ -3.4617479627, 50.687156587099999 ], [ -3.4666628151, 50.690413356900002 ], [ -3.4662679978, 50.6940965824 ], [ -3.4694751278, 50.695234305699998 ], [ -3.470678844, 50.697503416499998 ], [ -3.4740948173, 50.695355826 ], [ -3.4745279439, 50.697427797099998 ], [ -3.4727352146, 50.698961339599997 ], [ -3.4739742837, 50.707768084900003 ], [ -3.4770520087, 50.7088083123 ], [ -3.4876565661, 50.7051120876 ], [ -3.488445409, 50.708555438499999 ], [ -3.491948687, 50.709158160400001 ], [ -3.499053972, 50.704570335699998 ], [ -3.5007859432, 50.700267230800002 ], [ -3.5044925921, 50.7026580538 ], [ -3.5033851913, 50.701401576899997 ], [ -3.5069025137, 50.701113082 ], [ -3.5031795814, 50.701253325899998 ], [ -3.5022700188, 50.700000404500003 ], [ -3.5074306262, 50.6997741172 ], [ -3.5154364626, 50.704148911700003 ], [ -3.516961893, 50.708171616800001 ], [ -3.5173795359, 50.706461090099999 ], [ -3.5182959287, 50.707504448400002 ], [ -3.5165767699, 50.703390330700003 ], [ -3.4971952892, 50.692902608 ], [ -3.499397354, 50.694025759600002 ], [ -3.5119616408, 50.691992806199998 ], [ -3.5133640771, 50.685418459200001 ], [ -3.5157558253, 50.683201988900002 ], [ -3.5149817434, 50.681143586099999 ], [ -3.5128062614, 50.681279771299998 ], [ -3.5144265807, 50.678848505399998 ], [ -3.5234369557, 50.681725833900003 ], [ -3.5316189459, 50.679127410299998 ], [ -3.5427111884, 50.680707803399997 ], [ -3.546028871, 50.678289578799998 ], [ -3.5455893115, 50.676541695200001 ], [ -3.536216002, 50.674264430100003 ], [ -3.5337525355, 50.675106288899997 ], [ -3.530597762, 50.670363298799998 ], [ -3.5176463596, 50.664579109500004 ], [ -3.515003202, 50.661591736200002 ], [ -3.5100016857, 50.662699899 ], [ -3.5062441502, 50.659798713800001 ], [ -3.4805348758, 50.654354532600003 ], [ -3.4667195391, 50.646830975599997 ], [ -3.4697782874, 50.6436537397 ], [ -3.4758183352, 50.6460505513 ], [ -3.4802613814, 50.642055080399999 ], [ -3.4898572244, 50.641375157500001 ], [ -3.4931474447, 50.6398761007 ], [ -3.4941465612, 50.637489033800001 ], [ -3.5019563125, 50.635823744299998 ], [ -3.5026036237, 50.633063413800002 ], [ -3.5087816476, 50.628163082100002 ], [ -3.5088844677, 50.626075276400002 ], [ -3.5216545003, 50.620477109200003 ], [ -3.5215724962, 50.617060671899999 ], [ -3.5189925173, 50.615079817400002 ], [ -3.5194399046, 50.612295005599997 ], [ -3.5178131539, 50.610058861299997 ], [ -3.5120363959, 50.606212860100001 ], [ -3.5020674044, 50.604705058 ], [ -3.4943903658, 50.601476248700003 ], [ -3.4832768709, 50.5859877153 ], [ -3.4661368626, 50.583560713200001 ], [ -3.4635844605, 50.582333740199999 ], [ -3.4637778718, 50.580826221499997 ], [ -3.4702659865, 50.5755404437 ], [ -3.4806080079, 50.574761860899997 ], [ -3.483287992, 50.572405369 ], [ -3.4930530991, 50.571275349300002 ], [ -3.5049774548, 50.5665711133 ], [ -3.5172882476, 50.568695680099999 ], [ -3.5245889022, 50.566945501200003 ], [ -3.5374638203, 50.566848141599998 ], [ -3.5498474927, 50.576738721600002 ], [ -3.5642200949, 50.574873721800003 ], [ -3.5726396065, 50.575785568500002 ], [ -3.5794396645, 50.5721860353 ], [ -3.5823895555, 50.565814510499997 ], [ -3.5921337565, 50.5583069244 ], [ -3.5949803741, 50.558987446300002 ], [ -3.5951414983, 50.554560390600003 ], [ -3.5990290277, 50.550963577300003 ], [ -3.5998273406, 50.547858807700003 ], [ -3.6062214247, 50.544119347900001 ], [ -3.6025946056, 50.5412194285 ], [ -3.6059921302, 50.541118877 ], [ -3.6038367096, 50.540401817499998 ], [ -3.6050156313, 50.5397830661 ], [ -3.6093117448, 50.541198704800003 ], [ -3.6089476618, 50.546258154500002 ], [ -3.6170268948, 50.552198913600002 ], [ -3.6206324302, 50.560189068600003 ], [ -3.6227067789, 50.560978592200001 ], [ -3.627293618, 50.560105142700003 ], [ -3.6315642919, 50.556214085500002 ], [ -3.6407570097, 50.555869038300003 ], [ -3.6442325853, 50.552294493700003 ], [ -3.6490075551, 50.551993117599999 ], [ -3.653469446, 50.547990607400003 ], [ -3.6569631852, 50.547392311599999 ], [ -3.655575726, 50.544453142800002 ], [ -3.6502318581, 50.542586393299999 ], [ -3.6490076446, 50.536622955699997 ], [ -3.6515467227, 50.534977089800002 ], [ -3.6404302473, 50.533443480300001 ], [ -3.6376779856, 50.536683980100001 ], [ -3.6294896312, 50.538219895099999 ], [ -3.6284394965, 50.537641010400002 ], [ -3.6295372589, 50.5359168536 ], [ -3.6264597024, 50.535060532599999 ], [ -3.6085621899, 50.534931510200003 ], [ -3.6057289924, 50.532947061100003 ], [ -3.6059770516, 50.528617697800001 ], [ -3.6080771983, 50.525234066400003 ], [ -3.5979295742, 50.523871892 ], [ -3.5967885956, 50.5247599343 ], [ -3.5986568613, 50.527441374 ], [ -3.5943653468, 50.532392774599998 ], [ -3.5852183579, 50.533974674100001 ], [ -3.5723796366, 50.524705520799998 ], [ -3.5702531802, 50.5201474813 ], [ -3.5706368889, 50.5151328476 ], [ -3.5490834323, 50.510376307500003 ], [ -3.5397243983, 50.505356155400001 ], [ -3.5390580511, 50.502644171900002 ], [ -3.5436342097, 50.497246067 ], [ -3.5383416466, 50.492315690300003 ], [ -3.5420323385, 50.489622709599999 ], [ -3.5480188523, 50.488176187800001 ], [ -3.5465533801, 50.485605502 ], [ -3.5540442341, 50.4823399291 ], [ -3.5547358715, 50.479362778700001 ], [ -3.5570760415, 50.478090358599999 ], [ -3.5701833463, 50.475953590800003 ], [ -3.5732188086, 50.477387552400003 ], [ -3.581839474, 50.475130171799997 ], [ -3.5804510857, 50.469842754699997 ], [ -3.5846583372, 50.465864268600001 ], [ -3.5897817946, 50.464859024600003 ], [ -3.5916810896, 50.462674561900002 ], [ -3.5911393162, 50.457447622399997 ], [ -3.5962697984, 50.455425693499997 ], [ -3.5961146141, 50.453745997699997 ], [ -3.600100996, 50.452486073400003 ], [ -3.6044833258, 50.447946824100001 ], [ -3.6163785617, 50.446505033199998 ], [ -3.6150686546, 50.443609245399998 ], [ -3.6246862241, 50.441910398 ], [ -3.6329018204, 50.4432793358 ], [ -3.6409823488, 50.441951461899997 ], [ -3.6497379574, 50.446279547300001 ], [ -3.6569508679, 50.443901597 ], [ -3.6723181375, 50.443142056299997 ], [ -3.6791157444, 50.4441953416 ], [ -3.6837650365, 50.447806607700002 ], [ -3.6870603348, 50.444224292299999 ], [ -3.6905200879, 50.444084124900002 ], [ -3.6904565114, 50.438715720099999 ], [ -3.6950776666, 50.438405641599999 ], [ -3.6980130461, 50.4354308319 ], [ -3.7074680578, 50.4406887365 ], [ -3.7104011266, 50.436886210700003 ], [ -3.7138650066, 50.438436132 ], [ -3.7212898233, 50.438137624 ], [ -3.7278890024, 50.432958237699999 ], [ -3.7331733809, 50.43268175 ], [ -3.7331731159, 50.430361329 ], [ -3.7372525476, 50.428717542900003 ], [ -3.7372594806, 50.423905697800002 ], [ -3.7218173137, 50.426284875199997 ], [ -3.706778506, 50.426218731900001 ], [ -3.7021514901, 50.424002095500001 ], [ -3.69725821, 50.425350735199999 ], [ -3.697418915, 50.422758155099999 ], [ -3.6940071363, 50.4202536385 ], [ -3.6848975131, 50.4198103588 ], [ -3.6830174423, 50.418398561700002 ], [ -3.6815051689, 50.413060090199998 ], [ -3.6772012199, 50.412348766299999 ], [ -3.6779416572, 50.407013712100003 ], [ -3.6678786356, 50.4041904925 ], [ -3.6690880786, 50.39856096 ], [ -3.6733108259, 50.396206832399997 ], [ -3.6738044037, 50.391046227799997 ], [ -3.6637258403, 50.392512963500003 ], [ -3.6592227488, 50.390050026499999 ], [ -3.6596704335, 50.387561324399996 ], [ -3.6550840496, 50.384721666399997 ], [ -3.6355779363, 50.388118555299997 ], [ -3.629006246, 50.386825750500002 ], [ -3.620214223, 50.388063827099998 ], [ -3.6143704242, 50.3866521259 ], [ -3.6122269279, 50.384923738 ], [ -3.6141595209, 50.383775814899998 ], [ -3.6120279397, 50.3843610793 ], [ -3.6115123141, 50.382014966900002 ], [ -3.6066977109, 50.380228860199999 ], [ -3.6051372518, 50.374836109 ], [ -3.6063927686, 50.371203235199999 ], [ -3.6196838733, 50.365892327300003 ], [ -3.6264029904, 50.365420784500003 ], [ -3.6339649403, 50.360835790199999 ], [ -3.6415332618, 50.358921394200003 ], [ -3.640613125, 50.3571086213 ], [ -3.6357449595, 50.352086662 ], [ -3.6265601264, 50.353978342300003 ], [ -3.6151576895, 50.350197989500003 ], [ -3.6116566703, 50.346433162399997 ], [ -3.6020630264, 50.3461970217 ], [ -3.5981846257, 50.347896289799998 ], [ -3.5944021533, 50.345753718700003 ], [ -3.5861821051, 50.344553061900001 ], [ -3.5859249308, 50.342739804399997 ], [ -3.5910604128, 50.339126031799999 ], [ -3.5902538514, 50.337698044100001 ], [ -3.5972420747, 50.33488607 ], [ -3.5983174879, 50.331759392499997 ], [ -3.6054876377, 50.328548679500003 ], [ -3.6037597956, 50.323967639300001 ], [ -3.609067395, 50.322221410799997 ], [ -3.6132632767, 50.316694926700002 ], [ -3.6324139227, 50.318487143 ], [ -3.6322440898, 50.313120131799998 ], [ -3.6364390046, 50.310938561900002 ], [ -3.6403134976, 50.304354307 ], [ -3.6393510201, 50.300050770200002 ], [ -3.636685302, 50.2984784183 ], [ -3.6470318303, 50.283384181599999 ], [ -3.6519178676, 50.266495956599996 ], [ -3.6562132764, 50.263205939599999 ], [ -3.666543554, 50.265720464899999 ], [ -3.6815066584, 50.264281675699998 ], [ -3.6874704092, 50.266677577899998 ], [ -3.6926665341, 50.264029682599997 ], [ -3.6991027742, 50.263522005799999 ], [ -3.7049851734, 50.266367907300001 ], [ -3.7087287598, 50.263542725500002 ], [ -3.7152499862, 50.262673138300002 ], [ -3.7192046799, 50.2645664088 ], [ -3.719787434, 50.270789312300003 ], [ -3.7293719537, 50.276422658900003 ], [ -3.7364333858, 50.2784039768 ], [ -3.7368271601, 50.281510053200002 ], [ -3.7326035893, 50.283479858200003 ], [ -3.7369015532, 50.287022323800002 ], [ -3.7462126314, 50.285596616799999 ], [ -3.753770729, 50.281939105100001 ], [ -3.7595172026, 50.283992830800003 ], [ -3.7625076812, 50.285908227599997 ], [ -3.7557304802, 50.290184097100003 ], [ -3.7586373793, 50.298963358899996 ], [ -3.7541258024, 50.315256879899998 ], [ -3.758793377, 50.3172729602 ], [ -3.7684662418, 50.311828662300002 ], [ -3.7826808587, 50.309596809699997 ], [ -3.7843790767, 50.3061889604 ], [ -3.789841292, 50.303550632 ], [ -3.7902229425, 50.3009994158 ], [ -3.7944337455, 50.297219893499999 ], [ -3.8061609004, 50.299520594900002 ], [ -3.8173995741, 50.299291406599998 ], [ -3.8206139783, 50.303306448100003 ], [ -3.8218896811, 50.310229937800003 ], [ -3.8262141096, 50.310926565599999 ], [ -3.8183764429, 50.3101770321 ], [ -3.8047840523, 50.317674152400002 ], [ -3.804710763, 50.320931159899999 ], [ -3.8001228321, 50.32554433 ], [ -3.8042320362, 50.328691512100001 ], [ -3.8013043109, 50.330409824500002 ], [ -3.8012031731, 50.334422757200002 ], [ -3.7968550194, 50.338357512400002 ], [ -3.7992881382, 50.343986143899997 ], [ -3.8021357552, 50.344211853200001 ], [ -3.8039376421, 50.354670991 ], [ -3.8148117531, 50.35633653 ], [ -3.83764314, 50.3494301562 ], [ -3.8547168103, 50.349302898 ], [ -3.8667216413, 50.342509039900001 ], [ -3.8681831556, 50.338923878700001 ], [ -3.8658932151, 50.336433306399996 ], [ -3.8695950227, 50.330500639 ], [ -3.8859781001, 50.3278704803 ], [ -3.8876453145, 50.332142634599997 ], [ -3.8909526363, 50.3336898373 ], [ -3.9074229492, 50.334077288400003 ], [ -3.9163295555, 50.3307855073 ], [ -3.9230424839, 50.332934616800003 ], [ -3.9205827679, 50.337737079500002 ], [ -3.9162004023, 50.339887068199999 ], [ -3.9152896995, 50.342051685599998 ], [ -3.9259328003, 50.344664024799997 ], [ -3.9248412604, 50.347101060599996 ], [ -3.9265954433, 50.348593338500002 ], [ -3.9226358078, 50.355862401300001 ], [ -3.9270636985, 50.358973020900002 ], [ -3.9312231823, 50.364462394199997 ], [ -3.9310434424, 50.366614982800002 ], [ -3.9342702586, 50.362630888399998 ], [ -3.9397394003, 50.359517713899997 ], [ -3.9419784323, 50.355127142699999 ], [ -3.9516881317, 50.3498738053 ], [ -3.9521216774, 50.347078318900003 ], [ -3.9608111512, 50.347489703100003 ], [ -3.9678501832, 50.342315989 ], [ -3.9684486738, 50.339454677100001 ], [ -3.9619576631, 50.338476125900002 ], [ -3.962066812, 50.336252706400003 ], [ -3.958308442, 50.332439573599999 ], [ -3.9547802924, 50.331383680499997 ], [ -3.9533956827, 50.327773286400003 ], [ -3.9556895726, 50.3254681592 ], [ -3.9624344239, 50.323447683 ], [ -3.9690642733, 50.316958484200001 ], [ -3.9769584117, 50.317966858799998 ], [ -3.9848594143, 50.316770857500003 ], [ -3.9868573066, 50.315837288 ], [ -3.9884718231, 50.310431083200001 ], [ -3.9943126937, 50.310384957300002 ], [ -4.0007505463, 50.307162261199998 ], [ -4.0251994084, 50.312728971399999 ], [ -4.0371273503, 50.321011146499998 ], [ -4.0318351158, 50.322093170099997 ], [ -4.0288288701, 50.324736056200003 ], [ -4.0121352854, 50.328659977400001 ], [ -4.010158241, 50.332085035399999 ], [ -4.012764691, 50.334243532199999 ], [ -4.0127473373, 50.336492405900003 ], [ -4.0161031807, 50.336758037700001 ], [ -4.0190692489, 50.340091944900003 ], [ -4.0176655036, 50.340241615399997 ], [ -4.0159707094, 50.3410065323 ], [ -4.0189641335, 50.340615686200003 ], [ -4.0174493749, 50.3416207649 ], [ -4.0226867815, 50.343533281699997 ], [ -4.0280171048, 50.341965335700003 ], [ -4.0329316138, 50.342482255599997 ], [ -4.0357900728, 50.344941481100001 ], [ -4.039253591, 50.345078641599997 ], [ -4.0388063065, 50.3467774175 ], [ -4.0421429063, 50.348211898800002 ], [ -4.0358099805, 50.357892916399997 ], [ -4.0279196481, 50.361448659200001 ], [ -4.0231260492, 50.3618020129 ], [ -4.0247415301, 50.365731363400002 ], [ -4.023526935, 50.369242284599999 ], [ -4.0204988339, 50.370787999299999 ], [ -4.0215747329, 50.374924638800003 ], [ -4.0230581367, 50.376733661300001 ], [ -4.0296503943, 50.377294715600001 ], [ -4.0258014685, 50.3790603725 ], [ -4.0239831218, 50.382932580199999 ], [ -4.0366465405, 50.383997618599999 ], [ -4.0514509826, 50.3893497583 ], [ -4.0573500911, 50.387500635199999 ], [ -4.0790044857, 50.390155505499997 ], [ -4.0768749685, 50.392613023199999 ], [ -4.0906562485, 50.395972749800002 ], [ -4.0969163126, 50.404548506 ], [ -4.0939902515, 50.406490036299999 ], [ -4.0973859619, 50.411996295500003 ], [ -4.094780022, 50.4148224996 ], [ -4.0945119952, 50.420871474499997 ], [ -4.1107601224, 50.424400260600002 ], [ -4.1100495262, 50.425834251200001 ], [ -4.1125906006, 50.4278837835 ], [ -4.111789201, 50.434554096299998 ], [ -4.1017011852, 50.437614997200001 ], [ -4.1120264521, 50.443678958500001 ], [ -4.1099103963, 50.449302790399997 ], [ -4.1079688242, 50.449355982900002 ], [ -4.1069360546, 50.452108943200002 ], [ -4.1046385308, 50.453031972700003 ], [ -4.1066015198, 50.458213089799997 ], [ -4.0929993616, 50.473389007400002 ], [ -4.0938678484, 50.475819798099998 ], [ -4.0915090313, 50.4779398863 ], [ -4.0943487481, 50.482871575200001 ], [ -4.0954488562, 50.491486168100003 ], [ -4.1015891059, 50.4964121533 ], [ -4.1126293242, 50.491346364400002 ], [ -4.1259270265, 50.482919412 ], [ -4.1324199404, 50.476846404600003 ], [ -4.1361699277, 50.4687367569 ], [ -4.1502673766, 50.464501558099997 ], [ -4.1583185621, 50.466780903199997 ], [ -4.165212025, 50.472696947099998 ], [ -4.1669807066, 50.476855342900002 ], [ -4.176610038, 50.482126102400002 ], [ -4.1736096247, 50.488622093099998 ], [ -4.1754099882, 50.4897576965 ], [ -4.1743049043, 50.492710482100001 ], [ -4.1693811405, 50.497875150299997 ], [ -4.1734783835, 50.5029613779 ], [ -4.1731299962, 50.506430666500002 ], [ -4.1787766131, 50.510831182099999 ], [ -4.1791950008, 50.522057133399997 ], [ -4.1994165283, 50.517296494299998 ], [ -4.2026960575, 50.5183497477 ], [ -4.2069098253, 50.517130095 ], [ -4.2165350713, 50.521055066199999 ], [ -4.2219300567, 50.5196749897 ], [ -4.2252137911, 50.5169049633 ], [ -4.2303287732, 50.517679480799998 ], [ -4.2349109784, 50.521207266 ], [ -4.2415967925, 50.521474413500002 ], [ -4.2443211025, 50.520909221799997 ], [ -4.2433698089, 50.513048562100003 ], [ -4.240204788, 50.508765291099998 ], [ -4.230844633, 50.502891964100002 ], [ -4.2306643994, 50.499666463399997 ], [ -4.2335582424, 50.499431058799999 ], [ -4.2386245737, 50.493847150599997 ], [ -4.2364074868, 50.486910191299998 ], [ -4.2587271244, 50.484895975500002 ], [ -4.269681649, 50.481678644799999 ], [ -4.2786679499, 50.4821145875 ], [ -4.2821720482, 50.483745832399997 ], [ -4.2819926574, 50.477390318700003 ], [ -4.2722425095, 50.475116716899997 ], [ -4.27070272, 50.468868698 ], [ -4.2732812181, 50.465040685200002 ], [ -4.2614856855, 50.463543692899997 ], [ -4.2590440022, 50.460209248200002 ], [ -4.2561243879, 50.459258544199997 ], [ -4.2539314977, 50.455217604700003 ], [ -4.2570086888, 50.453565923399999 ], [ -4.2553136231, 50.448732832700003 ], [ -4.2560021419, 50.443070989900001 ], [ -4.2596232471, 50.440437281500003 ], [ -4.2556395537, 50.437816289099999 ], [ -4.2564616897, 50.434967097099999 ], [ -4.2593962752, 50.432715479099997 ], [ -4.2579237806, 50.427221496400001 ], [ -4.2594658799, 50.426193161 ], [ -4.2699714829, 50.427706501099998 ], [ -4.2734047116, 50.430301790599998 ], [ -4.2823441937, 50.428795503499998 ], [ -4.303772603, 50.431934775 ], [ -4.308530145, 50.428998167800003 ], [ -4.312528417, 50.430717624700002 ], [ -4.3113216173, 50.433116163400001 ], [ -4.3190810129, 50.437440942400002 ], [ -4.3191266587, 50.439526754799999 ], [ -4.3212486359, 50.440869571500002 ], [ -4.3316825752, 50.441389392799998 ], [ -4.3327122304, 50.439129116 ], [ -4.3422872157, 50.433953691600003 ], [ -4.3395233798, 50.431023145 ], [ -4.339611547, 50.429384366699999 ], [ -4.3419955928, 50.428616813600001 ], [ -4.3316658531, 50.423571594199998 ], [ -4.3286922792, 50.420357174099998 ], [ -4.3357379852, 50.4153408154 ], [ -4.3270398824, 50.414220005200001 ], [ -4.3263435793, 50.411784943900003 ], [ -4.3279939327, 50.410711026400001 ], [ -4.324557481, 50.408369244200003 ], [ -4.3213946262, 50.409313899899999 ], [ -4.3250265733, 50.405301720300002 ], [ -4.3323938865, 50.404578509 ], [ -4.3378040675, 50.401267786 ], [ -4.3428183275, 50.402498048299996 ], [ -4.3450059635, 50.405476120599999 ], [ -4.3573093695, 50.407233106500001 ], [ -4.3614146143, 50.405162000099999 ], [ -4.3664121465, 50.398692213899999 ], [ -4.3624200076, 50.395949098899997 ], [ -4.3622913186, 50.390814428200002 ], [ -4.3671230258, 50.390366723299998 ], [ -4.3681345857, 50.388079478199998 ], [ -4.3660498826, 50.386898658600003 ], [ -4.3650759142, 50.379201092400002 ], [ -4.3716874958, 50.3775193098 ], [ -4.3793391904, 50.369087862 ], [ -4.387558227, 50.365267492500003 ], [ -4.3964125316, 50.365193212900003 ], [ -4.4083424764, 50.367519117500002 ], [ -4.4176255602, 50.373083011200002 ], [ -4.4180485325, 50.380845628700001 ], [ -4.425680864, 50.382107775199998 ], [ -4.4283824338, 50.384048192800002 ], [ -4.4275667356, 50.390937175 ], [ -4.4300185417, 50.392109228 ], [ -4.4262182098, 50.395111872900003 ], [ -4.4269041932, 50.397247286599999 ], [ -4.4308328236, 50.399773665600001 ], [ -4.4344550043, 50.3996079259 ], [ -4.4409632737, 50.394812205699999 ], [ -4.4465588964, 50.393903045400002 ], [ -4.4509490026, 50.395267714799999 ], [ -4.454659561, 50.393552387500002 ], [ -4.4522354829, 50.3918405824 ], [ -4.45103687, 50.387152627500001 ], [ -4.4573680452, 50.383349112200001 ], [ -4.4506430097, 50.3795154138 ], [ -4.4645023805, 50.3711810856 ], [ -4.4647482513, 50.369412899 ], [ -4.4705223482, 50.366861724899998 ], [ -4.4770589562, 50.366542706099999 ], [ -4.4802650936, 50.369505574900003 ], [ -4.4805228739, 50.373367825300001 ], [ -4.4929964506, 50.365824171900002 ], [ -4.5079332325, 50.360537684199997 ], [ -4.5059281401, 50.356641199599999 ], [ -4.5014423873, 50.354489128300003 ], [ -4.507702833, 50.349766844100003 ], [ -4.5140418365, 50.347884885100001 ], [ -4.5114559376, 50.340439090099999 ], [ -4.5182582487, 50.3345891317 ], [ -4.5175747046, 50.3305188394 ], [ -4.5187885848, 50.329738393200003 ], [ -4.5295166924, 50.328803745499997 ], [ -4.5340443029, 50.3301802581 ], [ -4.5401119334, 50.327493221799998 ], [ -4.547478084, 50.329130942200003 ], [ -4.552890519, 50.334157249199997 ], [ -4.5543590788, 50.338478516199999 ], [ -4.5613711737, 50.339241647400002 ], [ -4.5618793076, 50.341892942900003 ], [ -4.5682597931, 50.342921442799998 ], [ -4.5735851417, 50.341328455400003 ], [ -4.5795849521, 50.342850491299998 ], [ -4.585497805, 50.336296685900003 ], [ -4.5939835947, 50.334182638400002 ], [ -4.5934398326, 50.3314243242 ], [ -4.6000346957, 50.330215533299999 ], [ -4.6012805675, 50.336043382200003 ], [ -4.6050366039, 50.339962003799997 ], [ -4.6186962548, 50.339672962800002 ], [ -4.6203125996, 50.3409497954 ], [ -4.6184902456, 50.345380431800002 ], [ -4.6124167514, 50.350482358400001 ], [ -4.6029692105, 50.352529330199999 ], [ -4.6035487795, 50.355412724499999 ], [ -4.6017955128, 50.358573235599998 ], [ -4.6093594706, 50.363431836099998 ], [ -4.6175110724, 50.364885613399998 ], [ -4.6192551007, 50.3669331535 ], [ -4.6192534552, 50.370477206099999 ], [ -4.6173179832, 50.373129345700001 ], [ -4.6073653985, 50.375277959800002 ], [ -4.5993611985, 50.3860622519 ], [ -4.6109630785, 50.388023976100001 ], [ -4.6133195968, 50.385848215499998 ], [ -4.616182584, 50.3857208477 ], [ -4.6172407388, 50.391138963 ], [ -4.6252727874, 50.394411895 ], [ -4.6271062963, 50.397032974200002 ], [ -4.6265839974, 50.399293511 ], [ -4.633540575, 50.405468557299997 ], [ -4.6331165876, 50.408482469699997 ], [ -4.6345781929, 50.409456788 ], [ -4.6385558062, 50.410365012600003 ], [ -4.6426590025, 50.406952680899998 ], [ -4.6474625285, 50.406771426799999 ], [ -4.6619109391, 50.411424698200001 ], [ -4.6701697186, 50.410101932099998 ], [ -4.6774133985, 50.4137492041 ], [ -4.6770782782, 50.416293507399999 ], [ -4.6831304332, 50.421748867700003 ], [ -4.69549864, 50.4243411685 ], [ -4.702544053, 50.424186599400002 ], [ -4.7085200549, 50.420098721800002 ], [ -4.7128797602, 50.420015059599997 ], [ -4.7142301199, 50.416547438599999 ], [ -4.7224197263, 50.413045766899998 ], [ -4.7157716981, 50.403630531799998 ], [ -4.7154099258, 50.399519248200001 ], [ -4.7191297586, 50.396895684900002 ], [ -4.7191196067, 50.394260367699999 ], [ -4.7159654065, 50.388561243799998 ], [ -4.7109574526, 50.386949136 ], [ -4.7047523156, 50.3880741583 ], [ -4.7036109851, 50.391752702700003 ], [ -4.6818589493, 50.391770878499997 ], [ -4.6788367513, 50.388080650699997 ], [ -4.6779941875, 50.384115271600002 ], [ -4.673397998, 50.380937895599999 ], [ -4.671302322, 50.377190180699998 ], [ -4.6645198468, 50.376140536299999 ], [ -4.665060047, 50.373231755100001 ], [ -4.6690484529, 50.370117901500002 ], [ -4.6669711749, 50.357656574799996 ], [ -4.6829664101, 50.357060437500003 ], [ -4.6918244638, 50.355074566 ], [ -4.6928989411, 50.3541861442 ], [ -4.6918006603, 50.350181793200001 ], [ -4.7054936146, 50.348740976099997 ], [ -4.7049188052, 50.347048510800001 ], [ -4.7075094637, 50.345589142800002 ], [ -4.7179375917, 50.346290177699998 ], [ -4.7196223723, 50.344532692100003 ], [ -4.7191506995, 50.339722340199998 ], [ -4.7400408986, 50.338817813600002 ], [ -4.747076705, 50.3338482574 ], [ -4.7523456889, 50.3367459436 ], [ -4.7629647185, 50.337609314799998 ], [ -4.7754152403, 50.341432384199997 ], [ -4.7880331914, 50.352635185600001 ], [ -4.7906310554, 50.3473106235 ], [ -4.7862156602, 50.342487200699999 ], [ -4.7879267397, 50.339063951200004 ], [ -4.7833190619, 50.3376632214 ], [ -4.7729956538, 50.338503744800001 ], [ -4.7704072388, 50.336532574 ], [ -4.7708423339, 50.32903818 ], [ -4.7740708034, 50.323671945800001 ], [ -4.7735127007, 50.318432054799999 ], [ -4.7716142076, 50.315985683400001 ], [ -4.7733597084, 50.312426887500003 ], [ -4.7818741176, 50.312457184099998 ], [ -4.785940252, 50.309445277199998 ], [ -4.7936216116, 50.307254859799997 ], [ -4.7930408972, 50.304057509400003 ], [ -4.7841651225, 50.298297721899999 ], [ -4.7833594167, 50.292676992200001 ], [ -4.7806888947, 50.290465149100001 ], [ -4.7828639633, 50.288038301699999 ], [ -4.7862964992, 50.288153906600002 ], [ -4.7955059407, 50.284307509900003 ], [ -4.7980351947, 50.284345554700003 ], [ -4.802929759, 50.2887971587 ], [ -4.8131285103, 50.289603043699998 ], [ -4.813419422, 50.286681514 ], [ -4.8162916397, 50.286818797800002 ], [ -4.8207357344, 50.283148798500001 ], [ -4.8271187654, 50.2825978057 ], [ -4.8306776123, 50.280352236500001 ], [ -4.8295807408, 50.276061190900002 ], [ -4.8234595847, 50.271298698400003 ], [ -4.8306907651, 50.2687478904 ], [ -4.8300114909, 50.265813962099998 ], [ -4.831387707, 50.2646469986 ], [ -4.8291286765, 50.2627590528 ], [ -4.8296645933, 50.260910937600002 ], [ -4.8255582455, 50.259337784099998 ], [ -4.8267898458, 50.258336309199997 ], [ -4.8259327562, 50.255235772100001 ], [ -4.8207937943, 50.253984426 ], [ -4.8215872251, 50.252453925600001 ], [ -4.8170632965, 50.244737782599998 ], [ -4.8132688965, 50.241285596200001 ], [ -4.8146826303, 50.240045952700001 ], [ -4.8233131391, 50.237749484600002 ], [ -4.8453974337, 50.238595675 ], [ -4.8497825447, 50.2371028313 ], [ -4.8601187779, 50.2399071273 ], [ -4.8560492996, 50.2487868495 ], [ -4.8692582361, 50.252886963900004 ], [ -4.8704638527, 50.258470326299999 ], [ -4.8645208063, 50.266056303900001 ], [ -4.8633690995, 50.271185111599998 ], [ -4.8602092473, 50.273259959900003 ], [ -4.8606834439, 50.277422150699998 ], [ -4.8578520329, 50.278427381199997 ], [ -4.8611868735, 50.280666086499998 ], [ -4.8662881528, 50.281223951800001 ], [ -4.8643462999, 50.283718610599998 ], [ -4.8678711715, 50.286771022700002 ], [ -4.8747134873, 50.286385975 ], [ -4.8811788616, 50.278138876500002 ], [ -4.8985784268, 50.2777958669 ], [ -4.8959455811, 50.273273864099998 ], [ -4.8859344323, 50.269735991899999 ], [ -4.887199462, 50.259098898600001 ], [ -4.884131105, 50.255460021200001 ], [ -4.8860781027, 50.2535495833 ], [ -4.8939578992, 50.252076105299999 ], [ -4.8895824037, 50.246311023300002 ], [ -4.8954020272, 50.245815224200001 ], [ -4.898596585, 50.239744513799998 ], [ -4.9055021086, 50.242126637299997 ], [ -4.9108950734, 50.241775664199999 ], [ -4.9136341493, 50.245287179400002 ], [ -4.9195354464, 50.247279878599997 ], [ -4.918519757, 50.249482330299998 ], [ -4.9276637515, 50.253551997899997 ], [ -4.9325521403, 50.252277211699997 ], [ -4.9391373796, 50.246209624099997 ], [ -4.9454858295, 50.245652941899998 ], [ -4.9493320365, 50.242514800400002 ], [ -4.9561660985, 50.244374000299999 ], [ -4.9601785598, 50.242346712699998 ], [ -4.9659387748, 50.243171232400002 ], [ -4.9697140636, 50.245683454900004 ], [ -4.9651933859, 50.250593646900001 ], [ -4.9662136895, 50.2527894973 ], [ -4.9627531612, 50.2619094119 ], [ -4.956371787, 50.266722762100002 ], [ -4.9613557554, 50.269465353599998 ], [ -4.9606779265, 50.273242781900002 ], [ -4.963877506, 50.275491015 ], [ -4.963695507, 50.278886985699998 ], [ -4.9689037316, 50.2818214411 ], [ -4.9748496899, 50.275417358600002 ], [ -4.9808937044, 50.274200892499998 ], [ -4.9836888183, 50.275352510700003 ], [ -4.9874358687, 50.283631072699997 ], [ -4.9901710718, 50.285165396899998 ], [ -4.9908228325, 50.284153042100002 ], [ -4.9939348466, 50.287412777199997 ], [ -4.9923742829, 50.288721371800001 ], [ -4.9937528259, 50.292562946700002 ], [ -4.9994551833, 50.2957082036 ], [ -5.0006596782, 50.295434205799999 ], [ -5.0002852833, 50.291494815299998 ], [ -5.0110920303, 50.287409988299999 ], [ -5.0084857216, 50.283042693900001 ], [ -5.0044116919, 50.282554452699998 ], [ -5.0044735358, 50.279971111 ], [ -5.0080919742, 50.277691502800003 ], [ -5.0086145319, 50.275294124399998 ], [ -5.0076705807, 50.27100967 ], [ -5.0040824521, 50.269528312299997 ], [ -5.0100772472, 50.269112200400002 ], [ -5.0196419959, 50.273433659399998 ], [ -5.0239497416, 50.273411518700001 ], [ -5.0285888538, 50.270870783500001 ], [ -5.0283572426, 50.269212628699997 ], [ -5.0340041393, 50.263991660499997 ], [ -5.0431504318, 50.265695383800001 ], [ -5.0501599066, 50.264160761100001 ], [ -5.0486002096, 50.262691795599999 ], [ -5.0501856283, 50.259393712700003 ], [ -5.0576209667, 50.258928279 ], [ -5.0603842402, 50.256723488399999 ], [ -5.0546374314, 50.253969205399997 ], [ -5.055475539, 50.247393063300002 ], [ -5.0547081617, 50.244989608099999 ], [ -5.0520068832, 50.243549367699998 ], [ -5.0555035247, 50.240758673800002 ], [ -5.0698375025, 50.235936627699999 ], [ -5.0707213261, 50.229832112 ], [ -5.0749347493, 50.230584177099999 ], [ -5.0797858312, 50.229043237799999 ], [ -5.0794602105, 50.223339551099997 ], [ -5.0859050415, 50.219785976799997 ], [ -5.0884143052, 50.214789534700003 ], [ -5.0918365063, 50.213079180400001 ], [ -5.0964456607, 50.211085180799998 ], [ -5.0975370976, 50.212480479600003 ], [ -5.0992105603, 50.211785030100003 ], [ -5.1007334287, 50.214515076399998 ], [ -5.1052130378, 50.216572317199997 ], [ -5.1149249606, 50.217589508899998 ], [ -5.1282551412, 50.223968924799998 ], [ -5.1354616476, 50.2216064837 ], [ -5.1363703316, 50.216652188300003 ], [ -5.1398262801, 50.215479246400001 ], [ -5.1481956203, 50.214622832 ], [ -5.1557966215, 50.216359537499997 ], [ -5.1581997977, 50.2139012572 ], [ -5.16307022, 50.214200436500001 ], [ -5.1674954349, 50.2103194524 ], [ -5.1802602612, 50.207073686400001 ], [ -5.1864798368, 50.201334578 ], [ -5.1840437508, 50.199269392700003 ], [ -5.1756814258, 50.200182209 ], [ -5.1729403716, 50.196047067499997 ], [ -5.1621792625, 50.196070899799999 ], [ -5.1585144667, 50.202539825800002 ], [ -5.1460058306, 50.205848219700002 ], [ -5.1409797267, 50.206578077899998 ], [ -5.1321137167, 50.203471200800003 ], [ -5.130360003, 50.205371668200002 ], [ -5.1207117512, 50.208303264199998 ], [ -5.1192299863, 50.207506479 ], [ -5.1196430452, 50.204814606500001 ], [ -5.1170069508, 50.203509062199998 ], [ -5.1172455444, 50.199859324099997 ], [ -5.1102384522, 50.198571991100003 ], [ -5.109563227, 50.196808902 ], [ -5.1166456173, 50.192804672599998 ], [ -5.1172781058, 50.186598513 ], [ -5.1313363939, 50.183467284499997 ], [ -5.1323298525, 50.180237925199997 ], [ -5.1386198098, 50.1757499239 ], [ -5.1415559231, 50.1752386669 ], [ -5.1436990542, 50.176943831700001 ], [ -5.1519096897, 50.178034514899998 ], [ -5.1563668327, 50.171274341 ], [ -5.161259452, 50.168370389 ], [ -5.1614618946, 50.166133869600003 ], [ -5.1666290369, 50.164004850799998 ], [ -5.1643004717, 50.159921227 ], [ -5.1634736085, 50.150372029800003 ], [ -5.1602226961, 50.146934192700002 ], [ -5.1594869945, 50.142995988199999 ], [ -5.1446948717, 50.1432719393 ], [ -5.1365376094, 50.140763515700002 ], [ -5.1386945459, 50.137578045200001 ], [ -5.1410474027, 50.125639657599997 ], [ -5.1431145701, 50.1230198055 ], [ -5.1514888213, 50.123548263099998 ], [ -5.1539895159, 50.121573141500001 ], [ -5.1528464573, 50.117807894099997 ], [ -5.1660311767, 50.115343701199997 ], [ -5.1660675809, 50.110808698699998 ], [ -5.1690612107, 50.110385096 ], [ -5.1719124835, 50.116694359900002 ], [ -5.1815055784, 50.122530968500001 ], [ -5.1867069976, 50.129000299099999 ], [ -5.1914563761, 50.128869731499996 ], [ -5.192124432, 50.121879392499999 ], [ -5.1967168228, 50.118145491200004 ], [ -5.1957710251, 50.113610534099998 ], [ -5.1975182689, 50.109181280100003 ], [ -5.1941029866, 50.104948258100002 ], [ -5.1980289625, 50.102573054 ], [ -5.1995413504, 50.098824943099999 ], [ -5.2096622708, 50.095828460100002 ], [ -5.2125744035, 50.097340144599997 ], [ -5.2120445648, 50.090886596200001 ], [ -5.2256065516, 50.086281980700001 ], [ -5.2289975911, 50.083065936799997 ], [ -5.2410109547, 50.080634692399997 ], [ -5.2390018788, 50.078000962499999 ], [ -5.2397120442, 50.068634065300003 ], [ -5.2342589377, 50.064450123500002 ], [ -5.225527057, 50.063451879600002 ], [ -5.22399531, 50.0602018724 ], [ -5.2200663551, 50.058709729500002 ], [ -5.2183103163, 50.056275535700003 ], [ -5.2064922369, 50.054857707 ], [ -5.2072652318, 50.051993535199998 ], [ -5.2052157655, 50.050592829099998 ], [ -5.2013647072, 50.050249417700002 ], [ -5.1978778079, 50.052018930400003 ], [ -5.1809366384, 50.051909191699998 ], [ -5.1769523747, 50.050183218699999 ], [ -5.1786376889, 50.047357219399998 ] ] ], [ [ [ -5.6198387453, 50.076974669599998 ], [ -5.6325451754, 50.068453057200003 ], [ -5.6325279709, 50.065268705199998 ], [ -5.6361876163, 50.0619150916 ], [ -5.6404683645, 50.060125303699998 ], [ -5.6388579483, 50.057314859500003 ], [ -5.6293343843, 50.0572651998 ], [ -5.6253902961, 50.055277373899997 ], [ -5.6287630869, 50.047629462300002 ], [ -5.631862853, 50.045930828300001 ], [ -5.6398570673, 50.049843059899999 ], [ -5.6433309187, 50.048483349400001 ], [ -5.648569017, 50.051593456600003 ], [ -5.6525652821, 50.051593550600003 ], [ -5.6522176274, 50.053637808399998 ], [ -5.6606934819, 50.054108180100002 ], [ -5.6617076786, 50.059348345099998 ], [ -5.6658160037, 50.060442073300003 ], [ -5.6667139657, 50.064516272500001 ], [ -5.6695277122, 50.066586497499998 ], [ -5.6919354326, 50.071884959499997 ], [ -5.6786261656, 50.0789838082 ], [ -5.6782594854, 50.082774156200003 ], [ -5.6744739399, 50.087752542799997 ], [ -5.661040829, 50.088735327 ], [ -5.6574324251, 50.091296371799999 ], [ -5.6564170285, 50.0948551786 ], [ -5.6488434703, 50.099907100400003 ], [ -5.6491267555, 50.101976462499998 ], [ -5.6457107427, 50.104513074 ], [ -5.6454411919, 50.106671795399997 ], [ -5.6404639857, 50.110579855300003 ], [ -5.6442442867, 50.113196148699998 ], [ -5.6446132088, 50.116945234299997 ], [ -5.6426681206, 50.119336533899997 ], [ -5.6436748165, 50.121167251300001 ], [ -5.6291841997, 50.126425955800002 ], [ -5.6293704385, 50.1288852518 ], [ -5.6373839145, 50.136182509299999 ], [ -5.6383125165, 50.145645014499998 ], [ -5.624656597, 50.1553752624 ], [ -5.620023692, 50.156329657500002 ], [ -5.6135735804, 50.160669289300003 ], [ -5.6144541712, 50.163799710299998 ], [ -5.6127490743, 50.1655172261 ], [ -5.5934969123, 50.165413493599999 ], [ -5.5957739207, 50.161978162 ], [ -5.5917013025, 50.1584696687 ], [ -5.5915743636, 50.154910902 ], [ -5.5953009226, 50.154561536700001 ], [ -5.6010810277, 50.149865869199999 ], [ -5.5990701262, 50.142856852 ], [ -5.6060553588, 50.139688944 ], [ -5.6006953129, 50.135051215700003 ], [ -5.5954202684, 50.133397529500002 ], [ -5.5880239737, 50.126213287 ], [ -5.5858707119, 50.122123397800003 ], [ -5.5711399402, 50.117107958699997 ], [ -5.5639994588, 50.118551182 ], [ -5.5487853006, 50.108536507899998 ], [ -5.5491686261, 50.107044905400002 ], [ -5.5553298841, 50.104814442 ], [ -5.5586966932, 50.098759354400002 ], [ -5.5616521519, 50.097310104199998 ], [ -5.5606832036, 50.093111409199999 ], [ -5.5619684858, 50.091209610600004 ], [ -5.555686816, 50.0860763656 ], [ -5.5544627564, 50.077099187599998 ], [ -5.5578952356, 50.075500443700001 ], [ -5.5649803124, 50.076218454399999 ], [ -5.5682120097, 50.073240075199998 ], [ -5.560615574, 50.065808410899997 ], [ -5.5627211745, 50.062609925499999 ], [ -5.5662403592, 50.061748914600003 ], [ -5.5707803021, 50.064164240499998 ], [ -5.5763024968, 50.063058346699997 ], [ -5.5830597851, 50.064649040100001 ], [ -5.594018899, 50.062240524300002 ], [ -5.6022033006, 50.064217697 ], [ -5.6055746914, 50.0674237144 ], [ -5.6095471394, 50.068577641200001 ], [ -5.6145159399, 50.074423707699999 ], [ -5.6198387453, 50.076974669599998 ] ] ] ] } },
{ "type": "Feature", "properties": { "river_basin_district": "Solway Tweed" }, "geometry": { "type": "MultiPolygon", "coordinates": [ [ [ [ -2.8658270882, 54.489342423 ], [ -2.8746067196, 54.481190671199997 ], [ -2.8775387825, 54.481169415399997 ], [ -2.8821776293, 54.485152985299997 ], [ -2.9074265341, 54.482179980600002 ], [ -2.9102924566, 54.4736204911 ], [ -2.9172470641, 54.470584116700003 ], [ -2.9188579711, 54.465404127500001 ], [ -2.9237749089, 54.465195909499997 ], [ -2.9301043227, 54.469443296500003 ], [ -2.9366623653, 54.468781498600002 ], [ -2.9441649918, 54.472965129899997 ], [ -2.9477165517, 54.479740739199997 ], [ -2.9473063888, 54.4819997743 ], [ -2.9551721091, 54.484418364100001 ], [ -2.9656802449, 54.482303716399997 ], [ -2.9675108949, 54.486620971800001 ], [ -2.9729111029, 54.488761543300001 ], [ -2.9802364993, 54.495734561100001 ], [ -2.9902304841, 54.495514178 ], [ -2.9924605158, 54.497625853899997 ], [ -3.0042898379, 54.497069825899999 ], [ -3.0109360906, 54.4943394509 ], [ -3.0147533494, 54.495616355199999 ], [ -3.0115685314, 54.506697496199997 ], [ -3.0116903909, 54.508503729899999 ], [ -3.0149348184, 54.509167762799997 ], [ -3.017386214, 54.514584499900003 ], [ -3.0149436709, 54.518244900500001 ], [ -3.0166202993, 54.521061823499998 ], [ -3.0153746251, 54.525026680099998 ], [ -3.0193386344, 54.528471455400002 ], [ -3.023499834, 54.528652000699999 ], [ -3.0255172972, 54.530297562400001 ], [ -3.0231804505, 54.539357378200002 ], [ -3.024840903, 54.540854405799998 ], [ -3.017072583, 54.547886064300002 ], [ -3.0205156644, 54.558919488599997 ], [ -3.0171933587, 54.5613231373 ], [ -3.0264539104, 54.567234219299998 ], [ -3.0192167978, 54.572560705100003 ], [ -3.0191163075, 54.576294680899998 ], [ -3.0059578251, 54.582525109700001 ], [ -2.9922432248, 54.582925944800003 ], [ -2.9897689204, 54.5842583433 ], [ -2.9826764659, 54.583381481399996 ], [ -2.9647105203, 54.586581700700002 ], [ -2.9641600154, 54.589479962200002 ], [ -2.959935271, 54.591454780799999 ], [ -2.9589451717, 54.594104860100003 ], [ -2.9607668378, 54.595222795 ], [ -2.9608823776, 54.600128871800003 ], [ -2.9575477299, 54.601826913799997 ], [ -2.9572458408, 54.604134509799998 ], [ -2.9504354417, 54.606178834799998 ], [ -2.9506229405, 54.608909454600003 ], [ -2.9535092988, 54.610288745299997 ], [ -2.9500152731, 54.6104060913 ], [ -2.9465464014, 54.613381048900003 ], [ -2.9394150148, 54.614353292799997 ], [ -2.9342215473, 54.617467082399997 ], [ -2.9350333937, 54.619779490100001 ], [ -2.9323339922, 54.6218444426 ], [ -2.9398210906, 54.627938661199998 ], [ -2.9375007346, 54.637500949900002 ], [ -2.9415348562, 54.6397613205 ], [ -2.9314188878, 54.643910741799999 ], [ -2.926947266, 54.6496524541 ], [ -2.9266843097, 54.653760943499996 ], [ -2.927525076, 54.656648339299998 ], [ -2.937270838, 54.662522740100002 ], [ -2.9397120009, 54.662162316100002 ], [ -2.9413773944, 54.665798128699997 ], [ -2.9492224601, 54.669781076900001 ], [ -2.9526049318, 54.668550256800003 ], [ -2.9577385246, 54.669264687499997 ], [ -2.9639182702, 54.667004848 ], [ -2.9745904121, 54.668501173 ], [ -2.9796552259, 54.659257534600002 ], [ -2.9824598828, 54.660493009299998 ], [ -2.9839609756, 54.663590359300002 ], [ -2.9977245596, 54.669768733200002 ], [ -3.0240421662, 54.6700859034 ], [ -3.0314334953, 54.668812348 ], [ -3.0365075338, 54.664392298599999 ], [ -3.0386828314, 54.659718321100002 ], [ -3.0378441928, 54.653578297899998 ], [ -3.0442731813, 54.652840007099996 ], [ -3.0495643487, 54.647051426399997 ], [ -3.0699734448, 54.653505400100002 ], [ -3.0808035599, 54.648672970500002 ], [ -3.0992911033, 54.648039219099999 ], [ -3.1029853699, 54.645749831800003 ], [ -3.1065758354, 54.640082075199999 ], [ -3.1103759504, 54.638519454300003 ], [ -3.1106576878, 54.634975893 ], [ -3.1349567705, 54.638138593699999 ], [ -3.1475008057, 54.646792075699999 ], [ -3.1477693127, 54.651921299199998 ], [ -3.145916588, 54.657133481599999 ], [ -3.1204244563, 54.6590975501 ], [ -3.1189496045, 54.660710911700001 ], [ -3.1200043202, 54.662983919 ], [ -3.1181277886, 54.664654905799999 ], [ -3.1256281535, 54.6690071477 ], [ -3.113879558, 54.673618338399997 ], [ -3.112029924, 54.675262024600002 ], [ -3.1113582129, 54.680193171299997 ], [ -3.0935703295, 54.687194248099999 ], [ -3.0993491981, 54.6892180201 ], [ -3.0990316766, 54.692393369199998 ], [ -3.1029073013, 54.699143457700004 ], [ -3.1073000215, 54.7009008271 ], [ -3.1169793163, 54.700758067400002 ], [ -3.1215278078, 54.702644352100002 ], [ -3.1254789065, 54.708826299400002 ], [ -3.124572893, 54.713804731499998 ], [ -3.1270472329, 54.719106503299997 ], [ -3.1307712335, 54.7201502753 ], [ -3.1296525901, 54.722353571100001 ], [ -3.1448115093, 54.724745721 ], [ -3.1477052607, 54.727144889199998 ], [ -3.1409822836, 54.7310368849 ], [ -3.1308801916, 54.731868495100002 ], [ -3.1309171941, 54.7365414589 ], [ -3.1279387002, 54.738905860599999 ], [ -3.1323773715, 54.739889014399999 ], [ -3.1371880373, 54.746244931100001 ], [ -3.1451576535, 54.750229988299999 ], [ -3.1573391877, 54.749161688699999 ], [ -3.1624239838, 54.752024880199997 ], [ -3.1652131332, 54.75662645 ], [ -3.1684259913, 54.758653624600001 ], [ -3.1795606012, 54.7589232849 ], [ -3.1821418402, 54.761108987599997 ], [ -3.1989872759, 54.7610694213 ], [ -3.2117256584, 54.769211004200002 ], [ -3.2121422127, 54.771705274200002 ], [ -3.215709718, 54.772478411500003 ], [ -3.2169246863, 54.775665658599998 ], [ -3.2314370492, 54.773344282700002 ], [ -3.2358020525, 54.7742525265 ], [ -3.2371617738, 54.777033644 ], [ -3.2494374137, 54.773789285900001 ], [ -3.2583136386, 54.773769417799997 ], [ -3.2808515436, 54.777577750399999 ], [ -3.284548844, 54.779443944 ], [ -3.2918565509, 54.778467606299998 ], [ -3.2957823246, 54.781625191499998 ], [ -3.3024163447, 54.783872851 ], [ -3.3060319026, 54.782189307499998 ], [ -3.315879775, 54.783781466299999 ], [ -3.3150115383, 54.785777068 ], [ -3.3119210391, 54.7854240801 ], [ -3.2966046019, 54.791771987499999 ], [ -3.2977358595, 54.794554883899998 ], [ -3.2934118747, 54.798941927500003 ], [ -3.2972326434, 54.802154508599997 ], [ -3.303643809, 54.800755680400002 ], [ -3.3060663217, 54.803515667600003 ], [ -3.3132407699, 54.802629372799998 ], [ -3.3224917519, 54.799599043 ], [ -3.3281088311, 54.800112867599999 ], [ -3.3403817037, 54.794909070899998 ], [ -3.3515115543, 54.7946957156 ], [ -3.3543095333, 54.797432600100002 ], [ -3.3597754158, 54.798072469300003 ], [ -3.3676215436, 54.806082005500002 ], [ -3.3595443407, 54.809722592100002 ], [ -3.3618343799, 54.813040181799998 ], [ -3.3581720663, 54.812416170399999 ], [ -3.3532558863, 54.816173853599999 ], [ -3.3533960979, 54.817574303699999 ], [ -3.3467701522, 54.819094933199999 ], [ -3.3484315671, 54.820847009799998 ], [ -3.3540890395, 54.8215389446 ], [ -3.3525301718, 54.823794119200002 ], [ -3.3543401796, 54.823926753599999 ], [ -3.3645690313, 54.819839794499998 ], [ -3.3701725691, 54.824450041399999 ], [ -3.3802992156, 54.829727659100001 ], [ -3.3828717302, 54.829383819699999 ], [ -3.3867836698, 54.8326914425 ], [ -3.3885507242, 54.831556815200003 ], [ -3.3880986173, 54.830177943800003 ], [ -3.4008400661, 54.831271797399999 ], [ -3.3980362565, 54.8325803237 ], [ -3.3993434916, 54.8334639893 ], [ -3.3955230628, 54.837803903199998 ], [ -3.3974074441, 54.840064995799999 ], [ -3.4084342879, 54.837884061499999 ], [ -3.3972423335, 54.847903809500004 ], [ -3.3906106563, 54.847997933 ], [ -3.3845064583, 54.852579309500001 ], [ -3.3824314669, 54.856125958500002 ], [ -3.3779666904, 54.857219235700001 ], [ -3.3768264259, 54.859416071299997 ], [ -3.378191275, 54.861063225199999 ], [ -3.3753040946, 54.863207963 ], [ -3.3730081922, 54.862586866599997 ], [ -3.3730555158, 54.864896048699997 ], [ -3.3681386532, 54.864178649300001 ], [ -3.3658491508, 54.865588456700003 ], [ -3.3665187562, 54.8664976186 ], [ -3.3560740079, 54.867747103399999 ], [ -3.3541082455, 54.8704651997 ], [ -3.3540389533, 54.874905644400002 ], [ -3.3497842642, 54.874908074499999 ], [ -3.3484436356, 54.877232673199998 ], [ -3.3492206192, 54.882760142499997 ], [ -3.350764284, 54.883704610899997 ], [ -3.3475899447, 54.886211344700001 ], [ -3.3413638128, 54.887742710600001 ], [ -3.3425874461, 54.885992881100002 ], [ -3.3410571248, 54.885646311599999 ], [ -3.3384241922, 54.8859058667 ], [ -3.3428666698, 54.885186441099997 ], [ -3.3427561564, 54.883687697 ], [ -3.3409829151, 54.882519995400003 ], [ -3.342531007, 54.884071951599999 ], [ -3.337899354, 54.885869544499997 ], [ -3.3271913648, 54.885256535899998 ], [ -3.3395645506, 54.886375293599997 ], [ -3.341517254, 54.885870798 ], [ -3.3408352434, 54.8884250459 ], [ -3.3367308428, 54.886888549200002 ], [ -3.3174547122, 54.885715153900001 ], [ -3.3028703297, 54.879177080700003 ], [ -3.3060683768, 54.875889390300003 ], [ -3.3013236591, 54.870844627099999 ], [ -3.3128556687, 54.868932054200002 ], [ -3.3020178436, 54.862407253100002 ], [ -3.3055998663, 54.861398176900003 ], [ -3.3041213609, 54.860964709100003 ], [ -3.3056902015, 54.860336722 ], [ -3.3041419841, 54.860155644400002 ], [ -3.3046880522, 54.8592151143 ], [ -3.3101329819, 54.858015112899999 ], [ -3.31362323, 54.858992949099999 ], [ -3.3202620692, 54.855245185900003 ], [ -3.3259222765, 54.854464526500003 ], [ -3.3249695126, 54.8515361197 ], [ -3.3327415649, 54.848215656199997 ], [ -3.3314022859, 54.844437753900003 ], [ -3.3272318729, 54.844537346300001 ], [ -3.3296330916, 54.842731602800001 ], [ -3.3277960217, 54.841799068199997 ], [ -3.3190296249, 54.844689659300002 ], [ -3.3255636827, 54.846856295599999 ], [ -3.3254922495, 54.849427411800001 ], [ -3.3146288449, 54.851594613899998 ], [ -3.3008151613, 54.846827400800002 ], [ -3.2864105703, 54.849326581100001 ], [ -3.2838294647, 54.850935640700001 ], [ -3.2834579668, 54.853100738899997 ], [ -3.2768128503, 54.855629021200002 ], [ -3.2737113959, 54.859040753800002 ], [ -3.2632749772, 54.860084448800002 ], [ -3.2541276637, 54.8645290272 ], [ -3.2233315796, 54.873524683900001 ], [ -3.2223563502, 54.875286975400002 ], [ -3.2166723618, 54.874921665099997 ], [ -3.2152268777, 54.873498214900003 ], [ -3.2200809022, 54.872191358599999 ], [ -3.2200818053, 54.870672504200002 ], [ -3.2038371262, 54.872011971100001 ], [ -3.2021514928, 54.872972306100003 ], [ -3.2043546411, 54.876823877500001 ], [ -3.1970131457, 54.879430795700003 ], [ -3.1991409564, 54.879176142600002 ], [ -3.201801309, 54.882151503099998 ], [ -3.2130501366, 54.881967773299998 ], [ -3.2158080185, 54.885552974200003 ], [ -3.212345986, 54.888625187800002 ], [ -3.2083937005, 54.888880261 ], [ -3.2022565608, 54.892203439699998 ], [ -3.1973393199, 54.892530607099999 ], [ -3.1954044533, 54.890374816200001 ], [ -3.1926433561, 54.890851307699997 ], [ -3.1864718777, 54.888287553399998 ], [ -3.1821858886, 54.892589166199997 ], [ -3.1797516645, 54.889323605800001 ], [ -3.1727643303, 54.888690290500001 ], [ -3.1611402883, 54.889449030900003 ], [ -3.1532351089, 54.892148529499998 ], [ -3.1359559142, 54.893120177299998 ], [ -3.1260460372, 54.887766386400003 ], [ -3.1206244417, 54.887897411300003 ], [ -3.1184916732, 54.890253626899998 ], [ -3.1140479052, 54.890806755900002 ], [ -3.0989828551, 54.885497947799998 ], [ -3.0845904036, 54.885348694900003 ], [ -3.0876336758, 54.887792906500003 ], [ -3.0926206823, 54.887730172799998 ], [ -3.0957209313, 54.890524122499997 ], [ -3.0893476008, 54.892378822300003 ], [ -3.077039032, 54.892704270700001 ], [ -3.0761080142, 54.895210866100001 ], [ -3.0702621252, 54.897023934899998 ], [ -3.0682901635, 54.901462814799999 ], [ -3.0613997785, 54.903931682200003 ], [ -3.0575367617, 54.908872171100001 ], [ -3.0580368961, 54.913666770500001 ], [ -3.052991294, 54.916388668800003 ], [ -3.04985954, 54.921933656 ], [ -3.0493028498, 54.931716074800001 ], [ -3.0394580486, 54.934856176499999 ], [ -3.0426382104, 54.937120557299998 ], [ -3.0401833592, 54.938768194200001 ], [ -3.0432876854, 54.941707213100003 ], [ -3.0399717779, 54.943874475599998 ], [ -3.024373794, 54.941328890400001 ], [ -3.0258286002, 54.936544664400003 ], [ -3.0234009934, 54.935603550099998 ], [ -3.0325916334, 54.929414819900003 ], [ -3.0302786635, 54.9237907686 ], [ -3.020095068, 54.9233914008 ], [ -3.0162715627, 54.925220787900003 ], [ -3.0147363997, 54.928702499099998 ], [ -3.0113189055, 54.931193353 ], [ -3.0059221169, 54.931834372499999 ], [ -3.006000772, 54.930683424 ], [ -2.9972199219, 54.9309324229 ], [ -3.0003119468, 54.927240427199997 ], [ -2.994553902, 54.921554158399999 ], [ -2.9859078475, 54.924015085699999 ], [ -2.9848715804, 54.926306114900001 ], [ -2.9746757602, 54.927987955200003 ], [ -2.9796024215, 54.934221058299997 ], [ -2.9779646864, 54.936193347900002 ], [ -2.9632844321, 54.934531229199997 ], [ -2.9500240262, 54.930151223700001 ], [ -2.9392429273, 54.932940052299998 ], [ -2.9402997932, 54.936095184700001 ], [ -2.9280525625, 54.939029105499998 ], [ -2.9223528581, 54.938245723800001 ], [ -2.9170592907, 54.940208922300002 ], [ -2.9103188416, 54.944483308899997 ], [ -2.9108787991, 54.945773187299999 ], [ -2.9073239724, 54.951524248200002 ], [ -2.9081264302, 54.952488809599998 ], [ -2.9065796121, 54.953138404800001 ], [ -2.9087525461, 54.956707835300001 ], [ -2.9060334906, 54.958705145400003 ], [ -2.9166471526, 54.959137853100003 ], [ -2.9208720149, 54.954037473200003 ], [ -2.9305321352, 54.953119166500002 ], [ -2.9306975344, 54.950817323300001 ], [ -2.9342526378, 54.949262323399999 ], [ -2.9386792713, 54.951618665399998 ], [ -2.9543964261, 54.951352492200002 ], [ -2.9583250899, 54.951752942200002 ], [ -2.958198056, 54.952976128400003 ], [ -2.9683440127, 54.952176795500002 ], [ -2.9731635229, 54.950017453500003 ], [ -2.9800169014, 54.9506184193 ], [ -2.9887472584, 54.958339167799998 ], [ -2.9881915861, 54.964966859 ], [ -2.9906863369, 54.967328021199997 ], [ -2.9934066495, 54.968689770700003 ], [ -2.996250499, 54.967462288500002 ], [ -3.0010494781, 54.968231670599998 ], [ -3.007186917, 54.973788665400001 ], [ -3.0180224449, 54.978461364600001 ], [ -3.0204908054, 54.9821431823 ], [ -3.0253484802, 54.983288560699997 ], [ -3.0232982467, 54.986235483400002 ], [ -3.0253514535, 54.986469815900001 ], [ -3.0262253743, 54.988870870500001 ], [ -3.0286978615, 54.988993768299999 ], [ -3.0239243096, 54.993024128199998 ], [ -3.0286717076, 54.994080439699999 ], [ -3.0195312705, 54.9973027311 ], [ -3.0210673851, 54.999311802299999 ], [ -3.0347186308, 55.000068180200003 ], [ -3.0392455707, 55.002833422499997 ], [ -3.0329766089, 55.005888362100002 ], [ -3.0245193363, 55.015144222700002 ], [ -3.0309183967, 55.014640833400001 ], [ -3.0325383353, 55.013171260599997 ], [ -3.0396949416, 55.0147638495 ], [ -3.0349511422, 55.015774855 ], [ -3.0375372263, 55.016597570899997 ], [ -3.0364775765, 55.017352493799997 ], [ -3.038069624, 55.017833184700002 ], [ -3.0376740441, 55.0194721262 ], [ -3.0258783604, 55.021818815099998 ], [ -3.0314897118, 55.0295807404 ], [ -3.0300308667, 55.032477798899997 ], [ -3.0243575782, 55.0345566612 ], [ -3.0227441164, 55.037553780899998 ], [ -3.023129008, 55.041603496100002 ], [ -3.0285243599, 55.043903516100002 ], [ -3.0358823869, 55.043391779499999 ], [ -3.0370384267, 55.044523231500001 ], [ -3.0352688089, 55.0462996694 ], [ -3.0358361042, 55.048873993 ], [ -3.041810162, 55.048679217 ], [ -3.0453162507, 55.0504824199 ], [ -3.0438954683, 55.0518246293 ], [ -3.0447241637, 55.055996282 ], [ -3.0303499122, 55.056487257100002 ], [ -3.0216679736, 55.058591401400001 ], [ -3.0037471677, 55.056296157799999 ], [ -3.0007050428, 55.05420933 ], [ -2.9957963268, 55.055741392500003 ], [ -2.9872804806, 55.055118800800003 ], [ -2.985423866, 55.0534623514 ], [ -2.9629797396, 55.053606046399999 ], [ -2.9592867665, 55.057589269899999 ], [ -2.9478558023, 55.060132131899998 ], [ -2.9490268808, 55.067276247899997 ], [ -2.9469075754, 55.070366125100001 ], [ -2.9435122217, 55.070491338 ], [ -2.9435113497, 55.072450394500002 ], [ -2.937075002, 55.074477126300003 ], [ -2.9281079643, 55.074114464399997 ], [ -2.9184853764, 55.079309708700002 ], [ -2.917221634, 55.082266784600002 ], [ -2.9022089935, 55.080626598599999 ], [ -2.898666186, 55.082602850599997 ], [ -2.8991318803, 55.0852054717 ], [ -2.8975491703, 55.087284021800002 ], [ -2.8989460999, 55.089493358699997 ], [ -2.8918537753, 55.091837040199998 ], [ -2.892650707, 55.095255016 ], [ -2.8905082052, 55.09756223 ], [ -2.8794611422, 55.099745318700002 ], [ -2.8758590277, 55.108452102800001 ], [ -2.8563751546, 55.112131268399999 ], [ -2.8479379548, 55.119379352899998 ], [ -2.8484017589, 55.122027086599999 ], [ -2.846109133, 55.124837773800003 ], [ -2.8421217246, 55.126123484499999 ], [ -2.8342399822, 55.125674478699999 ], [ -2.8385343997, 55.130048281500002 ], [ -2.8390787272, 55.133567160200002 ], [ -2.8294795063, 55.141127443800002 ], [ -2.8191763441, 55.142077798800003 ], [ -2.8111290156, 55.140568024300002 ], [ -2.7993814841, 55.142263183399997 ], [ -2.7893102354, 55.145474019700004 ], [ -2.7785536076, 55.1522469409 ], [ -2.7510471004, 55.161531558699998 ], [ -2.7360465879, 55.170303706299997 ], [ -2.7161852433, 55.175454258199998 ], [ -2.7082669845, 55.176066647900001 ], [ -2.6980849734, 55.188211706700002 ], [ -2.6922196722, 55.192342810100001 ], [ -2.6922372047, 55.195164344299997 ], [ -2.6887764444, 55.198526767499999 ], [ -2.6900184636, 55.203120619899998 ], [ -2.6866318746, 55.206275836400003 ], [ -2.6838131019, 55.205923285499999 ], [ -2.6755471397, 55.200308131500002 ], [ -2.6743428465, 55.195983508499999 ], [ -2.6723678636, 55.195311473 ], [ -2.6842044695, 55.1866010058 ], [ -2.6818944661, 55.182848771300002 ], [ -2.6842715339, 55.179519578600001 ], [ -2.6819659453, 55.1787596928 ], [ -2.6767873302, 55.180801440700002 ], [ -2.672489031, 55.175469509 ], [ -2.6828204932, 55.167207706900001 ], [ -2.6810139536, 55.163452665400001 ], [ -2.6762889275, 55.1606483439 ], [ -2.6751704169, 55.157617232 ], [ -2.6774278843, 55.155618767900002 ], [ -2.673997983, 55.155116751900003 ], [ -2.6726543571, 55.151727251600001 ], [ -2.6675853918, 55.148879560399998 ], [ -2.6627169678, 55.148147202600001 ], [ -2.6597282484, 55.145314412200001 ], [ -2.6600519171, 55.141803571499999 ], [ -2.6579078436, 55.140521161800002 ], [ -2.6575070415, 55.137135545699998 ], [ -2.6483972806, 55.134223433199999 ], [ -2.6468655691, 55.130929159700003 ], [ -2.6353373015, 55.129893515299997 ], [ -2.6323185202, 55.127429043299998 ], [ -2.6244432106, 55.128251422300004 ], [ -2.5988522708, 55.125315677400003 ], [ -2.5964475707, 55.122847301199997 ], [ -2.5887969667, 55.125077138800002 ], [ -2.5635243067, 55.123246648299997 ], [ -2.5625885887, 55.1207348979 ], [ -2.5646762919, 55.119323401599999 ], [ -2.5634180067, 55.1156987934 ], [ -2.5590315101, 55.114811445199997 ], [ -2.5563736507, 55.108569265900002 ], [ -2.545620894, 55.108581970499998 ], [ -2.551295397, 55.104045373200002 ], [ -2.5409411443, 55.100982602899997 ], [ -2.5384324264, 55.103222284 ], [ -2.5332603814, 55.104395267699999 ], [ -2.5275434003, 55.102299441 ], [ -2.513806441, 55.104119458200003 ], [ -2.4983968416, 55.102619917399998 ], [ -2.4785060146, 55.106533458800001 ], [ -2.4707094756, 55.099117677700001 ], [ -2.4670916661, 55.097963415400002 ], [ -2.458405426, 55.100287884899998 ], [ -2.4503398031, 55.096570778 ], [ -2.4511756992, 55.094267239499999 ], [ -2.4458959556, 55.095742439699997 ], [ -2.4339055871, 55.095462262399998 ], [ -2.4373873684, 55.092879778099999 ], [ -2.4347881598, 55.090157311600002 ], [ -2.4370609385, 55.087372426 ], [ -2.4450356739, 55.084602806299998 ], [ -2.451550575, 55.0844350371 ], [ -2.4551467919, 55.081078804599997 ], [ -2.4585038849, 55.081515513 ], [ -2.4621809787, 55.079812214299999 ], [ -2.4623975688, 55.076863938300001 ], [ -2.4710865529, 55.076552012299999 ], [ -2.4721334688, 55.0750181744 ], [ -2.4724026632, 55.0726110174 ], [ -2.4703279791, 55.070282652099998 ], [ -2.4597865387, 55.069073854599999 ], [ -2.4520765636, 55.069965406199998 ], [ -2.4506697758, 55.067409571200002 ], [ -2.4522013662, 55.065759424600003 ], [ -2.4483438884, 55.059654085399998 ], [ -2.4528932495, 55.059089122700001 ], [ -2.4562707167, 55.054601395100001 ], [ -2.4640511895, 55.051948010300002 ], [ -2.4633225999, 55.045786265399997 ], [ -2.4597872727, 55.043723866800001 ], [ -2.4642005247, 55.039154266200001 ], [ -2.4642419209, 55.0359698368 ], [ -2.4701986376, 55.032909623099997 ], [ -2.484449072, 55.030121901599998 ], [ -2.487404949, 55.028762161700001 ], [ -2.4877132834, 55.025813443200001 ], [ -2.4911970132, 55.0241639324 ], [ -2.4906467694, 55.022656466 ], [ -2.5048967043, 55.018985685399997 ], [ -2.5069775665, 55.016568716 ], [ -2.5132394087, 55.015837191899998 ], [ -2.522928622, 55.017723317700003 ], [ -2.5273302505, 55.015583558199999 ], [ -2.5526466368, 55.011139785200001 ], [ -2.5522707089, 55.009955501299999 ], [ -2.5617930768, 55.004352690700003 ], [ -2.5548455737, 54.991467758 ], [ -2.5606858933, 54.989989682400001 ], [ -2.5605911536, 54.988799429499998 ], [ -2.5716685369, 54.983095456100003 ], [ -2.5694244839, 54.981317705899997 ], [ -2.5700523405, 54.977109158300003 ], [ -2.5658567926, 54.9742890741 ], [ -2.5673006266, 54.972538994700002 ], [ -2.562478785, 54.967331345700003 ], [ -2.5636282122, 54.965756696600003 ], [ -2.5625443147, 54.9641947677 ], [ -2.5718786216, 54.9627044466 ], [ -2.5727918511, 54.961028683199999 ], [ -2.5701302041, 54.9605559325 ], [ -2.5715641765, 54.9581588247 ], [ -2.5778959889, 54.956484342099998 ], [ -2.5927766945, 54.958542492600003 ], [ -2.5998322063, 54.957286095400001 ], [ -2.5944572179, 54.956018098599998 ], [ -2.5936560507, 54.952517323499997 ], [ -2.60611002, 54.952114374099999 ], [ -2.6035562106, 54.948406713700003 ], [ -2.6141995327, 54.947032391699999 ], [ -2.6127404021, 54.944568494199999 ], [ -2.6418126175, 54.942890750499998 ], [ -2.6427241705, 54.939363251099998 ], [ -2.6402714209, 54.938247067 ], [ -2.6431178608, 54.936647263899999 ], [ -2.6446366842, 54.934024161499998 ], [ -2.6431830343, 54.932908558500003 ], [ -2.646277842, 54.931256604700003 ], [ -2.6454436626, 54.929841179199997 ], [ -2.6468367726, 54.929132828 ], [ -2.6434097494, 54.928147227700002 ], [ -2.6510303529, 54.9201803367 ], [ -2.6612218181, 54.913742449899999 ], [ -2.6726854514, 54.909896164400003 ], [ -2.6706462608, 54.906393755300002 ], [ -2.6722087097, 54.9009482819 ], [ -2.6698271855, 54.899334220699998 ], [ -2.6634894648, 54.899872907700001 ], [ -2.6599950461, 54.895973827500001 ], [ -2.6510344345, 54.899661720499999 ], [ -2.6475624026, 54.899509536799997 ], [ -2.639902136, 54.89730351 ], [ -2.6310725759, 54.892056623599998 ], [ -2.6161299949, 54.8936610493 ], [ -2.6118127903, 54.887599056399999 ], [ -2.6047792082, 54.883240597 ], [ -2.604069862, 54.880628350099997 ], [ -2.5956821735, 54.879417984600003 ], [ -2.5956061601, 54.877435018299998 ], [ -2.5907645003, 54.874600963 ], [ -2.5872144187, 54.8683815491 ], [ -2.5792997422, 54.864088073200001 ], [ -2.5790110661, 54.861339577199999 ], [ -2.571951426, 54.856762922800002 ], [ -2.571470575, 54.854707311299997 ], [ -2.5797943286, 54.850785660500001 ], [ -2.5835899018, 54.846148392 ], [ -2.579245949, 54.841864647599998 ], [ -2.5778646063, 54.835643553499999 ], [ -2.5728977286, 54.8345168229 ], [ -2.5688902866, 54.828532656199997 ], [ -2.5634795384, 54.824513949599996 ], [ -2.5623605009, 54.8201516707 ], [ -2.5581292711, 54.816863900500003 ], [ -2.5540652768, 54.814456402700003 ], [ -2.5419149943, 54.812327507799999 ], [ -2.5459577964, 54.804050755600002 ], [ -2.5457362386, 54.801463616200003 ], [ -2.5430669282, 54.800361265900001 ], [ -2.5468091775, 54.793370850899997 ], [ -2.5495666465, 54.792567567900001 ], [ -2.550885991, 54.788742275899999 ], [ -2.5489101709, 54.787735747100001 ], [ -2.5464444541, 54.780171165699997 ], [ -2.5440925709, 54.777539638100002 ], [ -2.5471419531, 54.775407028 ], [ -2.5511188826, 54.767200278700003 ], [ -2.5574132996, 54.7626511888 ], [ -2.5501546532, 54.753113591499996 ], [ -2.5504070515, 54.749113380700003 ], [ -2.5532696667, 54.7471322695 ], [ -2.5514820601, 54.745909241 ], [ -2.551491689, 54.7409036245 ], [ -2.534964839, 54.7326380477 ], [ -2.5346022005, 54.731264685200003 ], [ -2.5290669668, 54.730507132600003 ], [ -2.5139540141, 54.719177047 ], [ -2.5041738684, 54.716683885599998 ], [ -2.4898712767, 54.704628486399997 ], [ -2.4856714038, 54.702506559699998 ], [ -2.4715450933, 54.700729078800002 ], [ -2.4599366824, 54.691298611800001 ], [ -2.4530871225, 54.688029412799999 ], [ -2.4491072417, 54.681061556499998 ], [ -2.444700298, 54.678022332499999 ], [ -2.4390096888, 54.676677112199997 ], [ -2.4340845077, 54.668552890699999 ], [ -2.4311946657, 54.666990537 ], [ -2.4248965314, 54.658771960400003 ], [ -2.4281730817, 54.654905102699999 ], [ -2.4266412454, 54.646283223300003 ], [ -2.4276221375, 54.643772454800001 ], [ -2.4210999953, 54.6407555117 ], [ -2.4154618184, 54.6412535718 ], [ -2.4093736447, 54.635028509599998 ], [ -2.3980146211, 54.636270621599998 ], [ -2.3911920843, 54.632437540399998 ], [ -2.3873476953, 54.625646916299999 ], [ -2.3879068077, 54.622553672400002 ], [ -2.3842116216, 54.621576914199998 ], [ -2.384417357, 54.617118813899999 ], [ -2.3805100872, 54.6132668423 ], [ -2.3762095566, 54.6120131164 ], [ -2.368534504, 54.614984439 ], [ -2.3601392513, 54.613922316 ], [ -2.3481282791, 54.604602219900002 ], [ -2.3484061641, 54.603496043699998 ], [ -2.3404960618, 54.599806981699999 ], [ -2.3402265819, 54.595341332300002 ], [ -2.3355108932, 54.593968156199999 ], [ -2.3346579006, 54.590050337500003 ], [ -2.3309913664, 54.586362167700003 ], [ -2.331219385, 54.5839530752 ], [ -2.3285428122, 54.582055168700002 ], [ -2.3126133775, 54.578880110100002 ], [ -2.3063206483, 54.579934196700002 ], [ -2.2947569378, 54.574143961 ], [ -2.2878882354, 54.574070641 ], [ -2.2860188273, 54.576609361800003 ], [ -2.2807364074, 54.577809596599998 ], [ -2.2716299661, 54.576319015400003 ], [ -2.2663639987, 54.573086488500003 ], [ -2.2654817782, 54.570530853299999 ], [ -2.2598091238, 54.568175971700001 ], [ -2.2612823365, 54.564488195800003 ], [ -2.2603900993, 54.5628005608 ], [ -2.2562797495, 54.562039408099999 ], [ -2.2561497309, 54.559852985500001 ], [ -2.2518309899, 54.556626796800003 ], [ -2.2461683808, 54.5534930659 ], [ -2.2390076842, 54.553112016599997 ], [ -2.2401762657, 54.552015795899997 ], [ -2.2385598743, 54.550560636500002 ], [ -2.2345623713, 54.551695949 ], [ -2.230798664, 54.550503812099997 ], [ -2.2310939253, 54.548040850900001 ], [ -2.2328825362, 54.547228600799997 ], [ -2.2327698115, 54.543723943099998 ], [ -2.2403230757, 54.542801451499997 ], [ -2.2342511191, 54.537879619400002 ], [ -2.2259342522, 54.537518007599999 ], [ -2.2251512091, 54.535650200600003 ], [ -2.2217639226, 54.535135226500003 ], [ -2.2114159159, 54.534731393500003 ], [ -2.2021630744, 54.524744839900002 ], [ -2.1887416145, 54.529116204499999 ], [ -2.1713511151, 54.523714055399999 ], [ -2.1841916731, 54.513827553100001 ], [ -2.1842299689, 54.5086150936 ], [ -2.1891330467, 54.506855067799997 ], [ -2.1880982876, 54.503486593399998 ], [ -2.1937349182, 54.500278340599998 ], [ -2.1928309623, 54.498500377799999 ], [ -2.1989703723, 54.497304144399997 ], [ -2.2020667321, 54.4927516184 ], [ -2.2064508695, 54.492695121300002 ], [ -2.2074014414, 54.491394981500001 ], [ -2.2069527236, 54.485077453099997 ], [ -2.1930574114, 54.481047394 ], [ -2.1945210138, 54.4772525526 ], [ -2.1935208673, 54.474611995899998 ], [ -2.1856244314, 54.475577013500001 ], [ -2.18158046, 54.471898513200003 ], [ -2.1919976572, 54.4722778195 ], [ -2.1938695141, 54.470028087800003 ], [ -2.1974175894, 54.469878545900002 ], [ -2.1964503234, 54.467660344700001 ], [ -2.2001159289, 54.464501309399999 ], [ -2.2143723369, 54.459761305 ], [ -2.2301945711, 54.459737111 ], [ -2.2366970798, 54.458502306900002 ], [ -2.2483247584, 54.452924987800003 ], [ -2.253941924, 54.453874911699998 ], [ -2.2650851426, 54.449833768399998 ], [ -2.2701588853, 54.449813500099999 ], [ -2.2694118899, 54.4487945427 ], [ -2.2715058509, 54.447400352899997 ], [ -2.266771806, 54.4445951123 ], [ -2.266255007, 54.442362952700002 ], [ -2.2856397958, 54.438355398 ], [ -2.2858099013, 54.436216082199998 ], [ -2.2915940265, 54.4344407902 ], [ -2.297775492, 54.428008952200003 ], [ -2.3035629897, 54.4263139579 ], [ -2.3086275631, 54.419911316399997 ], [ -2.30764205, 54.411789522900001 ], [ -2.3059825551, 54.410330956899998 ], [ -2.3069500111, 54.405608175099999 ], [ -2.3045550727, 54.402747363 ], [ -2.3061086102, 54.398304769399999 ], [ -2.2918353793, 54.390340659099998 ], [ -2.2919429314, 54.388138558599998 ], [ -2.2943377722, 54.387108209600001 ], [ -2.2928882, 54.386487136100001 ], [ -2.2920411354, 54.382449447399999 ], [ -2.2973510895, 54.377933963300002 ], [ -2.2968589678, 54.367339316299997 ], [ -2.3210080453, 54.3656731206 ], [ -2.3296990745, 54.362949214499999 ], [ -2.3386752079, 54.363445601400002 ], [ -2.3452941045, 54.359939818599997 ], [ -2.3551851652, 54.357736205 ], [ -2.3566956407, 54.355869811 ], [ -2.3644650335, 54.3543922223 ], [ -2.3797818507, 54.365210495100001 ], [ -2.3806143862, 54.368694890599997 ], [ -2.3827195425, 54.369973394699997 ], [ -2.3820551797, 54.379645661300003 ], [ -2.3744279887, 54.384019327200001 ], [ -2.3838475383, 54.388582189799997 ], [ -2.3854433102, 54.391255268199998 ], [ -2.3912773616, 54.392602537 ], [ -2.3953251815, 54.398743210799999 ], [ -2.4036107536, 54.397055483899997 ], [ -2.4195959199, 54.4014675711 ], [ -2.4306818513, 54.396476612900003 ], [ -2.4387135359, 54.401480481900002 ], [ -2.4468726012, 54.401019168099999 ], [ -2.4508964058, 54.398523753200003 ], [ -2.4660702135, 54.400351326399999 ], [ -2.4649955146, 54.404455697400003 ], [ -2.4577428612, 54.406119076499998 ], [ -2.4561406629, 54.4088931776 ], [ -2.4488157166, 54.411589807799999 ], [ -2.4468928696, 54.4170431358 ], [ -2.4478537456, 54.430259604500002 ], [ -2.4441310679, 54.432394308200003 ], [ -2.4456075869, 54.434923226800002 ], [ -2.4442056784, 54.439287126700002 ], [ -2.4461107923, 54.444339827100002 ], [ -2.4483722388, 54.445266107599998 ], [ -2.4501056847, 54.448656771499998 ], [ -2.4500419663, 54.452687885899998 ], [ -2.4574026608, 54.453033018600003 ], [ -2.4608766539, 54.458852380300002 ], [ -2.4666585606, 54.458623512499997 ], [ -2.4723681945, 54.456139824399997 ], [ -2.4791057774, 54.459850945500001 ], [ -2.4820295818, 54.459246167099998 ], [ -2.4877303214, 54.461272334199997 ], [ -2.4900209223, 54.464480432099997 ], [ -2.4930077891, 54.463973990699998 ], [ -2.4948974642, 54.469708994100003 ], [ -2.4907213033, 54.475302488700002 ], [ -2.4931969115, 54.478406388800003 ], [ -2.5124683736, 54.481776522200001 ], [ -2.5174695238, 54.478945430099998 ], [ -2.5213880561, 54.480417989300001 ], [ -2.5295531178, 54.479322007599997 ], [ -2.5373427765, 54.475477102 ], [ -2.5404397415, 54.475522650199999 ], [ -2.5462661972, 54.476919918599997 ], [ -2.5469276317, 54.479073856299998 ], [ -2.5540870895, 54.483525782199997 ], [ -2.5637274614, 54.484182183 ], [ -2.5691152659, 54.482584190700003 ], [ -2.5805495267, 54.484381133500001 ], [ -2.5868522552, 54.481955636800002 ], [ -2.5955022056, 54.483760158800003 ], [ -2.6000457804, 54.480987633799998 ], [ -2.613180591, 54.480022985300003 ], [ -2.6138381948, 54.4826798267 ], [ -2.6210366072, 54.4851055098 ], [ -2.6292080145, 54.491524925100002 ], [ -2.6341307558, 54.493395505199999 ], [ -2.6374251943, 54.496757319399997 ], [ -2.6372246052, 54.4997420889 ], [ -2.6498968047, 54.502352766100003 ], [ -2.6611348271, 54.5002068131 ], [ -2.6627499661, 54.496962612399997 ], [ -2.6593521491, 54.490186946800002 ], [ -2.663267125, 54.486948137399999 ], [ -2.6714191249, 54.488925222299997 ], [ -2.6781100613, 54.486542224799997 ], [ -2.682927759, 54.488492263200001 ], [ -2.6879159617, 54.487412477900001 ], [ -2.6986260854, 54.478480728199997 ], [ -2.7132948691, 54.4700369667 ], [ -2.7216962552, 54.468710897800001 ], [ -2.7319931128, 54.464694592199997 ], [ -2.7341265781, 54.462353930200003 ], [ -2.7412347217, 54.464710144900003 ], [ -2.75312498, 54.465715076499997 ], [ -2.7708363514, 54.463644163200001 ], [ -2.7772569808, 54.4597205468 ], [ -2.7956142551, 54.468476207199998 ], [ -2.7961147206, 54.475972484800003 ], [ -2.8001136206, 54.476862769 ], [ -2.8059265857, 54.481308728099997 ], [ -2.8114396438, 54.476787244800001 ], [ -2.8178694664, 54.474050800599997 ], [ -2.820051292, 54.476801009100001 ], [ -2.8261162031, 54.4798063705 ], [ -2.8352992342, 54.476068442299997 ], [ -2.8518540908, 54.478845788400001 ], [ -2.8534069669, 54.479291343900002 ], [ -2.8547840814, 54.483911883499999 ], [ -2.8651486643, 54.487190375399997 ], [ -2.8658270882, 54.489342423 ] ] ], [ [ [ -2.1150825509, 55.417548728100002 ], [ -2.124642612, 55.42352371 ], [ -2.1309341419, 55.424577418600002 ], [ -2.1425771401, 55.419855958500001 ], [ -2.1559064701, 55.422867756700001 ], [ -2.1521406599, 55.4255053089 ], [ -2.1518883933, 55.433862164200001 ], [ -2.1588214909, 55.444528139799999 ], [ -2.1591274647, 55.449847159900003 ], [ -2.1549729052, 55.454731623599997 ], [ -2.156158813, 55.458737642 ], [ -2.1546668344, 55.469414245899998 ], [ -2.1665218846, 55.467511720499999 ], [ -2.1742779411, 55.472433974300003 ], [ -2.2014996811, 55.475105753699999 ], [ -2.2064044621, 55.481279573899997 ], [ -2.2023954207, 55.4893552132 ], [ -2.2171961021, 55.504425366600003 ], [ -2.2213107431, 55.506960827500002 ], [ -2.2264725917, 55.507047019799998 ], [ -2.2288952698, 55.509824123500003 ], [ -2.224432733, 55.522658147 ], [ -2.2322196705, 55.533887894199999 ], [ -2.2310437505, 55.5386883157 ], [ -2.2319226801, 55.542640220599999 ], [ -2.2291281698, 55.544415559800001 ], [ -2.2291386336, 55.546212614700003 ], [ -2.2354255023, 55.545401029700002 ], [ -2.2437674714, 55.5514767847 ], [ -2.2529487613, 55.554549126700003 ], [ -2.2529978568, 55.557253619299999 ], [ -2.255390611, 55.559539918600002 ], [ -2.2639289239, 55.560887588 ], [ -2.2808529555, 55.5730520539 ], [ -2.2888895469, 55.574668696 ], [ -2.2940226425, 55.5781787369 ], [ -2.2985298807, 55.586883611200001 ], [ -2.2900305005, 55.591738130499998 ], [ -2.2899336707, 55.595817693299999 ], [ -2.2950943458, 55.598393143300001 ], [ -2.2950143818, 55.600424015800002 ], [ -2.2992842113, 55.602606076699999 ], [ -2.3012819588, 55.606482832600001 ], [ -2.3042098414, 55.607428041600002 ], [ -2.3038135566, 55.609549555100003 ], [ -2.311550861, 55.608397982600003 ], [ -2.3188806256, 55.615756060300001 ], [ -2.3132666838, 55.620523754200001 ], [ -2.3113295448, 55.6265308559 ], [ -2.3092548769, 55.627254929199999 ], [ -2.3101614529, 55.6294360598 ], [ -2.3130890389, 55.630102513200001 ], [ -2.3083516646, 55.6315521641 ], [ -2.3010972729, 55.630006759099999 ], [ -2.2957378845, 55.631169920200001 ], [ -2.2762148286, 55.639715512599999 ], [ -2.2732275499, 55.639614383800001 ], [ -2.2734912456, 55.640979552799998 ], [ -2.2560521777, 55.641646183699997 ], [ -2.2441462872, 55.638022467799999 ], [ -2.2354751559, 55.638398841700003 ], [ -2.2302289305, 55.643126054699998 ], [ -2.2340978318, 55.6471710641 ], [ -2.2246878155, 55.646523766599998 ], [ -2.2248081899, 55.650890362299997 ], [ -2.2193782591, 55.651717854300003 ], [ -2.21466079, 55.655005807499997 ], [ -2.2086504373, 55.654423161300002 ], [ -2.208547053, 55.652913822199999 ], [ -2.2046108531, 55.650799946200003 ], [ -2.1994813781, 55.651419395799998 ], [ -2.1986137222, 55.649533910599999 ], [ -2.1835112241, 55.651417349 ], [ -2.1860252438, 55.655465929 ], [ -2.184382513, 55.6576068886 ], [ -2.1849311928, 55.659367160499997 ], [ -2.1824911595, 55.661006122899998 ], [ -2.1830447573, 55.663826647199997 ], [ -2.2016744418, 55.663797413899999 ], [ -2.200636389, 55.672164324800001 ], [ -2.2078562379, 55.6754678287 ], [ -2.2035556515, 55.677092374799997 ], [ -2.2089117173, 55.679581244200001 ], [ -2.2026657658, 55.683347525599999 ], [ -2.1927245393, 55.683058057399997 ], [ -2.1858936577, 55.684658933800002 ], [ -2.1879231393, 55.686677543599998 ], [ -2.1761038692, 55.689803950699996 ], [ -2.1773905413, 55.692928927 ], [ -2.162418837, 55.696112442199997 ], [ -2.1569090106, 55.702705718600001 ], [ -2.158727329, 55.703790578499998 ], [ -2.1578151023, 55.706433382199997 ], [ -2.1658943852, 55.705362473900003 ], [ -2.1663944457, 55.706953134400003 ], [ -2.1633992832, 55.709930265 ], [ -2.1559705647, 55.710766569 ], [ -2.1546240335, 55.712340669100001 ], [ -2.1526408781, 55.7098722474 ], [ -2.1430609544, 55.710027560900002 ], [ -2.1416541662, 55.708286082100003 ], [ -2.130201488, 55.709862190199999 ], [ -2.1146156664, 55.707954941600001 ], [ -2.1062815515, 55.709642626099999 ], [ -2.1107442592, 55.712019771 ], [ -2.110860384, 55.7136819105 ], [ -2.1291010784, 55.713978534 ], [ -2.1292082234, 55.7175005816 ], [ -2.1362149205, 55.718355566900001 ], [ -2.1359177024, 55.719856408299997 ], [ -2.1392167883, 55.720966859100002 ], [ -2.1386227436, 55.724031449400002 ], [ -2.1306637799, 55.728460852300003 ], [ -2.1253610976, 55.728951583 ], [ -2.1255878225, 55.730137381900001 ], [ -2.1217080241, 55.731848459799998 ], [ -2.1246413001, 55.732905752199997 ], [ -2.1255412362, 55.735456595599999 ], [ -2.1175015423, 55.736237280099999 ], [ -2.1178081334, 55.737566776400001 ], [ -2.1154866574, 55.738808924499999 ], [ -2.1111528475, 55.7381480353 ], [ -2.1091814057, 55.739353806 ], [ -2.0931492842, 55.735108116799999 ], [ -2.0823195237, 55.734648648799997 ], [ -2.0725555388, 55.7419866356 ], [ -2.0493422989, 55.7491143596 ], [ -2.0509021126, 55.748071454600002 ], [ -2.0436153829, 55.742027288400003 ], [ -2.0534264877, 55.741888661 ], [ -2.0593627918, 55.738848973700001 ], [ -2.0636800587, 55.729879703500004 ], [ -2.0668296121, 55.728063038400002 ], [ -2.068439817, 55.720191214099998 ], [ -2.0734994941, 55.718894427099997 ], [ -2.075657416, 55.715317044300001 ], [ -2.0712288544, 55.713271098699998 ], [ -2.0782634158, 55.713158982 ], [ -2.079752811, 55.709887442899998 ], [ -2.0917409993, 55.7050809992 ], [ -2.0897247163, 55.7001586481 ], [ -2.0836097915, 55.697683082200001 ], [ -2.0885367099, 55.695469277299999 ], [ -2.0893242063, 55.6920004447 ], [ -2.0807952638, 55.690694540899997 ], [ -2.0799018095, 55.689383297500001 ], [ -2.0847496426, 55.687735713599999 ], [ -2.0818330899, 55.684961332500002 ], [ -2.075565514, 55.6843004622 ], [ -2.0761390922, 55.6807509737 ], [ -2.080231573, 55.680047517299997 ], [ -2.0786661275, 55.676068110499997 ], [ -2.0743071193, 55.674902765 ], [ -2.0614987094, 55.679456364 ], [ -2.057424635, 55.677319879599999 ], [ -2.055830273, 55.674355517099997 ], [ -2.0582119484, 55.672126086399999 ], [ -2.0670156339, 55.669551820899997 ], [ -2.0697101562, 55.664985848900002 ], [ -2.0800545988, 55.663038719 ], [ -2.0759425837, 55.661468934699997 ], [ -2.0749732474, 55.657453156800003 ], [ -2.0462689092, 55.656353231899999 ], [ -2.0465357567, 55.653522753799997 ], [ -2.0556725685, 55.652970876700003 ], [ -2.0660086783, 55.647553022499999 ], [ -2.0679759064, 55.645785439100003 ], [ -2.0673202737, 55.6433688256 ], [ -2.0420133702, 55.645042415 ], [ -2.0298580412, 55.643850968499997 ], [ -2.0248697139, 55.644463085 ], [ -2.0196381006, 55.648126411299998 ], [ -2.0146553312, 55.648487915 ], [ -2.0110470186, 55.643656469100002 ], [ -1.999925717, 55.641877919800002 ], [ -1.9933484475, 55.642596569799998 ], [ -1.9946197064, 55.640386269099999 ], [ -1.9980511416, 55.6402066602 ], [ -1.9992902892, 55.637870516900001 ], [ -1.9901728473, 55.635102699599997 ], [ -1.9896332504, 55.633305613300003 ], [ -1.9715594305, 55.631272133300001 ], [ -1.9674911517, 55.634128431699999 ], [ -1.9528962597, 55.632254802699997 ], [ -1.9362796848, 55.634116259300001 ], [ -1.9319720102, 55.635964910399998 ], [ -1.9217174143, 55.6325624061 ], [ -1.9189943599, 55.628265706500002 ], [ -1.9229352467, 55.627082186599999 ], [ -1.9241780666, 55.624944473600003 ], [ -1.9213375126, 55.623959763400002 ], [ -1.9211388559, 55.620072566499999 ], [ -1.90650207, 55.612218212899997 ], [ -1.9026589861, 55.606347842 ], [ -1.8919744043, 55.601432965 ], [ -1.8929612041, 55.600391536700002 ], [ -1.8886214972, 55.597314718299998 ], [ -1.8887241684, 55.594673139599998 ], [ -1.8840648431, 55.592701056700001 ], [ -1.8852779221, 55.590231241700003 ], [ -1.8900284286, 55.587890381400001 ], [ -1.8888736549, 55.586676370799999 ], [ -1.8829376079, 55.58758736 ], [ -1.8713234771, 55.578177124699998 ], [ -1.8638188629, 55.57425144 ], [ -1.8621927475, 55.572129094899999 ], [ -1.8633909229, 55.569596571 ], [ -1.8609199608, 55.559799791300001 ], [ -1.8537239994, 55.559360134599999 ], [ -1.8421019729, 55.555742617900002 ], [ -1.8418133325, 55.550638606200003 ], [ -1.848286765, 55.546854920800001 ], [ -1.8528700774, 55.541774786200001 ], [ -1.8509355611, 55.537908745499998 ], [ -1.8535269075, 55.535584654099999 ], [ -1.8515813113, 55.530514565600001 ], [ -1.8528909227, 55.527676761800002 ], [ -1.8584983529, 55.527737266400003 ], [ -1.8617724308, 55.524632054 ], [ -1.8664602305, 55.524843907 ], [ -1.8727733363, 55.522074127400003 ], [ -1.8732208506, 55.520816635800003 ], [ -1.8707879703, 55.518927166899999 ], [ -1.8774043262, 55.5150072924 ], [ -1.8744494319, 55.512982633199996 ], [ -1.8762674303, 55.5088871337 ], [ -1.8761572023, 55.5036395423 ], [ -1.8722650164, 55.502934690899998 ], [ -1.8751874161, 55.499918596900002 ], [ -1.8721006087, 55.497480378200002 ], [ -1.8718998689, 55.493481644500001 ], [ -1.8744191044, 55.492621646899998 ], [ -1.874967379, 55.489405421299999 ], [ -1.8762978871, 55.489029382299996 ], [ -1.8667554902, 55.484257106800001 ], [ -1.8658217539, 55.479637568599998 ], [ -1.8533230624, 55.4795513774 ], [ -1.8459163934, 55.476055944599999 ], [ -1.8407671868, 55.470100983899997 ], [ -1.8404286193, 55.467764321200001 ], [ -1.8420242769, 55.464262051799999 ], [ -1.8447810719, 55.4630076053 ], [ -1.8417271928, 55.4594544359 ], [ -1.8427179385, 55.456858905099999 ], [ -1.8459130098, 55.456611368200001 ], [ -1.8487270178, 55.452625314 ], [ -1.8412512497, 55.451950935799999 ], [ -1.8404688034, 55.449946154099997 ], [ -1.8484469718, 55.447305553200003 ], [ -1.8473478554, 55.445363320799999 ], [ -1.8562772479, 55.441564258500001 ], [ -1.858203644, 55.437711675499997 ], [ -1.8616954617, 55.437994256499998 ], [ -1.8604409963, 55.4396641413 ], [ -1.8616864298, 55.440582073800002 ], [ -1.8686386705, 55.441290588500003 ], [ -1.8771345383, 55.438729539 ], [ -1.881310033, 55.443028723600001 ], [ -1.8918668245, 55.4438381935 ], [ -1.8904532618, 55.440548244799999 ], [ -1.8929258896, 55.437989557900003 ], [ -1.8934792808, 55.432023657899997 ], [ -1.8971114427, 55.426878012300001 ], [ -1.9111342105, 55.423375670299997 ], [ -1.915027649, 55.420161607300003 ], [ -1.9210163239, 55.419491692100003 ], [ -1.9248639936, 55.414794670699997 ], [ -1.9323838204, 55.414134111899997 ], [ -1.9362081615, 55.412968037100001 ], [ -1.9374593188, 55.410830120699998 ], [ -1.9401747243, 55.4116042299 ], [ -1.9449311001, 55.409953112799997 ], [ -1.9526012959, 55.414592849400002 ], [ -1.9547498317, 55.41428815 ], [ -1.9560880998, 55.418224302200002 ], [ -1.9585361508, 55.4186834116 ], [ -1.9581544235, 55.421154303900003 ], [ -1.9698931084, 55.4202591775 ], [ -1.9791372636, 55.415534692 ], [ -1.9892453582, 55.420334252 ], [ -2.0028625618, 55.413990874 ], [ -2.016856028, 55.411347967 ], [ -2.0242454288, 55.407644664400003 ], [ -2.0392536736, 55.412798440800003 ], [ -2.0470257614, 55.413676266700001 ], [ -2.0492952676, 55.409685786499999 ], [ -2.0548539201, 55.409198188799998 ], [ -2.063786764, 55.4053659928 ], [ -2.0721784004, 55.408739879099997 ], [ -2.0811321615, 55.408267015 ], [ -2.0925059486, 55.402714774099998 ], [ -2.1028884976, 55.405806518799999 ], [ -2.1073862666, 55.410529045099999 ], [ -2.1064526326, 55.415723509300001 ], [ -2.1150825509, 55.417548728100002 ] ] ] ] } },
{ "type": "Feature", "properties": { "river_basin_district": "Humber" }, "geometry": { "type": "MultiPolygon", "coordinates": [ [ [ [ -2.0290964165, 52.459830108799999 ], [ -2.0342963493, 52.4658340135 ], [ -2.0449002746, 52.471673924699999 ], [ -2.0445211707, 52.475270056200003 ], [ -2.0468783102, 52.476707534799999 ], [ -2.0476176607, 52.479655945300003 ], [ -2.0465917192, 52.484115374 ], [ -2.045134592, 52.4847901885 ], [ -2.0460891556, 52.487828421099998 ], [ -2.052046423, 52.489408167900002 ], [ -2.0539649218, 52.492625703400002 ], [ -2.0493883867, 52.496151768300003 ], [ -2.0529107512, 52.497822365499999 ], [ -2.0506737998, 52.499567395900002 ], [ -2.0509411862, 52.501491125 ], [ -2.0561299985, 52.504149783599999 ], [ -2.0659685407, 52.502454580600002 ], [ -2.0736977602, 52.5083294107 ], [ -2.0766135759, 52.50750947 ], [ -2.0794178892, 52.510267519300001 ], [ -2.0899654736, 52.509235097599998 ], [ -2.0951293659, 52.512485396800002 ], [ -2.099563902, 52.518684775200001 ], [ -2.1061980739, 52.519721822500003 ], [ -2.1079401952, 52.520987818599998 ], [ -2.1071185405, 52.5224898799 ], [ -2.1206974292, 52.5296417263 ], [ -2.1189647017, 52.532106712800001 ], [ -2.1190817598, 52.537221836100002 ], [ -2.1209996817, 52.537678350900002 ], [ -2.1194402664, 52.538938540099998 ], [ -2.1211775671, 52.543386756 ], [ -2.1252666069, 52.546461043800001 ], [ -2.1249639028, 52.557802539599997 ], [ -2.1316857832, 52.5613102481 ], [ -2.1336198699, 52.566701978499999 ], [ -2.1295063982, 52.567614550599998 ], [ -2.1270375124, 52.5709614461 ], [ -2.1226168884, 52.573015795400003 ], [ -2.1238628747, 52.575333869300003 ], [ -2.1219348899, 52.577151817299999 ], [ -2.1250526826, 52.578604908899997 ], [ -2.1252007728, 52.580627459600002 ], [ -2.1232333645, 52.582364560499997 ], [ -2.1257805662, 52.585418410599999 ], [ -2.1198824547, 52.587739586 ], [ -2.1091968555, 52.587772246500002 ], [ -2.1089078177, 52.590253696799998 ], [ -2.0987646917, 52.595782342 ], [ -2.1007466364, 52.597398829299998 ], [ -2.0994559483, 52.6011396711 ], [ -2.0947617582, 52.601593018599999 ], [ -2.095148378, 52.602851276199999 ], [ -2.0930236351, 52.603536191300002 ], [ -2.0920109954, 52.606476639199997 ], [ -2.0964589669, 52.607956402399999 ], [ -2.0969957753, 52.6103022912 ], [ -2.104361659, 52.6151414948 ], [ -2.1062038553, 52.619589781599998 ], [ -2.1077390959, 52.619210822500001 ], [ -2.1081976069, 52.613483929700003 ], [ -2.1169961165, 52.612091124599999 ], [ -2.1168126146, 52.609735988300002 ], [ -2.1192462734, 52.608636806699998 ], [ -2.1234847808, 52.608749321799998 ], [ -2.1270084196, 52.611865036799998 ], [ -2.1304603088, 52.610557762299997 ], [ -2.1312340357, 52.607563313599996 ], [ -2.1335475467, 52.605960543800002 ], [ -2.1373942161, 52.608329435400002 ], [ -2.1366093235, 52.61234877 ], [ -2.1394267651, 52.615941386099998 ], [ -2.1431777482, 52.615784077900003 ], [ -2.1540683108, 52.621505854500001 ], [ -2.1591738546, 52.6223441303 ], [ -2.1639855901, 52.619047307899997 ], [ -2.1637444218, 52.617753117200003 ], [ -2.1622304709, 52.615759477 ], [ -2.1534460578, 52.612543875 ], [ -2.1573180417, 52.613275948400002 ], [ -2.1673782465, 52.6101067313 ], [ -2.1687737861, 52.604351293100002 ], [ -2.1767957022, 52.6017055684 ], [ -2.1723232342, 52.598278071400003 ], [ -2.1727254626, 52.595445700799999 ], [ -2.1755387695, 52.593850365100003 ], [ -2.1746041364, 52.592692065100003 ], [ -2.1774594095, 52.590584202300001 ], [ -2.1865730264, 52.588520501399998 ], [ -2.1943621695, 52.590863286500003 ], [ -2.2160935339, 52.588434294499997 ], [ -2.2178453366, 52.590462777900001 ], [ -2.2226277129, 52.590417915400003 ], [ -2.2257754478, 52.593989892099998 ], [ -2.2219066098, 52.599606845399997 ], [ -2.2306450697, 52.610467773700002 ], [ -2.2368156447, 52.607291182399997 ], [ -2.2477106653, 52.606783428100002 ], [ -2.253781528, 52.604532087 ], [ -2.2495229784, 52.6112745119 ], [ -2.2457281608, 52.614015344800002 ], [ -2.2442538877, 52.619789830099997 ], [ -2.2406120402, 52.623680867700003 ], [ -2.2404720641, 52.630477406099999 ], [ -2.2356318523, 52.631565911099997 ], [ -2.2370507784, 52.634394847099998 ], [ -2.2356894013, 52.636770857199998 ], [ -2.2375366094, 52.639518023800001 ], [ -2.2294756001, 52.643777058399998 ], [ -2.2304855213, 52.647532821299997 ], [ -2.2294417335, 52.648604625799997 ], [ -2.2347258079, 52.649978682399997 ], [ -2.2374923837, 52.653164513500002 ], [ -2.2388486767, 52.663329142199999 ], [ -2.2367260742, 52.670003757499998 ], [ -2.2397827958, 52.671903420100001 ], [ -2.238964662, 52.673738969600002 ], [ -2.2510824985, 52.677273807900001 ], [ -2.2549387089, 52.684187618099998 ], [ -2.2539816137, 52.6874978719 ], [ -2.258863186, 52.689923480399997 ], [ -2.2586049631, 52.693798608 ], [ -2.2638056136, 52.697454917100004 ], [ -2.2723731741, 52.699826772500003 ], [ -2.2731590624, 52.702449939600001 ], [ -2.2798212686, 52.707495557900003 ], [ -2.2737992141, 52.710143592900003 ], [ -2.2726770824, 52.715333197200003 ], [ -2.2785593166, 52.718492849599997 ], [ -2.2818132287, 52.722611389500003 ], [ -2.276010482, 52.7274704501 ], [ -2.2772581382, 52.730407138099999 ], [ -2.2762653268, 52.734985163300003 ], [ -2.2699082212, 52.741580195099999 ], [ -2.2703324206, 52.743107457299999 ], [ -2.2607436131, 52.744747068899997 ], [ -2.268980717, 52.749708882900002 ], [ -2.2688802584, 52.752639710700002 ], [ -2.2780146047, 52.758506799800003 ], [ -2.2751960978, 52.762711500800002 ], [ -2.2770421737, 52.764046643500002 ], [ -2.2755128665, 52.765938013800003 ], [ -2.2767849785, 52.770223063300001 ], [ -2.2659456155, 52.771901954100002 ], [ -2.2600122744, 52.776140198900002 ], [ -2.2667692885, 52.780548032399999 ], [ -2.264491559, 52.781434109700001 ], [ -2.2660838112, 52.782401414799999 ], [ -2.2759846782, 52.784284556899998 ], [ -2.2779991736, 52.788630776799998 ], [ -2.2834708998, 52.7886537782 ], [ -2.2878113488, 52.792508811799998 ], [ -2.2908366258, 52.792519408499999 ], [ -2.2890341233, 52.797998426 ], [ -2.294942101, 52.803134861 ], [ -2.2933043766, 52.804433410500003 ], [ -2.2819914847, 52.805215970699997 ], [ -2.2827999678, 52.806364699900001 ], [ -2.2796657981, 52.808026198900002 ], [ -2.2806971442, 52.811529660399998 ], [ -2.2892561103, 52.813558693700003 ], [ -2.290866125, 52.814705409 ], [ -2.2901979561, 52.816855530700003 ], [ -2.2953780515, 52.8192968683 ], [ -2.2934452118, 52.82313118 ], [ -2.2889419038, 52.8243378353 ], [ -2.2915880221, 52.829446361700001 ], [ -2.28757303, 52.830534898700002 ], [ -2.2761549488, 52.8275145872 ], [ -2.2695298259, 52.833759538400002 ], [ -2.2690918024, 52.837329319799998 ], [ -2.274038429, 52.837866371600001 ], [ -2.2869655779, 52.844200322500001 ], [ -2.3081229297, 52.850529752200003 ], [ -2.3115618899, 52.8538288795 ], [ -2.3187285783, 52.855032405 ], [ -2.3196957326, 52.857304127399999 ], [ -2.3175703542, 52.859116708 ], [ -2.32118783, 52.858243986700003 ], [ -2.3256581108, 52.860209473600001 ], [ -2.3284172719, 52.863689761700002 ], [ -2.3332578937, 52.859595070700003 ], [ -2.3352125004, 52.862681924599997 ], [ -2.3441606255, 52.867240910600003 ], [ -2.349321495, 52.866165080400002 ], [ -2.3509648959, 52.867328855099998 ], [ -2.3514996182, 52.870994951500002 ], [ -2.357084829, 52.870906362299998 ], [ -2.3605733018, 52.875947860499998 ], [ -2.3703879815, 52.878677360899999 ], [ -2.3625377804, 52.883457011300003 ], [ -2.3577024164, 52.884568387500003 ], [ -2.3541649692, 52.891788479299997 ], [ -2.3608208908, 52.895022587500002 ], [ -2.3603604622, 52.896857817799997 ], [ -2.3690461729, 52.897388474300001 ], [ -2.3721252851, 52.899356523599998 ], [ -2.3716397131, 52.901677301500001 ], [ -2.3790699852, 52.9047281717 ], [ -2.3832653895, 52.908400340100002 ], [ -2.3816699739, 52.911273061700001 ], [ -2.3825433352, 52.914200802099998 ], [ -2.3794040409, 52.917429061 ], [ -2.3783087, 52.923140786200001 ], [ -2.3610264473, 52.9304579637 ], [ -2.3558424457, 52.9296106368 ], [ -2.3470488476, 52.931254739700002 ], [ -2.338835366, 52.934874184400002 ], [ -2.3392907041, 52.9360235153 ], [ -2.3374528122, 52.936927682700002 ], [ -2.3280977954, 52.937421342299999 ], [ -2.3243212298, 52.939768934100002 ], [ -2.3226697671, 52.937795787799999 ], [ -2.3098998256, 52.936310610200003 ], [ -2.3057434702, 52.938658601599997 ], [ -2.3046827997, 52.944405483099999 ], [ -2.3027435542, 52.9458667066 ], [ -2.3090523777, 52.9475584188 ], [ -2.3141731815, 52.952075577899997 ], [ -2.3297770132, 52.952788374400001 ], [ -2.3305367094, 52.954817838799997 ], [ -2.3275967634, 52.955778847300003 ], [ -2.3274944031, 52.95799049 ], [ -2.3331125783, 52.960725582099997 ], [ -2.3273566763, 52.963402406900002 ], [ -2.3273011331, 52.965820670399999 ], [ -2.3238522577, 52.966612188900001 ], [ -2.3075182481, 52.962304801599998 ], [ -2.3020496602, 52.963739137099999 ], [ -2.3032104597, 52.967925170299999 ], [ -2.3007599688, 52.970969765299998 ], [ -2.3067198935, 52.975700843799999 ], [ -2.30871485, 52.979794767599998 ], [ -2.3002060492, 52.985569679199997 ], [ -2.2922594078, 52.986686179700001 ], [ -2.2922398179, 52.988196416100003 ], [ -2.2971679157, 52.992148410299997 ], [ -2.2918585083, 52.993500987600001 ], [ -2.2928045035, 52.994595343 ], [ -2.2909807189, 52.995894269200001 ], [ -2.293620142, 52.998427084500001 ], [ -2.2907770294, 53.001054567799997 ], [ -2.2803187787, 53.003678987699999 ], [ -2.2744768514, 53.008293657400003 ], [ -2.2872149589, 53.011967114299999 ], [ -2.2877936758, 53.014006256899997 ], [ -2.292820854, 53.017508741599997 ], [ -2.2918659278, 53.021088779400003 ], [ -2.2952125612, 53.022159212600002 ], [ -2.2892231705, 53.022704300800001 ], [ -2.2870747916, 53.0269523925 ], [ -2.2791132384, 53.026989336299998 ], [ -2.2898636482, 53.035943737099998 ], [ -2.2806304994, 53.039258708399998 ], [ -2.2819592752, 53.042713615300002 ], [ -2.2801593717, 53.044129164600001 ], [ -2.2809868706, 53.046841903599997 ], [ -2.2793449002, 53.048976218900002 ], [ -2.2717661578, 53.053596214700001 ], [ -2.2683808746, 53.053806871399999 ], [ -2.2665472951, 53.056457833499998 ], [ -2.2565795836, 53.056245772600001 ], [ -2.257605967, 53.058235374200002 ], [ -2.2555946187, 53.0612469119 ], [ -2.2564124942, 53.063284620600001 ], [ -2.2529447187, 53.064838173799998 ], [ -2.252319149, 53.070143064 ], [ -2.2442406374, 53.072020675499999 ], [ -2.2386847674, 53.071357779800003 ], [ -2.2395097835, 53.074789947100001 ], [ -2.2263056678, 53.078699094400001 ], [ -2.2233542246, 53.0802328153 ], [ -2.2230992085, 53.082156954799999 ], [ -2.2122965446, 53.083327337 ], [ -2.2074955843, 53.0877134586 ], [ -2.2083673118, 53.090948013400002 ], [ -2.2071281315, 53.092037853 ], [ -2.208373188, 53.093213241400001 ], [ -2.2062316914, 53.0950507393 ], [ -2.2097502422, 53.100015519499998 ], [ -2.2063707258, 53.103809772300004 ], [ -2.2054145559, 53.1084547922 ], [ -2.2073599271, 53.111435767899998 ], [ -2.2126728169, 53.114473658400001 ], [ -2.2106218878, 53.116382961 ], [ -2.2058593882, 53.115204769800002 ], [ -2.2005658165, 53.1097574884 ], [ -2.1956660027, 53.109747675 ], [ -2.1857647739, 53.103480212100003 ], [ -2.1803011579, 53.107776409499998 ], [ -2.1729762006, 53.106402986 ], [ -2.1669777243, 53.108016457600002 ], [ -2.1642481835, 53.105165894199999 ], [ -2.1531562701, 53.104938002 ], [ -2.1527557146, 53.111855564 ], [ -2.1474579489, 53.115511781099997 ], [ -2.143188117, 53.121589069899997 ], [ -2.13496184, 53.120906544699999 ], [ -2.1277205338, 53.122793222200002 ], [ -2.1271645634, 53.136906506199999 ], [ -2.1344488441, 53.138435625600003 ], [ -2.1416450112, 53.1448094271 ], [ -2.1385495309, 53.148304385800003 ], [ -2.1391369142, 53.155149674500002 ], [ -2.1369478612, 53.158019661899999 ], [ -2.1302319577, 53.157676664900002 ], [ -2.1233616951, 53.160812140600001 ], [ -2.1170880465, 53.1582181761 ], [ -2.1159547939, 53.153916099299998 ], [ -2.1068406988, 53.150967283299998 ], [ -2.0952053152, 53.150428852899999 ], [ -2.0919523056, 53.153020229799999 ], [ -2.0764783401, 53.154541345799998 ], [ -2.0726243054, 53.152521256699998 ], [ -2.0475252693, 53.152345204100001 ], [ -2.0463034747, 53.156372728900003 ], [ -2.0380831628, 53.161589234399997 ], [ -2.025850526, 53.164684574299997 ], [ -2.0228914197, 53.168730353500003 ], [ -2.0216386914, 53.176209357099999 ], [ -2.0146230212, 53.1795812513 ], [ -2.0008722538, 53.174054029399997 ], [ -1.9993463354, 53.166907854599998 ], [ -1.9953230757, 53.162682959800001 ], [ -1.9913442651, 53.164183919099997 ], [ -1.9896623674, 53.162967694499997 ], [ -1.9718197399, 53.162320237700001 ], [ -1.9682332282, 53.167164368 ], [ -1.962426133, 53.1709739876 ], [ -1.9620954182, 53.172807619899999 ], [ -1.9526814473, 53.176516664700003 ], [ -1.956994692, 53.178705064500001 ], [ -1.9542105472, 53.184984817699998 ], [ -1.9563657887, 53.187520486499999 ], [ -1.9551052035, 53.19089085 ], [ -1.9572748262, 53.193884937500002 ], [ -1.9556899178, 53.197606223400001 ], [ -1.9577312733, 53.199107630599997 ], [ -1.9585060043, 53.202937155199997 ], [ -1.9617230286, 53.204825884400002 ], [ -1.9568539187, 53.2082579729 ], [ -1.9591857715, 53.212348713700003 ], [ -1.9535710065, 53.218354821 ], [ -1.9528367699, 53.222773433199997 ], [ -1.9584279181, 53.223845172300003 ], [ -1.9542682619, 53.232248178299997 ], [ -1.9590314976, 53.232928675700002 ], [ -1.9592241352, 53.2351713539 ], [ -1.9625006375, 53.2360623143 ], [ -1.9632066694, 53.238291756199999 ], [ -1.9621698784, 53.241676245800001 ], [ -1.9596957556, 53.243531098299997 ], [ -1.960698494, 53.250060456299998 ], [ -1.9566793047, 53.2514042261 ], [ -1.9588046519, 53.2550718739 ], [ -1.9569855394, 53.255871759800002 ], [ -1.9566168736, 53.260312079899997 ], [ -1.9527967027, 53.261119627299998 ], [ -1.9463618869, 53.265494449199998 ], [ -1.9476708906, 53.268780419499997 ], [ -1.9508966823, 53.271083878200002 ], [ -1.9504047911, 53.274674241100001 ], [ -1.947248708, 53.276721918100002 ], [ -1.9443490704, 53.275677789900001 ], [ -1.9399720548, 53.278444184900003 ], [ -1.9355034182, 53.278091326099997 ], [ -1.9347056075, 53.2800504394 ], [ -1.924995096, 53.284095092500003 ], [ -1.9108791575, 53.284987862199998 ], [ -1.9068292362, 53.293038676899997 ], [ -1.9079704189, 53.298459757400003 ], [ -1.9036595182, 53.300569517 ], [ -1.9046585912, 53.3033829771 ], [ -1.897645858, 53.305491843 ], [ -1.8897173862, 53.3016083459 ], [ -1.8788857137, 53.300878767299999 ], [ -1.8685330512, 53.310431813800001 ], [ -1.8623339833, 53.310649527499997 ], [ -1.8571341816, 53.317214186800001 ], [ -1.8586599855, 53.318815987400001 ], [ -1.8578409161, 53.321367802899999 ], [ -1.8600416571, 53.323231031900001 ], [ -1.8653708109, 53.323336052800002 ], [ -1.8700782726, 53.325498543899997 ], [ -1.8700465097, 53.331022049300003 ], [ -1.8674962938, 53.335095609100001 ], [ -1.8573795182, 53.342724328899997 ], [ -1.846301421, 53.3451464985 ], [ -1.8590403441, 53.3492161012 ], [ -1.8647053598, 53.353627077399999 ], [ -1.8695479878, 53.361596382 ], [ -1.8755394838, 53.362977999199998 ], [ -1.8780727765, 53.3651468909 ], [ -1.8764245221, 53.369682359800002 ], [ -1.8776341213, 53.371402516099998 ], [ -1.8854987373, 53.375491126599997 ], [ -1.8821551523, 53.377914801599999 ], [ -1.883411883, 53.380100261099997 ], [ -1.8820829346, 53.382301163599998 ], [ -1.8751596634, 53.384990716700003 ], [ -1.8668633055, 53.385377269800003 ], [ -1.8577165421, 53.390463240800003 ], [ -1.872919493, 53.400179049099997 ], [ -1.8923804788, 53.400395879 ], [ -1.8953195371, 53.403974882100002 ], [ -1.9101515649, 53.410468696599999 ], [ -1.9096823827, 53.411789685599999 ], [ -1.90398901, 53.414805406399999 ], [ -1.9018430493, 53.418974347 ], [ -1.8958043757, 53.421043821300003 ], [ -1.8866186521, 53.4213608365 ], [ -1.8852874202, 53.423462883900001 ], [ -1.8800400893, 53.424563329400002 ], [ -1.8776696142, 53.427311418599999 ], [ -1.8738034723, 53.425644528399999 ], [ -1.8653955354, 53.425334799799998 ], [ -1.8684104367, 53.433440729099999 ], [ -1.8667006161, 53.436306198300002 ], [ -1.8512094106, 53.445555063299999 ], [ -1.8580425244, 53.451837355599999 ], [ -1.8656141151, 53.451509030399997 ], [ -1.8629521092, 53.459869789400003 ], [ -1.851491051, 53.459784212199999 ], [ -1.8471339631, 53.461037114500002 ], [ -1.8440179912, 53.464682413799999 ], [ -1.8332637591, 53.4645600542 ], [ -1.8308609656, 53.462741011399999 ], [ -1.8205798579, 53.464847318899999 ], [ -1.8202425662, 53.466249014100001 ], [ -1.8169551079, 53.467106924 ], [ -1.8171881779, 53.468958904399997 ], [ -1.8148569774, 53.468097962900003 ], [ -1.8136619351, 53.469241096700003 ], [ -1.8137360116, 53.479443111899997 ], [ -1.8036387003, 53.480241789399997 ], [ -1.7994107483, 53.482125482699999 ], [ -1.7914307309, 53.480808515699998 ], [ -1.7912394684, 53.482938444799998 ], [ -1.7876625451, 53.484050702799998 ], [ -1.7764761002, 53.493590049300003 ], [ -1.7872631912, 53.5006386608 ], [ -1.7906975169, 53.501219974500003 ], [ -1.7920159406, 53.502903107199998 ], [ -1.7912065001, 53.505022964299997 ], [ -1.7947112846, 53.506709859700003 ], [ -1.7951071098, 53.509049394100003 ], [ -1.8193497027, 53.513400993099999 ], [ -1.8223284954, 53.522303957299997 ], [ -1.8303183083, 53.523358197199997 ], [ -1.8348831799, 53.520865807500002 ], [ -1.8418587276, 53.519976382899998 ], [ -1.8451812411, 53.521776403300002 ], [ -1.8450632784, 53.525175855400001 ], [ -1.8546505014, 53.527003524 ], [ -1.860423014, 53.533104501899999 ], [ -1.8747621263, 53.5411199833 ], [ -1.8837748678, 53.539610003699998 ], [ -1.8852923064, 53.542029358199997 ], [ -1.8914711867, 53.545181031699997 ], [ -1.8992862279, 53.546104661500003 ], [ -1.9035163969, 53.550773058799997 ], [ -1.9138219245, 53.5522819834 ], [ -1.9188814869, 53.550616979 ], [ -1.921789041, 53.5535637833 ], [ -1.9259709474, 53.553088742699998 ], [ -1.9282018964, 53.554844132699998 ], [ -1.9273703442, 53.555634605 ], [ -1.9297697183, 53.55609441 ], [ -1.9290866678, 53.5583321274 ], [ -1.9327971787, 53.560275738 ], [ -1.9370853099, 53.559792691699997 ], [ -1.9459886297, 53.562583400800001 ], [ -1.9473599351, 53.564651320499998 ], [ -1.9453466771, 53.568713136200003 ], [ -1.9480239335, 53.577289157800003 ], [ -1.96502646, 53.577430123 ], [ -1.9678972265, 53.579588110300001 ], [ -1.9673523701, 53.581071031900002 ], [ -1.9710561813, 53.583176958899998 ], [ -1.9709741316, 53.585763839199998 ], [ -1.9840839018, 53.590925540500002 ], [ -1.9834034076, 53.5926332202 ], [ -1.9872994623, 53.597450069200001 ], [ -1.9910168634, 53.5975425958 ], [ -1.9925341416, 53.600714563099999 ], [ -1.9911067165, 53.601496446600002 ], [ -1.9957002237, 53.604717049199998 ], [ -1.9925790251, 53.607653493100003 ], [ -1.9930396997, 53.609425921800003 ], [ -2.0028891408, 53.610440020200002 ], [ -2.0019726134, 53.618951896399999 ], [ -2.0136118229, 53.615176057200003 ], [ -2.0241330633, 53.615911410099997 ], [ -2.0259817544, 53.623155528200002 ], [ -2.0286596599, 53.625859161 ], [ -2.0252594711, 53.628836236300003 ], [ -2.0294354532, 53.632520438500002 ], [ -2.0281219714, 53.635738039300001 ], [ -2.0321464523, 53.6378767032 ], [ -2.0363346494, 53.636473337200002 ], [ -2.0416917294, 53.639779236300001 ], [ -2.0427437248, 53.644079708200003 ], [ -2.0397979064, 53.652354355900002 ], [ -2.0421309006, 53.6554095316 ], [ -2.0429560469, 53.6633278101 ], [ -2.0502268154, 53.668987503099999 ], [ -2.0537652421, 53.669606141499997 ], [ -2.0551286213, 53.667421397799998 ], [ -2.0594300417, 53.669639404599998 ], [ -2.0598878858, 53.672290679299998 ], [ -2.0572177016, 53.674165091200003 ], [ -2.0632610175, 53.680809694499999 ], [ -2.0697366659, 53.678334347800003 ], [ -2.0679695806, 53.671531343399998 ], [ -2.0702367199, 53.669552637499997 ], [ -2.08372385, 53.671647165899998 ], [ -2.0953267853, 53.667467964499998 ], [ -2.1079247003, 53.672256920400002 ], [ -2.1213333243, 53.671028966500003 ], [ -2.1243387793, 53.672097158200003 ], [ -2.1274020744, 53.6739904318 ], [ -2.1286954154, 53.681134620400002 ], [ -2.1405222348, 53.677400212400002 ], [ -2.1455975642, 53.6785356058 ], [ -2.1460953425, 53.682395436599997 ], [ -2.1489096846, 53.686189448500002 ], [ -2.1438533817, 53.692846852700001 ], [ -2.1611400248, 53.697013273700001 ], [ -2.1650448255, 53.696306848 ], [ -2.1632790406, 53.697918172599998 ], [ -2.1641225079, 53.704487329099997 ], [ -2.1619480338, 53.706269937800002 ], [ -2.1675747298, 53.706794246800001 ], [ -2.170991435, 53.710886242400001 ], [ -2.1696977646, 53.712191341500002 ], [ -2.1707174976, 53.7149042952 ], [ -2.1660522562, 53.717517407499997 ], [ -2.1654426964, 53.720484291399998 ], [ -2.174688278, 53.724560755500001 ], [ -2.1769174927, 53.728494257500003 ], [ -2.1742893919, 53.730709179599998 ], [ -2.1859502515, 53.735203638199998 ], [ -2.189922593, 53.738693727899999 ], [ -2.1855704669, 53.738457906 ], [ -2.1810458336, 53.740388280099999 ], [ -2.1773884849, 53.739548879600001 ], [ -2.1732350968, 53.747068973499999 ], [ -2.169508609, 53.747991089800003 ], [ -2.1652193587, 53.752383250699999 ], [ -2.1510544113, 53.752240183600001 ], [ -2.1384082568, 53.757360679800001 ], [ -2.1319176651, 53.757646612 ], [ -2.1310724649, 53.758995773 ], [ -2.132792065, 53.760782492700002 ], [ -2.1316156948, 53.762940916600002 ], [ -2.1287468946, 53.763222666399997 ], [ -2.1285079658, 53.768534837399997 ], [ -2.1306987034, 53.770491849599999 ], [ -2.1298805554, 53.772910512899998 ], [ -2.1360684516, 53.779006480500001 ], [ -2.136379629, 53.781882288299997 ], [ -2.1241666589, 53.788259073600003 ], [ -2.1315511084, 53.790749841299998 ], [ -2.129914966, 53.801591114 ], [ -2.1184322399, 53.805440882900001 ], [ -2.1146800414, 53.801094368299999 ], [ -2.1086032984, 53.801528172899999 ], [ -2.1013637171, 53.811235806900001 ], [ -2.0985710428, 53.811939199599998 ], [ -2.0976598112, 53.813800449799999 ], [ -2.1020470267, 53.817436901 ], [ -2.1053743401, 53.817802493499997 ], [ -2.098091869, 53.821313976699997 ], [ -2.0864229305, 53.821884749900001 ], [ -2.0687861719, 53.828255119300003 ], [ -2.0650240974, 53.831962404400002 ], [ -2.0641339732, 53.836086201599997 ], [ -2.065445109, 53.838844775200002 ], [ -2.0613993757, 53.839473421 ], [ -2.0595898804, 53.846307786799997 ], [ -2.0619665476, 53.8500725 ], [ -2.0596879975, 53.851152205200002 ], [ -2.0468272026, 53.850492838 ], [ -2.0358423308, 53.856581405100002 ], [ -2.0690984727, 53.860979864199997 ], [ -2.0742819217, 53.868796191800001 ], [ -2.0717055826, 53.873992739400002 ], [ -2.0791896024, 53.8745452653 ], [ -2.081954427, 53.880615237900003 ], [ -2.0976058616, 53.8800142451 ], [ -2.1000791335, 53.883778105099999 ], [ -2.1042834115, 53.8859952822 ], [ -2.1117528633, 53.885825993200001 ], [ -2.1228752542, 53.881060507199997 ], [ -2.1251877193, 53.886244121799997 ], [ -2.1292644903, 53.8860780117 ], [ -2.1409718689, 53.8837099032 ], [ -2.1455106622, 53.8811160769 ], [ -2.155107588, 53.880636670199998 ], [ -2.1690093152, 53.874023416500002 ], [ -2.1800572407, 53.874130535 ], [ -2.1816768346, 53.875835783200003 ], [ -2.1790400805, 53.878122664400003 ], [ -2.1837089715, 53.881126528199999 ], [ -2.1926175421, 53.8801688215 ], [ -2.1984116094, 53.883053458299997 ], [ -2.2079099116, 53.884187807399996 ], [ -2.2086699327, 53.890163399899997 ], [ -2.2064592638, 53.895416089599998 ], [ -2.2033605068, 53.896562868300002 ], [ -2.1956724852, 53.895883598 ], [ -2.1939878809, 53.9001375741 ], [ -2.189734257, 53.904419067500001 ], [ -2.1786881367, 53.909688426499997 ], [ -2.177290426, 53.917716601 ], [ -2.1664314129, 53.920455462900001 ], [ -2.1692435001, 53.923039712799998 ], [ -2.1664320274, 53.924432018499999 ], [ -2.1680382074, 53.9262413509 ], [ -2.166916599, 53.927564119800003 ], [ -2.1737005156, 53.9292739399 ], [ -2.1725625387, 53.930297398500002 ], [ -2.1738508851, 53.932470577399997 ], [ -2.1722137764, 53.9343603696 ], [ -2.1617361234, 53.934734467600002 ], [ -2.1592885375, 53.939950641899998 ], [ -2.1558564857, 53.941597058600003 ], [ -2.1534268661, 53.945198141600002 ], [ -2.1625790984, 53.951729158600003 ], [ -2.1690614459, 53.952268604 ], [ -2.1680896448, 53.954157239 ], [ -2.1722049734, 53.9580783754 ], [ -2.1748992949, 53.957329160599997 ], [ -2.1819251285, 53.961093981600001 ], [ -2.1819102255, 53.964481950600003 ], [ -2.1897178284, 53.966471065199997 ], [ -2.1877755135, 53.970584530399996 ], [ -2.1924339117, 53.972509538700002 ], [ -2.1984653399, 53.972231817400001 ], [ -2.1941575573, 53.977818495400001 ], [ -2.1860003089, 53.979314385099997 ], [ -2.1842092688, 53.981166551 ], [ -2.1865169861, 53.9823334485 ], [ -2.18401643, 53.985842507199997 ], [ -2.1791698095, 53.986514929199998 ], [ -2.1782632547, 53.988493595500003 ], [ -2.1810536761, 53.991886735100003 ], [ -2.1892041737, 53.993527896400003 ], [ -2.1875801764, 53.9949414795 ], [ -2.1891239329, 53.995649113799999 ], [ -2.1982515989, 53.996910635699997 ], [ -2.2033011892, 54.000137751600001 ], [ -2.2041102168, 54.003353963199999 ], [ -2.2101837236, 54.003640077199996 ], [ -2.207067613, 54.009020112100004 ], [ -2.2104940731, 54.010712820800002 ], [ -2.2037637503, 54.013618454099998 ], [ -2.2044142451, 54.015567667699997 ], [ -2.2026830453, 54.017323192799999 ], [ -2.2058741274, 54.020697116800001 ], [ -2.2124140611, 54.022159699299998 ], [ -2.210175708, 54.024730765599998 ], [ -2.2155414084, 54.0258031065 ], [ -2.2167536954, 54.028955582599998 ], [ -2.2288066437, 54.038783659700002 ], [ -2.2290030563, 54.046728331399997 ], [ -2.2202230287, 54.047023363 ], [ -2.2193168157, 54.0487551903 ], [ -2.2206244252, 54.050716529200002 ], [ -2.2189003097, 54.0539652617 ], [ -2.2209786957, 54.059901193100004 ], [ -2.2201016201, 54.061601455599998 ], [ -2.212350925, 54.062145671300001 ], [ -2.2089658335, 54.064982693200001 ], [ -2.2045985477, 54.065493513600003 ], [ -2.203783787, 54.067597989299998 ], [ -2.1963897369, 54.067906892800004 ], [ -2.1965548194, 54.070504028499997 ], [ -2.202915358, 54.074367061300002 ], [ -2.1995990888, 54.074381635 ], [ -2.1904710399, 54.083419949700001 ], [ -2.2089222559, 54.092790250199997 ], [ -2.2097222878, 54.096806279500001 ], [ -2.2023294662, 54.1046996882 ], [ -2.2058224852, 54.112181667400002 ], [ -2.2022753132, 54.121831267499999 ], [ -2.201846913, 54.133208514700002 ], [ -2.2070290872, 54.13625706 ], [ -2.2082865882, 54.139786929300001 ], [ -2.2150194688, 54.136458736800002 ], [ -2.2206364662, 54.1364485621 ], [ -2.2272002319, 54.141631094399997 ], [ -2.2299885111, 54.142057192700001 ], [ -2.2326421842, 54.140308521400001 ], [ -2.2451510484, 54.143591061199999 ], [ -2.2444978574, 54.146899775199998 ], [ -2.2513513859, 54.151127727199999 ], [ -2.2519575101, 54.153422741599996 ], [ -2.2460632782, 54.157870256300001 ], [ -2.2462019881, 54.165751951499999 ], [ -2.2442575499, 54.168470117200002 ], [ -2.2364981583, 54.1695905642 ], [ -2.2341825658, 54.171824450499997 ], [ -2.2499600615, 54.178728348299998 ], [ -2.2545779828, 54.182882510200002 ], [ -2.2524451401, 54.184900182200003 ], [ -2.2488862158, 54.184933728899999 ], [ -2.2461791614, 54.187681281800003 ], [ -2.236062462, 54.189894475700001 ], [ -2.2510390264, 54.198123541699999 ], [ -2.2562277409, 54.196917318099999 ], [ -2.2589995632, 54.194071371600003 ], [ -2.2621573708, 54.194154408700001 ], [ -2.2738700019, 54.199251138400001 ], [ -2.2757016156, 54.202680136799998 ], [ -2.2730424551, 54.203926455800001 ], [ -2.2751991808, 54.205503322699997 ], [ -2.2800120185, 54.205348426 ], [ -2.2818328394, 54.207078740299998 ], [ -2.2764589026, 54.210479439700002 ], [ -2.2769906781, 54.212042019099997 ], [ -2.2735318311, 54.213020562700002 ], [ -2.2727520383, 54.215682590599997 ], [ -2.2631313002, 54.217159953900001 ], [ -2.2484348942, 54.223922668199997 ], [ -2.2568848833, 54.228695219400002 ], [ -2.2563507314, 54.231608253700003 ], [ -2.2579397578, 54.233042833 ], [ -2.2575132425, 54.235991589100003 ], [ -2.2556024285, 54.237115634399998 ], [ -2.2565176396, 54.243668884199998 ], [ -2.2514538619, 54.248721443800001 ], [ -2.2481296189, 54.2497169098 ], [ -2.2486073425, 54.252591860599999 ], [ -2.2512501073, 54.250546291600003 ], [ -2.2583323683, 54.249219162 ], [ -2.2610161458, 54.246481233899999 ], [ -2.2764296101, 54.242797992200003 ], [ -2.2841233631, 54.239212087600002 ], [ -2.2870057123, 54.241110598399999 ], [ -2.2852560985, 54.243276224900001 ], [ -2.2890346649, 54.245716241799997 ], [ -2.2906705175, 54.253845789800003 ], [ -2.3050543721, 54.249972671899997 ], [ -2.3168323182, 54.256826550500001 ], [ -2.3238626937, 54.258794018400003 ], [ -2.3250554482, 54.260165896300002 ], [ -2.3200635501, 54.261787988899997 ], [ -2.3195689383, 54.265321310300003 ], [ -2.3158505103, 54.268944007499996 ], [ -2.3162876517, 54.270929051400003 ], [ -2.3219751711, 54.274625736200001 ], [ -2.3223409448, 54.278201695900002 ], [ -2.325486794, 54.279830507600003 ], [ -2.3186970634, 54.283639700899997 ], [ -2.3164425598, 54.288087435100003 ], [ -2.3228633057, 54.293928013 ], [ -2.3186610691, 54.2988642097 ], [ -2.3199022789, 54.300406727899997 ], [ -2.3238842479, 54.300674665800003 ], [ -2.3247783248, 54.302991001099997 ], [ -2.3202001997, 54.307110417899999 ], [ -2.3228472982, 54.311507100500002 ], [ -2.3139307869, 54.313292146899997 ], [ -2.3131457448, 54.317230591 ], [ -2.3182872072, 54.322088196400003 ], [ -2.3145158004, 54.3234821243 ], [ -2.3156936812, 54.327132298 ], [ -2.3182387013, 54.327750264700001 ], [ -2.3214033113, 54.3313187762 ], [ -2.3270894862, 54.330872099700002 ], [ -2.3358207825, 54.334263234399998 ], [ -2.336720224, 54.335177420199997 ], [ -2.3346805838, 54.3377803976 ], [ -2.3355948741, 54.340175081799998 ], [ -2.3386376673, 54.340186904699998 ], [ -2.3426609497, 54.343724546399997 ], [ -2.3472918784, 54.345033348800001 ], [ -2.3499663756, 54.348404798499999 ], [ -2.3585339199, 54.350015301299997 ], [ -2.3644650335, 54.3543922223 ], [ -2.3566956407, 54.355869811 ], [ -2.3551851652, 54.357736205 ], [ -2.3452941045, 54.359939818599997 ], [ -2.3386752079, 54.363445601400002 ], [ -2.3296990745, 54.362949214499999 ], [ -2.3210080453, 54.3656731206 ], [ -2.2968589678, 54.367339316299997 ], [ -2.2973510895, 54.377933963300002 ], [ -2.2920411354, 54.382449447399999 ], [ -2.2928882, 54.386487136100001 ], [ -2.2943377722, 54.387108209600001 ], [ -2.2919429314, 54.388138558599998 ], [ -2.2918353793, 54.390340659099998 ], [ -2.3061086102, 54.398304769399999 ], [ -2.3045550727, 54.402747363 ], [ -2.3069500111, 54.405608175099999 ], [ -2.3059825551, 54.410330956899998 ], [ -2.3090396526, 54.417332888799997 ], [ -2.3035629897, 54.4263139579 ], [ -2.297775492, 54.428008952200003 ], [ -2.2959187628, 54.431302776499997 ], [ -2.290603698, 54.435002404700001 ], [ -2.2858099013, 54.436216082199998 ], [ -2.2861918131, 54.437922713200003 ], [ -2.2835456906, 54.439339920800002 ], [ -2.266255007, 54.442362952700002 ], [ -2.266771806, 54.4445951123 ], [ -2.2715058509, 54.447400352899997 ], [ -2.2694118899, 54.4487945427 ], [ -2.2701588853, 54.449813500099999 ], [ -2.2650851426, 54.449833768399998 ], [ -2.253941924, 54.453874911699998 ], [ -2.2483247584, 54.452924987800003 ], [ -2.2366970798, 54.458502306900002 ], [ -2.2301945711, 54.459737111 ], [ -2.2273778497, 54.458070869899998 ], [ -2.2275834169, 54.456201189200002 ], [ -2.2189171263, 54.4566126442 ], [ -2.2181082672, 54.455337956299999 ], [ -2.2209715847, 54.454308231900001 ], [ -2.2217627134, 54.4522936949 ], [ -2.2066817141, 54.452805758099998 ], [ -2.1979812885, 54.450834218799997 ], [ -2.196642005, 54.449739995400002 ], [ -2.1973579591, 54.447887471800001 ], [ -2.1904639693, 54.4477458044 ], [ -2.1872037773, 54.449737031300003 ], [ -2.1777856706, 54.461479284100001 ], [ -2.1719232493, 54.4613799344 ], [ -2.1716208881, 54.459169569499998 ], [ -2.1574536387, 54.453419248400003 ], [ -2.1536991002, 54.447528627899999 ], [ -2.1449646398, 54.4457959645 ], [ -2.1441403416, 54.443801840100001 ], [ -2.1372097768, 54.446263337799998 ], [ -2.1379743286, 54.448931634899999 ], [ -2.131233226, 54.4531630392 ], [ -2.1318267692, 54.455481031799998 ], [ -2.1267698086, 54.456169463 ], [ -2.1255142756, 54.459190398300002 ], [ -2.1164526331, 54.462187654600001 ], [ -2.1156256841, 54.464340827500003 ], [ -2.1068167012, 54.464362432100003 ], [ -2.0863525629, 54.468157844300002 ], [ -2.071111904, 54.4743238621 ], [ -2.0632566372, 54.478776778700002 ], [ -2.0626111886, 54.480556528699999 ], [ -2.0524873377, 54.480956794900003 ], [ -2.0415166659, 54.4835493191 ], [ -2.0354699429, 54.487676220700003 ], [ -2.03441923, 54.486485793 ], [ -2.0363003945, 54.484251989299999 ], [ -2.0339532175, 54.482963054400003 ], [ -2.0354022004, 54.480837225499997 ], [ -2.0330386643, 54.478132833300002 ], [ -2.0364939236, 54.476307484400003 ], [ -2.0373541675, 54.472011462700003 ], [ -2.0337887133, 54.470731881100001 ], [ -2.0335221757, 54.4655959141 ], [ -2.0254396041, 54.468186144599997 ], [ -2.0241138362, 54.470055704099998 ], [ -2.0140698346, 54.471836727099998 ], [ -2.0103507599, 54.470304837 ], [ -2.0076044602, 54.471208234700001 ], [ -1.9970199365, 54.464701909799999 ], [ -1.9899544645, 54.463317553400003 ], [ -1.9855589469, 54.459915552399998 ], [ -1.9774603174, 54.460152487199998 ], [ -1.9738985712, 54.4576623556 ], [ -1.964490708, 54.456087293300001 ], [ -1.9567917572, 54.458223700399998 ], [ -1.9557541918, 54.462033798500002 ], [ -1.9523755792, 54.462212261 ], [ -1.9439420605, 54.458667799399997 ], [ -1.9316281877, 54.4614204505 ], [ -1.9081824734, 54.460416398200003 ], [ -1.9023567355, 54.464680685 ], [ -1.8922260627, 54.462694967200001 ], [ -1.8906925087, 54.465066150699997 ], [ -1.8804278604, 54.466871819600001 ], [ -1.8802456326, 54.471167403 ], [ -1.8821768675, 54.475680743600002 ], [ -1.8807988616, 54.4825813637 ], [ -1.8775528553, 54.484195774299998 ], [ -1.8591645122, 54.485775465300001 ], [ -1.8421761566, 54.484190792200003 ], [ -1.8376935298, 54.485838462899999 ], [ -1.8242482954, 54.486053354500001 ], [ -1.8214876857, 54.489059939199997 ], [ -1.8178904378, 54.489171411400001 ], [ -1.8129096765, 54.491392576099997 ], [ -1.8139225186, 54.492724202200002 ], [ -1.8091410024, 54.493458179800001 ], [ -1.7995708233, 54.491550967400002 ], [ -1.7990978348, 54.487258922499997 ], [ -1.7892625121, 54.487767902 ], [ -1.7860425538, 54.486567024700001 ], [ -1.7853576343, 54.484714502099997 ], [ -1.7702166193, 54.484569874899996 ], [ -1.7615231683, 54.482522007199996 ], [ -1.7542819887, 54.485518150399997 ], [ -1.7402614509, 54.481462716199999 ], [ -1.7384157137, 54.480470175 ], [ -1.7402297567, 54.476717532599999 ], [ -1.7317724519, 54.474443317899997 ], [ -1.732202118, 54.4724402091 ], [ -1.7273776722, 54.469319941199998 ], [ -1.7341165336, 54.463942748900003 ], [ -1.7329195413, 54.4617832355 ], [ -1.7283221633, 54.4618269208 ], [ -1.720760195, 54.457729607099999 ], [ -1.7099349767, 54.457290732099999 ], [ -1.705788126, 54.454800304 ], [ -1.6989652374, 54.455556398799999 ], [ -1.6901397655, 54.449809350599999 ], [ -1.6839787902, 54.450791002700001 ], [ -1.6755818504, 54.455603785699999 ], [ -1.6685440824, 54.456141898799999 ], [ -1.6651989309, 54.461578814100001 ], [ -1.6596143969, 54.465319796 ], [ -1.6394851001, 54.459590669900003 ], [ -1.6374693118, 54.4616471649 ], [ -1.6379963705, 54.463980873600001 ], [ -1.6355714394, 54.464306077 ], [ -1.6282864693, 54.457840249199997 ], [ -1.630347572, 54.456777110499999 ], [ -1.6273571733, 54.452310366799999 ], [ -1.609318758, 54.452442164899999 ], [ -1.6022577883, 54.445786707099998 ], [ -1.5971239336, 54.445666360799997 ], [ -1.5958087955, 54.4429793348 ], [ -1.5831387777, 54.436429680300002 ], [ -1.5806384185, 54.436704125200002 ], [ -1.5763303781, 54.432865105 ], [ -1.571566215, 54.4344120672 ], [ -1.5693963998, 54.432570993699997 ], [ -1.5643718312, 54.435392910499999 ], [ -1.5564160266, 54.4369007381 ], [ -1.5475274342, 54.436247723100003 ], [ -1.5434602264, 54.440150801100003 ], [ -1.5377427598, 54.438538327300002 ], [ -1.5263065318, 54.438871550499996 ], [ -1.5251137608, 54.440021711299998 ], [ -1.5269918735, 54.441615295799998 ], [ -1.5217831984, 54.441361140700003 ], [ -1.5191288085, 54.442878417 ], [ -1.5214188196, 54.446167789500002 ], [ -1.5191484519, 54.447785443 ], [ -1.5063450995, 54.445523021600003 ], [ -1.4987546488, 54.445815325799998 ], [ -1.4841145162, 54.442608256600003 ], [ -1.4792279764, 54.4388486685 ], [ -1.4543726045, 54.430839354 ], [ -1.44705042, 54.433133745100001 ], [ -1.4463876281, 54.438846526699997 ], [ -1.4435513738, 54.438797555699999 ], [ -1.4431523655, 54.440934654599999 ], [ -1.4398861831, 54.443004578299998 ], [ -1.4379045362, 54.4402048794 ], [ -1.4342952116, 54.439185975699999 ], [ -1.4247196492, 54.439248630500003 ], [ -1.4186526669, 54.441421454199997 ], [ -1.4134230188, 54.4410636669 ], [ -1.4015553313, 54.446020322800003 ], [ -1.3854472151, 54.445580022400001 ], [ -1.3780326259, 54.448453938100002 ], [ -1.3756345907, 54.452000486899998 ], [ -1.3721528339, 54.4517487894 ], [ -1.3691479076, 54.453593451700002 ], [ -1.3678019931, 54.449847801300002 ], [ -1.3606854251, 54.447320933299999 ], [ -1.3616351961, 54.445744212199997 ], [ -1.3588431957, 54.4448127454 ], [ -1.3601757157, 54.442424725199999 ], [ -1.3595168669, 54.439190349500002 ], [ -1.3611823761, 54.437186036299998 ], [ -1.3601494221, 54.433226214500003 ], [ -1.3345785039, 54.434867604099999 ], [ -1.3297271914, 54.431731227599997 ], [ -1.3266797121, 54.435201322 ], [ -1.3227799175, 54.434226891 ], [ -1.3167663594, 54.4380036202 ], [ -1.3100883735, 54.439044151700003 ], [ -1.3095511844, 54.436147204699999 ], [ -1.3066856925, 54.4360229551 ], [ -1.3050544923, 54.437667233399999 ], [ -1.3012890875, 54.435156033600002 ], [ -1.3022470816, 54.432303668 ], [ -1.2988481418, 54.4273230509 ], [ -1.3005555231, 54.422099259900001 ], [ -1.2916375243, 54.423569274599998 ], [ -1.2912484189, 54.4264698697 ], [ -1.2879874568, 54.427861696699999 ], [ -1.284178785, 54.427057308199998 ], [ -1.2822631978, 54.424655341399998 ], [ -1.2828001599, 54.423031837800004 ], [ -1.278426801, 54.421064558200001 ], [ -1.2775462692, 54.41679934 ], [ -1.2738902095, 54.416148317800001 ], [ -1.2723343874, 54.413505691300003 ], [ -1.2691086565, 54.412937999 ], [ -1.2643253406, 54.408145716 ], [ -1.2637479338, 54.402534136 ], [ -1.2676340315, 54.400571566 ], [ -1.2646761446, 54.3954218561 ], [ -1.2607003005, 54.395541386700003 ], [ -1.2538531495, 54.392623352 ], [ -1.2535217594, 54.390940678299998 ], [ -1.2375656471, 54.378968761199999 ], [ -1.232672037, 54.378847896800004 ], [ -1.2242978295, 54.382874656600002 ], [ -1.2220689789, 54.385933991599998 ], [ -1.2184884501, 54.386360248499997 ], [ -1.2024340822, 54.383648971500001 ], [ -1.192031783, 54.38018261 ], [ -1.190318904, 54.378032146199999 ], [ -1.1829511116, 54.376922015399998 ], [ -1.1768667779, 54.381706888799997 ], [ -1.1861527748, 54.386290495799997 ], [ -1.1907825824, 54.395165156300003 ], [ -1.1980799622, 54.398485211100002 ], [ -1.1981547797, 54.402547981700003 ], [ -1.1958098566, 54.407448462799998 ], [ -1.1977136738, 54.410157282900002 ], [ -1.1971272164, 54.412571008599997 ], [ -1.2008851205, 54.415831352799998 ], [ -1.1919332216, 54.422044958500003 ], [ -1.1871153542, 54.420179233100001 ], [ -1.1736202519, 54.420689811099997 ], [ -1.1725732071, 54.419109897799999 ], [ -1.1539469684, 54.423330783700003 ], [ -1.1286935616, 54.425146519899997 ], [ -1.1121779332, 54.421952625 ], [ -1.0996324584, 54.414921537600001 ], [ -1.0966277066, 54.410009968200001 ], [ -1.0913155582, 54.407067166600001 ], [ -1.0700819575, 54.405854092699997 ], [ -1.0638877264, 54.4079272854 ], [ -1.0594089222, 54.41446227 ], [ -1.0629940984, 54.418067151400003 ], [ -1.0643065213, 54.423370904599999 ], [ -1.0703061782, 54.427955849 ], [ -1.0718729455, 54.433656906899998 ], [ -1.0704066941, 54.438498820600003 ], [ -1.0655368069, 54.443817738600004 ], [ -1.0670830665, 54.447703238599999 ], [ -1.0650343104, 54.450985769699997 ], [ -1.0515735455, 54.459508768299997 ], [ -1.0153084747, 54.467136647700002 ], [ -1.025369542, 54.478119882500003 ], [ -1.0248614129, 54.481315282799997 ], [ -1.0422674441, 54.489417178399997 ], [ -1.0608162129, 54.495116814200003 ], [ -1.0657354112, 54.498767808 ], [ -1.0667195085, 54.499629164300003 ], [ -1.064091327, 54.5017928 ], [ -1.0650571267, 54.505485055800001 ], [ -1.0697141279, 54.5098708047 ], [ -1.0638596204, 54.510580567 ], [ -1.055752977, 54.515172964800001 ], [ -1.0406249482, 54.517372649099997 ], [ -1.0367623051, 54.513459444 ], [ -1.0355619695, 54.508021551600002 ], [ -1.0256403554, 54.503088883499998 ], [ -1.0144900511, 54.504400562900003 ], [ -1.0097674983, 54.502995915600003 ], [ -1.0037760361, 54.503620728 ], [ -0.9981770908, 54.501444513800003 ], [ -0.9781081353, 54.504925473599997 ], [ -0.96867329, 54.499974234200003 ], [ -0.9670211664, 54.4956821424 ], [ -0.9609751266, 54.492385865199999 ], [ -0.9549738363, 54.491606206699998 ], [ -0.9498869118, 54.485279907 ], [ -0.9383555617, 54.488576489099998 ], [ -0.933560812, 54.486853648900002 ], [ -0.9282016924, 54.491084279600003 ], [ -0.9214372491, 54.488831200100002 ], [ -0.9146636366, 54.493947354500001 ], [ -0.895899428, 54.495862572900002 ], [ -0.8921436802, 54.4977155881 ], [ -0.8899695469, 54.499313392 ], [ -0.8918670548, 54.501092333499997 ], [ -0.8918780232, 54.505253619299999 ], [ -0.8856661083, 54.513330175 ], [ -0.88052417, 54.516510970900001 ], [ -0.8800952493, 54.518779032300003 ], [ -0.8714224992, 54.520675661299997 ], [ -0.8681045945, 54.519422367899999 ], [ -0.8641750097, 54.521848092299997 ], [ -0.8608125818, 54.528305405399998 ], [ -0.8572597681, 54.530473819199997 ], [ -0.8560306163, 54.534641359699997 ], [ -0.8524974101, 54.536081838500003 ], [ -0.8538867126, 54.537245398800003 ], [ -0.8500498947, 54.540678141 ], [ -0.8501680541, 54.541973453700002 ], [ -0.8522043288, 54.542118611799999 ], [ -0.8525790786, 54.547496643899997 ], [ -0.8435180339, 54.547554179899997 ], [ -0.8452941797, 54.552780976 ], [ -0.8422938261, 54.555846850599998 ], [ -0.837329913, 54.557488894899997 ], [ -0.8361476986, 54.562079088 ], [ -0.8373001706, 54.563429254900001 ], [ -0.8314437068, 54.5594633567 ], [ -0.8187210137, 54.557704122799997 ], [ -0.796799039, 54.558566640499997 ], [ -0.7914386132, 54.560553344399999 ], [ -0.7942515604, 54.558476809 ], [ -0.7913719688, 54.5592944339 ], [ -0.7925575623, 54.552430891 ], [ -0.7880339257, 54.551163370499999 ], [ -0.7834266318, 54.547000866700003 ], [ -0.7723501112, 54.544156788099997 ], [ -0.7701519842, 54.540144009300001 ], [ -0.7732550282, 54.537694958 ], [ -0.7734613434, 54.534937882100003 ], [ -0.7673076935, 54.526813521100003 ], [ -0.7691174226, 54.526238772100001 ], [ -0.7707819569, 54.522265231600002 ], [ -0.7721533181, 54.513633142099998 ], [ -0.7760471513, 54.512045829 ], [ -0.7700530372, 54.5125872208 ], [ -0.7566940188, 54.507929879899997 ], [ -0.7451980936, 54.509096374 ], [ -0.7214170276, 54.507948532699999 ], [ -0.714375171, 54.504961887699999 ], [ -0.6811067249, 54.507425757599997 ], [ -0.6727936907, 54.504576549399999 ], [ -0.6739463585, 54.503361313500001 ], [ -0.6691969864, 54.502019481 ], [ -0.6701758757, 54.500753871100002 ], [ -0.6681907084, 54.501524831700003 ], [ -0.6706294801, 54.498557037300003 ], [ -0.6690661599, 54.497245612900002 ], [ -0.6725026813, 54.490308940399999 ], [ -0.6952096644, 54.481190956600003 ], [ -0.6995891215, 54.477427366599997 ], [ -0.6999255466, 54.472658523299998 ], [ -0.7031193797, 54.468774163399999 ], [ -0.6878317935, 54.468168814199998 ], [ -0.663593407, 54.473826146599997 ], [ -0.653252954, 54.471922859700001 ], [ -0.6374923783, 54.472069799400003 ], [ -0.6342479564, 54.470792873699999 ], [ -0.6335471854, 54.468294774500002 ], [ -0.6313032154, 54.466553286500002 ], [ -0.6316561079, 54.4633756072 ], [ -0.6298215018, 54.460101244 ], [ -0.6290449244, 54.454717735800003 ], [ -0.6284165334, 54.454135386499999 ], [ -0.6279275833, 54.459531502799997 ], [ -0.624408433, 54.466025626399997 ], [ -0.6259507509, 54.46926975 ], [ -0.6207184172, 54.468850646299998 ], [ -0.6214262221, 54.470746156300002 ], [ -0.6086162534, 54.471713903500003 ], [ -0.5929175109, 54.463757710400003 ], [ -0.5924326031, 54.46215223 ], [ -0.5790008156, 54.461977080600001 ], [ -0.5611900536, 54.455133307499999 ], [ -0.55977675, 54.452330227799997 ], [ -0.5631054597, 54.451093573 ], [ -0.5606299503, 54.449113740500003 ], [ -0.5595936204, 54.444364770299998 ], [ -0.5612814917, 54.4419671335 ], [ -0.5592730764, 54.440316392100002 ], [ -0.5652936511, 54.438356763900003 ], [ -0.5703924943, 54.433626650400001 ], [ -0.568884349, 54.429123830199998 ], [ -0.5789956656, 54.428272489199998 ], [ -0.5870759718, 54.424610321300001 ], [ -0.6051345966, 54.422986651800002 ], [ -0.606811567, 54.419896198700002 ], [ -0.6119534049, 54.417789278100003 ], [ -0.6119666124, 54.414203301 ], [ -0.6140509536, 54.411800507300001 ], [ -0.6102112972, 54.410516062 ], [ -0.6012423266, 54.411455127899998 ], [ -0.5993185642, 54.409577405699999 ], [ -0.6014521502, 54.408006205100001 ], [ -0.5997465623, 54.406512428299997 ], [ -0.5967889476, 54.406496079599997 ], [ -0.5954080668, 54.409032594599999 ], [ -0.5921576513, 54.409462123600001 ], [ -0.5876111931, 54.4063531543 ], [ -0.5876865156, 54.404160982599997 ], [ -0.5844125546, 54.4034934994 ], [ -0.584872951, 54.4017552368 ], [ -0.5802602582, 54.400604573099997 ], [ -0.5825182155, 54.394986670900003 ], [ -0.572689902, 54.391473462800001 ], [ -0.5609426885, 54.393994484399997 ], [ -0.5600243283, 54.392509509900002 ], [ -0.5612459393, 54.391050043100002 ], [ -0.5560685431, 54.388489587599999 ], [ -0.548466232, 54.390951031900002 ], [ -0.5435761454, 54.389867520899998 ], [ -0.5326936865, 54.394445493600003 ], [ -0.5278715862, 54.393613837399997 ], [ -0.5091443393, 54.396952338299997 ], [ -0.4948190548, 54.3948422076 ], [ -0.4895472412, 54.396627923499999 ], [ -0.4799219496, 54.390323353500001 ], [ -0.4727929856, 54.389028996699999 ], [ -0.4686442444, 54.3796737662 ], [ -0.4659445933, 54.380223722499998 ], [ -0.4627155255, 54.378456932799999 ], [ -0.4623882075, 54.369087136600001 ], [ -0.4545582935, 54.366074994199998 ], [ -0.4511536074, 54.360836204 ], [ -0.4475804723, 54.359679839499996 ], [ -0.4491593566, 54.357395095900003 ], [ -0.4583762689, 54.3578367394 ], [ -0.4610694207, 54.356190288299999 ], [ -0.454828994, 54.351481691 ], [ -0.4553190098, 54.344980526900002 ], [ -0.441085219, 54.343844757 ], [ -0.4416520316, 54.3418746738 ], [ -0.4489781605, 54.337690673899999 ], [ -0.4493485455, 54.335205703500002 ], [ -0.4398299526, 54.332305654199999 ], [ -0.436324411, 54.328224566099998 ], [ -0.4374924595, 54.324186007199998 ], [ -0.4302158022, 54.322257952299999 ], [ -0.4298263133, 54.319565398899996 ], [ -0.4271819678, 54.317949022900002 ], [ -0.4288616158, 54.315427232899999 ], [ -0.4282435105, 54.312686751800001 ], [ -0.4244467127, 54.309059894800001 ], [ -0.4253604296, 54.3064652272 ], [ -0.4242337978, 54.304976438499999 ], [ -0.4167559771, 54.307592984099998 ], [ -0.4143856369, 54.305278826 ], [ -0.4104251576, 54.305550279800002 ], [ -0.4081754906, 54.303728505400002 ], [ -0.4109739191, 54.301279081600001 ], [ -0.420868714, 54.300537163 ], [ -0.4250945088, 54.298534095599997 ], [ -0.4246526873, 54.2956161217 ], [ -0.4259296161, 54.2947699176 ], [ -0.424797103, 54.293442841199997 ], [ -0.4276153796, 54.293677357900002 ], [ -0.4307293407, 54.290985475799999 ], [ -0.4270505723, 54.287935464100002 ], [ -0.4368871362, 54.285798308 ], [ -0.4468620028, 54.287715846 ], [ -0.4548418153, 54.285903847299998 ], [ -0.4579416608, 54.2818808305 ], [ -0.4573250734, 54.279473046 ], [ -0.4530661322, 54.2746637236 ], [ -0.43721706, 54.267340623499997 ], [ -0.4259257093, 54.257396463600003 ], [ -0.4232862392, 54.251735268099999 ], [ -0.4139037995, 54.253032348700003 ], [ -0.4106027016, 54.255847170700001 ], [ -0.401217071, 54.258779112600003 ], [ -0.3927708024, 54.256078153200001 ], [ -0.3899084585, 54.2566511693 ], [ -0.3858982939, 54.253199930599997 ], [ -0.3808623676, 54.253195316400003 ], [ -0.3764407654, 54.250897732799999 ], [ -0.3640036956, 54.238972703500004 ], [ -0.3454209874, 54.240498757499999 ], [ -0.3423796105, 54.237508747200003 ], [ -0.3282004442, 54.234868030599998 ], [ -0.3176923816, 54.2310365162 ], [ -0.3164702539, 54.227891441200001 ], [ -0.3115322454, 54.227094284800003 ], [ -0.3123828844, 54.224292786299998 ], [ -0.3097605789, 54.2223954042 ], [ -0.3083732003, 54.219186132600001 ], [ -0.309152617, 54.217002730499999 ], [ -0.3041310764, 54.216033304600003 ], [ -0.3108526713, 54.216685009199999 ], [ -0.3127513931, 54.215255465200002 ], [ -0.3118910803, 54.2115311401 ], [ -0.314483177, 54.210389927599998 ], [ -0.3105795158, 54.206092650499997 ], [ -0.312692331, 54.201654938399997 ], [ -0.311907982, 54.199082205899998 ], [ -0.3103549079, 54.1976941689 ], [ -0.2993013184, 54.196963357400001 ], [ -0.3015175807, 54.193758729300001 ], [ -0.2990719416, 54.192843338300001 ], [ -0.2959422917, 54.186201462200003 ], [ -0.2984613648, 54.173374350400003 ], [ -0.306767259, 54.167702705300002 ], [ -0.2816240299, 54.163382583100002 ], [ -0.2806866059, 54.160870350499998 ], [ -0.2736803779, 54.159925173200001 ], [ -0.2689606241, 54.1555787944 ], [ -0.2641805874, 54.155258295 ], [ -0.2566120036, 54.157521967599997 ], [ -0.2107516914, 54.156246938800003 ], [ -0.2118990569, 54.153432546200001 ], [ -0.2098294317, 54.148871437799997 ], [ -0.2036448979, 54.144590532599999 ], [ -0.2136187796, 54.143013092899999 ], [ -0.2203063346, 54.143795289899998 ], [ -0.2150973435, 54.141740636400002 ], [ -0.2164424263, 54.135378520499998 ], [ -0.2212730091, 54.131243235600003 ], [ -0.2215468942, 54.1280652441 ], [ -0.2173179948, 54.123544230900002 ], [ -0.2073908848, 54.120250692900001 ], [ -0.1998147346, 54.119939856899997 ], [ -0.1959416819, 54.107297445 ], [ -0.1964828865, 54.100114451300001 ], [ -0.1919068679, 54.092800722699998 ], [ -0.1892023529, 54.091699357499998 ], [ -0.1902946491, 54.090493300699997 ], [ -0.1892178638, 54.0892366291 ], [ -0.1916272844, 54.087978465900001 ], [ -0.1926643278, 54.085225464499999 ], [ -0.1909022289, 54.082151736199997 ], [ -0.1934995828, 54.080779507599999 ], [ -0.1970681951, 54.082388125500003 ], [ -0.2013963699, 54.079873097300002 ], [ -0.2024965366, 54.0784692939 ], [ -0.2015928934, 54.075327646799998 ], [ -0.2036338137, 54.075142408300003 ], [ -0.2036722485, 54.072482264199998 ], [ -0.2064247989, 54.071031179 ], [ -0.2068475384, 54.069023965299998 ], [ -0.2094346719, 54.069278239699997 ], [ -0.2097423809, 54.065678266399999 ], [ -0.2127397382, 54.065983520899998 ], [ -0.2146203891, 54.06239791 ], [ -0.2131183217, 54.061081199900002 ], [ -0.2136335118, 54.0551292 ], [ -0.2156173496, 54.052686697699997 ], [ -0.2143649665, 54.051966972599999 ], [ -0.2145635414, 54.046459675900003 ], [ -0.2243183333, 54.046397399100002 ], [ -0.2277626131, 54.044425703199998 ], [ -0.2210078969, 54.0409371366 ], [ -0.2171102365, 54.040654685 ], [ -0.2160100309, 54.036233755 ], [ -0.2187959982, 54.0312322917 ], [ -0.2176665982, 54.029435742399997 ], [ -0.2271393207, 54.027490363799998 ], [ -0.2252152312, 54.0217629837 ], [ -0.2204806403, 54.018241232900003 ], [ -0.215645619, 54.0185111435 ], [ -0.2186917528, 54.016524813 ], [ -0.2160432103, 54.015640573799999 ], [ -0.2129688776, 54.010408546900003 ], [ -0.2156611526, 54.0088751921 ], [ -0.2157116073, 54.006269135700002 ], [ -0.2196854213, 54.004692065699999 ], [ -0.2200940808, 54.001551973799998 ], [ -0.2241183449, 53.997701264200003 ], [ -0.2205934784, 53.996282832200002 ], [ -0.2164423058, 53.998459559200001 ], [ -0.2122964382, 53.996941744499999 ], [ -0.2115506245, 53.985155041600002 ], [ -0.2024462742, 53.984066358600003 ], [ -0.2023705328, 53.981575262 ], [ -0.1990725728, 53.978128019300001 ], [ -0.1993028448, 53.976324671299999 ], [ -0.2033240155, 53.976429812500001 ], [ -0.2045925626, 53.968205816699999 ], [ -0.1994333611, 53.969054480899999 ], [ -0.1970939805, 53.965324892 ], [ -0.1942857013, 53.965399573799999 ], [ -0.1925519623, 53.9631891569 ], [ -0.1955120196, 53.960303215400003 ], [ -0.1891917043, 53.959120432799999 ], [ -0.1880477781, 53.956325554199999 ], [ -0.1900737491, 53.954944808500002 ], [ -0.1855257642, 53.9522783468 ], [ -0.1866354172, 53.949886023300003 ], [ -0.1825477795, 53.947163466399999 ], [ -0.1779923164, 53.939804267600003 ], [ -0.1766634738, 53.936736783599997 ], [ -0.1788185022, 53.934827828099998 ], [ -0.1831888827, 53.934516478699997 ], [ -0.1837446775, 53.931540493 ], [ -0.1863022825, 53.929466700200003 ], [ -0.1750560008, 53.921556656600004 ], [ -0.1777258058, 53.919349912400001 ], [ -0.181904921, 53.919898676599999 ], [ -0.1823045143, 53.917010218100003 ], [ -0.1793212081, 53.916281842399997 ], [ -0.1780565758, 53.913152407799998 ], [ -0.1710272458, 53.908856576700003 ], [ -0.1621764545, 53.912101357899999 ], [ -0.1600368159, 53.911592159900003 ], [ -0.157682743, 53.906962576700003 ], [ -0.1587460935, 53.904246169899999 ], [ -0.1370348673, 53.880722829100002 ], [ -0.138852421, 53.875767067600002 ], [ -0.1339502188, 53.875852752500002 ], [ -0.1317820659, 53.873302019100002 ], [ -0.1357965456, 53.869912558199999 ], [ -0.1272672629, 53.868808913700001 ], [ -0.1262261574, 53.866239697700003 ], [ -0.0667505395, 53.815626246500003 ], [ -0.0616366702, 53.808256562300002 ], [ -0.0634365783, 53.807431611200002 ], [ -0.0627634682, 53.804571098300002 ], [ -0.05067777, 53.799269194600001 ], [ -0.053719211, 53.796549828800003 ], [ -0.0525695115, 53.795146774499997 ], [ -0.0450522709, 53.796076190400001 ], [ -0.0417812059, 53.793040347100003 ], [ -0.0431039645, 53.790390014499998 ], [ -0.0367042841, 53.788289706599997 ], [ -0.0258849979, 53.779580900900001 ], [ -0.0247777397, 53.778151324699998 ], [ -0.0259864639, 53.776975590500001 ], [ -0.0229633327, 53.774453658699997 ], [ -0.016621323, 53.772812623100002 ], [ -0.0094692838, 53.766812556 ], [ -0.0074962762, 53.764578654799998 ], [ -0.0089740744, 53.763488497499999 ], [ -0.0083824356, 53.760601982799997 ], [ -0.00086535092414, 53.759478952499997 ], [ 0.0261827633, 53.738733374900001 ], [ 0.0409619009, 53.726350829700003 ], [ 0.0451467377, 53.720085582199999 ], [ 0.0640623982, 53.704960954400001 ], [ 0.0625026605, 53.704358534699999 ], [ 0.0624209118, 53.702067534100003 ], [ 0.052873923, 53.703885677300001 ], [ 0.0486029706, 53.702358617 ], [ 0.0482298903, 53.699668053 ], [ 0.0431460318, 53.699485193100003 ], [ 0.0413719525, 53.6975736459 ], [ 0.0341407895, 53.6974629459 ], [ 0.0306344217, 53.694483897700003 ], [ 0.032971573, 53.692061950099998 ], [ 0.031144659, 53.690609632 ], [ 0.0203210609, 53.694208833099999 ], [ 0.0210233133, 53.690529153500002 ], [ 0.0257361034, 53.689002171 ], [ 0.0173870827, 53.687336162699999 ], [ 0.0169921057, 53.684142451900001 ], [ 0.0128503739, 53.684302039099997 ], [ 0.0138109898, 53.682218238600001 ], [ 0.0267313734, 53.681029356499998 ], [ 0.0358277747, 53.678429817800001 ], [ 0.0393808908, 53.680203280199997 ], [ 0.0449311533, 53.6781847974 ], [ 0.0513554842, 53.681077518800002 ], [ 0.0594039925, 53.6793751306 ], [ 0.0647646474, 53.680002002800002 ], [ 0.0656297824, 53.682827880799998 ], [ 0.0719928419, 53.684120368899997 ], [ 0.0714024068, 53.688751379 ], [ 0.0830632714, 53.6887289055 ], [ 0.0906955413, 53.684735820699998 ], [ 0.093511722, 53.681975072100002 ], [ 0.0917713143, 53.681079526700003 ], [ 0.0954241323, 53.680233536 ], [ 0.0952285057, 53.677513012200002 ], [ 0.1012476103, 53.674935300900003 ], [ 0.1058853577, 53.670781373 ], [ 0.1037608392, 53.668553254899997 ], [ 0.0900006191, 53.666115255699999 ], [ 0.0918804142, 53.661893113799998 ], [ 0.0976161477, 53.660354359099998 ], [ 0.0909802421, 53.654716884599999 ], [ 0.0868934833, 53.653475669 ], [ 0.0901371703, 53.651746944899998 ], [ 0.0903480047, 53.649891333 ], [ 0.0836779539, 53.645962152400003 ], [ 0.0875862696, 53.644833236899998 ], [ 0.0869070124, 53.643946086500002 ], [ 0.0894199826, 53.642140212400001 ], [ 0.0843897187, 53.643828131399999 ], [ 0.0814186559, 53.643097708799999 ], [ 0.0898027439, 53.637745057300002 ], [ 0.0702902196, 53.643540018899998 ], [ 0.0174792729, 53.651564141599998 ], [ 0.0160449538, 53.649727439700001 ], [ 0.0205607365, 53.646702632599997 ], [ 0.0131588855, 53.646000284199999 ], [ 0.0068979365, 53.648289945800002 ], [ -0.0050792751, 53.641808666499998 ], [ -0.0499292383, 53.631938932700002 ], [ -0.0510737675, 53.634046188900001 ], [ -0.0444412421, 53.637479966 ], [ -0.045940817, 53.640381175400002 ], [ -0.0525427899, 53.642214800600001 ], [ -0.0570088863, 53.646422650600002 ], [ -0.0628945679, 53.648729507799999 ], [ -0.0810558547, 53.651629020800002 ], [ -0.1061650456, 53.650824266 ], [ -0.107642238, 53.652978168399997 ], [ -0.1022696658, 53.655014676599997 ], [ -0.1033509824, 53.6575578988 ], [ -0.1065889154, 53.657573192599997 ], [ -0.1068053204, 53.660848837300001 ], [ -0.1100235078, 53.659281551699998 ], [ -0.1074043099, 53.661667373199997 ], [ -0.1072091777, 53.665008425499998 ], [ -0.1164441636, 53.6585197347 ], [ -0.1224697951, 53.657787338799999 ], [ -0.1298871749, 53.6522759462 ], [ -0.1304426735, 53.65216773 ], [ -0.1329411115, 53.654391219399997 ], [ -0.1327871316, 53.658559985799997 ], [ -0.1357362944, 53.658947548599997 ], [ -0.1338796346, 53.661921142899999 ], [ -0.1352759845, 53.6625182314 ], [ -0.1354561596, 53.6666652296 ], [ -0.1402278418, 53.666928221299997 ], [ -0.1377705644, 53.672535472600003 ], [ -0.1554696576, 53.680468493100001 ], [ -0.1567870059, 53.684282351699999 ], [ -0.1625305536, 53.685575206099998 ], [ -0.1618521677, 53.6868952421 ], [ -0.1653260568, 53.688153103 ], [ -0.1650533055, 53.6919874373 ], [ -0.1623313473, 53.692583958199997 ], [ -0.161581591, 53.694496203500002 ], [ -0.1579897199, 53.694890491899997 ], [ -0.1570093521, 53.697221669 ], [ -0.1594542278, 53.706455505500003 ], [ -0.1661805829, 53.7099566845 ], [ -0.1735784763, 53.711274290399999 ], [ -0.1730316144, 53.716201158399997 ], [ -0.1701567453, 53.716795533199999 ], [ -0.1684372615, 53.720095353600001 ], [ -0.1694451968, 53.721315343699999 ], [ -0.174078516, 53.720720828099999 ], [ -0.1799822557, 53.724748025799997 ], [ -0.1875770921, 53.724728312099998 ], [ -0.191389116, 53.729145775699998 ], [ -0.2008970767, 53.732623946799997 ], [ -0.2021559825, 53.729056107600002 ], [ -0.2100584576, 53.730019419900003 ], [ -0.2119239194, 53.728213440799998 ], [ -0.2166952406, 53.727942952299998 ], [ -0.2159035734, 53.724443292700002 ], [ -0.2213909266, 53.7244349821 ], [ -0.221414213, 53.728192879799998 ], [ -0.2294971219, 53.733526405100001 ], [ -0.2286049132, 53.735275129199998 ], [ -0.2311288717, 53.7376316605 ], [ -0.2334243183, 53.736766589 ], [ -0.2335794019, 53.734152980499999 ], [ -0.2386256279, 53.733121574400002 ], [ -0.2418822663, 53.734643648300001 ], [ -0.2361463823, 53.739107953100003 ], [ -0.2350272662, 53.743019779299999 ], [ -0.2434549085, 53.744195378900002 ], [ -0.2458213782, 53.741263571600001 ], [ -0.2506183299, 53.741135927599998 ], [ -0.2529435658, 53.742473266700003 ], [ -0.2743731758, 53.745418495800003 ], [ -0.2792403193, 53.7472315284 ], [ -0.2797559435, 53.745746715400003 ], [ -0.276721906, 53.744660374 ], [ -0.2802157298, 53.7419149041 ], [ -0.2808822823, 53.743416683299998 ], [ -0.2829857516, 53.7420355263 ], [ -0.288081552, 53.743435148899998 ], [ -0.2883039386, 53.746203055300001 ], [ -0.2907996451, 53.744723942699999 ], [ -0.2923081029, 53.746207679500003 ], [ -0.3012602244, 53.745995199 ], [ -0.3043700089, 53.743077110599998 ], [ -0.306663475, 53.744116329800001 ], [ -0.3070705757, 53.742288281500002 ], [ -0.3137443281, 53.742625049499999 ], [ -0.3163161354, 53.743533189300003 ], [ -0.3145505569, 53.746348959700001 ], [ -0.3149611329, 53.750489762900003 ], [ -0.3258699158, 53.757636208199997 ], [ -0.3250513953, 53.759908021900003 ], [ -0.3336340225, 53.760764752 ], [ -0.3360540362, 53.7590923156 ], [ -0.3330334933, 53.763887767699998 ], [ -0.3283385568, 53.764425799400001 ], [ -0.3277557199, 53.765030981499997 ], [ -0.3278271389, 53.765785764199997 ], [ -0.329858561, 53.767584491199997 ], [ -0.3306742236, 53.7696887735 ], [ -0.3323494703, 53.770820279500001 ], [ -0.3392108296, 53.7708663501 ], [ -0.3417884298, 53.7727012601 ], [ -0.3412572078, 53.774607475700002 ], [ -0.3417576893, 53.7752604581 ], [ -0.3435039468, 53.775631974100001 ], [ -0.3479738211, 53.775507431400001 ], [ -0.3492427842, 53.778482030600003 ], [ -0.3474353362, 53.780267160900003 ], [ -0.3472901128, 53.7810091777 ], [ -0.3480519618, 53.781841964199998 ], [ -0.3515579404, 53.783234449200002 ], [ -0.3476093338, 53.781003635600001 ], [ -0.3496170532, 53.778423288500001 ], [ -0.3482707659, 53.775400026299998 ], [ -0.3419885992, 53.775128401400003 ], [ -0.3420625989, 53.772591875300002 ], [ -0.3394383624, 53.770665124200001 ], [ -0.3324768283, 53.770557635499998 ], [ -0.3310497317, 53.769553501399997 ], [ -0.3303092081, 53.767604414300003 ], [ -0.3281195378, 53.765639831599998 ], [ -0.3330461598, 53.764218233100003 ], [ -0.3364923822, 53.7599665925 ], [ -0.3358677068, 53.758371681699998 ], [ -0.3371080423, 53.7576937316 ], [ -0.3334615191, 53.755926187699998 ], [ -0.3333751906, 53.752742824 ], [ -0.3662187355, 53.751589090899998 ], [ -0.416845833, 53.7590633326 ], [ -0.417480379, 53.754691772599998 ], [ -0.4191410223, 53.753284427 ], [ -0.4182240941, 53.7522565676 ], [ -0.4202093591, 53.750682698799999 ], [ -0.4178270766, 53.750309692099997 ], [ -0.4171794594, 53.748575242800001 ], [ -0.4211445062, 53.748393823400001 ], [ -0.4197526852, 53.747494553800003 ], [ -0.4221927473, 53.747131181500002 ], [ -0.4230883072, 53.745084474099997 ], [ -0.4096925656, 53.744026548199997 ], [ -0.4112897362, 53.733845125499997 ], [ -0.4166505312, 53.726742785 ], [ -0.4161363651, 53.724290957100003 ], [ -0.4106900854, 53.725225623100002 ], [ -0.4098056978, 53.7225531156 ], [ -0.414324429, 53.722496141 ], [ -0.4138287759, 53.721168183099998 ], [ -0.4185567976, 53.719972205 ], [ -0.4340620966, 53.718941647100003 ], [ -0.4505006677, 53.7155354625 ], [ -0.4534358017, 53.715663275300003 ], [ -0.4499920012, 53.717830082699997 ], [ -0.4520245132, 53.720669932500002 ], [ -0.4491504478, 53.7217564002 ], [ -0.4501247683, 53.725760145 ], [ -0.4555011285, 53.7262969923 ], [ -0.4602986173, 53.732309469 ], [ -0.4680128846, 53.733199367700003 ], [ -0.4712611358, 53.735595968299997 ], [ -0.4733448569, 53.7349933 ], [ -0.4761684975, 53.739919251700002 ], [ -0.484622695, 53.740098356399997 ], [ -0.4912632561, 53.737575331499997 ], [ -0.4958403013, 53.739322790599999 ], [ -0.4998908417, 53.738834219899999 ], [ -0.4964016229, 53.742287204699998 ], [ -0.4970112912, 53.7447488388 ], [ -0.5076022665, 53.747991355400003 ], [ -0.5064196628, 53.749693513399997 ], [ -0.5087665426, 53.751943002 ], [ -0.5247467171, 53.753399189200003 ], [ -0.5180185974, 53.755379752899998 ], [ -0.544165649, 53.757204065499998 ], [ -0.5521537226, 53.759576125899997 ], [ -0.5645250386, 53.756219245499999 ], [ -0.5628672046, 53.752352146 ], [ -0.5677190736, 53.750612443500003 ], [ -0.5757908764, 53.750510864900001 ], [ -0.5854318297, 53.745231714 ], [ -0.5856273391, 53.7412160015 ], [ -0.5810514488, 53.739319198300002 ], [ -0.5822422406, 53.737274839100003 ], [ -0.5791499466, 53.734559534399999 ], [ -0.5815008878, 53.733176129299999 ], [ -0.580150009, 53.730975834699997 ], [ -0.5831267534, 53.726496907 ], [ -0.5854159199, 53.7269594 ], [ -0.5838449828, 53.725511104699997 ], [ -0.589487937, 53.727954810699998 ], [ -0.617757243, 53.733815504299997 ], [ -0.6398053619, 53.735991366100002 ], [ -0.639721602, 53.737176937900003 ], [ -0.6330563435, 53.739339319400003 ], [ -0.6330216348, 53.741343427799997 ], [ -0.6280642432, 53.7403879055 ], [ -0.6270526313, 53.741652733599999 ], [ -0.6309578854, 53.742326619799996 ], [ -0.6304959813, 53.744874164099997 ], [ -0.6332629533, 53.745121477399998 ], [ -0.6343596353, 53.746841848899997 ], [ -0.6290200558, 53.747823597199996 ], [ -0.6243706005, 53.7513478734 ], [ -0.63257128, 53.7533473258 ], [ -0.6309150922, 53.754838539 ], [ -0.6359035224, 53.7581673233 ], [ -0.6370351839, 53.761631884700002 ], [ -0.6456631729, 53.7659903363 ], [ -0.6532444251, 53.773716168 ], [ -0.656112728, 53.774179809700001 ], [ -0.6547459009, 53.778011660300002 ], [ -0.6559273889, 53.781881073 ], [ -0.653589289, 53.784278634099998 ], [ -0.664272546, 53.784274254499998 ], [ -0.666353701, 53.785946867100002 ], [ -0.6796497325, 53.783967950600001 ], [ -0.687646274, 53.784677664100002 ], [ -0.6897212476, 53.782377358700003 ], [ -0.6957555773, 53.781606618799998 ], [ -0.6947106847, 53.779868621699997 ], [ -0.6975706466, 53.7784098646 ], [ -0.7074146309, 53.781971001099997 ], [ -0.7187754357, 53.782398245300001 ], [ -0.7370894091, 53.778520661800002 ], [ -0.7397773052, 53.779474769700002 ], [ -0.7424593081, 53.778091709800002 ], [ -0.7391508812, 53.776070478900003 ], [ -0.73719508, 53.772472416399999 ], [ -0.7460569614, 53.770929485899998 ], [ -0.741643078, 53.766820375 ], [ -0.7382510906, 53.766604954400002 ], [ -0.7444219626, 53.760125993599999 ], [ -0.7394452913, 53.757125487899998 ], [ -0.74405512, 53.754117723199997 ], [ -0.7499701187, 53.753100906199997 ], [ -0.7507155575, 53.751490717099998 ], [ -0.7541619845, 53.751364787699998 ], [ -0.7604340197, 53.754683698100003 ], [ -0.7674546967, 53.752670718799997 ], [ -0.7851931902, 53.754991075299998 ], [ -0.788861397, 53.756124801200002 ], [ -0.7906476923, 53.759414690100002 ], [ -0.7940938269, 53.760905556700003 ], [ -0.8084584527, 53.762541283499999 ], [ -0.8088302409, 53.7611966889 ], [ -0.8158391217, 53.759018971099998 ], [ -0.822762179, 53.758799514700002 ], [ -0.8270501418, 53.760603303400003 ], [ -0.8278253237, 53.763271502499997 ], [ -0.8312591319, 53.765264531299998 ], [ -0.8345694813, 53.765152936299998 ], [ -0.8417555843, 53.771946005300002 ], [ -0.8475319109, 53.770455631799997 ], [ -0.8544669962, 53.772086090599998 ], [ -0.8633533741, 53.7711549506 ], [ -0.865384832, 53.774032540100002 ], [ -0.8627052613, 53.776047550900003 ], [ -0.8735836795, 53.782352296900001 ], [ -0.8759525308, 53.781170064199998 ], [ -0.8799033984, 53.7821238569 ], [ -0.8895450602, 53.779085526899998 ], [ -0.8921482914, 53.774741196800001 ], [ -0.8949397406, 53.775342216600002 ], [ -0.9000439671, 53.772225195799997 ], [ -0.9088522382, 53.773096655700002 ], [ -0.9091445118, 53.774699264399999 ], [ -0.9134346987, 53.774270813299999 ], [ -0.9152869005, 53.77187867 ], [ -0.9259624242, 53.767372664600003 ], [ -0.9269117284, 53.7634621877 ], [ -0.9297254724, 53.762579500199998 ], [ -0.9269348066, 53.7589861294 ], [ -0.9238287357, 53.759443668800003 ], [ -0.90711417, 53.752964568 ], [ -0.9056926543, 53.751055024400003 ], [ -0.9072739297, 53.749730158699997 ], [ -0.9121179068, 53.751248328800003 ], [ -0.9096218486, 53.749248179699997 ], [ -0.9106544901, 53.744502640900002 ], [ -0.9006738581, 53.744042999900003 ], [ -0.8996879405, 53.741732889700003 ], [ -0.8938712611, 53.739207508 ], [ -0.8958184155, 53.736645747600001 ], [ -0.8887416372, 53.734800615 ], [ -0.889153721, 53.731820233500002 ], [ -0.8862367637, 53.729770736900001 ], [ -0.8943141637, 53.726375910100003 ], [ -0.8904225662, 53.715868284800003 ], [ -0.9093315457, 53.705399399 ], [ -0.9303107909, 53.699521235 ], [ -0.9361061386, 53.705765951499998 ], [ -0.9548212871, 53.706757597900001 ], [ -0.9550791841, 53.704296987 ], [ -0.9585249243, 53.703401165599999 ], [ -0.9609411712, 53.700015485199998 ], [ -0.9657592839, 53.698726865700003 ], [ -0.9766663801, 53.699917115799998 ], [ -0.9798855624, 53.695827817900003 ], [ -0.9778016121, 53.6936977509 ], [ -0.9784582691, 53.6909708353 ], [ -0.9366297535, 53.686193492400001 ], [ -0.9406467309, 53.685420107799999 ], [ -0.9423377691, 53.683196892 ], [ -0.9372689367, 53.680050969699998 ], [ -0.9199262807, 53.675006056 ], [ -0.9215865658, 53.672827792600003 ], [ -0.9152669967, 53.669572207400002 ], [ -0.8925172475, 53.673605318900002 ], [ -0.8946657971, 53.673401273800003 ], [ -0.8872622071, 53.677134011699998 ], [ -0.8812439275, 53.677437500700002 ], [ -0.8799094941, 53.680373306100002 ], [ -0.875049543, 53.683779404900001 ], [ -0.8794515163, 53.685079070500002 ], [ -0.8776241451, 53.690023690399997 ], [ -0.8809129653, 53.694939129600002 ], [ -0.8663859994, 53.696017208800001 ], [ -0.8604600483, 53.688949550300002 ], [ -0.8593911182, 53.685536933900003 ], [ -0.8611250758, 53.682443355899998 ], [ -0.8645725172, 53.680930032500001 ], [ -0.8631876283, 53.678382095899998 ], [ -0.867891851, 53.676844643700001 ], [ -0.8714010336, 53.6729946572 ], [ -0.8746149717, 53.6733844428 ], [ -0.8782759635, 53.668913548799999 ], [ -0.8701148313, 53.643222345399998 ], [ -0.899205043, 53.620275357799997 ], [ -0.8996222207, 53.616439807 ], [ -0.9023344561, 53.614451234800001 ], [ -0.8976493736, 53.613248636800002 ], [ -0.8983046877, 53.612463662 ], [ -0.895364039, 53.6104590407 ], [ -0.8894681359, 53.6099190941 ], [ -0.8888990131, 53.606839663499997 ], [ -0.8814318641, 53.605727419499999 ], [ -0.8809039546, 53.602828106399997 ], [ -0.8781070495, 53.602298552100002 ], [ -0.8750757785, 53.602629650700003 ], [ -0.8728734836, 53.605880840399998 ], [ -0.8779812338, 53.610468149 ], [ -0.8787551086, 53.614349548900002 ], [ -0.8696084372, 53.615521948900003 ], [ -0.8642474081, 53.618131874 ], [ -0.8664259697, 53.618637915900003 ], [ -0.86967095, 53.62280342 ], [ -0.8673872527, 53.626215533100002 ], [ -0.869900276, 53.627803320399998 ], [ -0.8645815979, 53.628777712599998 ], [ -0.8593162857, 53.626642274300004 ], [ -0.8586904348, 53.628541922399997 ], [ -0.8636245463, 53.630629299799999 ], [ -0.8638801591, 53.63349913 ], [ -0.8611752916, 53.636223983 ], [ -0.8621181088, 53.637158785399997 ], [ -0.8587018329, 53.639328507499997 ], [ -0.8610576681, 53.640591382899999 ], [ -0.8581425278, 53.6443568579 ], [ -0.8495780686, 53.6438883382 ], [ -0.8552537837, 53.645452175499997 ], [ -0.8526068461, 53.647665722600003 ], [ -0.8497371398, 53.646379770400003 ], [ -0.8443995805, 53.6523687997 ], [ -0.8338196121, 53.654153868500003 ], [ -0.8280533771, 53.660749233899999 ], [ -0.8269592013, 53.664729512699999 ], [ -0.828234517, 53.665676823 ], [ -0.8247479095, 53.6680516363 ], [ -0.8235480625, 53.670916244700003 ], [ -0.8138131712, 53.6677460887 ], [ -0.7867031363, 53.665694753399997 ], [ -0.7781122076, 53.6675849421 ], [ -0.7795600211, 53.6702064431 ], [ -0.7851657723, 53.672312866799999 ], [ -0.7813485408, 53.675024645900002 ], [ -0.7718309034, 53.672266761400003 ], [ -0.7646273163, 53.675824139500001 ], [ -0.7589841019, 53.674156814299998 ], [ -0.7474797775, 53.679744937199999 ], [ -0.7495586356, 53.684189130199996 ], [ -0.7475257457, 53.686361150800003 ], [ -0.7358934993, 53.6894839128 ], [ -0.7190353895, 53.6885857328 ], [ -0.7129252057, 53.694785428400003 ], [ -0.7043071158, 53.694297022699999 ], [ -0.7050783587, 53.690880629500001 ], [ -0.7031012282, 53.6901671038 ], [ -0.7033104282, 53.687796028100003 ], [ -0.7003030484, 53.687854232900001 ], [ -0.7012668177, 53.686332649900002 ], [ -0.699804009, 53.686681628400002 ], [ -0.6985055452, 53.6847620259 ], [ -0.7071037303, 53.679145146300002 ], [ -0.7184297704, 53.680102820899997 ], [ -0.723562055, 53.678611548799999 ], [ -0.7212911522, 53.6686097503 ], [ -0.7142253363, 53.667023980400003 ], [ -0.7129600797, 53.664835093800001 ], [ -0.7189128241, 53.660188772700003 ], [ -0.7266796496, 53.660577225899999 ], [ -0.7327393022, 53.654313373 ], [ -0.7440365787, 53.651960470699997 ], [ -0.7504055272, 53.652503508899997 ], [ -0.7522627854, 53.648019481600002 ], [ -0.748624342, 53.646228693399998 ], [ -0.7462674611, 53.6400017486 ], [ -0.7569393777, 53.630467981899997 ], [ -0.7548994699, 53.627327684900003 ], [ -0.7532673768, 53.627292721400003 ], [ -0.7478697345, 53.6288004468 ], [ -0.742572543, 53.6350550955 ], [ -0.7367052589, 53.6360360356 ], [ -0.7347864296, 53.638496695100002 ], [ -0.7147875195, 53.639097393299998 ], [ -0.7145703002, 53.6275586366 ], [ -0.7110018916, 53.6219780148 ], [ -0.7015942305, 53.615966476700002 ], [ -0.7006859115, 53.614283281 ], [ -0.7022504473, 53.611188680799998 ], [ -0.7095396935, 53.607982708199998 ], [ -0.7259225688, 53.609035561500001 ], [ -0.7329196333, 53.605044254699997 ], [ -0.7373601504, 53.599962898900003 ], [ -0.7397407576, 53.592699458299997 ], [ -0.7319553831, 53.585951914299997 ], [ -0.732142674, 53.582775684600001 ], [ -0.7349325043, 53.579334228500002 ], [ -0.7456034115, 53.573492132200002 ], [ -0.7478462695, 53.569879956500003 ], [ -0.7716019082, 53.571301855500003 ], [ -0.7788237917, 53.573281432199998 ], [ -0.7781836174, 53.574533341600002 ], [ -0.7795332289, 53.575392072699998 ], [ -0.7820129992, 53.575291497400002 ], [ -0.7823859547, 53.573875048 ], [ -0.7827526968, 53.576881069 ], [ -0.7864106203, 53.577835092400001 ], [ -0.7870849562, 53.574327276200002 ], [ -0.790510283, 53.57284283 ], [ -0.8082403217, 53.572831981299998 ], [ -0.8087988488, 53.571228536100001 ], [ -0.8213635303, 53.570130487699998 ], [ -0.8153181547, 53.568147163299997 ], [ -0.8134927382, 53.564308803899998 ], [ -0.8115206367, 53.56356113 ], [ -0.8147855169, 53.562353054799999 ], [ -0.8158611197, 53.557356901 ], [ -0.8249611077, 53.554201648099998 ], [ -0.8160086178, 53.542337921700003 ], [ -0.8168853369, 53.539038680200001 ], [ -0.8189890976, 53.537729114 ], [ -0.816804518, 53.535442316699999 ], [ -0.8205059085, 53.533645139800001 ], [ -0.8202879936, 53.528456386199998 ], [ -0.8155479929, 53.525317343 ], [ -0.8155485818, 53.523133038799998 ], [ -0.8134283007, 53.522356948300001 ], [ -0.8147944503, 53.520968222699999 ], [ -0.8019616433, 53.516040241900001 ], [ -0.8026929515, 53.514708212599999 ], [ -0.8047928662, 53.515115746399999 ], [ -0.8045955804, 53.508192276099997 ], [ -0.8134503037, 53.502132030600002 ], [ -0.8133571107, 53.500611943599999 ], [ -0.7905601232, 53.496958714900003 ], [ -0.7759352609, 53.491272631100003 ], [ -0.7700698869, 53.494906913199998 ], [ -0.7716349446, 53.492833996400002 ], [ -0.7689452022, 53.4932902754 ], [ -0.7657450389, 53.499908134400002 ], [ -0.7525333421, 53.499846580700002 ], [ -0.7498978243, 53.496612333199998 ], [ -0.751774698, 53.495840910399998 ], [ -0.7497270088, 53.494219463299999 ], [ -0.7355504666, 53.491409591199996 ], [ -0.7373592522, 53.489379206 ], [ -0.736835036, 53.4867308842 ], [ -0.7310178683, 53.483181509700003 ], [ -0.7256959154, 53.486271065700002 ], [ -0.7211334004, 53.486635835400001 ], [ -0.7201817993, 53.488207727899997 ], [ -0.715784362, 53.4880886515 ], [ -0.7143501744, 53.4866709374 ], [ -0.7083806467, 53.487208822900001 ], [ -0.7066581618, 53.488835228100001 ], [ -0.7094860415, 53.490016395200001 ], [ -0.7092982617, 53.491236883100001 ], [ -0.7023075885, 53.4950804379 ], [ -0.7122441089, 53.500473465699997 ], [ -0.7160684678, 53.500640447 ], [ -0.7189304938, 53.503224042799999 ], [ -0.7426939287, 53.509637401799999 ], [ -0.7374224652, 53.520742613899998 ], [ -0.7299226388, 53.520348573200003 ], [ -0.7261268059, 53.522186900500003 ], [ -0.725451279, 53.520570667 ], [ -0.721982234, 53.519562824899999 ], [ -0.719330506, 53.521467094800002 ], [ -0.7136837436, 53.5196536216 ], [ -0.7125779627, 53.521799089799998 ], [ -0.7104645021, 53.520365037200001 ], [ -0.7068948147, 53.521683832100003 ], [ -0.6974949365, 53.521276182500003 ], [ -0.6956566346, 53.520231391800003 ], [ -0.6960728691, 53.518465087499997 ], [ -0.6844506888, 53.514841031800003 ], [ -0.6753252323, 53.512942460600001 ], [ -0.6697387198, 53.514597351299997 ], [ -0.6733949208, 53.520184238100001 ], [ -0.6723260189, 53.522051064599999 ], [ -0.6740082737, 53.522761917300002 ], [ -0.6816679466, 53.522864589900003 ], [ -0.6818282867, 53.524502367300002 ], [ -0.6894007995, 53.525484509199998 ], [ -0.6925075978, 53.528448949599998 ], [ -0.6994287251, 53.527086176799997 ], [ -0.6993155454, 53.528810841499997 ], [ -0.7033326521, 53.530652273900003 ], [ -0.7139256847, 53.532582446100001 ], [ -0.7149696982, 53.535973538599997 ], [ -0.7179379326, 53.537614427699999 ], [ -0.7402973353, 53.539327104500003 ], [ -0.7374282221, 53.5429141941 ], [ -0.7372127427, 53.5467957766 ], [ -0.7447175486, 53.556379969699996 ], [ -0.7320099677, 53.5585379778 ], [ -0.7108450811, 53.556513963299999 ], [ -0.7009134993, 53.574195719599999 ], [ -0.6988494511, 53.585346575499997 ], [ -0.6770082946, 53.584765498800003 ], [ -0.6661041484, 53.586118632599998 ], [ -0.6657534842, 53.590537305700003 ], [ -0.6615037897, 53.593060696499997 ], [ -0.6602324364, 53.595994856799997 ], [ -0.6607008018, 53.600296832300003 ], [ -0.6629408354, 53.602101696699997 ], [ -0.6602511036, 53.604957076700003 ], [ -0.6619223322, 53.6065937877 ], [ -0.6564072357, 53.610828728500003 ], [ -0.6602855315, 53.611510418800002 ], [ -0.6676306595, 53.619233015500001 ], [ -0.6713491434, 53.61925637 ], [ -0.6700047562, 53.620661692399999 ], [ -0.6728974168, 53.621952248299998 ], [ -0.67388267, 53.624767713600001 ], [ -0.6727968326, 53.629978245700002 ], [ -0.6808018699, 53.635145459199997 ], [ -0.6801029162, 53.6371872259 ], [ -0.6814496827, 53.638622312199999 ], [ -0.6780255637, 53.645577916699999 ], [ -0.6809640046, 53.650311511699996 ], [ -0.6778046474, 53.6574767623 ], [ -0.6808174971, 53.660337044199999 ], [ -0.6815455994, 53.665616978199999 ], [ -0.6780173562, 53.669056773699999 ], [ -0.6763843641, 53.675762403 ], [ -0.6599839178, 53.686888029 ], [ -0.6601873687, 53.6890656072 ], [ -0.6633353578, 53.691995183 ], [ -0.6578183187, 53.691178433799998 ], [ -0.6549395949, 53.694543932599998 ], [ -0.6510077361, 53.695776139300001 ], [ -0.6499144332, 53.697282939300003 ], [ -0.6513429404, 53.70187402 ], [ -0.6446725537, 53.706275524200002 ], [ -0.6276214824, 53.712112923799999 ], [ -0.6104485215, 53.714309250100001 ], [ -0.6058872016, 53.711900550499998 ], [ -0.5926212011, 53.699734680299997 ], [ -0.5843184156, 53.6960892683 ], [ -0.5861542505, 53.693407396300003 ], [ -0.5833906191, 53.695328201499997 ], [ -0.5584749441, 53.682909218799999 ], [ -0.5468552261, 53.679133892599999 ], [ -0.5273577533, 53.678405726699999 ], [ -0.5236567658, 53.676964435400002 ], [ -0.5238718809, 53.678187475400001 ], [ -0.5143286363, 53.678902423899999 ], [ -0.5123430873, 53.676435011400002 ], [ -0.5152615678, 53.676102676500001 ], [ -0.5153556523, 53.674288057200002 ], [ -0.5115131068, 53.669916630400003 ], [ -0.5134714301, 53.668466750500002 ], [ -0.5128133219, 53.665662984400001 ], [ -0.4975702068, 53.664708613400002 ], [ -0.4961537454, 53.665490492899998 ], [ -0.4968682186, 53.673078723899998 ], [ -0.5041684745, 53.6808678636 ], [ -0.4975276484, 53.683673803300003 ], [ -0.4913191301, 53.688819992500001 ], [ -0.4706557504, 53.698157807100003 ], [ -0.4437155619, 53.697303130900004 ], [ -0.4432265969, 53.693323397 ], [ -0.442351601, 53.697317539099998 ], [ -0.4139370114, 53.697546620799997 ], [ -0.4132442281, 53.698045314200002 ], [ -0.405010012, 53.698522160099998 ], [ -0.3956259243, 53.699721379099998 ], [ -0.3951114693, 53.699997124900001 ], [ -0.3923831585, 53.691443614500002 ], [ -0.3905047061, 53.689246804500002 ], [ -0.3938564049, 53.698385825199999 ], [ -0.3932749507, 53.7003118023 ], [ -0.3876458233, 53.702097240299999 ], [ -0.362647926, 53.705395229600001 ], [ -0.361293438, 53.703925170399998 ], [ -0.3615251812, 53.705718754499998 ], [ -0.3309438462, 53.7114733469 ], [ -0.2999539513, 53.714341432 ], [ -0.2894360756, 53.713145936099998 ], [ -0.2755804493, 53.705065508 ], [ -0.2639830585, 53.691685232600001 ], [ -0.2681126611, 53.690036532500002 ], [ -0.2630496419, 53.690360594700003 ], [ -0.244165486, 53.669938117100003 ], [ -0.2349259133, 53.664813889 ], [ -0.2378392183, 53.663564447799999 ], [ -0.232507071, 53.663193883300004 ], [ -0.2185645312, 53.648666920799997 ], [ -0.2107769218, 53.643234698699999 ], [ -0.2050747209, 53.643159240800003 ], [ -0.2004304218, 53.639666907799999 ], [ -0.201820152, 53.637117219399997 ], [ -0.1880147034, 53.630877535 ], [ -0.1907148894, 53.628603314599999 ], [ -0.1913202795, 53.630776971 ], [ -0.1921948065, 53.629282432499998 ], [ -0.1964815808, 53.630126705599999 ], [ -0.1937789684, 53.627744704100003 ], [ -0.2022929859, 53.629826103200003 ], [ -0.1913181487, 53.625565742100001 ], [ -0.1882627239, 53.627219648500002 ], [ -0.1903421212, 53.628449455899997 ], [ -0.1874517621, 53.630620244799999 ], [ -0.1750674844, 53.624270356 ], [ -0.1651773263, 53.621361739800001 ], [ -0.1380743292, 53.607078676900002 ], [ -0.1305196355, 53.600500855100002 ], [ -0.0937561805, 53.5811570678 ], [ -0.0840462436, 53.580432813800002 ], [ -0.0794442054, 53.576943514900002 ], [ -0.0713887603, 53.583987762200003 ], [ -0.0657664, 53.582567935299998 ], [ -0.0663586013, 53.578746986900001 ], [ -0.0687258696, 53.578645344900004 ], [ -0.0698256137, 53.576500464600002 ], [ -0.0664102235, 53.576679673400001 ], [ -0.0643003764, 53.579922375 ], [ -0.063555443, 53.577342393899997 ], [ -0.0578259782, 53.578263089499998 ], [ -0.0655433076, 53.582614733500002 ], [ -0.0618963063, 53.582447028600001 ], [ -0.0419573121, 53.570222657800002 ], [ -0.0324026466, 53.566267289899997 ], [ -0.0243181738, 53.558273976300001 ], [ 0.009072309, 53.5347338224 ], [ 0.0167379882, 53.526203516499997 ], [ 0.0147324288, 53.522778477199999 ], [ 0.0179202791, 53.519535428300003 ], [ 0.0387788481, 53.507243507200002 ], [ 0.0149615612, 53.495172311200001 ], [ 0.0134247872, 53.493830488599997 ], [ 0.0151068595, 53.491222872100003 ], [ 0.0223301437, 53.492331093200001 ], [ 0.0280331862, 53.490031113900002 ], [ 0.0339304435, 53.485495541100001 ], [ 0.0355037073, 53.480382981799998 ], [ 0.0570532224, 53.486965188200003 ], [ 0.060200132, 53.486056746 ], [ 0.0805916825, 53.4944850758 ], [ 0.1052125828, 53.482263961900003 ], [ 0.1243072904, 53.4834157166 ], [ 0.1401527131, 53.475940833599999 ], [ 0.1541479781, 53.474936451200001 ], [ 0.1613464643, 53.466113876 ], [ 0.1731007733, 53.439863968200001 ], [ 0.1632132187, 53.436277494099997 ], [ 0.1508996093, 53.440959634 ], [ 0.1305774913, 53.438441763599997 ], [ 0.1006532432, 53.413115731799998 ], [ 0.0920052023, 53.409858244399999 ], [ 0.0847767447, 53.413338085699998 ], [ 0.0809595741, 53.412558436899999 ], [ 0.0716083942, 53.407442934099997 ], [ 0.0722180672, 53.405634081800002 ], [ 0.0655472804, 53.406168851700002 ], [ 0.05876774, 53.402655321600001 ], [ 0.0561063111, 53.399638351500002 ], [ 0.0585874244, 53.3961778177 ], [ 0.0468964086, 53.386964746300002 ], [ 0.0429776108, 53.381422193100001 ], [ 0.026261556, 53.372745602400002 ], [ -0.0079973524, 53.359620842200002 ], [ -0.003433819, 53.356024161199997 ], [ -0.0031983169, 53.351365208399997 ], [ 0.0054442729, 53.344422011500001 ], [ 0.0082141919, 53.339082882699998 ], [ -0.0013570014, 53.325612119 ], [ -0.0095468507, 53.3191142915 ], [ -0.015336616, 53.318473379 ], [ -0.0235820968, 53.314037089 ], [ -0.033200026, 53.310790311300003 ], [ -0.0542522265, 53.307299424699998 ], [ -0.0612317357, 53.300298238899998 ], [ -0.0640698769, 53.299329283500001 ], [ -0.0804982043, 53.309563189 ], [ -0.095159928, 53.314619300499999 ], [ -0.1032942439, 53.3232918295 ], [ -0.113283431, 53.325926139800004 ], [ -0.1099110436, 53.331931141299997 ], [ -0.1084741615, 53.342134748399999 ], [ -0.1135554828, 53.358804 ], [ -0.1132739666, 53.364816249299999 ], [ -0.0937902839, 53.378078717699999 ], [ -0.0833285359, 53.380690595899999 ], [ -0.0692193164, 53.387128074 ], [ -0.0732857487, 53.388915686399997 ], [ -0.076181163, 53.392764702500003 ], [ -0.0787233748, 53.401051572299998 ], [ -0.0778461168, 53.403439431800003 ], [ -0.0809063423, 53.407932347 ], [ -0.0918810853, 53.411382846199999 ], [ -0.0970647238, 53.415058850400001 ], [ -0.1094800443, 53.416251923600001 ], [ -0.1152770425, 53.419136334699999 ], [ -0.1157943046, 53.414355089700003 ], [ -0.1201375571, 53.406639136599999 ], [ -0.133340259, 53.398831857799998 ], [ -0.1341051784, 53.395447098399998 ], [ -0.1471203954, 53.389511752 ], [ -0.1635690591, 53.390461383199998 ], [ -0.1790409881, 53.395617898 ], [ -0.1924041349, 53.3902154938 ], [ -0.2182638515, 53.392262734399999 ], [ -0.2293150636, 53.391377498200001 ], [ -0.2264146038, 53.3839355649 ], [ -0.2208596782, 53.3785522517 ], [ -0.2273876649, 53.375673764299997 ], [ -0.2292301025, 53.372572650400002 ], [ -0.2352430708, 53.371115454799998 ], [ -0.2431824893, 53.366665750499998 ], [ -0.25234774, 53.366009276900002 ], [ -0.2555729712, 53.367261019600001 ], [ -0.2665027215, 53.363860305800003 ], [ -0.2748822602, 53.3632805162 ], [ -0.2805968228, 53.366922928500003 ], [ -0.289382605, 53.368217839 ], [ -0.2987413512, 53.365708615499997 ], [ -0.3026255261, 53.368568715199999 ], [ -0.3063279847, 53.367686377399998 ], [ -0.3132895812, 53.370284101400003 ], [ -0.3164508195, 53.373214429800001 ], [ -0.3165803026, 53.376030035399999 ], [ -0.3200526275, 53.376420562699998 ], [ -0.3434497274, 53.374733860299997 ], [ -0.3452168622, 53.373355981800003 ], [ -0.3564431742, 53.373816732400002 ], [ -0.3597029078, 53.371919804800001 ], [ -0.3717310491, 53.370268578400001 ], [ -0.3760237283, 53.366479491699998 ], [ -0.3804817779, 53.365838871599998 ], [ -0.4033302523, 53.366542244100003 ], [ -0.4186710686, 53.365038446100002 ], [ -0.4191121916, 53.363677871299998 ], [ -0.4265361786, 53.362049969700003 ], [ -0.4338726278, 53.362793709100004 ], [ -0.4350259989, 53.361667161100002 ], [ -0.4339536775, 53.360583336300003 ], [ -0.436368326, 53.3594823074 ], [ -0.444263573, 53.359729313300001 ], [ -0.4452550721, 53.3622143634 ], [ -0.4524360645, 53.362280717600001 ], [ -0.455960855, 53.366209851599997 ], [ -0.4621814334, 53.366254198199996 ], [ -0.4676095422, 53.361577533499997 ], [ -0.4736591363, 53.359659372400003 ], [ -0.471950894, 53.357003580600001 ], [ -0.4732407485, 53.354547964200002 ], [ -0.4832147245, 53.351241136799999 ], [ -0.4822666378, 53.349170479900003 ], [ -0.4867430568, 53.348337360499997 ], [ -0.485941624, 53.346789959100001 ], [ -0.4910914569, 53.347295696300002 ], [ -0.4946125973, 53.34457139 ], [ -0.508489271, 53.342516230100003 ], [ -0.5200672296, 53.342174940900001 ], [ -0.5224756367, 53.340290020300003 ], [ -0.5218211633, 53.338367150700002 ], [ -0.5426922009, 53.334578588900001 ], [ -0.5584161089, 53.3354707612 ], [ -0.5596858355, 53.338794216499998 ], [ -0.5623419154, 53.339311675600001 ], [ -0.5647732303, 53.350550782900001 ], [ -0.563311936, 53.3524569414 ], [ -0.5641103344, 53.357311854599999 ], [ -0.5623636836, 53.359205578199997 ], [ -0.5639929151, 53.371531705899997 ], [ -0.5736288958, 53.384547006600002 ], [ -0.5854960955, 53.393497741099999 ], [ -0.5909991854, 53.391252568500001 ], [ -0.5963232705, 53.390775915699997 ], [ -0.598163004, 53.391993112100003 ], [ -0.6163420933, 53.3860294881 ], [ -0.6190886402, 53.382932998299999 ], [ -0.6223552909, 53.382341483 ], [ -0.6252112387, 53.386095983600001 ], [ -0.6319933205, 53.384663677500001 ], [ -0.6339768503, 53.387050551199998 ], [ -0.6445818028, 53.388807488 ], [ -0.6446890213, 53.390166088800001 ], [ -0.6416901025, 53.391786042100001 ], [ -0.6472932451, 53.394348672100001 ], [ -0.6461684651, 53.396619203599997 ], [ -0.6562196323, 53.400292487100003 ], [ -0.6572958441, 53.405284645 ], [ -0.6658852253, 53.404805596400003 ], [ -0.672582555, 53.408080397 ], [ -0.6802338045, 53.406816809299997 ], [ -0.680775995, 53.411659005499999 ], [ -0.6844177132, 53.414557747800004 ], [ -0.6921048336, 53.4131319858 ], [ -0.6938521342, 53.411101566799999 ], [ -0.7022815569, 53.415409365499997 ], [ -0.702079696, 53.413636325600002 ], [ -0.7045490572, 53.412584430800003 ], [ -0.7136658432, 53.4121076598 ], [ -0.7164574894, 53.404335072599999 ], [ -0.7270836767, 53.404628590400002 ], [ -0.7304080349, 53.406650587 ], [ -0.7425188904, 53.403551604599997 ], [ -0.7448827879, 53.405518132799997 ], [ -0.7484673882, 53.404854596100002 ], [ -0.752907109, 53.410438361499999 ], [ -0.7628349342, 53.411009047 ], [ -0.7626715464, 53.404714949899997 ], [ -0.7642485084, 53.40428182 ], [ -0.7634300989, 53.399823716100002 ], [ -0.7658239766, 53.396621371400002 ], [ -0.7646345415, 53.393561745500001 ], [ -0.761968423, 53.392662184300001 ], [ -0.7635330157, 53.387392760899999 ], [ -0.7612677401, 53.384681516500002 ], [ -0.7613135732, 53.382066138900001 ], [ -0.7571276216, 53.379703426900001 ], [ -0.7560410892, 53.377265027900002 ], [ -0.7499464353, 53.3759428826 ], [ -0.74832281, 53.370819998599998 ], [ -0.7496118251, 53.3699166062 ], [ -0.7420755833, 53.3634910396 ], [ -0.7411076494, 53.3606402371 ], [ -0.7430026717, 53.359563520099996 ], [ -0.7431515938, 53.356544703399997 ], [ -0.7489475831, 53.351544648500003 ], [ -0.7454197739, 53.350428884099998 ], [ -0.7476714487, 53.348951352100002 ], [ -0.7443859559, 53.339082584300002 ], [ -0.7396017495, 53.339355767400001 ], [ -0.7374060664, 53.337417843 ], [ -0.7396768006, 53.3347720302 ], [ -0.7390167792, 53.331690723100003 ], [ -0.730378086, 53.316146515600003 ], [ -0.7260880954, 53.299902016600001 ], [ -0.7348804781, 53.299932659200003 ], [ -0.7367277109, 53.296320544300002 ], [ -0.7427756892, 53.293723596600003 ], [ -0.7454980833, 53.2950287432 ], [ -0.7467554386, 53.294619436 ], [ -0.7454608075, 53.292718068 ], [ -0.7413499766, 53.291694950299998 ], [ -0.7315853866, 53.292634281399998 ], [ -0.7216742712, 53.290928373699998 ], [ -0.7073666163, 53.272876314400001 ], [ -0.7057265745, 53.266601900799998 ], [ -0.6972888547, 53.258581327100003 ], [ -0.6871079353, 53.253255812299997 ], [ -0.684389354, 53.2490378615 ], [ -0.6869929213, 53.242324467899998 ], [ -0.6925502193, 53.2369918658 ], [ -0.705018293, 53.2309780657 ], [ -0.7168458559, 53.2212175632 ], [ -0.7191673003, 53.213691379 ], [ -0.7174016748, 53.202988504499999 ], [ -0.7068409383, 53.190365335700001 ], [ -0.6944739906, 53.189506173799998 ], [ -0.6916628459, 53.187943296599997 ], [ -0.690361983, 53.186841271200002 ], [ -0.6920143383, 53.184261444400001 ], [ -0.6883804865, 53.183682124299999 ], [ -0.6884715417, 53.180454189499997 ], [ -0.6862839427, 53.177851775 ], [ -0.6813657544, 53.179163855299997 ], [ -0.6817339608, 53.177891412400001 ], [ -0.6800059446, 53.177153114399999 ], [ -0.67434418, 53.176856521300003 ], [ -0.6819535021, 53.175610492300002 ], [ -0.6825419624, 53.1739810702 ], [ -0.6695382968, 53.172595826 ], [ -0.668566906, 53.171110681899997 ], [ -0.6717898283, 53.166543991099999 ], [ -0.6608348763, 53.163337884599997 ], [ -0.6606393705, 53.1614478937 ], [ -0.672706848, 53.155245301199997 ], [ -0.6708066371, 53.153821732799997 ], [ -0.6707334099, 53.148445128 ], [ -0.6830605618, 53.149714758899997 ], [ -0.6833757631, 53.146742685200003 ], [ -0.686390166, 53.147917649599997 ], [ -0.6998324647, 53.141484767800002 ], [ -0.7054283859, 53.140341121799999 ], [ -0.7070251603, 53.136951412599998 ], [ -0.7063188994, 53.135082895899998 ], [ -0.7081448259, 53.134509403899997 ], [ -0.7084442782, 53.132498981799998 ], [ -0.7130019656, 53.1340405985 ], [ -0.7209108137, 53.131977296899997 ], [ -0.7194386585, 53.126693573200001 ], [ -0.7150875828, 53.1262601496 ], [ -0.7106875046, 53.122472911199999 ], [ -0.7118813087, 53.118530401400001 ], [ -0.7177934066, 53.117991909700002 ], [ -0.7143721193, 53.115177225799997 ], [ -0.7161505172, 53.111151085899998 ], [ -0.7116481933, 53.108333644799998 ], [ -0.7123659499, 53.106309752800001 ], [ -0.719186007, 53.105025886599996 ], [ -0.7257390488, 53.099621524 ], [ -0.7309713053, 53.098445836099998 ], [ -0.7333892143, 53.100026791700003 ], [ -0.7450231464, 53.101606320599998 ], [ -0.7496066472, 53.104252521200003 ], [ -0.7497598494, 53.102573098800001 ], [ -0.7458337751, 53.099412408699997 ], [ -0.7493706942, 53.096420119199998 ], [ -0.7491435603, 53.094508524799998 ], [ -0.7381854312, 53.0892387926 ], [ -0.7401916861, 53.081391552500001 ], [ -0.7441614071, 53.080417674400003 ], [ -0.7452195263, 53.076886915 ], [ -0.7657323578, 53.071599753800001 ], [ -0.7653946432, 53.065663089899999 ], [ -0.7676207784, 53.062962302099997 ], [ -0.7652016174, 53.061975332700001 ], [ -0.7656302341, 53.057943426400001 ], [ -0.7685199054, 53.057074401100003 ], [ -0.7669897584, 53.054748214599996 ], [ -0.7644106044, 53.054155112799997 ], [ -0.7714588016, 53.048699451700003 ], [ -0.7723890485, 53.043261316399999 ], [ -0.7757693189, 53.042936558800001 ], [ -0.7759985093, 53.040637562100002 ], [ -0.77183591, 53.038580978399999 ], [ -0.7711154029, 53.0345461621 ], [ -0.7735385441, 53.034292487099997 ], [ -0.779610595, 53.042130993100002 ], [ -0.7855084755, 53.0413822736 ], [ -0.7875759503, 53.035739873300003 ], [ -0.7992467437, 53.032756781700002 ], [ -0.8019198045, 53.028315893600002 ], [ -0.8076591937, 53.024579920100003 ], [ -0.8091220791, 53.021268398 ], [ -0.8160431894, 53.021139712599997 ], [ -0.8178783985, 53.0194499288 ], [ -0.815182095, 53.016654286 ], [ -0.8087274921, 53.015025615 ], [ -0.8025895017, 53.008437471299999 ], [ -0.7827557144, 53.006186486799997 ], [ -0.7768368513, 53.008373191799997 ], [ -0.7758343253, 53.009437384 ], [ -0.7775732231, 53.0114598304 ], [ -0.7724309367, 53.012373953599997 ], [ -0.7707504007, 53.016437144400001 ], [ -0.7673710957, 53.016276317100001 ], [ -0.7639660394, 53.011278657299997 ], [ -0.7610607324, 53.003948768500003 ], [ -0.7616669986, 53.002031278899999 ], [ -0.7574777563, 52.9994974261 ], [ -0.7628156857, 52.991039786100004 ], [ -0.7610187855, 52.988234253199998 ], [ -0.7703223415, 52.989014046299999 ], [ -0.7712046126, 52.986272303 ], [ -0.7758345732, 52.985322172300002 ], [ -0.7763859049, 52.980041895799999 ], [ -0.7745763973, 52.978719745600003 ], [ -0.7750329543, 52.977322047500003 ], [ -0.7829939353, 52.973861834600001 ], [ -0.7867816394, 52.9683628517 ], [ -0.7907724613, 52.967288778799997 ], [ -0.7927599652, 52.9643603353 ], [ -0.7916367782, 52.960321508200003 ], [ -0.792676522, 52.958803811099997 ], [ -0.8006814536, 52.956808202799998 ], [ -0.7989161134, 52.954974445799998 ], [ -0.7994911198, 52.9514113137 ], [ -0.7845797145, 52.942809373700001 ], [ -0.773009747, 52.944632298499997 ], [ -0.7708546771, 52.942955906500003 ], [ -0.7617364275, 52.942285913799999 ], [ -0.7600495291, 52.939868043499999 ], [ -0.7469880711, 52.933555036900003 ], [ -0.7483487713, 52.928678894900003 ], [ -0.74667461, 52.927924082099999 ], [ -0.7468546708, 52.924779529299997 ], [ -0.7446530683, 52.9206659022 ], [ -0.7506898892, 52.915569337199997 ], [ -0.7463459537, 52.907369761600002 ], [ -0.7400223315, 52.906997214299999 ], [ -0.7396687273, 52.903297993199999 ], [ -0.7446374211, 52.899602430800002 ], [ -0.7464774674, 52.894569533099997 ], [ -0.7507139168, 52.894056784500002 ], [ -0.7511602158, 52.891975818699997 ], [ -0.7548613075, 52.890423455099999 ], [ -0.7581075628, 52.882932882200002 ], [ -0.7599825884, 52.882844591500003 ], [ -0.7605645809, 52.8811965214 ], [ -0.7596353613, 52.879388838700002 ], [ -0.7518580116, 52.878030800799998 ], [ -0.7521556412, 52.8754268486 ], [ -0.7429522536, 52.874089191700001 ], [ -0.7383562911, 52.871181658499999 ], [ -0.7390530682, 52.866622162100001 ], [ -0.7369589834, 52.863021906500002 ], [ -0.7389962742, 52.859357670599998 ], [ -0.749220484, 52.852975041599997 ], [ -0.7481626962, 52.851543480499998 ], [ -0.7495398258, 52.848582287500001 ], [ -0.7428410487, 52.845553874399997 ], [ -0.7351510839, 52.844735029799999 ], [ -0.7383946779, 52.843223258800002 ], [ -0.7384345331, 52.840823354400001 ], [ -0.7296174878, 52.835667972800003 ], [ -0.7308654946, 52.833595637400002 ], [ -0.7280335935, 52.832971991100003 ], [ -0.7261783564, 52.829410033 ], [ -0.7212522119, 52.8263184463 ], [ -0.7216553783, 52.821683930799999 ], [ -0.71471771, 52.817905121199999 ], [ -0.717620409, 52.816588006899998 ], [ -0.7171387801, 52.814802773 ], [ -0.7227670983, 52.814135272 ], [ -0.72547967, 52.811692165099998 ], [ -0.71801506, 52.806199765499997 ], [ -0.7184273986, 52.802266569700002 ], [ -0.7240760345, 52.798821301700002 ], [ -0.7258395438, 52.796844452 ], [ -0.7254030499, 52.7950327609 ], [ -0.722823376, 52.792469804900001 ], [ -0.6993984359, 52.794220214200003 ], [ -0.6958816023, 52.795772847499997 ], [ -0.6950958649, 52.79377742 ], [ -0.6965421574, 52.792031253499999 ], [ -0.6933536818, 52.785595231199999 ], [ -0.6896300021, 52.782200856300001 ], [ -0.6896525498, 52.7784881826 ], [ -0.6927362021, 52.772552747500001 ], [ -0.6990735057, 52.767821668099998 ], [ -0.6971259695, 52.765534783 ], [ -0.7002415264, 52.7589611776 ], [ -0.6984347614, 52.754446314500001 ], [ -0.6954001407, 52.753355090699998 ], [ -0.6956755246, 52.748599374100003 ], [ -0.6984813503, 52.7479109784 ], [ -0.6903728767, 52.743614334900002 ], [ -0.6864757377, 52.738231073 ], [ -0.6778268552, 52.736229057199999 ], [ -0.6768020345, 52.731920310200003 ], [ -0.6814767782, 52.726200655299998 ], [ -0.6812804847, 52.7228900733 ], [ -0.6785602227, 52.718832173899997 ], [ -0.6823587273, 52.716590922 ], [ -0.6812515996, 52.712065519600003 ], [ -0.6829505005, 52.7116888304 ], [ -0.6829165242, 52.7059347012 ], [ -0.6790977603, 52.704957237099997 ], [ -0.6806121523, 52.700874544400001 ], [ -0.6787170902, 52.697958579900003 ], [ -0.6865347953, 52.687958372799997 ], [ -0.6923689181, 52.684822332099998 ], [ -0.6955780591, 52.686350068400003 ], [ -0.7068256061, 52.6862215616 ], [ -0.7083466349, 52.687820426099996 ], [ -0.7129478877, 52.688373920099998 ], [ -0.7139775058, 52.692556561899998 ], [ -0.7178650656, 52.692185115299999 ], [ -0.7225912133, 52.6945106561 ], [ -0.7342914547, 52.693539330299998 ], [ -0.737130477, 52.694729340499997 ], [ -0.7426561012, 52.692450613299997 ], [ -0.7461351508, 52.692901006200003 ], [ -0.7619084063, 52.684526081400001 ], [ -0.7629894963, 52.681867277 ], [ -0.7613736145, 52.6804209628 ], [ -0.7665376348, 52.677741782600002 ], [ -0.7682761918, 52.674829052100002 ], [ -0.7733207184, 52.673209181300003 ], [ -0.7748459298, 52.671027748 ], [ -0.773023034, 52.669052623900001 ], [ -0.7760797459, 52.666566965100003 ], [ -0.7790299168, 52.667891980100002 ], [ -0.7883521961, 52.667681968899998 ], [ -0.7966491808, 52.671416504699998 ], [ -0.8020028696, 52.671416789299997 ], [ -0.8110540992, 52.678493257500001 ], [ -0.8241812989, 52.6798828043 ], [ -0.8281710451, 52.6772702341 ], [ -0.826760218, 52.674721056300001 ], [ -0.8317517655, 52.671677738200003 ], [ -0.8292336155, 52.6685063384 ], [ -0.8290282544, 52.665124007300001 ], [ -0.8426217303, 52.657687794200001 ], [ -0.8423218242, 52.653369582700002 ], [ -0.8404726529, 52.6511848528 ], [ -0.8491586936, 52.650846995 ], [ -0.8561637026, 52.653180328399998 ], [ -0.8599523282, 52.651314260500001 ], [ -0.8620276317, 52.647105482400001 ], [ -0.8672113159, 52.645591808200003 ], [ -0.8699961232, 52.641311126600002 ], [ -0.8744395063, 52.640355523 ], [ -0.8768393347, 52.637825083499997 ], [ -0.8919072556, 52.638038853099999 ], [ -0.8934364167, 52.644202405100003 ], [ -0.9000079101, 52.646780819 ], [ -0.9129106026, 52.641451848099997 ], [ -0.9200621704, 52.642110579899999 ], [ -0.9226045394, 52.6408930817 ], [ -0.9290669791, 52.6370948697 ], [ -0.9267738308, 52.633576983600001 ], [ -0.9199317761, 52.630602015199997 ], [ -0.9192016531, 52.625452992100001 ], [ -0.9205983674, 52.620925673499997 ], [ -0.932077457, 52.609944840399997 ], [ -0.9336292541, 52.601993525 ], [ -0.9396282397, 52.597543272899998 ], [ -0.9317487796, 52.594316945800003 ], [ -0.9245334683, 52.587526989499999 ], [ -0.9462113153, 52.576070527200002 ], [ -0.9563657126, 52.574757965800003 ], [ -0.9582458237, 52.5726348496 ], [ -0.9726949953, 52.566809549600002 ], [ -0.9718241272, 52.561147153 ], [ -0.9744350739, 52.559254878 ], [ -0.972940292, 52.557569743899997 ], [ -0.9740131534, 52.554576311799998 ], [ -1.0006564937, 52.549140325800003 ], [ -1.0022452651, 52.545413796799998 ], [ -1.0093761417, 52.541769702899998 ], [ -1.0138975832, 52.537402240799999 ], [ -1.0166044269, 52.533711794699997 ], [ -1.0159494954, 52.532672477799998 ], [ -1.0307648647, 52.528011895200002 ], [ -1.029004587, 52.523610243100002 ], [ -1.0310797572, 52.521739298 ], [ -1.0437522426, 52.5222648779 ], [ -1.0596029115, 52.516719025699999 ], [ -1.0612928562, 52.512102476700001 ], [ -1.0597007018, 52.507522806200001 ], [ -1.069010736, 52.503197928699997 ], [ -1.0676602107, 52.500879056800002 ], [ -1.0709653337, 52.499898139 ], [ -1.0723819545, 52.497715633 ], [ -1.07313363, 52.490691135 ], [ -1.0867108116, 52.492927389800002 ], [ -1.0961738114, 52.488990389599998 ], [ -1.101106415, 52.489045936499998 ], [ -1.1036070128, 52.490647182099998 ], [ -1.103627398, 52.493991700099997 ], [ -1.1079349373, 52.496577465599998 ], [ -1.1094122021, 52.500742066900003 ], [ -1.1401018166, 52.489964997100003 ], [ -1.1507541093, 52.489754224400002 ], [ -1.1640577859, 52.494955361199999 ], [ -1.1715001959, 52.489253972699998 ], [ -1.1725026792, 52.486060479199999 ], [ -1.1786294758, 52.4828666899 ], [ -1.1834657019, 52.4849139572 ], [ -1.1910814443, 52.484786450800001 ], [ -1.1918612972, 52.48240938 ], [ -1.1929562785, 52.485338660799997 ], [ -1.1934223379, 52.4840112913 ], [ -1.2106771169, 52.482581315799997 ], [ -1.2132078593, 52.481042867100001 ], [ -1.2282260751, 52.490365638900002 ], [ -1.2313727377, 52.486430466400002 ], [ -1.2313268393, 52.482303685200002 ], [ -1.2367983915, 52.4775563285 ], [ -1.2355539495, 52.476298663400001 ], [ -1.2385212804, 52.471570983100001 ], [ -1.2335087512, 52.470288988500002 ], [ -1.2332268514, 52.466178649 ], [ -1.2397259019, 52.463172909800001 ], [ -1.2393929696, 52.460284919599999 ], [ -1.2410109102, 52.458632123100003 ], [ -1.2544802794, 52.453224728499997 ], [ -1.2621976862, 52.454594678799999 ], [ -1.2695954822, 52.453076283800002 ], [ -1.2713154712, 52.455855865099998 ], [ -1.2754121036, 52.455521415100002 ], [ -1.2882551871, 52.460346173600001 ], [ -1.2965842205, 52.461348934699998 ], [ -1.2990738329, 52.4639888333 ], [ -1.304846836, 52.464724118399999 ], [ -1.305369126, 52.467369991399998 ], [ -1.3117282488, 52.468962738800002 ], [ -1.3096034222, 52.473049865500002 ], [ -1.3162076106, 52.477241628199998 ], [ -1.3190651276, 52.474300370100003 ], [ -1.3273679006, 52.470482093800001 ], [ -1.3407863101, 52.470971142700002 ], [ -1.350475525, 52.4687951656 ], [ -1.3644906459, 52.464627917900003 ], [ -1.3705318079, 52.460057261400003 ], [ -1.3796950135, 52.465715481399997 ], [ -1.3827710982, 52.4657405357 ], [ -1.392632693, 52.462564125900002 ], [ -1.3986601207, 52.463089362399998 ], [ -1.4092692921, 52.457811659 ], [ -1.4143378731, 52.4595809331 ], [ -1.4144170049, 52.458053005899998 ], [ -1.4192988243, 52.456135197599998 ], [ -1.4316326038, 52.453731787199999 ], [ -1.4398954023, 52.456630037499998 ], [ -1.4485773667, 52.466119397500002 ], [ -1.4524708252, 52.467890539599999 ], [ -1.4535398677, 52.471905055100002 ], [ -1.4581678715, 52.476259545300003 ], [ -1.4638155181, 52.476752746300001 ], [ -1.4673181811, 52.479312748 ], [ -1.4704978094, 52.478149316299998 ], [ -1.4741488046, 52.4794241998 ], [ -1.473288355, 52.482432042299997 ], [ -1.474726645, 52.485306258900003 ], [ -1.4890751975, 52.487382825499999 ], [ -1.4895400985, 52.4904774034 ], [ -1.4927205143, 52.490545014200002 ], [ -1.4938121232, 52.492959014599997 ], [ -1.5021681311, 52.495134073099997 ], [ -1.5136314145, 52.496116681499998 ], [ -1.5195586079, 52.498280504900002 ], [ -1.5293730528, 52.497880917400003 ], [ -1.530775948, 52.501723712699999 ], [ -1.5344331894, 52.501360569299997 ], [ -1.5343463567, 52.504003287800003 ], [ -1.5361847645, 52.505700622399999 ], [ -1.5480727124, 52.510151684299998 ], [ -1.5607341444, 52.5096868794 ], [ -1.5612650014, 52.502236168800003 ], [ -1.5638922582, 52.498748766699997 ], [ -1.5635619585, 52.496401160200001 ], [ -1.5718006312, 52.488322257100002 ], [ -1.5715577282, 52.486037915499999 ], [ -1.5652851795, 52.481475072 ], [ -1.574582779, 52.477760026699997 ], [ -1.576213511, 52.473531572500001 ], [ -1.5742953225, 52.470926570499998 ], [ -1.5764844541, 52.465243709100001 ], [ -1.5943143704, 52.461503389500002 ], [ -1.5986359182, 52.458875048400003 ], [ -1.6007466708, 52.459817151400003 ], [ -1.6059933446, 52.457353479200002 ], [ -1.6151183241, 52.458965748600001 ], [ -1.6177243443, 52.457140224500002 ], [ -1.6229203558, 52.458739138 ], [ -1.6284827915, 52.455313540500001 ], [ -1.6248348231, 52.451661065499998 ], [ -1.62183664, 52.4512379823 ], [ -1.6187466033, 52.444413605800001 ], [ -1.6158803388, 52.442417533799997 ], [ -1.6186912678, 52.437185412300003 ], [ -1.6239532407, 52.434217543899997 ], [ -1.6251735938, 52.429070098899999 ], [ -1.6237995221, 52.424624635100002 ], [ -1.630865213, 52.420268710899997 ], [ -1.6316159945, 52.414868 ], [ -1.627160424, 52.413208855100002 ], [ -1.6187800912, 52.413236092399998 ], [ -1.6096952872, 52.409790229400002 ], [ -1.608106034, 52.406647423800003 ], [ -1.6176650571, 52.395953476199999 ], [ -1.6161805841, 52.394276503500002 ], [ -1.6188718313, 52.392343334 ], [ -1.6189015557, 52.385474956899998 ], [ -1.621301619, 52.383154214900003 ], [ -1.620527146, 52.380949144299997 ], [ -1.6259394358, 52.376767978099998 ], [ -1.6250248023, 52.3737533762 ], [ -1.6265296145, 52.372975991600001 ], [ -1.6266298034, 52.368058682899999 ], [ -1.6339354525, 52.361968197099998 ], [ -1.640845887, 52.35960881 ], [ -1.6467849353, 52.360101351 ], [ -1.6468383663, 52.357080807800003 ], [ -1.6515333306, 52.3538133148 ], [ -1.6505723236, 52.350932637699998 ], [ -1.6526416207, 52.347280701499997 ], [ -1.6634323794, 52.349091963600003 ], [ -1.6644404353, 52.347800239599998 ], [ -1.6625279046, 52.346410306599999 ], [ -1.6638231388, 52.344022601600003 ], [ -1.6743394641, 52.339179337099999 ], [ -1.6831922967, 52.338843776600001 ], [ -1.6864063575, 52.340956051500001 ], [ -1.6924338892, 52.341691097099996 ], [ -1.6981678149, 52.340303398499998 ], [ -1.6973267429, 52.343106191700002 ], [ -1.7034033801, 52.347544762600002 ], [ -1.7147489566, 52.345594827399999 ], [ -1.7239279757, 52.347252822500003 ], [ -1.7442294612, 52.3448711124 ], [ -1.7431329046, 52.341578326799997 ], [ -1.7475590432, 52.340167405199999 ], [ -1.752634041, 52.3407894602 ], [ -1.7617395252, 52.345285264 ], [ -1.775049357, 52.346138418 ], [ -1.7743655068, 52.347827269299998 ], [ -1.7836947375, 52.3493370626 ], [ -1.7874041257, 52.353407342799997 ], [ -1.7915066072, 52.355212675799997 ], [ -1.7945258464, 52.353204160099999 ], [ -1.7982253867, 52.356500926199999 ], [ -1.804510554, 52.356313692500002 ], [ -1.8069788806, 52.355949147700002 ], [ -1.8058755396, 52.353079481 ], [ -1.8116225878, 52.348108215800004 ], [ -1.8215687294, 52.349867723099997 ], [ -1.8286877482, 52.346372075700003 ], [ -1.8293848876, 52.344512098800003 ], [ -1.8450851862, 52.342097370099999 ], [ -1.8475003762, 52.339781040299997 ], [ -1.8555216838, 52.3375075963 ], [ -1.8602929335, 52.332424877800001 ], [ -1.8624335912, 52.333038717699999 ], [ -1.8633810427, 52.330360737900001 ], [ -1.867452339, 52.328198711399999 ], [ -1.871273019, 52.3313405229 ], [ -1.8792806919, 52.333075074299998 ], [ -1.8881045447, 52.337309126900003 ], [ -1.8954308077, 52.3424402216 ], [ -1.896327106, 52.348338559299997 ], [ -1.9007285429, 52.349529030299998 ], [ -1.8989244506, 52.355263225 ], [ -1.9050272192, 52.357695613799997 ], [ -1.9102983231, 52.365089617300001 ], [ -1.9102612507, 52.368901405800003 ], [ -1.9122277607, 52.369694009600003 ], [ -1.9121640154, 52.372220188199996 ], [ -1.9189091568, 52.378491107899997 ], [ -1.9237896985, 52.3765344989 ], [ -1.9300397628, 52.381446951699999 ], [ -1.9424949041, 52.383827027700001 ], [ -1.9434613791, 52.386057037699999 ], [ -1.9537143613, 52.388920325699999 ], [ -1.9654706597, 52.3872701397 ], [ -1.9712004261, 52.3881886518 ], [ -1.9743018048, 52.3863733596 ], [ -1.9781949319, 52.387399004499997 ], [ -1.9804004383, 52.383929206399998 ], [ -1.9871884311, 52.383103032100003 ], [ -1.9891870274, 52.380981561900001 ], [ -1.9970908712, 52.380802200799998 ], [ -2.0029051725, 52.384712884300001 ], [ -2.0192014525, 52.381852451500002 ], [ -2.0234477174, 52.382759695700003 ], [ -2.0239195621, 52.385888156500002 ], [ -2.0273299656, 52.388584439600002 ], [ -2.0368238183, 52.390667544700001 ], [ -2.0401773843, 52.394226521599997 ], [ -2.0405331526, 52.397561721700001 ], [ -2.0434593565, 52.399106951199997 ], [ -2.0432721691, 52.403089644300003 ], [ -2.040891685, 52.403809702899999 ], [ -2.0422887732, 52.404501425200003 ], [ -2.0359563761, 52.408036651499998 ], [ -2.0319283721, 52.407804075100003 ], [ -2.0263441502, 52.410790165599998 ], [ -2.0187146884, 52.411672662599997 ], [ -2.0172607957, 52.4155565927 ], [ -2.0129088934, 52.4158088792 ], [ -2.01402752, 52.419584571599998 ], [ -2.0111759744, 52.4235405027 ], [ -2.0143240323, 52.426956372100001 ], [ -2.0113249981, 52.431056160399997 ], [ -2.0132962328, 52.432332535299999 ], [ -2.0115475952, 52.438463920700002 ], [ -2.0168292356, 52.440171379100001 ], [ -2.0157419968, 52.443929357899997 ], [ -2.0175379637, 52.446644084600003 ], [ -2.0169212083, 52.449700778 ], [ -2.0236904053, 52.451102041399999 ], [ -2.0229288001, 52.457853680900001 ], [ -2.0243869331, 52.459885105 ], [ -2.0290964165, 52.459830108799999 ] ], [ [ -0.2742947749, 53.745569292500001 ], [ -0.2743105782, 53.745560154099998 ], [ -0.2742994536, 53.745560294199997 ], [ -0.2742947749, 53.745569292500001 ] ], [ [ -0.4433043929, 53.692686794 ], [ -0.4433031097, 53.691872344799997 ], [ -0.4432265969, 53.693323397 ], [ -0.4433043929, 53.692686794 ] ], [ [ -0.2378423359, 53.6631105413 ], [ -0.237715121, 53.663341773699997 ], [ -0.2383147622, 53.663090453 ], [ -0.2378423359, 53.6631105413 ] ], [ [ -0.2319556865, 53.659793537200002 ], [ -0.2339556991, 53.660925303299997 ], [ -0.23501661, 53.660534361400003 ], [ -0.23370073, 53.659552642400001 ], [ -0.2319556865, 53.659793537200002 ] ], [ [ -0.2403191569, 53.662041577099998 ], [ -0.2374469729, 53.659937649900002 ], [ -0.2364524235, 53.660277806099998 ], [ -0.2377143742, 53.661682522100001 ], [ -0.2361579756, 53.660404832200001 ], [ -0.2328071826, 53.661524170200003 ], [ -0.2348785183, 53.663004220600001 ], [ -0.2372414613, 53.662149114499996 ], [ -0.2358892571, 53.663194478599998 ], [ -0.2403191569, 53.662041577099998 ] ], [ [ -0.3996912419, 53.697978195600001 ], [ -0.4000825236, 53.698038911300003 ], [ -0.3995648472, 53.697860146899998 ], [ -0.3988132365, 53.697854720499997 ], [ -0.3983745414, 53.698798381800003 ], [ -0.3982060205, 53.697792891399999 ], [ -0.3983329234, 53.697524767099999 ], [ -0.4000589877, 53.697897230899997 ], [ -0.3998509278, 53.696524845699997 ], [ -0.3946704313, 53.698149447799999 ], [ -0.3960034684, 53.699086700199999 ], [ -0.3968483225, 53.698084279500002 ], [ -0.3983324506, 53.698925641199999 ], [ -0.3996912419, 53.697978195600001 ] ], [ [ -0.4068137961, 53.697294533300003 ], [ -0.4126954593, 53.697210463700003 ], [ -0.4130882361, 53.694331948 ], [ -0.4068750826, 53.695364479299997 ], [ -0.4068137961, 53.697294533300003 ] ] ], [ [ [ -0.6332103341, 54.468513080900003 ], [ -0.6332953575, 54.468455603800003 ], [ -0.6333099551, 54.468482444599999 ], [ -0.6332103341, 54.468513080900003 ] ] ], [ [ [ -0.3986856013, 53.699438286400003 ], [ -0.3983417379, 53.699557245199998 ], [ -0.3965854282, 53.699714135199997 ], [ -0.3986856013, 53.699438286400003 ] ] ] ] } },
{ "type": "Feature", "properties": { "river_basin_district": "South East" }, "geometry": { "type": "MultiPolygon", "coordinates": [ [ [ [ -1.3296108947, 50.604659099499997 ], [ -1.3418714572, 50.604027527600003 ], [ -1.3504015397, 50.607474723 ], [ -1.3510503981, 50.609618661100001 ], [ -1.3615224385, 50.610683708099998 ], [ -1.3664499332, 50.615261026200002 ], [ -1.3724145189, 50.617568501500003 ], [ -1.3655789196, 50.620121467300002 ], [ -1.3695968058, 50.628335821599997 ], [ -1.372593907, 50.628351991400002 ], [ -1.3751007372, 50.624822246400001 ], [ -1.3826167446, 50.625204027300001 ], [ -1.3833311437, 50.626790562499998 ], [ -1.4069067309, 50.634035275700001 ], [ -1.4084624054, 50.638521641300002 ], [ -1.409886086, 50.638888572 ], [ -1.4041517685, 50.641683172199997 ], [ -1.4039799982, 50.644083394600003 ], [ -1.411797112, 50.6500673874 ], [ -1.4150206761, 50.654741911099997 ], [ -1.4233387866, 50.654729390500002 ], [ -1.4357650967, 50.661318997 ], [ -1.4470145695, 50.662380088100001 ], [ -1.449344857, 50.665160910499999 ], [ -1.4482126252, 50.670020676100002 ], [ -1.4347293516, 50.676889572 ], [ -1.4299244044, 50.683323026899998 ], [ -1.4234512716, 50.6848379698 ], [ -1.4204190987, 50.687376899100002 ], [ -1.4191771924, 50.692802376700001 ], [ -1.4216473688, 50.698012490399996 ], [ -1.4153679454, 50.703125060700003 ], [ -1.4117239307, 50.7031876733 ], [ -1.408354707, 50.7011652383 ], [ -1.4123013075, 50.6980916698 ], [ -1.4084802635, 50.693432066699998 ], [ -1.3963104741, 50.690761791699998 ], [ -1.395863107, 50.688115587 ], [ -1.3927101928, 50.686714316699998 ], [ -1.3927815302, 50.676795596399998 ], [ -1.3914041195, 50.673865742799997 ], [ -1.3812859471, 50.664136185799997 ], [ -1.3750820924, 50.666764987699999 ], [ -1.3555464471, 50.669482408900002 ], [ -1.3503941103, 50.681899926900002 ], [ -1.3394976877, 50.685759598 ], [ -1.3493482937, 50.694070395099999 ], [ -1.3481730408, 50.6991897407 ], [ -1.3408965283, 50.70312367 ], [ -1.3382360319, 50.703000690499998 ], [ -1.3350318303, 50.707281030099999 ], [ -1.3242877655, 50.712264238300001 ], [ -1.3164729316, 50.7116341754 ], [ -1.3106461529, 50.712984775 ], [ -1.3072678631, 50.7077129547 ], [ -1.3037607442, 50.7073683295 ], [ -1.2995959617, 50.704591588100001 ], [ -1.2937716238, 50.704862220400003 ], [ -1.2933441271, 50.702233299699998 ], [ -1.2947495838, 50.702286431499999 ], [ -1.293345094, 50.702170171399999 ], [ -1.298475764, 50.697093825099998 ], [ -1.2978828674, 50.6922341155 ], [ -1.2948999081, 50.693834836199997 ], [ -1.2948005642, 50.698573463199999 ], [ -1.2914955596, 50.699902356899997 ], [ -1.2898489437, 50.699237527199998 ], [ -1.290269243, 50.698675084599998 ], [ -1.2902250292, 50.696811867500003 ], [ -1.2898505527, 50.699130946700002 ], [ -1.2671752672, 50.700408539400001 ], [ -1.2671575209, 50.697000144500002 ], [ -1.2458445387, 50.688401967700003 ], [ -1.2390808267, 50.694338293400001 ], [ -1.241498738, 50.704192232399997 ], [ -1.2440947172, 50.706556220899998 ], [ -1.2450943096, 50.714863086199998 ], [ -1.2439187404, 50.719261957900002 ], [ -1.2409582214, 50.721886619599999 ], [ -1.2408182276, 50.7255997372 ], [ -1.2100879756, 50.722814732700002 ], [ -1.2064164797, 50.720433685800003 ], [ -1.2077931013, 50.717763177499997 ], [ -1.2034942111, 50.717329220099998 ], [ -1.2014775092, 50.714302825200001 ], [ -1.1924731141, 50.715715654299999 ], [ -1.1888375979, 50.712974582299999 ], [ -1.1872964779, 50.708719221599999 ], [ -1.1839219156, 50.708129099300002 ], [ -1.1793960633, 50.710210671500001 ], [ -1.1758372137, 50.719322323900002 ], [ -1.1703419775, 50.720866105 ], [ -1.1662403157, 50.725288318200001 ], [ -1.1667268455, 50.7266137441 ], [ -1.1550426365, 50.731098051300002 ], [ -1.1470638793, 50.728054350699999 ], [ -1.1465643395, 50.721234108099999 ], [ -1.1492778799, 50.718457151300001 ], [ -1.145735212, 50.710733353599998 ], [ -1.1430401692, 50.709400619699998 ], [ -1.1434676611, 50.704592564599999 ], [ -1.1411778607, 50.702804123299998 ], [ -1.1334850477, 50.700687839700002 ], [ -1.1291786296, 50.702310454299997 ], [ -1.1208106372, 50.701501253300002 ], [ -1.1134687922, 50.703361158 ], [ -1.1134487691, 50.701418537199999 ], [ -1.108939137, 50.697283394599999 ], [ -1.1080878881, 50.693462747700003 ], [ -1.0984464366, 50.690430381399999 ], [ -1.0934016029, 50.693402749800001 ], [ -1.0883686496, 50.6912964359 ], [ -1.0954117374, 50.683572925100002 ], [ -1.0918823031, 50.680155145199997 ], [ -1.0935237225, 50.677973637400001 ], [ -1.0925317168, 50.6743687365 ], [ -1.1006937766, 50.672345614299999 ], [ -1.1028636967, 50.6668994658 ], [ -1.1126247161, 50.668534091 ], [ -1.1178061103, 50.665389905700003 ], [ -1.1265929044, 50.6661575169 ], [ -1.1295246046, 50.663715372799999 ], [ -1.1463661662, 50.657239076099998 ], [ -1.1507751803, 50.655940319599999 ], [ -1.1579675274, 50.657197548799999 ], [ -1.1606238607, 50.6557958179 ], [ -1.1604064321, 50.653707885300001 ], [ -1.1628007098, 50.651117145500002 ], [ -1.1610878027, 50.6496030056 ], [ -1.1677826083, 50.6429512303 ], [ -1.1720632696, 50.63596719 ], [ -1.1793915246, 50.634148472500002 ], [ -1.1776622015, 50.632769351 ], [ -1.1794587071, 50.628663222900002 ], [ -1.1784338924, 50.627432956699998 ], [ -1.1850512959, 50.625752759199997 ], [ -1.1847176492, 50.623789952700001 ], [ -1.1865548865, 50.6221840503 ], [ -1.194011647, 50.620958849799997 ], [ -1.1986258776, 50.618121896300003 ], [ -1.1934154918, 50.612834043200003 ], [ -1.1920992224, 50.604686245700002 ], [ -1.2107254614, 50.602080008500003 ], [ -1.2129750786, 50.5976706565 ], [ -1.2166132328, 50.596400175500001 ], [ -1.2347095715, 50.5983100288 ], [ -1.2400420122, 50.592688323300003 ], [ -1.2477657491, 50.588511718299998 ], [ -1.2602817493, 50.584904703600003 ], [ -1.2655042537, 50.5869701628 ], [ -1.2689055077, 50.583520245899997 ], [ -1.2725097842, 50.583362943700003 ], [ -1.2768079812, 50.585853786500003 ], [ -1.2785999712, 50.583692232300002 ], [ -1.2842091409, 50.583101063100003 ], [ -1.2904329952, 50.585326025100002 ], [ -1.3002788654, 50.581482596 ], [ -1.3091673902, 50.58601415 ], [ -1.3033944209, 50.588587753900001 ], [ -1.3030860262, 50.592255054200002 ], [ -1.3050622435, 50.596205787400002 ], [ -1.3015779974, 50.605384776500003 ], [ -1.3091399429, 50.607201469300001 ], [ -1.3211273439, 50.605976923599997 ], [ -1.3264228539, 50.607239680299998 ], [ -1.3296108947, 50.604659099499997 ] ], [ [ -1.103661447, 50.685682569699999 ], [ -1.1043767087, 50.686183764100001 ], [ -1.1055384579, 50.685103849400001 ], [ -1.103661447, 50.685682569699999 ] ], [ [ -1.0963214538, 50.689596707500002 ], [ -1.0927187046, 50.692290357600001 ], [ -1.099368724, 50.688783439 ], [ -1.0963214538, 50.689596707500002 ] ] ], [ [ [ -1.6177607756, 50.728262177799998 ], [ -1.6779062761, 50.736382284400001 ], [ -1.6801740729, 50.738341871499998 ], [ -1.6781289188, 50.751411577799999 ], [ -1.6765072792, 50.752234418500002 ], [ -1.6770017561, 50.754537905699998 ], [ -1.6744682843, 50.760088320400001 ], [ -1.6747942482, 50.764201010400001 ], [ -1.6646231888, 50.772794012600002 ], [ -1.661189479, 50.773035890499997 ], [ -1.6601850591, 50.774651642400002 ], [ -1.6587264552, 50.7802048227 ], [ -1.6617798521, 50.785573301299998 ], [ -1.6698210073, 50.789894780700003 ], [ -1.6756330121, 50.788508228 ], [ -1.67747665, 50.792721867700003 ], [ -1.683379367, 50.790525847200001 ], [ -1.690048029, 50.79255808 ], [ -1.6936333545, 50.791020817800003 ], [ -1.6950858588, 50.788012096499997 ], [ -1.7009422947, 50.788395946 ], [ -1.7076883598, 50.791740286299998 ], [ -1.7126469656, 50.799827927599999 ], [ -1.7201289787, 50.799162663799997 ], [ -1.728776736, 50.800531953799997 ], [ -1.7308940619, 50.8024882323 ], [ -1.7272089613, 50.806592050500001 ], [ -1.7270029147, 50.810293740699997 ], [ -1.724101626, 50.811276103499999 ], [ -1.7236999862, 50.816832547499999 ], [ -1.7217366748, 50.817574267300003 ], [ -1.7209553143, 50.820063336399997 ], [ -1.7146139304, 50.821702640200002 ], [ -1.7134934279, 50.823858105100001 ], [ -1.7153770784, 50.826947148400002 ], [ -1.7134400669, 50.8279405826 ], [ -1.7191769727, 50.832549695399997 ], [ -1.719748598, 50.841435669399999 ], [ -1.7270596098, 50.849303430600003 ], [ -1.7276172979, 50.853558171700001 ], [ -1.7243783697, 50.855951575299997 ], [ -1.7234442773, 50.8601578476 ], [ -1.7143595301, 50.863427234500001 ], [ -1.7094619743, 50.867263934299999 ], [ -1.701825549, 50.868125955799997 ], [ -1.6997597282, 50.866735825100001 ], [ -1.6970988704, 50.869480651300002 ], [ -1.6929170188, 50.870063236900002 ], [ -1.6895653088, 50.880449659 ], [ -1.6907299695, 50.882736829300001 ], [ -1.6855130954, 50.889071567099997 ], [ -1.6857300964, 50.892750049100002 ], [ -1.6829228625, 50.8936686925 ], [ -1.6815241041, 50.90280119 ], [ -1.6716459891, 50.908079373699998 ], [ -1.6668465927, 50.9089740151 ], [ -1.6637369778, 50.912193389400002 ], [ -1.6549042075, 50.9140740279 ], [ -1.651131769, 50.918280254899997 ], [ -1.6516055295, 50.921509945300002 ], [ -1.6534672011, 50.921785252399999 ], [ -1.6577052371, 50.927822642400002 ], [ -1.6553000492, 50.929820873899999 ], [ -1.6557114657, 50.931917310499998 ], [ -1.6521270948, 50.937436996899997 ], [ -1.6549461268, 50.939198873199999 ], [ -1.6555380504, 50.9419163126 ], [ -1.6633068857, 50.944223009 ], [ -1.6647387949, 50.946996769599998 ], [ -1.6918347956, 50.954472793800001 ], [ -1.6985070654, 50.959624059399999 ], [ -1.698437202, 50.961620175 ], [ -1.7027578963, 50.962872180300003 ], [ -1.7110170868, 50.972011090099997 ], [ -1.7185733232, 50.975428610900003 ], [ -1.7175319076, 50.97805185 ], [ -1.7186932182, 50.983881652699999 ], [ -1.7162045638, 50.987841235600001 ], [ -1.7186474404, 50.991462033300003 ], [ -1.7173789411, 50.993877895300002 ], [ -1.7127250962, 50.995287334099999 ], [ -1.7100472656, 51.004272986300002 ], [ -1.707363896, 51.006079351300002 ], [ -1.7030307362, 51.013913053899998 ], [ -1.706485313, 51.0174467314 ], [ -1.7056782559, 51.021302362500002 ], [ -1.7100730066, 51.027598910499997 ], [ -1.7183688202, 51.028356539900003 ], [ -1.7239364649, 51.031822821399999 ], [ -1.7224824874, 51.034112394099999 ], [ -1.7241015807, 51.035240249499999 ], [ -1.7219415491, 51.036332184 ], [ -1.7219834365, 51.038868084199997 ], [ -1.7342056815, 51.041522212099999 ], [ -1.7384845896, 51.046621433299997 ], [ -1.7409920099, 51.047202511599998 ], [ -1.7402124487, 51.048855344700002 ], [ -1.743677293, 51.051758467799999 ], [ -1.7365937719, 51.053037608799997 ], [ -1.7379524937, 51.054973976900001 ], [ -1.7347132087, 51.057565414400003 ], [ -1.7343784905, 51.061206481900001 ], [ -1.7288572291, 51.063468834799998 ], [ -1.7357565901, 51.064779489400003 ], [ -1.7374303854, 51.067489895599998 ], [ -1.7366713285, 51.069565376699998 ], [ -1.7385220282, 51.070396804300003 ], [ -1.7243841263, 51.078996816199997 ], [ -1.7269880195, 51.080432669499999 ], [ -1.7275671114, 51.083922965799999 ], [ -1.7292903063, 51.084655326899998 ], [ -1.7173638793, 51.0949051248 ], [ -1.7175965639, 51.098907175299999 ], [ -1.7124851886, 51.100081688300001 ], [ -1.7097633788, 51.104606989899999 ], [ -1.7112490262, 51.109160664900003 ], [ -1.7009244494, 51.115339279399997 ], [ -1.6907900448, 51.118298316699999 ], [ -1.6875637377, 51.121681795900002 ], [ -1.6694270311, 51.1288325955 ], [ -1.6627035998, 51.129784557100002 ], [ -1.6568752214, 51.141061645100002 ], [ -1.6526130786, 51.141390771899999 ], [ -1.6428395042, 51.148321204600002 ], [ -1.6415662733, 51.150277578199997 ], [ -1.6431678282, 51.153951222800004 ], [ -1.6421421954, 51.1608539713 ], [ -1.6240932296, 51.166381445200003 ], [ -1.6260292603, 51.169265101199997 ], [ -1.6266653792, 51.179059428 ], [ -1.6321829101, 51.179634395299999 ], [ -1.6437309933, 51.184813522600002 ], [ -1.641570966, 51.188448684500003 ], [ -1.6473417161, 51.191640375200002 ], [ -1.6477279279, 51.193538844400003 ], [ -1.6475461301, 51.194860117300003 ], [ -1.6430706963, 51.1962133412 ], [ -1.6498757316, 51.198669878300002 ], [ -1.6492991892, 51.201465483600003 ], [ -1.6512194451, 51.2030538032 ], [ -1.6487167675, 51.206535201900003 ], [ -1.6527956512, 51.208472078200003 ], [ -1.6536623752, 51.211315664600001 ], [ -1.6580707362, 51.213378780600003 ], [ -1.6592987476, 51.215756231100002 ], [ -1.659400086, 51.221430435199998 ], [ -1.6560256899, 51.224172103800001 ], [ -1.6537881218, 51.228922237799999 ], [ -1.6508268263, 51.230325178699999 ], [ -1.6506894676, 51.2396224031 ], [ -1.6460640774, 51.253833692299999 ], [ -1.6481418212, 51.255710261700003 ], [ -1.6476582312, 51.262740452499997 ], [ -1.6404710517, 51.269138808699999 ], [ -1.6385026254, 51.275220237500001 ], [ -1.6272064593, 51.278709647100001 ], [ -1.6118466243, 51.285960743899999 ], [ -1.611707727, 51.287282489500001 ], [ -1.6059021687, 51.288728778100001 ], [ -1.6046267796, 51.290298052899999 ], [ -1.6049336988, 51.294642142199997 ], [ -1.6010476689, 51.299538512700003 ], [ -1.5931382388, 51.303494684 ], [ -1.5940769657, 51.312534718400002 ], [ -1.6027627484, 51.318544013299999 ], [ -1.595312545, 51.318869216499998 ], [ -1.5831306312, 51.314033892 ], [ -1.5736251003, 51.319898316299998 ], [ -1.573686317, 51.329888415900001 ], [ -1.5763574066, 51.332847403700001 ], [ -1.5766192285, 51.337155397700002 ], [ -1.5737591888, 51.337513705900001 ], [ -1.5716916701, 51.340635304400003 ], [ -1.5558770367, 51.348938791099997 ], [ -1.5365310366, 51.350824102399997 ], [ -1.5256465003, 51.349467765100002 ], [ -1.5175435745, 51.351233047900003 ], [ -1.5116853604, 51.355246080500002 ], [ -1.4897887838, 51.354910053899999 ], [ -1.4844590693, 51.3576382149 ], [ -1.4779063735, 51.357977864699997 ], [ -1.469381392, 51.356222168199999 ], [ -1.4646817415, 51.352828884600001 ], [ -1.4577456633, 51.352841961400003 ], [ -1.4542836833, 51.3505239984 ], [ -1.4478668004, 51.351572961199999 ], [ -1.4479758485, 51.349667216299999 ], [ -1.4404364893, 51.346196601099997 ], [ -1.4309961415, 51.338651986499997 ], [ -1.419575283, 51.337022402599999 ], [ -1.4158891895, 51.3322474263 ], [ -1.4073542071, 51.328481956799997 ], [ -1.4099421229, 51.325896375900001 ], [ -1.401292488, 51.322246774299998 ], [ -1.3999830247, 51.319218815699998 ], [ -1.3947124179, 51.3184543765 ], [ -1.3820100454, 51.3122825863 ], [ -1.3650780779, 51.313459922 ], [ -1.3633018963, 51.315320592799999 ], [ -1.3527328318, 51.316953155900002 ], [ -1.3445555884, 51.312807402 ], [ -1.3224888213, 51.311836640400003 ], [ -1.3143477298, 51.308399324600003 ], [ -1.3039725555, 51.308580938399999 ], [ -1.3008905401, 51.306530417099999 ], [ -1.2928531915, 51.306401252699999 ], [ -1.2900363076, 51.308779665700001 ], [ -1.2772538947, 51.309857863600001 ], [ -1.2727691888, 51.309488418800001 ], [ -1.265220199, 51.304261969099997 ], [ -1.2527279735, 51.307653835700002 ], [ -1.2472831961, 51.307241318300001 ], [ -1.2463721177, 51.306812829499997 ], [ -1.2499738749, 51.303230189700002 ], [ -1.2456350379, 51.299263861199996 ], [ -1.2367929674, 51.3005194124 ], [ -1.2328546385, 51.2975623126 ], [ -1.2267562283, 51.296011568099999 ], [ -1.2206517129, 51.299082330399997 ], [ -1.2115892196, 51.298931767900001 ], [ -1.2060882634, 51.296035170899998 ], [ -1.1945868699, 51.294320116599998 ], [ -1.1899885968, 51.288299750299998 ], [ -1.1839610663, 51.288563639899998 ], [ -1.1817265832, 51.286803605199999 ], [ -1.1755523138, 51.288864434899999 ], [ -1.1629510432, 51.2894404683 ], [ -1.1613287424, 51.290328063300002 ], [ -1.1615473736, 51.293287983799999 ], [ -1.1451848771, 51.288574813799997 ], [ -1.141879439, 51.2843423813 ], [ -1.1286522474, 51.280908673399999 ], [ -1.1342676988, 51.274305216499997 ], [ -1.1425760859, 51.273107454300003 ], [ -1.1417708667, 51.271698799100001 ], [ -1.1457554561, 51.270181301400001 ], [ -1.1470495831, 51.2653170496 ], [ -1.1611908641, 51.264825718899999 ], [ -1.1579864535, 51.255073331299997 ], [ -1.1592182644, 51.25038833 ], [ -1.1608630989, 51.249761692900002 ], [ -1.159126474, 51.247564164099998 ], [ -1.1602828166, 51.242285128 ], [ -1.1591379454, 51.239075733900002 ], [ -1.1612537382, 51.236159492900001 ], [ -1.1572096181, 51.231715338800001 ], [ -1.1503590447, 51.230397939 ], [ -1.1456417044, 51.2314606447 ], [ -1.1372229186, 51.227478350399998 ], [ -1.1304233013, 51.227320136899998 ], [ -1.1200557749, 51.220507564400002 ], [ -1.1046431817, 51.222989432 ], [ -1.0991752683, 51.218469401599997 ], [ -1.0925925919, 51.219731413 ], [ -1.0894689039, 51.217665932099997 ], [ -1.0892604185, 51.215892867599997 ], [ -1.0772215305, 51.215061226700001 ], [ -1.0742801118, 51.217519836500003 ], [ -1.0682732275, 51.217184430099998 ], [ -1.0628176888, 51.2193169815 ], [ -1.0588453328, 51.216101886899999 ], [ -1.055859265, 51.2164914799 ], [ -1.0467868199, 51.211391319 ], [ -1.0481474313, 51.209972645100002 ], [ -1.0469877697, 51.207895007799998 ], [ -1.0371971513, 51.205099241900001 ], [ -1.0341943151, 51.200839178199999 ], [ -1.0372736961, 51.198679443899998 ], [ -1.0371739248, 51.195225617200002 ], [ -1.0534132711, 51.193325849499999 ], [ -1.0548459037, 51.190450931400001 ], [ -1.0632472376, 51.191084986699998 ], [ -1.0802799709, 51.185141355799999 ], [ -1.0844551725, 51.185281999899999 ], [ -1.083647075, 51.182739875700001 ], [ -1.0757759875, 51.182839838299998 ], [ -1.0763775577, 51.178510344400003 ], [ -1.0677062378, 51.175761903400002 ], [ -1.0654289011, 51.169530111100002 ], [ -1.0664951916, 51.164889638799998 ], [ -1.086607027, 51.157476902 ], [ -1.1085716346, 51.145578727900002 ], [ -1.1031848865, 51.1402681028 ], [ -1.1082243459, 51.133922124199998 ], [ -1.1066057461, 51.130402791800002 ], [ -1.1029020522, 51.128306226100001 ], [ -1.0856328654, 51.129341512800003 ], [ -1.0761760328, 51.132018849700003 ], [ -1.0657519208, 51.130164574699997 ], [ -1.0679201903, 51.1268097719 ], [ -1.0675896447, 51.1219333134 ], [ -1.0610643803, 51.112538107100001 ], [ -1.0563568769, 51.109397871299997 ], [ -1.0626373092, 51.106813623 ], [ -1.0641660827, 51.0990115309 ], [ -1.0617338822, 51.097814047100002 ], [ -1.0629780057, 51.0956119063 ], [ -1.0613352161, 51.093521500800001 ], [ -1.0592401123, 51.094026221900002 ], [ -1.0584997004, 51.091106742500003 ], [ -1.0561769655, 51.090170799399999 ], [ -1.055739522, 51.0836028465 ], [ -1.059077103, 51.0823528341 ], [ -1.0583317687, 51.0796850941 ], [ -1.0492987624, 51.070457759599996 ], [ -1.0585155661, 51.0692194489 ], [ -1.062770775, 51.065584742 ], [ -1.0690619899, 51.064996534099997 ], [ -1.06857202, 51.0616744501 ], [ -1.0748698278, 51.057857724500003 ], [ -1.0742162186, 51.056287874299997 ], [ -1.0659915542, 51.0480753386 ], [ -1.0647394759, 51.043659045 ], [ -1.0362088565, 51.038229675700002 ], [ -1.0326535444, 51.039099552899998 ], [ -1.0298339964, 51.044345757499997 ], [ -1.0103551104, 51.0433551721 ], [ -0.9876387873, 51.028628813600001 ], [ -0.9797222941, 51.026779465899999 ], [ -0.9640179263, 51.027630500400001 ], [ -0.9627079424, 51.030100811600001 ], [ -0.9634405569, 51.032984909 ], [ -0.9495616024, 51.0375910586 ], [ -0.9565305908, 51.043552548400001 ], [ -0.9644091941, 51.045605218399999 ], [ -0.9688768675, 51.0490036311 ], [ -0.9635252197, 51.054837375600002 ], [ -0.9554142919, 51.056401812 ], [ -0.9550306396, 51.058232845299997 ], [ -0.9507390694, 51.059974914199998 ], [ -0.9643811653, 51.072721941799998 ], [ -0.953668242, 51.075630036600003 ], [ -0.949689041, 51.078633802500001 ], [ -0.9449111046, 51.077187966399997 ], [ -0.9365152988, 51.077903239100003 ], [ -0.9334544798, 51.080645031300001 ], [ -0.9416673348, 51.081717806500002 ], [ -0.9403172674, 51.083944703500002 ], [ -0.9290090908, 51.090939036400002 ], [ -0.919387988, 51.092946631 ], [ -0.9170462214, 51.094927076099999 ], [ -0.9164010513, 51.092591764399998 ], [ -0.9136394692, 51.091001754 ], [ -0.9052120878, 51.0886930323 ], [ -0.8967498965, 51.089683600199997 ], [ -0.8873582316, 51.085952669299999 ], [ -0.8850835617, 51.083170316599997 ], [ -0.8877844788, 51.080813035699997 ], [ -0.8821381292, 51.075057961299997 ], [ -0.869528222, 51.074702914200003 ], [ -0.8705286719, 51.074065124 ], [ -0.8690878884, 51.072081841299998 ], [ -0.8750353298, 51.068928899299998 ], [ -0.8507082297, 51.065742744799998 ], [ -0.8518325859, 51.064137027500003 ], [ -0.8496777557, 51.062405379099999 ], [ -0.850766234, 51.061094183900003 ], [ -0.846272632, 51.058163323 ], [ -0.8482787686, 51.056672359899999 ], [ -0.8461774049, 51.055104923 ], [ -0.8519019986, 51.0544059128 ], [ -0.8548018493, 51.051952418699997 ], [ -0.8537615036, 51.045548519800001 ], [ -0.8510950882, 51.044344328500003 ], [ -0.849658161, 51.040733176 ], [ -0.8247203319, 51.045988541 ], [ -0.813485479, 51.051882072600002 ], [ -0.8083400883, 51.050570773799997 ], [ -0.8043082612, 51.0531194613 ], [ -0.7899166114, 51.054590031099998 ], [ -0.7903173275, 51.056734409900002 ], [ -0.7827156399, 51.057141098599999 ], [ -0.776928299, 51.054212049500002 ], [ -0.7721381155, 51.059998025299997 ], [ -0.77153647, 51.066556281099999 ], [ -0.7674170604, 51.069048825499998 ], [ -0.7667082496, 51.072089829299998 ], [ -0.7647105687, 51.073138853700002 ], [ -0.7496153311, 51.0713057647 ], [ -0.7452348703, 51.073363095200001 ], [ -0.7409535505, 51.071752358399998 ], [ -0.7356357514, 51.073619380799997 ], [ -0.7302525625, 51.072122225299999 ], [ -0.7295415997, 51.067852013299998 ], [ -0.7310770726, 51.064937103799998 ], [ -0.7219051816, 51.065286818099999 ], [ -0.7195402335, 51.060998442 ], [ -0.7130404459, 51.064847845199999 ], [ -0.7076414968, 51.063978949 ], [ -0.699558552, 51.055004594499998 ], [ -0.6926541223, 51.053938387899997 ], [ -0.6890025926, 51.055417239 ], [ -0.6882760012, 51.057396470500002 ], [ -0.6901068055, 51.060276658799999 ], [ -0.6881271396, 51.062664484899997 ], [ -0.6890002127, 51.071163317900002 ], [ -0.6972742377, 51.075392410699997 ], [ -0.6991398767, 51.078092980199997 ], [ -0.7131578006, 51.0842911302 ], [ -0.7130813638, 51.086016864400001 ], [ -0.7096852914, 51.086968619499999 ], [ -0.704951065, 51.092374765300001 ], [ -0.7118229921, 51.091740270700001 ], [ -0.7156492763, 51.096404541 ], [ -0.7085414865, 51.103430378299997 ], [ -0.7097240398, 51.1091806807 ], [ -0.7071428595, 51.113630461100001 ], [ -0.7147991924, 51.114704031400002 ], [ -0.7172528176, 51.117419728100003 ], [ -0.7134352062, 51.120606120300003 ], [ -0.7090301554, 51.120755414100003 ], [ -0.6997927801, 51.127109722299998 ], [ -0.678937958, 51.131785948299999 ], [ -0.6753080259, 51.13127728 ], [ -0.6598487161, 51.136550650499998 ], [ -0.6524969836, 51.135243197500003 ], [ -0.6432298829, 51.136880622200003 ], [ -0.6377016855, 51.135791212599997 ], [ -0.6328868189, 51.1376594424 ], [ -0.6323206743, 51.136501775200003 ], [ -0.628172703, 51.136597079300003 ], [ -0.6189389425, 51.139473949200003 ], [ -0.6150596616, 51.138223074800003 ], [ -0.5977956373, 51.1404723574 ], [ -0.5929089912, 51.138048620299998 ], [ -0.591559817, 51.1382302186 ], [ -0.5920537255, 51.140790062299999 ], [ -0.5888958497, 51.142622466799999 ], [ -0.5844763109, 51.142227346299997 ], [ -0.5760173842, 51.137916129399997 ], [ -0.5726949968, 51.140897150100002 ], [ -0.565831758, 51.137719736400001 ], [ -0.5606574239, 51.139094993900002 ], [ -0.5581060492, 51.1347291222 ], [ -0.5536389628, 51.132227968 ], [ -0.551299415, 51.1266055874 ], [ -0.5417165661, 51.125047663099998 ], [ -0.5430253018, 51.117060505 ], [ -0.5417965149, 51.114338394900003 ], [ -0.5434714731, 51.111958225400002 ], [ -0.5385598488, 51.1132278607 ], [ -0.5356886677, 51.1123106597 ], [ -0.5392037768, 51.106851102199997 ], [ -0.5370375563, 51.104881599099997 ], [ -0.5327046742, 51.102327338199999 ], [ -0.5282432613, 51.103835997700003 ], [ -0.5209323395, 51.100182634799999 ], [ -0.5143604248, 51.1002432003 ], [ -0.5057995081, 51.092885971299999 ], [ -0.4956245129, 51.092233912899999 ], [ -0.4956786264, 51.094087114300002 ], [ -0.4857062664, 51.0946598142 ], [ -0.4854672481, 51.096293398599997 ], [ -0.4766425414, 51.0979952896 ], [ -0.4746282663, 51.100181245599998 ], [ -0.4668618673, 51.0987847094 ], [ -0.4566987439, 51.100755309900002 ], [ -0.450927116, 51.099941577899997 ], [ -0.4508510968, 51.101361428700002 ], [ -0.4473760937, 51.102340511599998 ], [ -0.4415713128, 51.097838836900003 ], [ -0.4374857534, 51.097442582399999 ], [ -0.433015694, 51.100818004200001 ], [ -0.4220253348, 51.1031162341 ], [ -0.4212763495, 51.104976624599999 ], [ -0.4008221156, 51.1078551254 ], [ -0.3964492602, 51.110789851100002 ], [ -0.3958547695, 51.114756516600004 ], [ -0.3856334317, 51.118617646300002 ], [ -0.3851506846, 51.124267453500003 ], [ -0.3863700313, 51.125363421 ], [ -0.3908347748, 51.127655155399999 ], [ -0.3945047729, 51.126500564700002 ], [ -0.3999960627, 51.127636973599998 ], [ -0.4069879503, 51.131689245700002 ], [ -0.4076250767, 51.134773448300002 ], [ -0.4108485044, 51.135806497 ], [ -0.4100686176, 51.137288695 ], [ -0.4052445392, 51.138320130399997 ], [ -0.406515392, 51.1420964247 ], [ -0.4151381987, 51.143274732499997 ], [ -0.4172886455, 51.145605994199997 ], [ -0.4216890152, 51.144856111199999 ], [ -0.4227190696, 51.1473520009 ], [ -0.4186127614, 51.149113085700002 ], [ -0.4219521421, 51.156424308399998 ], [ -0.4209245973, 51.157201801500001 ], [ -0.4252302479, 51.156324604 ], [ -0.4281121513, 51.157784216800003 ], [ -0.4220221234, 51.170301002800002 ], [ -0.4223708429, 51.175593400700002 ], [ -0.420082801, 51.177657830100003 ], [ -0.4204562377, 51.180126869200002 ], [ -0.4129459692, 51.185510769799997 ], [ -0.4010430196, 51.183792963499997 ], [ -0.3875737517, 51.185163842199998 ], [ -0.3803861711, 51.182025022700003 ], [ -0.3753341456, 51.177584507699997 ], [ -0.3706246792, 51.1764398814 ], [ -0.3626480696, 51.178684610200001 ], [ -0.361859656, 51.182360596599999 ], [ -0.3583633968, 51.185324146500001 ], [ -0.347909925, 51.182739972 ], [ -0.3359423244, 51.172570397900003 ], [ -0.3347589102, 51.1680931382 ], [ -0.329838965, 51.167285587099997 ], [ -0.3297212874, 51.164999737700001 ], [ -0.3268967217, 51.162423402100003 ], [ -0.3277563741, 51.160799005400001 ], [ -0.3254434016, 51.159506922600002 ], [ -0.3343145984, 51.154219922 ], [ -0.3338707005, 51.152648851400002 ], [ -0.3280319159, 51.1508029405 ], [ -0.3284885629, 51.148453349500002 ], [ -0.3214919784, 51.145043787699997 ], [ -0.3183836008, 51.139702345899998 ], [ -0.3091416419, 51.138337079300001 ], [ -0.3012999918, 51.140507626100003 ], [ -0.2988942109, 51.139843157199998 ], [ -0.2998108005, 51.137851078200001 ], [ -0.2981031139, 51.134921543799997 ], [ -0.2869535384, 51.133391834299999 ], [ -0.2810254902, 51.1294468878 ], [ -0.2813887019, 51.126205800699999 ], [ -0.2786293073, 51.122010492500003 ], [ -0.2900367278, 51.117249758200003 ], [ -0.2943432439, 51.110496038800001 ], [ -0.3013370463, 51.108331643600003 ], [ -0.3006922365, 51.100984061399998 ], [ -0.2905846391, 51.102401482099999 ], [ -0.277236897, 51.1002810739 ], [ -0.2654659708, 51.102238349899999 ], [ -0.2630029623, 51.098973322399999 ], [ -0.2593680495, 51.097642260199997 ], [ -0.2594630241, 51.094352250599997 ], [ -0.2551981294, 51.094594436500003 ], [ -0.2544540541, 51.087047217699997 ], [ -0.2476311651, 51.081693233300001 ], [ -0.2167996624, 51.084842161499999 ], [ -0.2119939712, 51.081351403200003 ], [ -0.2076880422, 51.081941941899998 ], [ -0.2070624859, 51.074854836199997 ], [ -0.2022251192, 51.0722265084 ], [ -0.2019385942, 51.067833489900003 ], [ -0.1965862989, 51.063056646900002 ], [ -0.1967974849, 51.060559831299997 ], [ -0.1944609913, 51.058626210299998 ], [ -0.1930899979, 51.060484584299999 ], [ -0.1806660047, 51.064338731799999 ], [ -0.174162778, 51.064579056100001 ], [ -0.1678130655, 51.062375302 ], [ -0.1630615171, 51.065960901 ], [ -0.1649256611, 51.0682654477 ], [ -0.1623728237, 51.070014964899997 ], [ -0.1615752892, 51.074292129200003 ], [ -0.1520647174, 51.0743759733 ], [ -0.1494032826, 51.078110968099999 ], [ -0.1353751508, 51.080460055300001 ], [ -0.1334217707, 51.085716826499997 ], [ -0.130877735, 51.086485554299998 ], [ -0.1325173038, 51.093283564799997 ], [ -0.1293704002, 51.094825028400003 ], [ -0.1260444985, 51.094430022099999 ], [ -0.1248423773, 51.095903600299998 ], [ -0.1228869285, 51.094464211899997 ], [ -0.114379492, 51.094710085400003 ], [ -0.1045799244, 51.1000104194 ], [ -0.0879615309, 51.1029503508 ], [ -0.083623505, 51.097707939400003 ], [ -0.0710914634, 51.093698043 ], [ -0.0729436741, 51.0913993538 ], [ -0.0672114351, 51.081259343600003 ], [ -0.0632870815, 51.079845406399997 ], [ -0.0577850597, 51.080517520800001 ], [ -0.0479410458, 51.074715798 ], [ -0.0390980455, 51.074531796599999 ], [ -0.0338168027, 51.072158789900001 ], [ -0.0295225086, 51.074118939599998 ], [ -0.0105458901, 51.073563634899998 ], [ -0.0059099799, 51.076470392799997 ], [ 0.0148432543, 51.069801178200002 ], [ 0.0223822908, 51.070183570300003 ], [ 0.0243484888, 51.0671547675 ], [ 0.0154994777, 51.053035325800003 ], [ 0.0189731996, 51.050556164900001 ], [ 0.0316142548, 51.046631811399998 ], [ 0.034322482, 51.042016070499997 ], [ 0.0445707927, 51.040200398400003 ], [ 0.0554079332, 51.034946984400001 ], [ 0.0627533873, 51.040402427700002 ], [ 0.0654890657, 51.039688587800001 ], [ 0.0757721697, 51.041880609499998 ], [ 0.0872567814, 51.037772868 ], [ 0.092820767, 51.040965606900002 ], [ 0.0996040738, 51.0417515591 ], [ 0.1039072615, 51.037546172200003 ], [ 0.1185462131, 51.035752756599997 ], [ 0.1259414221, 51.040259054300002 ], [ 0.1348490687, 51.0397728676 ], [ 0.1510940744, 51.050797699500002 ], [ 0.1549452394, 51.048001718800002 ], [ 0.1565748422, 51.042539580700002 ], [ 0.1616512604, 51.038200834 ], [ 0.1669178822, 51.036124697600002 ], [ 0.1847582289, 51.035738479499997 ], [ 0.1867298289, 51.031564560699998 ], [ 0.1921334536, 51.033639732099999 ], [ 0.1996330797, 51.032977142299998 ], [ 0.209830024, 51.02965494 ], [ 0.2145519177, 51.032371524 ], [ 0.2166917715, 51.038059845399999 ], [ 0.2261657929, 51.037510975399996 ], [ 0.2345605067, 51.032620075 ], [ 0.2383384993, 51.0328805137 ], [ 0.2394846881, 51.036536935500003 ], [ 0.2433255201, 51.039862832799997 ], [ 0.2508213869, 51.044413328300003 ], [ 0.2562141366, 51.045586405599998 ], [ 0.2577075626, 51.048426512399999 ], [ 0.2566322334, 51.053600637 ], [ 0.2525576535, 51.055792758 ], [ 0.2609035845, 51.061315516100002 ], [ 0.2736030062, 51.060970181499997 ], [ 0.2819775064, 51.0574253224 ], [ 0.2923524431, 51.060316051900003 ], [ 0.2965855132, 51.057318982799998 ], [ 0.3056422168, 51.057788162 ], [ 0.3103093286, 51.060951682700001 ], [ 0.3168991289, 51.0608751619 ], [ 0.3215856809, 51.063264395499999 ], [ 0.3266889742, 51.062569304 ], [ 0.3332924925, 51.0647489957 ], [ 0.3385983722, 51.063824504400003 ], [ 0.3437233028, 51.060735905599998 ], [ 0.3461264505, 51.056892325299998 ], [ 0.3458801358, 51.0537134916 ], [ 0.3520592033, 51.050621328 ], [ 0.3624369282, 51.051266350500001 ], [ 0.3691828807, 51.047847023 ], [ 0.3790906259, 51.0471240436 ], [ 0.4015938446, 51.049937364 ], [ 0.4157263266, 51.044303657 ], [ 0.4187318461, 51.049692179499999 ], [ 0.4253371038, 51.049392906900003 ], [ 0.4303748062, 51.053497336100001 ], [ 0.4419051756, 51.054587996199999 ], [ 0.4494235671, 51.052928624700002 ], [ 0.4466705896, 51.059443914799999 ], [ 0.448096613, 51.062939627699997 ], [ 0.458196055, 51.065254864099998 ], [ 0.4605783766, 51.067651050800002 ], [ 0.4602451212, 51.070518118300001 ], [ 0.4642244565, 51.070722066 ], [ 0.4654323259, 51.073034992399997 ], [ 0.4717804255, 51.074285932599999 ], [ 0.4765247885, 51.069292798600003 ], [ 0.4791240707, 51.071719990799998 ], [ 0.4860414085, 51.071069358899997 ], [ 0.490713036, 51.073793954599999 ], [ 0.496851016, 51.072187951099998 ], [ 0.5037058579, 51.074613528900002 ], [ 0.5093849998, 51.074031896 ], [ 0.5107824607, 51.077429676500003 ], [ 0.5092471506, 51.079135527200002 ], [ 0.5097140712, 51.085915901200003 ], [ 0.5240057633, 51.081407917299998 ], [ 0.5330451665, 51.082471465200001 ], [ 0.5401642647, 51.079492815499997 ], [ 0.5394432738, 51.077277982600002 ], [ 0.5430102428, 51.076193079900001 ], [ 0.5438183479, 51.073747114500001 ], [ 0.5660697026, 51.0721003074 ], [ 0.5808364344, 51.080148511899999 ], [ 0.5919804479, 51.079730945900003 ], [ 0.5985464642, 51.082526160500002 ], [ 0.6080340695, 51.082890398300002 ], [ 0.6156654877, 51.088062292399997 ], [ 0.6212924546, 51.089582113699997 ], [ 0.6207954188, 51.0919047402 ], [ 0.6283115137, 51.090710599099999 ], [ 0.6312651605, 51.0916694521 ], [ 0.6344260178, 51.094512319300001 ], [ 0.6344660661, 51.096723962699997 ], [ 0.6418054132, 51.0994363808 ], [ 0.6413452593, 51.102891511800003 ], [ 0.6581951736, 51.104011471200003 ], [ 0.6696817228, 51.098569000799998 ], [ 0.6869247667, 51.095646418800001 ], [ 0.6972168995, 51.101426421299998 ], [ 0.7116544056, 51.103538709699997 ], [ 0.7172690527, 51.110117964200001 ], [ 0.7369082788, 51.1083105254 ], [ 0.7366129948, 51.106698478399998 ], [ 0.7403169158, 51.102654212300003 ], [ 0.7474910609, 51.100291152600001 ], [ 0.7436622253, 51.097871718599997 ], [ 0.7585894989, 51.090198907199998 ], [ 0.7762905282, 51.090292332799997 ], [ 0.7804418913, 51.088547654700001 ], [ 0.7835230403, 51.089913384 ], [ 0.7858335683, 51.087960511299997 ], [ 0.7967524152, 51.086908151400003 ], [ 0.8009107721, 51.083642520200002 ], [ 0.8103251705, 51.0834704082 ], [ 0.8229093729, 51.0793084138 ], [ 0.8239732681, 51.083411143699998 ], [ 0.8221664597, 51.085163739099997 ], [ 0.8262222398, 51.091253847399997 ], [ 0.8291172965, 51.091417636400003 ], [ 0.8296032629, 51.094697819499999 ], [ 0.8316176025, 51.095872258299998 ], [ 0.8369791012, 51.094554938100003 ], [ 0.8402579086, 51.0974794145 ], [ 0.8274931074, 51.103653351299997 ], [ 0.8223829314, 51.103255221 ], [ 0.820819002, 51.107601290799998 ], [ 0.8266665234, 51.108836125300002 ], [ 0.8223990909, 51.112662944900002 ], [ 0.8262772627, 51.1122903869 ], [ 0.8290128477, 51.114499769799998 ], [ 0.8359179288, 51.115951390200003 ], [ 0.8347145373, 51.117068908199997 ], [ 0.8365256612, 51.120505787500001 ], [ 0.8339111826, 51.123087642599998 ], [ 0.8374190385, 51.131115453299998 ], [ 0.8366210351, 51.135354319299999 ], [ 0.8299568349, 51.135550712300002 ], [ 0.8273850625, 51.1402540371 ], [ 0.8280818681, 51.141595325099999 ], [ 0.8252175574, 51.1440930654 ], [ 0.8168205707, 51.146616260400002 ], [ 0.8171735614, 51.149593866700002 ], [ 0.8137733813, 51.151528592299996 ], [ 0.8101453847, 51.156778594400002 ], [ 0.7865093429, 51.159017326799997 ], [ 0.7887325614, 51.162202244100001 ], [ 0.7878017203, 51.1676389836 ], [ 0.7827193905, 51.173516375600002 ], [ 0.7642221558, 51.174278958400002 ], [ 0.7572122452, 51.176693027500001 ], [ 0.7505368826, 51.1804119484 ], [ 0.7477478717, 51.184524898200003 ], [ 0.7419840448, 51.185307782700001 ], [ 0.740180815, 51.189649256199999 ], [ 0.7322181349, 51.190294271900001 ], [ 0.7285139191, 51.192278533900001 ], [ 0.7276513827, 51.195122809700003 ], [ 0.7220341221, 51.196962580499999 ], [ 0.7220087424, 51.198959862300001 ], [ 0.7250915563, 51.201226531800003 ], [ 0.7181975831, 51.207170175199998 ], [ 0.7176968591, 51.211310096299997 ], [ 0.7081372993, 51.210920247600001 ], [ 0.6983030691, 51.213665884299999 ], [ 0.6926560173, 51.217015895 ], [ 0.687467658, 51.2175151486 ], [ 0.6855361329, 51.219437080600002 ], [ 0.6899642937, 51.219973909499998 ], [ 0.696177539, 51.224831532099998 ], [ 0.6984449601, 51.224905161 ], [ 0.6984536892, 51.227747073700002 ], [ 0.7012989505, 51.228634767499997 ], [ 0.7007330885, 51.231446740499997 ], [ 0.7034656476, 51.232362204600001 ], [ 0.7052819435, 51.235971790299999 ], [ 0.7095735599, 51.238786528600002 ], [ 0.7114265342, 51.243006766299999 ], [ 0.7186161569, 51.2485331221 ], [ 0.724011764, 51.250350335199997 ], [ 0.7308238346, 51.246800762200003 ], [ 0.7312293563, 51.244938518700003 ], [ 0.7402513513, 51.244358775 ], [ 0.7633996286, 51.238480730399999 ], [ 0.7635213199, 51.2371647135 ], [ 0.7754028595, 51.232710122599997 ], [ 0.7733573298, 51.231094723200002 ], [ 0.7768841748, 51.228285818 ], [ 0.7913976911, 51.221464535 ], [ 0.8064910203, 51.220006036400001 ], [ 0.8068770694, 51.217406437500003 ], [ 0.8144924038, 51.218284739799998 ], [ 0.8139066881, 51.215726483600001 ], [ 0.8182557224, 51.214245643399998 ], [ 0.8190953032, 51.21134724 ], [ 0.8263794155, 51.213608876400002 ], [ 0.8279883353, 51.217662367700001 ], [ 0.8376793727, 51.214792306299998 ], [ 0.8410183309, 51.216456130700003 ], [ 0.8463518396, 51.215624889300003 ], [ 0.8489426757, 51.212125983500002 ], [ 0.8534404727, 51.214462774200001 ], [ 0.858030851, 51.211121714100003 ], [ 0.8673365743, 51.215004333099998 ], [ 0.8738645299, 51.212667466399999 ], [ 0.8788521762, 51.216637205799998 ], [ 0.8916815523, 51.214081096599998 ], [ 0.8900874533, 51.2169807099 ], [ 0.8935089671, 51.219927204699999 ], [ 0.8945096718, 51.225146153399997 ], [ 0.8911328522, 51.233657380899999 ], [ 0.8941630543, 51.2367394543 ], [ 0.9011689724, 51.236961641299999 ], [ 0.9235864008, 51.242519633100002 ], [ 0.9271605128, 51.249607766799997 ], [ 0.9264830589, 51.25338252 ], [ 0.9283554549, 51.257133141300002 ], [ 0.9251077036, 51.261702587499997 ], [ 0.9297130379, 51.263377224899997 ], [ 0.9378663922, 51.262417225 ], [ 0.9432488275, 51.267228848400002 ], [ 0.9508585531, 51.267846648400003 ], [ 0.9521204324, 51.269190957 ], [ 0.9623494612, 51.265496518500001 ], [ 0.9647772326, 51.268466139899999 ], [ 0.9626552053, 51.274258339900001 ], [ 0.9701499014, 51.275516402500003 ], [ 0.9679125422, 51.277956714799998 ], [ 0.969842849, 51.279868517 ], [ 0.9708930157, 51.285472365099999 ], [ 0.9684677667, 51.287009004799998 ], [ 0.9688897649, 51.289102990899998 ], [ 0.9783263561, 51.293504294 ], [ 0.980022242, 51.297094863799998 ], [ 0.9851286441, 51.301057172100002 ], [ 0.9850842409, 51.303909538299997 ], [ 0.9986346802, 51.310147024899997 ], [ 0.9985243989, 51.31241645 ], [ 1.005822784, 51.314729675800002 ], [ 1.0097362961, 51.317507319100002 ], [ 1.010390535, 51.320044917 ], [ 1.014863871, 51.322592125299998 ], [ 1.009222539, 51.3285117458 ], [ 1.0086203463, 51.334661433199997 ], [ 1.0198797958, 51.337753385600003 ], [ 1.0183330722, 51.3404376485 ], [ 1.0274842089, 51.340273269900003 ], [ 1.0353500551, 51.342390130600002 ], [ 1.0377459178, 51.344306762 ], [ 1.0357683686, 51.3478479208 ], [ 1.037297637, 51.351424027 ], [ 1.0410231006, 51.352586531 ], [ 1.0398101678, 51.354659779 ], [ 1.0414471103, 51.357684374500003 ], [ 1.0446964726, 51.358157565799999 ], [ 1.0415660228, 51.359911912800001 ], [ 1.048288282, 51.363784580199997 ], [ 1.06048587, 51.364419758300002 ], [ 1.0685855279, 51.368779209400003 ], [ 1.0705217044, 51.367787386099998 ], [ 1.0683561599, 51.367364767300003 ], [ 1.0674175156, 51.366302034100002 ], [ 1.0701334552, 51.367259815300002 ], [ 1.0705878591, 51.367760538299997 ], [ 1.0705710659, 51.368105417300001 ], [ 1.0687638793, 51.36916725 ], [ 1.0722464402, 51.368393106699997 ], [ 1.0711705836, 51.365201299 ], [ 1.0643241051, 51.360361772700003 ], [ 1.072637371, 51.359856043900002 ], [ 1.0707493664, 51.3541850672 ], [ 1.0673188481, 51.353150692200003 ], [ 1.0699684311, 51.348952746400002 ], [ 1.067216464, 51.348179403700001 ], [ 1.0673889837, 51.345602448 ], [ 1.0628434773, 51.342267579500003 ], [ 1.068365816, 51.3400182237 ], [ 1.0692195645, 51.337538020499998 ], [ 1.0693001656, 51.332942004700001 ], [ 1.0647277438, 51.332414217100002 ], [ 1.0648886324, 51.327939717 ], [ 1.0697854888, 51.326669069 ], [ 1.0746387334, 51.328826287200002 ], [ 1.0792032938, 51.326241770400003 ], [ 1.0931049613, 51.331217972099999 ], [ 1.096568129, 51.330622696799999 ], [ 1.0991447382, 51.333486736300003 ], [ 1.1019830268, 51.330866070500001 ], [ 1.1076302764, 51.332209351899998 ], [ 1.1082787061, 51.335637082 ], [ 1.1188755303, 51.340284235200002 ], [ 1.120333442, 51.342296153 ], [ 1.134636569, 51.345439871099998 ], [ 1.1347206116, 51.347722262399998 ], [ 1.1386151615, 51.350064443500003 ], [ 1.1440908447, 51.3498995 ], [ 1.1418034527, 51.3534148695 ], [ 1.138326036, 51.3552890952 ], [ 1.1418576082, 51.357982702 ], [ 1.1468077744, 51.3581015842 ], [ 1.150932455, 51.356659417700001 ], [ 1.1514487048, 51.354972510400003 ], [ 1.1578560715, 51.354143216899999 ], [ 1.159686136, 51.357772659799998 ], [ 1.1570928195, 51.3593357496 ], [ 1.1574363987, 51.362240759499997 ], [ 1.1613993693, 51.364706280699998 ], [ 1.1617484453, 51.367269333700001 ], [ 1.173898575, 51.3709162042 ], [ 1.1741248518, 51.373770384300002 ], [ 1.1778714414, 51.372463451900003 ], [ 1.1993141744, 51.379836227 ], [ 1.2354275157, 51.3783705699 ], [ 1.2314676811, 51.3672544143 ], [ 1.2324072765, 51.365906234100002 ], [ 1.2305676701, 51.364472872900002 ], [ 1.2317644534, 51.362955691 ], [ 1.2179403833, 51.363282570099997 ], [ 1.2183105827, 51.360367072800003 ], [ 1.2235773727, 51.358441175099998 ], [ 1.2201588278, 51.353947919 ], [ 1.2230321285, 51.352519612499997 ], [ 1.2296210906, 51.354496749299997 ], [ 1.2288310563, 51.352251849 ], [ 1.2321741381, 51.350360611399999 ], [ 1.2326692071, 51.3480082807 ], [ 1.2421591317, 51.349166971899997 ], [ 1.2512464987, 51.352746706200001 ], [ 1.2608286855, 51.3507351306 ], [ 1.2731508945, 51.350499117200002 ], [ 1.2705088055, 51.348899922100003 ], [ 1.2690017162, 51.342663575800003 ], [ 1.257253047, 51.339213294099999 ], [ 1.2495169152, 51.339680209100003 ], [ 1.250700525, 51.339359502699999 ], [ 1.2500168623, 51.334773108500002 ], [ 1.2518637327, 51.334290048900002 ], [ 1.2518659734, 51.33188835 ], [ 1.2486730866, 51.3293775064 ], [ 1.2372733128, 51.3346765752 ], [ 1.2351615279, 51.3340513634 ], [ 1.2367404214, 51.332820383300003 ], [ 1.2347472444, 51.332083946 ], [ 1.2351737657, 51.330850642400002 ], [ 1.2345071956, 51.331964527 ], [ 1.2336386353, 51.332406584099999 ], [ 1.2319867136, 51.332398638900003 ], [ 1.2305275903, 51.331725199799997 ], [ 1.2321320181, 51.329011188499997 ], [ 1.2301796306, 51.328587622100002 ], [ 1.2277790901, 51.326785551699999 ], [ 1.2296175594, 51.325218478700002 ], [ 1.2242739845, 51.3252986679 ], [ 1.2207124597, 51.323917380399998 ], [ 1.2159597353, 51.320729294400003 ], [ 1.2107551082, 51.323920571199999 ], [ 1.2055954747, 51.323822024899997 ], [ 1.2024246873, 51.323141691099998 ], [ 1.1988794237, 51.321238142 ], [ 1.1992360987, 51.319779957800002 ], [ 1.1963302234, 51.319238830700002 ], [ 1.1930766149, 51.317556253100001 ], [ 1.1948244312, 51.317816240600003 ], [ 1.1938690424, 51.316875542200002 ], [ 1.1898604425, 51.3165924925 ], [ 1.1877197116, 51.314430055800003 ], [ 1.1900767339, 51.316455141799999 ], [ 1.1943583908, 51.316909652100001 ], [ 1.1993817298, 51.319661198 ], [ 1.1995729787, 51.321517781200001 ], [ 1.2034517135, 51.323161442 ], [ 1.2107875907, 51.32361747 ], [ 1.2154556424, 51.320232402400002 ], [ 1.2247812306, 51.325225881400002 ], [ 1.2291730006, 51.321174218099998 ], [ 1.2278191279, 51.319475563399997 ], [ 1.2289593799, 51.317726085300002 ], [ 1.2329159222, 51.317652817899997 ], [ 1.2352558409, 51.315618256299999 ], [ 1.2405652241, 51.317837002099999 ], [ 1.2416092416, 51.320020827 ], [ 1.2452061495, 51.321153428300001 ], [ 1.2478485857, 51.320153640599997 ], [ 1.2564534457, 51.323796231300001 ], [ 1.277751768, 51.317712900499998 ], [ 1.3017649703, 51.314800822300001 ], [ 1.3051300981, 51.312074734799999 ], [ 1.3099211307, 51.315146065299999 ], [ 1.336962724, 51.307985452600001 ], [ 1.3410138851, 51.304447436099998 ], [ 1.3411980774, 51.302083046600004 ], [ 1.3409819628, 51.299068678799998 ], [ 1.3365363197, 51.293960052 ], [ 1.3327897898, 51.294178344 ], [ 1.3267932769, 51.299077225399998 ], [ 1.3233883078, 51.297813786100001 ], [ 1.3210081652, 51.294177919200003 ], [ 1.321725106, 51.290001562599997 ], [ 1.3141123499, 51.285879272499997 ], [ 1.316062953, 51.279734949400002 ], [ 1.2975859871, 51.275021644100001 ], [ 1.2943487733, 51.272862183699999 ], [ 1.2938229749, 51.269018129599999 ], [ 1.2988517303, 51.267958909900003 ], [ 1.3070995501, 51.263012574 ], [ 1.3154189546, 51.265853356199997 ], [ 1.3239026814, 51.265792461799997 ], [ 1.3259258305, 51.263630091 ], [ 1.3256328553, 51.265131610499999 ], [ 1.3331043479, 51.266538044100002 ], [ 1.3316916315, 51.267225944300002 ], [ 1.3318839694, 51.269883020499996 ], [ 1.3416927589, 51.270484706600001 ], [ 1.3450579205, 51.269237133300003 ], [ 1.3445107404, 51.271573528200001 ], [ 1.3500816196, 51.272457533400001 ], [ 1.3525811512, 51.276847510099998 ], [ 1.3570441489, 51.2774750954 ], [ 1.3583493684, 51.280424020399998 ], [ 1.3794486865, 51.275948378199999 ], [ 1.3856402981, 51.2712177346 ], [ 1.3886509783, 51.26653398 ], [ 1.404067525, 51.232632814699997 ], [ 1.4045069135, 51.218000806399999 ], [ 1.401274085, 51.211476194799999 ], [ 1.4021490673, 51.208194428200002 ], [ 1.3932611134, 51.209235350599997 ], [ 1.3868772694, 51.205183687500003 ], [ 1.3913626073, 51.2021121923 ], [ 1.3853015804, 51.195613369100002 ], [ 1.3712778986, 51.187077372200001 ], [ 1.3722181892, 51.183686010899997 ], [ 1.3681260142, 51.180367810900002 ], [ 1.3534910377, 51.176309005199997 ], [ 1.3420936966, 51.175430114 ], [ 1.3101179606, 51.153762188100004 ], [ 1.301821863, 51.154158803599998 ], [ 1.2972906725, 51.151795072399999 ], [ 1.3084541571, 51.148502141100003 ], [ 1.3211243492, 51.141720128 ], [ 1.3211441086, 51.1380135315 ], [ 1.3176297649, 51.133471833800002 ], [ 1.321037594, 51.126574616299997 ], [ 1.3142655979, 51.121837531899999 ], [ 1.3077722144, 51.123577734199998 ], [ 1.3050472584, 51.121648919899997 ], [ 1.3052706459, 51.119573698700002 ], [ 1.2998015567, 51.117839308400001 ], [ 1.2954544788, 51.118609667900003 ], [ 1.2864323256, 51.114330242299999 ], [ 1.2659279816, 51.110119838 ], [ 1.2477681922, 51.102206673 ], [ 1.2223915073, 51.103395179899998 ], [ 1.212388634, 51.100486423299998 ], [ 1.2041915772, 51.102393614 ], [ 1.2046710545, 51.099205218 ], [ 1.2001632053, 51.095784748900002 ], [ 1.1794807259, 51.0997676219 ], [ 1.1756690837, 51.102515830599998 ], [ 1.1636909147, 51.100340226299998 ], [ 1.1606922185, 51.097848835900002 ], [ 1.1558447742, 51.101344005 ], [ 1.1518571813, 51.1009389369 ], [ 1.1520492267, 51.098994833799999 ], [ 1.1487701344, 51.097359006200001 ], [ 1.1230460657, 51.0967980637 ], [ 1.120714448, 51.094347124099997 ], [ 1.1210372429, 51.090657695200001 ], [ 1.123928359, 51.089051281700002 ], [ 1.1239498462, 51.087251732 ], [ 1.1306230003, 51.086668306900002 ], [ 1.1319695001, 51.077007610599999 ], [ 1.1282153258, 51.074274813400002 ], [ 1.1192433729, 51.071843463 ], [ 1.1093558514, 51.078085871600003 ], [ 1.1007037017, 51.077903881499999 ], [ 1.0977982773, 51.085298474399998 ], [ 1.1040435118, 51.090122914699997 ], [ 1.096580652, 51.091621119400003 ], [ 1.0998508211, 51.095902473599999 ], [ 1.0939672876, 51.098036002 ], [ 1.0941443868, 51.099809620400002 ], [ 1.090825653, 51.102366806299997 ], [ 1.0840254484, 51.104322421 ], [ 1.076148309, 51.102956982499997 ], [ 1.0727674252, 51.098296684399998 ], [ 1.064649712, 51.093274939399997 ], [ 1.055569231, 51.096750933099997 ], [ 1.0546021382, 51.094698423200001 ], [ 1.0428386036, 51.091101680800001 ], [ 1.0393638484, 51.084509018200002 ], [ 1.0389946502, 51.078878910299998 ], [ 1.0415345116, 51.077328655199999 ], [ 1.0405473905, 51.074251178300003 ], [ 1.0560129009, 51.0706094377 ], [ 1.0586652329, 51.0653679845 ], [ 1.0649902215, 51.060475798200002 ], [ 1.0391544916, 51.050231403 ], [ 1.001318788, 51.027728084899998 ], [ 0.9830424336, 51.011671726 ], [ 0.9743601308, 50.996567487900002 ], [ 0.9688606186, 50.981125934399998 ], [ 0.9637931075, 50.979980537499998 ], [ 0.9622870543, 50.982285444600002 ], [ 0.9533919504, 50.9853711612 ], [ 0.9497710461, 50.979058466300003 ], [ 0.9503011833, 50.975735005399997 ], [ 0.9637384554, 50.966597716800003 ], [ 0.9647438402, 50.9492842107 ], [ 0.9698940646, 50.9402843795 ], [ 0.9707057441, 50.937385378499997 ], [ 0.9692104709, 50.934473135799998 ], [ 0.9749649365, 50.921598878099999 ], [ 0.9745630743, 50.919315439199998 ], [ 0.9731525948, 50.918173065600001 ], [ 0.9721694363, 50.919268500699999 ], [ 0.9698627647, 50.915225591599999 ], [ 0.9626606886, 50.914293337099998 ], [ 0.9613217681, 50.918303041100003 ], [ 0.9466012467, 50.916840790499997 ], [ 0.9360301842, 50.912793972899998 ], [ 0.8904620029, 50.918820693599997 ], [ 0.8934893694, 50.928163115 ], [ 0.8959221141, 50.930666255799999 ], [ 0.8986896639, 50.930309710099998 ], [ 0.9003398665, 50.939443302500003 ], [ 0.9049068878, 50.943737111499999 ], [ 0.9066050326, 50.948453017399999 ], [ 0.893627215, 50.942775532399999 ], [ 0.878452411, 50.930609031300001 ], [ 0.8656127672, 50.9289577264 ], [ 0.8571041538, 50.931299323 ], [ 0.8559360709, 50.930122634900002 ], [ 0.857135941, 50.929031896 ], [ 0.8513479424, 50.924479804599997 ], [ 0.7871156241, 50.934574898299999 ], [ 0.7824563872, 50.935927321100003 ], [ 0.7844097242, 50.9374110571 ], [ 0.7828023751, 50.940290403500001 ], [ 0.7856288324, 50.939467435399997 ], [ 0.7845533939, 50.941957595399998 ], [ 0.787361503, 50.942016486100002 ], [ 0.7907237065, 50.944670470799998 ], [ 0.7761087535, 50.9474115529 ], [ 0.7738579998, 50.9490660847 ], [ 0.7679574468, 50.948729460199999 ], [ 0.7617599054, 50.952267184500002 ], [ 0.7664104787, 50.953848011700003 ], [ 0.7641050296, 50.955791467499999 ], [ 0.7561273314, 50.957185370300003 ], [ 0.7546907898, 50.959863647399999 ], [ 0.7525795554, 50.959805519200003 ], [ 0.7546548788, 50.9638310339 ], [ 0.7486375495, 50.964512544100003 ], [ 0.7478623001, 50.966450191600003 ], [ 0.7502249466, 50.9696882032 ], [ 0.7476714979, 50.967614212100003 ], [ 0.7480423439, 50.964530590800003 ], [ 0.7309016681, 50.961960664800003 ], [ 0.7351997842, 50.957785571300001 ], [ 0.7356101238, 50.9531348366 ], [ 0.7344691052, 50.950193414799998 ], [ 0.7291910831, 50.950514824199999 ], [ 0.72770494, 50.948723690800001 ], [ 0.7330432185, 50.944578314600001 ], [ 0.7307878904, 50.942292554600002 ], [ 0.736088616, 50.936555882199997 ], [ 0.7363887955, 50.932456373199997 ], [ 0.7352427624, 50.9328160333 ], [ 0.7323471795, 50.925184619299998 ], [ 0.7302401237, 50.9263852232 ], [ 0.7269931964, 50.923672865500002 ], [ 0.7255499509, 50.916025328099998 ], [ 0.7284320105, 50.912521926099998 ], [ 0.6857838852, 50.888170203800001 ], [ 0.6791141553, 50.881179532300003 ], [ 0.6731111769, 50.878167101700001 ], [ 0.6680110392, 50.873167632700003 ], [ 0.6443321791, 50.870799591699999 ], [ 0.6397502432, 50.876246019100002 ], [ 0.6299609139, 50.875081983800001 ], [ 0.6143492037, 50.878077212699999 ], [ 0.6039361757, 50.875665764300003 ], [ 0.5953629156, 50.877691641299997 ], [ 0.5921401038, 50.8828162322 ], [ 0.5758311445, 50.883646989299997 ], [ 0.5671202873, 50.888390067099998 ], [ 0.5577944595, 50.8881721435 ], [ 0.555236782, 50.884567539300001 ], [ 0.5601273318, 50.874962405799998 ], [ 0.5587453793, 50.870495596300003 ], [ 0.5540516064, 50.868358881200002 ], [ 0.5537789203, 50.865450712399998 ], [ 0.5491616657, 50.862097905100001 ], [ 0.5509496819, 50.857363816400003 ], [ 0.5488562088, 50.853631988099998 ], [ 0.5514547543, 50.850291767800002 ], [ 0.5227151608, 50.848360706100003 ], [ 0.4975995042, 50.841834028100003 ], [ 0.4871163079, 50.845044099500001 ], [ 0.4829001371, 50.851789612399998 ], [ 0.4803984513, 50.852841186299997 ], [ 0.4832045827, 50.855380800699997 ], [ 0.4628393635, 50.859095385400003 ], [ 0.4579600479, 50.855213899100001 ], [ 0.4568163297, 50.852377856799997 ], [ 0.4523891479, 50.852489001 ], [ 0.447927515, 50.848958078300001 ], [ 0.4475463984, 50.846834466499999 ], [ 0.4417022188, 50.845373977100003 ], [ 0.4382719847, 50.839527594700002 ], [ 0.4377964746, 50.835310292300001 ], [ 0.4309319511, 50.833040397200001 ], [ 0.4320470952, 50.8326100142 ], [ 0.4161212955, 50.830796661 ], [ 0.3908458911, 50.824344867100002 ], [ 0.3610302396, 50.8151063659 ], [ 0.3506675538, 50.810209588699998 ], [ 0.344133675, 50.804871964199997 ], [ 0.3388421071, 50.806297061599999 ], [ 0.3337207034, 50.802362325099999 ], [ 0.3356916426, 50.800901808100001 ], [ 0.3349406177, 50.800071407799997 ], [ 0.3276968156, 50.798813151399997 ], [ 0.325039361, 50.7961679549 ], [ 0.3257060789, 50.794733602100003 ], [ 0.3219913669, 50.794798634599999 ], [ 0.322521299, 50.793465958299997 ], [ 0.3197989386, 50.790930488599997 ], [ 0.3229687803, 50.790471024399999 ], [ 0.3226199283, 50.788013606100002 ], [ 0.3280874986, 50.784972511699998 ], [ 0.3130763803, 50.780936125499998 ], [ 0.2998114629, 50.774273110899998 ], [ 0.294191318, 50.768411794899997 ], [ 0.2897414069, 50.766448632699998 ], [ 0.2793850852, 50.770752831499998 ], [ 0.2704526931, 50.777258886299997 ], [ 0.2648204139, 50.778123916399998 ], [ 0.261001161, 50.784817602700002 ], [ 0.2570871229, 50.786620270199997 ], [ 0.2499865066, 50.785300472 ], [ 0.2479330161, 50.783307441799998 ], [ 0.2410878625, 50.783160387599999 ], [ 0.2360386329, 50.786755962400001 ], [ 0.2410240708, 50.792506319099999 ], [ 0.239827215, 50.796558594099999 ], [ 0.2368548799, 50.798504367600003 ], [ 0.2208099392, 50.7983253425 ], [ 0.2116891483, 50.799919705699999 ], [ 0.207418114, 50.803850005800001 ], [ 0.1963495036, 50.809644157500003 ], [ 0.1875756523, 50.808397023300003 ], [ 0.1824755975, 50.8110468199 ], [ 0.1756776631, 50.808331773699997 ], [ 0.1722113706, 50.808576259100001 ], [ 0.1703349004, 50.812190734399998 ], [ 0.1644260235, 50.815187656200003 ], [ 0.1657686701, 50.817510011499998 ], [ 0.1629940165, 50.818604779099999 ], [ 0.1538757108, 50.819762827600002 ], [ 0.1481991451, 50.817825912399996 ], [ 0.1428363964, 50.818976834 ], [ 0.1365692889, 50.816357689199997 ], [ 0.1281971988, 50.819568622799999 ], [ 0.1082734124, 50.833654861500001 ], [ 0.0935000222, 50.834532484299999 ], [ 0.08360809, 50.833414486700001 ], [ 0.0625998954, 50.835586544599998 ], [ 0.06139274, 50.843000668899997 ], [ 0.0564251244, 50.845030962199999 ], [ 0.058067796, 50.851369496700002 ], [ 0.05527286, 50.853397363 ], [ 0.0515012115, 50.852600350700001 ], [ 0.0484635352, 50.854549816800002 ], [ 0.0520502, 50.857339332 ], [ 0.0510523513, 50.861799724900003 ], [ 0.0549296813, 50.8678921343 ], [ 0.0537540119, 50.872832335799998 ], [ 0.0473221982, 50.876560779199998 ], [ 0.0371264197, 50.8781062288 ], [ 0.0356608342, 50.881009747100002 ], [ 0.0408479303, 50.885847632500003 ], [ 0.0478826232, 50.886749673099999 ], [ 0.0512853185, 50.8930034085 ], [ 0.0620018672, 50.898678383399997 ], [ 0.0679737947, 50.8973675855 ], [ 0.0733027469, 50.899197673800003 ], [ 0.0755452468, 50.896856400200001 ], [ 0.0823951688, 50.8967514299 ], [ 0.0862358192, 50.8993179697 ], [ 0.0873465033, 50.902212032800001 ], [ 0.0845192064, 50.9016420094 ], [ 0.0830582418, 50.903961459900003 ], [ 0.0748158625, 50.906041887800001 ], [ 0.0728910661, 50.9081805852 ], [ 0.0578783758, 50.908050509799999 ], [ 0.0550442305, 50.910555682800002 ], [ 0.0562937297, 50.915021461599999 ], [ 0.048914229, 50.914143945600003 ], [ 0.047580572, 50.916496665799997 ], [ 0.0432840243, 50.914872181100002 ], [ 0.0366319243, 50.915040594399997 ], [ 0.0371898285, 50.919313574699999 ], [ 0.0278797471, 50.9182165836 ], [ 0.0190436085, 50.922470782700003 ], [ 0.0143815278, 50.921598011 ], [ 0.0094518946, 50.923427706 ], [ 0.0026267008, 50.922213952500002 ], [ -0.0024091325, 50.918918683699999 ], [ -0.0278999581, 50.917697294900002 ], [ -0.0356384879, 50.910291257600001 ], [ -0.0420087226, 50.910014029099997 ], [ -0.0487667641, 50.905223294700001 ], [ -0.0480801714, 50.897153681799999 ], [ -0.0447383013, 50.894435683 ], [ -0.0293401502, 50.891011011800003 ], [ -0.0271818165, 50.887575009800003 ], [ -0.0207748994, 50.884426731600001 ], [ -0.0122053835, 50.874658021099997 ], [ 0.0015974291, 50.872353580400002 ], [ 0.0178945837, 50.872768023900001 ], [ 0.0200934002, 50.8694896895 ], [ 0.0177869192, 50.870383983300002 ], [ -0.0073648375, 50.867506548400002 ], [ -0.0126015104, 50.863674667200002 ], [ -0.0289735315, 50.8612902705 ], [ -0.0377461527, 50.854063430799997 ], [ -0.0419075499, 50.854439117799998 ], [ -0.0492388907, 50.850352948400001 ], [ -0.057757067, 50.850836803299998 ], [ -0.0656738535, 50.847316950600003 ], [ -0.0761262044, 50.851536834 ], [ -0.0769099537, 50.864950040099998 ], [ -0.0823741087, 50.869626624699997 ], [ -0.0833724582, 50.872314082 ], [ -0.0810539991, 50.876853650299999 ], [ -0.0650321054, 50.880672141399998 ], [ -0.0587402627, 50.891818476700003 ], [ -0.0578264627, 50.896353954200002 ], [ -0.0716737265, 50.897132148399997 ], [ -0.087694169, 50.900417501100002 ], [ -0.1011531929, 50.899593986299998 ], [ -0.1151402079, 50.903292125599997 ], [ -0.1319507579, 50.9004686388 ], [ -0.1427743285, 50.904382582899999 ], [ -0.1619530546, 50.906035138900002 ], [ -0.1688605975, 50.904354018600003 ], [ -0.168237766, 50.902464649700001 ], [ -0.1716574258, 50.900126037 ], [ -0.1877410621, 50.896914412699999 ], [ -0.1957963955, 50.889862452499997 ], [ -0.2008024003, 50.887951681200001 ], [ -0.2117746281, 50.888071477799997 ], [ -0.2289102962, 50.883639134799999 ], [ -0.2413560449, 50.885538581200002 ], [ -0.2512665276, 50.884802169499999 ], [ -0.2557778247, 50.889261630900002 ], [ -0.2549166067, 50.899173626500001 ], [ -0.2563190756, 50.900930095600003 ], [ -0.2990932406, 50.912202664 ], [ -0.300580654, 50.918573286 ], [ -0.2899319668, 50.9232144534 ], [ -0.2868869559, 50.9270908393 ], [ -0.2777774364, 50.928314790199998 ], [ -0.2782760671, 50.931766538399998 ], [ -0.2863699917, 50.933414443399997 ], [ -0.2966529282, 50.933205174400001 ], [ -0.2994127587, 50.936357030800004 ], [ -0.3172557755, 50.940428612300003 ], [ -0.3233479011, 50.934886548500003 ], [ -0.3224886227, 50.932661897599999 ], [ -0.3269367295, 50.930855145300001 ], [ -0.3358811427, 50.932241998199999 ], [ -0.3458786908, 50.929632159 ], [ -0.3498618284, 50.9300752125 ], [ -0.3547901881, 50.926313700900003 ], [ -0.3496573218, 50.921375988599998 ], [ -0.3555979396, 50.9171251231 ], [ -0.3621477197, 50.915346619399998 ], [ -0.3596130123, 50.907729821499998 ], [ -0.3528099739, 50.910664728900002 ], [ -0.3383838175, 50.910730095799998 ], [ -0.3390657708, 50.907556225299999 ], [ -0.3354656489, 50.9048070045 ], [ -0.3236272821, 50.904943379300001 ], [ -0.3244355304, 50.902634744899999 ], [ -0.3208676801, 50.899417883399998 ], [ -0.308427967, 50.892637284700001 ], [ -0.3100220469, 50.891023611500003 ], [ -0.3132188699, 50.891483537200003 ], [ -0.3178496115, 50.887269599200003 ], [ -0.3213443344, 50.889325391299998 ], [ -0.3297637635, 50.880515926699999 ], [ -0.3419572244, 50.881013526399997 ], [ -0.3497965827, 50.8796227522 ], [ -0.3505834033, 50.8722324899 ], [ -0.3444326857, 50.867720752700002 ], [ -0.3455792713, 50.865039050699998 ], [ -0.340902819, 50.858263728300003 ], [ -0.3408485102, 50.854989423799999 ], [ -0.3254002271, 50.846782769699999 ], [ -0.327082245, 50.843443419800003 ], [ -0.3326980274, 50.839314953699997 ], [ -0.3314284748, 50.837875872300003 ], [ -0.3325795155, 50.835068443399997 ], [ -0.329921723, 50.830749638900002 ], [ -0.3308231515, 50.828568180399998 ], [ -0.3236841109, 50.824904492899996 ], [ -0.3257537549, 50.821822534500001 ], [ -0.3304772853, 50.819156264199997 ], [ -0.3297693601, 50.818320208199999 ], [ -0.3459349166, 50.8140166174 ], [ -0.3471312113, 50.815508296399997 ], [ -0.3532679162, 50.816197624799997 ], [ -0.3572909541, 50.814824410100002 ], [ -0.3599792598, 50.815887463099997 ], [ -0.3615373786, 50.814362514499997 ], [ -0.3868447212, 50.815272762299998 ], [ -0.4081937395, 50.813218764299997 ], [ -0.4129727543, 50.815451235700003 ], [ -0.4157124784, 50.814193448200001 ], [ -0.419147071, 50.8158947875 ], [ -0.422261462, 50.8132030095 ], [ -0.4264186732, 50.814104515399997 ], [ -0.4448118727, 50.811653184299999 ], [ -0.4442431008, 50.806555451599998 ], [ -0.4496998812, 50.805494948899998 ], [ -0.4507087216, 50.803314010199998 ], [ -0.4547833683, 50.802405778800001 ], [ -0.4600180947, 50.802897676800001 ], [ -0.4649012206, 50.805893812199997 ], [ -0.471321285, 50.806175961699999 ], [ -0.4693527446, 50.8069145714 ], [ -0.4703740992, 50.807800305199997 ], [ -0.468859929, 50.809399214899997 ], [ -0.4693708218, 50.811573273500002 ], [ -0.4795080564, 50.810185981300002 ], [ -0.489979278, 50.8133886428 ], [ -0.5024829853, 50.813450875299999 ], [ -0.5031623794, 50.814844537 ], [ -0.5092374555, 50.8139690446 ], [ -0.5163782606, 50.817531412199997 ], [ -0.5204873149, 50.814633844299998 ], [ -0.524839327, 50.815723158099999 ], [ -0.5258412733, 50.814108066700001 ], [ -0.5304070884, 50.8138149336 ], [ -0.5301838977, 50.817760100100003 ], [ -0.5319194844, 50.819454669199999 ], [ -0.537236246, 50.820132975200004 ], [ -0.5410406544, 50.817410731300001 ], [ -0.5447697463, 50.817556217400004 ], [ -0.5467842491, 50.820342213399996 ], [ -0.5583620039, 50.8187231892 ], [ -0.5548613888, 50.823131464 ], [ -0.5567354499, 50.824053967600001 ], [ -0.5550760018, 50.826141330600002 ], [ -0.565243594, 50.827380100900001 ], [ -0.566207733, 50.829900486299998 ], [ -0.5594613867, 50.831602915399998 ], [ -0.5556965793, 50.835710304499997 ], [ -0.5428199941, 50.832307541900001 ], [ -0.5364720022, 50.834134633 ], [ -0.5299736837, 50.833045725600002 ], [ -0.5262535771, 50.834833393 ], [ -0.5127584588, 50.835786316 ], [ -0.5118551683, 50.838796481700001 ], [ -0.5139747003, 50.839138249900003 ], [ -0.513948115, 50.8417638946 ], [ -0.5199520419, 50.842343807900001 ], [ -0.520213174, 50.844865182900001 ], [ -0.5040580037, 50.844569282800002 ], [ -0.5033149239, 50.846484277499997 ], [ -0.5053918594, 50.849946255600003 ], [ -0.4985395596, 50.856297349499997 ], [ -0.4952440512, 50.865104096899998 ], [ -0.4908004793, 50.868050411299997 ], [ -0.4993098399, 50.865498180199999 ], [ -0.504838745, 50.8601373232 ], [ -0.5224134119, 50.855702734399998 ], [ -0.5314580421, 50.856788141300001 ], [ -0.5360564697, 50.859669728500002 ], [ -0.5364541322, 50.861491311 ], [ -0.5449375701, 50.861021825 ], [ -0.5436595692, 50.865556361899998 ], [ -0.5347371731, 50.863682057699997 ], [ -0.5255684776, 50.866832518899997 ], [ -0.5258225954, 50.869009263800002 ], [ -0.5312983814, 50.873266802099998 ], [ -0.5403282776, 50.874415186 ], [ -0.5408970639, 50.877572516199997 ], [ -0.5361989323, 50.875993875100001 ], [ -0.5345969475, 50.877673456300002 ], [ -0.5269748666, 50.878225019299997 ], [ -0.5203106755, 50.882187596800001 ], [ -0.5141639208, 50.891300392600002 ], [ -0.5047577636, 50.897313536799999 ], [ -0.5025576593, 50.9029509382 ], [ -0.4888051171, 50.902503946099998 ], [ -0.4885969967, 50.906296307300003 ], [ -0.4864988711, 50.908715228699997 ], [ -0.4874913368, 50.912325295700001 ], [ -0.4906124899, 50.913462833200001 ], [ -0.4915914971, 50.9157417224 ], [ -0.5014029642, 50.920310601 ], [ -0.5117690114, 50.9218281 ], [ -0.5111833318, 50.923684541599997 ], [ -0.5156738996, 50.927885107599998 ], [ -0.5244660406, 50.928841873700001 ], [ -0.5224529496, 50.9308488275 ], [ -0.5163805008, 50.931617173600003 ], [ -0.5131067365, 50.9352086906 ], [ -0.5106787889, 50.934584216 ], [ -0.5097514871, 50.931982412799996 ], [ -0.5021672852, 50.934169593699998 ], [ -0.4984798482, 50.932890193600002 ], [ -0.4924249892, 50.933972284500001 ], [ -0.4891762301, 50.940243366099999 ], [ -0.4913041442, 50.942222349600002 ], [ -0.4869359255, 50.946995058600002 ], [ -0.4882947431, 50.951185387599999 ], [ -0.4854643542, 50.952416716400002 ], [ -0.5005220703, 50.9539060018 ], [ -0.5041147577, 50.951982618 ], [ -0.5133211356, 50.952585788699999 ], [ -0.5161587565, 50.950211769 ], [ -0.5243218369, 50.948237829299998 ], [ -0.5290191615, 50.944645958099997 ], [ -0.5308954909, 50.945182172899997 ], [ -0.5294796581, 50.9476464022 ], [ -0.5326158586, 50.947056343699998 ], [ -0.5376179511, 50.945068698299998 ], [ -0.5379256994, 50.942518561 ], [ -0.5440046655, 50.941119667499997 ], [ -0.5559907051, 50.941538272700001 ], [ -0.563923773, 50.938146843299997 ], [ -0.5661571764, 50.939109548300003 ], [ -0.56972007, 50.937102855299997 ], [ -0.5701535956, 50.934104532100001 ], [ -0.5877133089, 50.933230069300002 ], [ -0.5879283919, 50.931766827499999 ], [ -0.5933829302, 50.930213933600001 ], [ -0.5988743859, 50.9302619642 ], [ -0.6024790617, 50.927265559799999 ], [ -0.612035239, 50.928422707199999 ], [ -0.6258594596, 50.9262480485 ], [ -0.6320586421, 50.923011452499999 ], [ -0.6303693106, 50.9219125049 ], [ -0.6304239971, 50.919080387699999 ], [ -0.6326355592, 50.914492953100002 ], [ -0.6280388754, 50.9121368526 ], [ -0.628250142, 50.909306564 ], [ -0.6230512987, 50.9076176616 ], [ -0.6234631172, 50.902334684800003 ], [ -0.6198831496, 50.895466792900002 ], [ -0.6252559165, 50.8897477282 ], [ -0.6254880475, 50.882825898900002 ], [ -0.629075216, 50.875880561099997 ], [ -0.6293320678, 50.8710004032 ], [ -0.6266241561, 50.867389375499997 ], [ -0.6171673582, 50.8618409292 ], [ -0.6194477509, 50.860164295399997 ], [ -0.6211803427, 50.85344903 ], [ -0.6158965592, 50.851488967199998 ], [ -0.6142315841, 50.847269478599998 ], [ -0.6143225007, 50.840363927200002 ], [ -0.6177971991, 50.8381299005 ], [ -0.6171222895, 50.836458196899997 ], [ -0.6188400912, 50.833591781300001 ], [ -0.6232184263, 50.832474426600001 ], [ -0.6229137948, 50.830762158299997 ], [ -0.6166601501, 50.830472617 ], [ -0.6054745885, 50.8255729137 ], [ -0.6064332781, 50.823893674799997 ], [ -0.6045716258, 50.822522469699997 ], [ -0.6109941847, 50.819802255 ], [ -0.5909571687, 50.811952057399999 ], [ -0.5863907996, 50.808183428500001 ], [ -0.5763907271, 50.8079657647 ], [ -0.5748824022, 50.80984047 ], [ -0.575585809, 50.812929484900003 ], [ -0.5733067036, 50.815105357199997 ], [ -0.5629575106, 50.818749262 ], [ -0.5607984407, 50.812620167299997 ], [ -0.5570097202, 50.810420810899998 ], [ -0.5588011022, 50.807685090699998 ], [ -0.5542397398, 50.805560241199998 ], [ -0.5508661129, 50.800267650199999 ], [ -0.5693374445, 50.798342150800003 ], [ -0.6055479034, 50.790589306900003 ], [ -0.6196175069, 50.791418127599997 ], [ -0.6329242592, 50.798201756799997 ], [ -0.6379346008, 50.793275606900004 ], [ -0.6422210019, 50.792246405299998 ], [ -0.6419384261, 50.790246655799997 ], [ -0.6397894081, 50.789987799199999 ], [ -0.6392903905, 50.78860604 ], [ -0.6449192914, 50.789705762200001 ], [ -0.6453544449, 50.787223874200002 ], [ -0.6731361346, 50.781681564899998 ], [ -0.6775460591, 50.7843336213 ], [ -0.6766254223, 50.786292658699999 ], [ -0.682581182, 50.787897878599999 ], [ -0.6834852432, 50.790057420499998 ], [ -0.6814218881, 50.790780539700002 ], [ -0.6820899048, 50.793261172500003 ], [ -0.6888189468, 50.793130153500002 ], [ -0.6938801176, 50.794805669500001 ], [ -0.7025820188, 50.793634749699997 ], [ -0.7117847315, 50.7953914414 ], [ -0.7212612067, 50.789740168900003 ], [ -0.72254303, 50.785914195700002 ], [ -0.733737028, 50.781674624799997 ], [ -0.7365962307, 50.781903471200003 ], [ -0.7378882435, 50.778697958099997 ], [ -0.740003958, 50.778612912900002 ], [ -0.7422778516, 50.775274063700003 ], [ -0.7451532674, 50.776474122099998 ], [ -0.7468973008, 50.7743705185 ], [ -0.7488898128, 50.775174297600003 ], [ -0.7512674735, 50.772169128500003 ], [ -0.7668701895, 50.772750550700003 ], [ -0.7700635476, 50.770363383400003 ], [ -0.7785516997, 50.7733393241 ], [ -0.7767963159, 50.777565623400001 ], [ -0.7818149481, 50.784209994 ], [ -0.7861368969, 50.785487080899998 ], [ -0.7881344944, 50.784491642600003 ], [ -0.7894616528, 50.786933523099997 ], [ -0.7973239026, 50.7895868186 ], [ -0.799756097, 50.788235949399997 ], [ -0.7998415448, 50.786006574200002 ], [ -0.7960142533, 50.781470655 ], [ -0.7981443609, 50.778057303600001 ], [ -0.7967046966, 50.776675530200002 ], [ -0.7986075364, 50.776587226399997 ], [ -0.7939091547, 50.772869608299999 ], [ -0.7962333454, 50.769620168099998 ], [ -0.7909770403, 50.764475771699999 ], [ -0.7853021056, 50.762402380300003 ], [ -0.7874142017, 50.758035767700001 ], [ -0.7821691944, 50.7574595281 ], [ -0.782348476, 50.753828220199999 ], [ -0.7807038071, 50.751652712899997 ], [ -0.7744268472, 50.750453802899997 ], [ -0.7776226594, 50.745855928300003 ], [ -0.7872381824, 50.737961501500003 ], [ -0.7903696085, 50.733029863 ], [ -0.7877759515, 50.731402168700001 ], [ -0.7895148552, 50.731006551 ], [ -0.7906961688, 50.728051099799998 ], [ -0.7949714875, 50.727088134600002 ], [ -0.7978871808, 50.729420447800003 ], [ -0.8018638163, 50.729056685 ], [ -0.8052225405, 50.7318160361 ], [ -0.8109573557, 50.7334060636 ], [ -0.8218765091, 50.741934222099999 ], [ -0.8222202155, 50.7429824118 ], [ -0.8132444781, 50.740089272 ], [ -0.8078725834, 50.740928149399998 ], [ -0.8067191624, 50.746191659700003 ], [ -0.8079916918, 50.747582914799999 ], [ -0.8098912704, 50.746451864100003 ], [ -0.807569624, 50.745511519799997 ], [ -0.8092295519, 50.743303480500003 ], [ -0.8176574664, 50.7431815212 ], [ -0.8195295517, 50.747020265700002 ], [ -0.8183528084, 50.7500628421 ], [ -0.8200679197, 50.749429211 ], [ -0.8249789356, 50.752469906599998 ], [ -0.8209919846, 50.7532196445 ], [ -0.8190215825, 50.755352598 ], [ -0.81965191, 50.756976404200003 ], [ -0.8164767393, 50.757498351199999 ], [ -0.8207919805, 50.757643102 ], [ -0.8238724632, 50.7605595677 ], [ -0.8217739483, 50.761138752100003 ], [ -0.8241925221, 50.761349203899996 ], [ -0.824071123, 50.764134554199998 ], [ -0.8253036914, 50.759969130899997 ], [ -0.8281211321, 50.760735308900003 ], [ -0.8244476157, 50.759165508499997 ], [ -0.8257440121, 50.758618393500001 ], [ -0.8219133331, 50.756384155100001 ], [ -0.8216456216, 50.754708871 ], [ -0.8259426525, 50.754522890499999 ], [ -0.8276082957, 50.756213779399999 ], [ -0.8275001925, 50.754469950299999 ], [ -0.8255724818, 50.753903755400003 ], [ -0.8266844687, 50.753995209 ], [ -0.8254931585, 50.753527238399997 ], [ -0.8263413449, 50.7520787132 ], [ -0.8314736079, 50.752833675200002 ], [ -0.830350949, 50.752100573100002 ], [ -0.8324486686, 50.752308968299999 ], [ -0.8345818593, 50.7503945427 ], [ -0.8340155124, 50.750178077699999 ], [ -0.8307401677, 50.749673192499998 ], [ -0.825928651, 50.749930800100003 ], [ -0.8244781081, 50.749276913199999 ], [ -0.8256827462, 50.747813395599998 ], [ -0.8216288463, 50.746288725699998 ], [ -0.8269460167, 50.745395155200001 ], [ -0.8233381644, 50.743937323600001 ], [ -0.8225270392, 50.744248919900002 ], [ -0.8219122031, 50.745667914099997 ], [ -0.8213807447, 50.746200497399997 ], [ -0.8224159434, 50.744081202700002 ], [ -0.8241175677, 50.7433220136 ], [ -0.8596703646, 50.760492110199998 ], [ -0.8612781063, 50.762800103700002 ], [ -0.8560194089, 50.767380022600001 ], [ -0.8519590269, 50.767573949499997 ], [ -0.852035678, 50.770236618299997 ], [ -0.8557514793, 50.771388251 ], [ -0.8551721207, 50.7759509829 ], [ -0.8608311568, 50.775952422700001 ], [ -0.8599003774, 50.779234744699998 ], [ -0.8627452694, 50.780071876 ], [ -0.8585551737, 50.782054364499999 ], [ -0.8587462403, 50.7858602421 ], [ -0.8618699336, 50.786915949700003 ], [ -0.8616565117, 50.788694465699997 ], [ -0.8592536101, 50.7883292649 ], [ -0.8561925936, 50.791680633399999 ], [ -0.8580382266, 50.792795848399997 ], [ -0.8586203581, 50.796857347699998 ], [ -0.8494108029, 50.797459346899998 ], [ -0.8492354827, 50.795353275700002 ], [ -0.8391158672, 50.791458012299998 ], [ -0.8284790941, 50.793563952600003 ], [ -0.8244141321, 50.7927137008 ], [ -0.8205527835, 50.796181975 ], [ -0.8171661549, 50.796561365800002 ], [ -0.8172878288, 50.7984870871 ], [ -0.8116190144, 50.795965421200002 ], [ -0.8027113039, 50.796953504800001 ], [ -0.7998603979, 50.794136400600003 ], [ -0.7952808291, 50.794556836600002 ], [ -0.7940281827, 50.800227440199997 ], [ -0.7965377568, 50.7997587403 ], [ -0.7998991387, 50.8037052914 ], [ -0.7916431831, 50.809069803200003 ], [ -0.7858878223, 50.809891367500001 ], [ -0.7860087007, 50.811799127299999 ], [ -0.776706911, 50.813608484100001 ], [ -0.7764804508, 50.816843566199999 ], [ -0.7808229259, 50.819622867100001 ], [ -0.7853390645, 50.825578310099999 ], [ -0.7881563093, 50.825346805300001 ], [ -0.7932932745, 50.8210474678 ], [ -0.7983355171, 50.820955612900001 ], [ -0.8054400052, 50.817934994600002 ], [ -0.8118412048, 50.818539921400003 ], [ -0.8090536731, 50.8232058018 ], [ -0.8063028255, 50.823069780799997 ], [ -0.8102657774, 50.825790134499996 ], [ -0.8090661702, 50.828295909200001 ], [ -0.8006176484, 50.828299315099997 ], [ -0.7931398501, 50.83140571 ], [ -0.7909815458, 50.835715610699999 ], [ -0.7789613542, 50.837112605199998 ], [ -0.7779200622, 50.840006412400001 ], [ -0.7711719244, 50.840619017100003 ], [ -0.766468666, 50.843393173199999 ], [ -0.76878658, 50.850306204100001 ], [ -0.7709770819, 50.8523616823 ], [ -0.7755568716, 50.852158015500002 ], [ -0.782004468, 50.854419736799997 ], [ -0.784366002, 50.860856269099997 ], [ -0.7834093612, 50.864857117699998 ], [ -0.7849615429, 50.865277963 ], [ -0.7837376697, 50.867531416600002 ], [ -0.7851815146, 50.866656159 ], [ -0.7852991564, 50.869238331299997 ], [ -0.7931233357, 50.873887847 ], [ -0.8013863424, 50.874791319400003 ], [ -0.7967648614, 50.872666440099998 ], [ -0.7968356812, 50.869915361700002 ], [ -0.8003829823, 50.867919487199998 ], [ -0.8018804498, 50.86494025 ], [ -0.8066490906, 50.862947721899999 ], [ -0.8055191921, 50.860454139799998 ], [ -0.8083286003, 50.858378528199999 ], [ -0.8096453904, 50.854650937899997 ], [ -0.8197972363, 50.853207255400001 ], [ -0.8241401724, 50.846596376500003 ], [ -0.8376770563, 50.848314708099998 ], [ -0.8418008169, 50.845846697 ], [ -0.8428192414, 50.842574409 ], [ -0.8497058001, 50.8432360109 ], [ -0.8578536853, 50.838783634899997 ], [ -0.8615820097, 50.840816471700002 ], [ -0.8604698123, 50.845661750700003 ], [ -0.8565176511, 50.849867716200002 ], [ -0.8505234095, 50.849269268699999 ], [ -0.8553182776, 50.855341585 ], [ -0.8777255447, 50.859381113 ], [ -0.8819576752, 50.861840787600002 ], [ -0.8817984732, 50.864932784099999 ], [ -0.8890221819, 50.868311100500001 ], [ -0.8915724577, 50.871635685599998 ], [ -0.8951226075, 50.869951726 ], [ -0.8958063951, 50.867476188799998 ], [ -0.9055267946, 50.863826730600003 ], [ -0.90447827, 50.862485963700003 ], [ -0.9054346131, 50.8604805513 ], [ -0.9028802701, 50.857920606 ], [ -0.9259873195, 50.8552308262 ], [ -0.9271157504, 50.8539283904 ], [ -0.926057137, 50.852062941699998 ], [ -0.933144102, 50.845902083200002 ], [ -0.9366590489, 50.850115491799997 ], [ -0.9324345261, 50.857843915499998 ], [ -0.9338178949, 50.861354745900002 ], [ -0.9314681527, 50.861585058899998 ], [ -0.9309946933, 50.863649060299998 ], [ -0.9344973308, 50.867080345799998 ], [ -0.9435021573, 50.869806054599998 ], [ -0.9494912278, 50.874599267599997 ], [ -0.9541650868, 50.8696142963 ], [ -0.9648877198, 50.865438309799998 ], [ -0.9691986246, 50.858111395599998 ], [ -0.9731638567, 50.857408936900001 ], [ -0.9777000896, 50.853977549600003 ], [ -0.978003303, 50.851803958300003 ], [ -0.984787746, 50.846274004599998 ], [ -0.9857201399, 50.840325841400002 ], [ -0.9872788126, 50.840705321 ], [ -0.9880133421, 50.844549750100001 ], [ -0.9860279417, 50.854508808 ], [ -0.9991334816, 50.8510438709 ], [ -0.9956900952, 50.854786106100001 ], [ -0.9958191459, 50.859674349899997 ], [ -1.0080822986, 50.857602953200001 ], [ -1.0116378828, 50.861464011800003 ], [ -1.0158122931, 50.861607191799997 ], [ -1.0164588375, 50.8632942789 ], [ -1.0208556529, 50.860291693599997 ], [ -1.0248267869, 50.859956239399999 ], [ -1.0274754773, 50.8569387963 ], [ -1.0337851413, 50.856865292800002 ], [ -1.0356801881, 50.854533863 ], [ -1.0403851632, 50.853718326500001 ], [ -1.0817833337, 50.855148402600001 ], [ -1.1034469401, 50.8574750318 ], [ -1.1084390303, 50.859437695899999 ], [ -1.1224702206, 50.859031417700002 ], [ -1.1240293442, 50.855437073099999 ], [ -1.135592913, 50.8554872968 ], [ -1.1598644498, 50.8599000281 ], [ -1.1707955924, 50.857217436100001 ], [ -1.174115357, 50.854408283600002 ], [ -1.1827532495, 50.8558809166 ], [ -1.1849591534, 50.858108527600002 ], [ -1.184022828, 50.859657713899999 ], [ -1.1859856533, 50.863619182500003 ], [ -1.1951434586, 50.864042377700002 ], [ -1.2061533097, 50.867543937100002 ], [ -1.2114594348, 50.867211203499998 ], [ -1.2097005757, 50.863656219900001 ], [ -1.2128261249, 50.864531633399999 ], [ -1.2124767822, 50.860806332300001 ], [ -1.2098628429, 50.857416435799998 ], [ -1.2178230522, 50.858027580600002 ], [ -1.2197294434, 50.853615963800003 ], [ -1.2053314719, 50.8515134883 ], [ -1.2017237357, 50.848152603199999 ], [ -1.2005406968, 50.844232704 ], [ -1.1970694074, 50.842904944300003 ], [ -1.1958070649, 50.840324353900002 ], [ -1.1986484703, 50.841099277700003 ], [ -1.1993648299, 50.8382445266 ], [ -1.1936475747, 50.8358382893 ], [ -1.1929759017, 50.834018939700002 ], [ -1.1824921253, 50.835052085900003 ], [ -1.1818134976, 50.831630112900001 ], [ -1.1761052783, 50.831625932 ], [ -1.1658578828, 50.818603664 ], [ -1.1646132929, 50.811976124099999 ], [ -1.1603045782, 50.811630457500002 ], [ -1.1618012492, 50.809689795499999 ], [ -1.1616185937, 50.803240696300001 ], [ -1.1594832682, 50.802029301499999 ], [ -1.1633737722, 50.793954797700003 ], [ -1.1580070697, 50.789410827700003 ], [ -1.1595135924, 50.787677093799999 ], [ -1.1588969087, 50.785676257299997 ], [ -1.1710956403, 50.785647770499999 ], [ -1.1849920607, 50.788005016 ], [ -1.1932136118, 50.791800111800001 ], [ -1.1885593806, 50.796335868100002 ], [ -1.1903745406, 50.800503116400002 ], [ -1.1969704226, 50.8023112638 ], [ -1.1971034282, 50.805315747500003 ], [ -1.2068288185, 50.805076498699997 ], [ -1.2088703453, 50.808561541300001 ], [ -1.211784031, 50.809156789100001 ], [ -1.2113947775, 50.810359181700001 ], [ -1.2134931822, 50.811335560700002 ], [ -1.2119576788, 50.813177698700002 ], [ -1.2158731849, 50.816693235499997 ], [ -1.214117292, 50.818974561200001 ], [ -1.2170320541, 50.826341170600003 ], [ -1.220225044, 50.827288790499999 ], [ -1.2226079593, 50.824013366899997 ], [ -1.2221273791, 50.822175658900001 ], [ -1.2285844782, 50.8214631285 ], [ -1.2348492338, 50.816765352200001 ], [ -1.2391449713, 50.818125625299999 ], [ -1.2458882873, 50.817191174500003 ], [ -1.2573850991, 50.824419661299999 ], [ -1.2543319669, 50.825353418900001 ], [ -1.2560586885, 50.826587438499999 ], [ -1.2531576828, 50.8277649367 ], [ -1.2567066414, 50.831384651 ], [ -1.2541175617, 50.831682878700001 ], [ -1.2531778908, 50.833619283 ], [ -1.2544470342, 50.8395265698 ], [ -1.2454857959, 50.850080302400002 ], [ -1.2457829086, 50.853679271700003 ], [ -1.2486323698, 50.854938626399999 ], [ -1.2488764466, 50.859202696200001 ], [ -1.2463710388, 50.862145119600001 ], [ -1.2493382, 50.865842209100002 ], [ -1.2464234288, 50.868593153900001 ], [ -1.2488927885, 50.869688614600001 ], [ -1.246296136, 50.871200185100001 ], [ -1.2419345523, 50.870236719700003 ], [ -1.2406569152, 50.871901040700003 ], [ -1.2418530553, 50.873509495 ], [ -1.2292215887, 50.8758907673 ], [ -1.2165570695, 50.883558096800002 ], [ -1.2150283602, 50.885706051200003 ], [ -1.2166345645, 50.890806638 ], [ -1.2108408399, 50.893753164499998 ], [ -1.207817125, 50.902689291199998 ], [ -1.2022059734, 50.903154678900002 ], [ -1.1875654255, 50.909258619699997 ], [ -1.1784206753, 50.919715941 ], [ -1.1772433373, 50.922747134799998 ], [ -1.1790890061, 50.925394937100002 ], [ -1.1780969148, 50.927600117099999 ], [ -1.1825580097, 50.9271728107 ], [ -1.1842014275, 50.9292076204 ], [ -1.1882087873, 50.929514307600002 ], [ -1.191749951, 50.932092741600002 ], [ -1.1980900287, 50.931650841699998 ], [ -1.2075618523, 50.934485176300001 ], [ -1.2184338877, 50.932813875599997 ], [ -1.2300216775, 50.928250695199999 ], [ -1.2417121668, 50.927733663799998 ], [ -1.2434669891, 50.924813483500003 ], [ -1.2575963844, 50.920281988200003 ], [ -1.2589945044, 50.919139824200002 ], [ -1.2571440152, 50.917419491799997 ], [ -1.2586897264, 50.915936553800002 ], [ -1.2618866954, 50.917071872500003 ], [ -1.266231136, 50.914905071 ], [ -1.2682514046, 50.9162080248 ], [ -1.2657156876, 50.920356496300002 ], [ -1.272303176, 50.922334902499998 ], [ -1.2738536536, 50.919610829299998 ], [ -1.2773544121, 50.919542614699999 ], [ -1.2765620073, 50.921102405799999 ], [ -1.278338101, 50.924008978099998 ], [ -1.2856072606, 50.926877305200001 ], [ -1.2802500186, 50.928274217800002 ], [ -1.2822079589, 50.930489433399998 ], [ -1.2880225265, 50.9289783089 ], [ -1.293722168, 50.932214232500002 ], [ -1.3003896923, 50.931696819599999 ], [ -1.3013117407, 50.929040563400001 ], [ -1.3068060314, 50.9270050246 ], [ -1.3143955041, 50.925655979600002 ], [ -1.3234513695, 50.927156567499999 ], [ -1.3340067586, 50.922478178299997 ], [ -1.3420434035, 50.924475096499997 ], [ -1.3467480449, 50.9217677866 ], [ -1.3557110405, 50.923831879300003 ], [ -1.356033531, 50.9272687813 ], [ -1.3506930548, 50.930674341600003 ], [ -1.3537268935, 50.935601046199999 ], [ -1.3573982496, 50.937689561600003 ], [ -1.374858461, 50.9346343331 ], [ -1.375828475, 50.935467902799999 ], [ -1.3740498432, 50.936408657199998 ], [ -1.3716230123, 50.935986745699999 ], [ -1.376589243, 50.9393402412 ], [ -1.3900293345, 50.938979546100001 ], [ -1.4024373329, 50.941399683599997 ], [ -1.4066918383, 50.943732410800003 ], [ -1.4094795953, 50.9382701543 ], [ -1.417733488, 50.9360454881 ], [ -1.4229959001, 50.931701273599998 ], [ -1.4313370874, 50.929170334699997 ], [ -1.4319848111, 50.927392982800001 ], [ -1.4386496208, 50.924547615199998 ], [ -1.4416903802, 50.917745912199997 ], [ -1.4415557729, 50.912349795499999 ], [ -1.4442111575, 50.911535153199999 ], [ -1.4453870275, 50.908339425299999 ], [ -1.4504656317, 50.909460507699997 ], [ -1.4509736221, 50.912313158800004 ], [ -1.4633804402, 50.916876374499999 ], [ -1.4641375318, 50.917842041299998 ], [ -1.4616701898, 50.919620194 ], [ -1.4653977307, 50.922083254599997 ], [ -1.4630532332, 50.923061670700001 ], [ -1.4639034156, 50.9283171565 ], [ -1.4568361562, 50.931593727399999 ], [ -1.4565724602, 50.934685894799998 ], [ -1.4505242621, 50.9358985613 ], [ -1.4438660725, 50.9416941458 ], [ -1.4501818953, 50.945626742 ], [ -1.4548246625, 50.9539484716 ], [ -1.4648100077, 50.948518271700003 ], [ -1.4646144687, 50.945711747300003 ], [ -1.4692575565, 50.942972261800001 ], [ -1.4729042787, 50.941451068 ], [ -1.4801978195, 50.942167164399997 ], [ -1.4841308481, 50.938075057799999 ], [ -1.4812827557, 50.934829132 ], [ -1.482340276, 50.934270292699999 ], [ -1.4936470828, 50.934402828400003 ], [ -1.5039881592, 50.930832236400001 ], [ -1.4963756321, 50.922886339800002 ], [ -1.4898284802, 50.920519901600002 ], [ -1.488158078, 50.9184623202 ], [ -1.4894923383, 50.917434027900001 ], [ -1.4850134174, 50.915948602299999 ], [ -1.4841365494, 50.914200199699998 ], [ -1.4859838174, 50.913084286699998 ], [ -1.4846462839, 50.909866015299997 ], [ -1.4908315582, 50.911688279700002 ], [ -1.4903558603, 50.915267753599998 ], [ -1.4907039142, 50.9157939372 ], [ -1.491139925, 50.911824564 ], [ -1.4895392355, 50.910376832300003 ], [ -1.4862060693, 50.9097152366 ], [ -1.4962493963, 50.910853915499999 ], [ -1.4990893735, 50.908644993 ], [ -1.4971269971, 50.907287694499999 ], [ -1.4980620517, 50.906302546299997 ], [ -1.50472835, 50.905332837300001 ], [ -1.5036578509, 50.904357108900001 ], [ -1.507323392, 50.899309872800004 ], [ -1.5058709124, 50.8968128255 ], [ -1.5097240713, 50.891424581 ], [ -1.4984366635, 50.8926086345 ], [ -1.4938900168, 50.889693445200002 ], [ -1.48600039, 50.889614023 ], [ -1.4840219315, 50.887240283799997 ], [ -1.4807773422, 50.887531649800003 ], [ -1.4780445776, 50.885271347299998 ], [ -1.4670820553, 50.881714768499997 ], [ -1.4573947714, 50.881094643799997 ], [ -1.4469211115, 50.874876651299999 ], [ -1.4348935566, 50.872822730599999 ], [ -1.4335311398, 50.870316208 ], [ -1.4347502576, 50.868217863700004 ], [ -1.4304132034, 50.865633918100002 ], [ -1.4150262032, 50.863642439899998 ], [ -1.4131740469, 50.861771689900003 ], [ -1.4154845476, 50.859939806299998 ], [ -1.4146829458, 50.8592793348 ], [ -1.4092269006, 50.8637930947 ], [ -1.4003538654, 50.862075252300002 ], [ -1.4008094395, 50.865332893100003 ], [ -1.3975774566, 50.868032012299999 ], [ -1.388549814, 50.865154789599998 ], [ -1.3884699623, 50.862481232100002 ], [ -1.391243637, 50.861164827300001 ], [ -1.3921991956, 50.857608752600001 ], [ -1.4008340803, 50.853426877899999 ], [ -1.4020490192, 50.849512347400001 ], [ -1.3972932408, 50.848183971899999 ], [ -1.3973342797, 50.840585455 ], [ -1.3868923157, 50.837581516500002 ], [ -1.388078967, 50.835888142199998 ], [ -1.3911462686, 50.8358951867 ], [ -1.3907136383, 50.834220307 ], [ -1.3861007996, 50.830796938399999 ], [ -1.3804586567, 50.8301016789 ], [ -1.3802318692, 50.823634787899998 ], [ -1.376712937, 50.822420033699998 ], [ -1.3756093477, 50.8189429838 ], [ -1.3730834054, 50.818875489299998 ], [ -1.3732312569, 50.814191123400001 ], [ -1.3687113338, 50.812539098499997 ], [ -1.3697134987, 50.810844905800003 ], [ -1.3625480295, 50.803251322800001 ], [ -1.3630746908, 50.801177740100002 ], [ -1.3537489536, 50.7921068303 ], [ -1.3525168661, 50.788862637699999 ], [ -1.3541353646, 50.784654038600003 ], [ -1.376022369, 50.785798283699997 ], [ -1.3788729621, 50.791209092599999 ], [ -1.3854618904, 50.792916609099997 ], [ -1.3847729512, 50.795682718499997 ], [ -1.3873420119, 50.798870639599997 ], [ -1.3862146888, 50.8004384304 ], [ -1.3983128875, 50.799799999500003 ], [ -1.3966131197, 50.801769606500002 ], [ -1.3973495291, 50.804093513700003 ], [ -1.3949803574, 50.805133395799999 ], [ -1.3946799785, 50.808611988800003 ], [ -1.4141051825, 50.814646241799998 ], [ -1.4229014893, 50.819600027200003 ], [ -1.4258884068, 50.819129154599999 ], [ -1.4250408191, 50.821103356400002 ], [ -1.4263481081, 50.823321968199998 ], [ -1.432595576, 50.826778673200003 ], [ -1.4342910428, 50.823936255900001 ], [ -1.4444089307, 50.823139543700002 ], [ -1.4511514202, 50.819142116 ], [ -1.452506808, 50.812944222 ], [ -1.4629998151, 50.812624260100002 ], [ -1.4591491465, 50.810520204399999 ], [ -1.4580728163, 50.807862391500002 ], [ -1.4486631309, 50.805462259899997 ], [ -1.4421170874, 50.805772876500001 ], [ -1.4391105907, 50.802035519699999 ], [ -1.4230684744, 50.794511421599999 ], [ -1.422804577, 50.788287202100001 ], [ -1.4134187142, 50.786216722100001 ], [ -1.4128334098, 50.783606234300002 ], [ -1.4218776578, 50.780620865800003 ], [ -1.4245526229, 50.782252766500001 ], [ -1.4352209958, 50.7821250298 ], [ -1.4458017721, 50.787004810399999 ], [ -1.450407223, 50.791064286900003 ], [ -1.4526493196, 50.7910208674 ], [ -1.4555702507, 50.793606424099998 ], [ -1.4568431474, 50.7939540749 ], [ -1.457965765, 50.793806412599999 ], [ -1.4554752362, 50.792014283699999 ], [ -1.4593567515, 50.790062939800002 ], [ -1.4604239934, 50.786084136900001 ], [ -1.454667557, 50.7760665391 ], [ -1.458416373, 50.775670334099999 ], [ -1.4578104523, 50.774102796699999 ], [ -1.4607462393, 50.770393434399999 ], [ -1.459912603, 50.768896795400003 ], [ -1.4620564796, 50.767431899199998 ], [ -1.4611534718, 50.7645680611 ], [ -1.4639834257, 50.763978578699998 ], [ -1.4672117571, 50.766758330199998 ], [ -1.4861691693, 50.766839134100003 ], [ -1.4887641466, 50.768136482800003 ], [ -1.4856320824, 50.771854675900002 ], [ -1.4957676501, 50.778841238 ], [ -1.5033927266, 50.782057328699999 ], [ -1.5038552914, 50.783920772599998 ], [ -1.501542599, 50.785304777500002 ], [ -1.5061186504, 50.784514893500003 ], [ -1.5107229595, 50.786440724499997 ], [ -1.5133621728, 50.791847335299998 ], [ -1.5209363952, 50.7948102621 ], [ -1.518989053, 50.796537828699996 ], [ -1.518568541, 50.801562965099997 ], [ -1.5201176392, 50.802720397400002 ], [ -1.5184558025, 50.807012018899997 ], [ -1.5255527463, 50.804118482699998 ], [ -1.5339447464, 50.805042557 ], [ -1.5337551687, 50.801273899 ], [ -1.5305690824, 50.799183837699999 ], [ -1.5272876291, 50.789692377199998 ], [ -1.5327541133, 50.786387116500002 ], [ -1.5319591028, 50.785026044200002 ], [ -1.5351993973, 50.784418501300003 ], [ -1.5346528824, 50.779452389699998 ], [ -1.5305862167, 50.777628584 ], [ -1.5321848004, 50.776618834 ], [ -1.5320854544, 50.7739799784 ], [ -1.5347483046, 50.772690302400001 ], [ -1.5319021778, 50.767984757100002 ], [ -1.5350994505, 50.7658752703 ], [ -1.5345176628, 50.7644880816 ], [ -1.5431076512, 50.758928591199997 ], [ -1.549060086, 50.759149582600003 ], [ -1.5548558497, 50.7639379441 ], [ -1.5554579894, 50.7662333663 ], [ -1.5614946883, 50.769682403499999 ], [ -1.5724674404, 50.770028864099999 ], [ -1.5750338603, 50.771629934499998 ], [ -1.5754633262, 50.774320296200003 ], [ -1.5824049985, 50.775172660899997 ], [ -1.5839712154, 50.777678205400001 ], [ -1.5907435348, 50.780139142400003 ], [ -1.5900569799, 50.775919197500002 ], [ -1.5831657842, 50.772549531 ], [ -1.5814627873, 50.769503924399999 ], [ -1.5788288125, 50.769098772900001 ], [ -1.5740164676, 50.761851217199997 ], [ -1.5713902937, 50.760645578599998 ], [ -1.5723088795, 50.759416954300001 ], [ -1.5669543964, 50.755836113699999 ], [ -1.5669773659, 50.753345229799997 ], [ -1.5621103367, 50.746249831699998 ], [ -1.5596565103, 50.744927665900001 ], [ -1.5596617246, 50.742859367599998 ], [ -1.5614907727, 50.742776328600002 ], [ -1.5612668099, 50.740958963499999 ], [ -1.5632740318, 50.739995282599999 ], [ -1.5634795939, 50.736174156499999 ], [ -1.5616898879, 50.733586542399998 ], [ -1.5556018276, 50.733059922199999 ], [ -1.5549424853, 50.730863188800001 ], [ -1.5610082675, 50.727675771500003 ], [ -1.5608805111, 50.723151955200002 ], [ -1.5664043429, 50.723280527100002 ], [ -1.5660019832, 50.726966043899999 ], [ -1.5738873316, 50.729207314500002 ], [ -1.578419285, 50.732587047899997 ], [ -1.5877778304, 50.730219428300003 ], [ -1.5829634253, 50.7250854766 ], [ -1.5789901154, 50.724225892299998 ], [ -1.5818307095, 50.723417770799998 ], [ -1.5798414897, 50.719318938299999 ], [ -1.5813480596, 50.718312807 ], [ -1.6168551365, 50.726391040899998 ], [ -1.6177607756, 50.728262177799998 ] ] ], [ [ [ -0.8231559286, 50.744576614499998 ], [ -0.8225571238, 50.744531190399996 ], [ -0.8231983091, 50.7441518706 ], [ -0.8231559286, 50.744576614499998 ] ] ], [ [ [ -0.8200266807, 50.745309034500004 ], [ -0.820688175, 50.744465489900001 ], [ -0.8205843795, 50.7447928291 ], [ -0.8200266807, 50.745309034500004 ] ] ], [ [ [ -0.8224920727, 50.744758146800002 ], [ -0.8223613592, 50.745431878200002 ], [ -0.8223873493, 50.744959639 ], [ -0.8224920727, 50.744758146800002 ] ] ], [ [ [ -0.8200995096, 50.7465091149 ], [ -0.8201556069, 50.746540312599997 ], [ -0.8199232982, 50.747043018600003 ], [ -0.8203286924, 50.748491989900003 ], [ -0.8198431949, 50.747095599600001 ], [ -0.8200995096, 50.7465091149 ] ] ], [ [ [ -0.8209339875, 50.749249970599998 ], [ -0.8211014693, 50.746806816199999 ], [ -0.8225970348, 50.749868986899997 ], [ -0.8209339875, 50.749249970599998 ] ] ], [ [ [ -0.8308824412, 50.749800817400001 ], [ -0.8292871643, 50.749878990600003 ], [ -0.8316870738, 50.749943109500002 ], [ -0.8308824412, 50.749800817400001 ] ] ], [ [ [ -0.8321702769, 50.750088023499998 ], [ -0.8335428187, 50.7501838552 ], [ -0.8332851952, 50.750221513100001 ], [ -0.8321702769, 50.750088023499998 ] ] ], [ [ [ -0.8246565838, 50.751812300499999 ], [ -0.8208087507, 50.749362825699997 ], [ -0.8205748318, 50.7489363145 ], [ -0.8209433959, 50.749414358899998 ], [ -0.8217251861, 50.749933844200001 ], [ -0.8247145435, 50.751236712199997 ], [ -0.8246565838, 50.751812300499999 ] ] ], [ [ [ -0.8228689935, 50.750430664900001 ], [ -0.8235707352, 50.750005307599999 ], [ -0.8241679442, 50.750943508100001 ], [ -0.8228689935, 50.750430664900001 ] ] ], [ [ [ -0.8245730187, 50.751047979900001 ], [ -0.8275966907, 50.750350663 ], [ -0.8265383166, 50.751085916800001 ], [ -0.8245730187, 50.751047979900001 ] ] ], [ [ [ -0.8279953538, 50.7514433168 ], [ -0.8316745962, 50.750630139199998 ], [ -0.8323460209, 50.751802885300002 ], [ -0.8279953538, 50.7514433168 ] ] ], [ [ [ -0.8270862214, 50.751051804799999 ], [ -0.8249438095, 50.7516573674 ], [ -0.8267810835, 50.751094636099999 ], [ -0.8270862214, 50.751051804799999 ] ] ], [ [ [ -0.825033499, 50.752489340700002 ], [ -0.8250753002, 50.752531583699998 ], [ -0.8249789356, 50.752469906599998 ], [ -0.825033499, 50.752489340700002 ] ] ], [ [ [ -0.8250753002, 50.752531583699998 ], [ -0.8252784458, 50.752661604700002 ], [ -0.825246222, 50.752704313400002 ], [ -0.8250753002, 50.752531583699998 ] ] ], [ [ [ -0.8252533662, 50.752711533 ], [ -0.8251644387, 50.752812709600001 ], [ -0.825246222, 50.752704313400002 ], [ -0.8252533662, 50.752711533 ] ] ], [ [ [ -0.823544122, 50.753631699300001 ], [ -0.8248061861, 50.753220303500001 ], [ -0.8251644387, 50.752812709600001 ], [ -0.8248503106, 50.753229048599998 ], [ -0.823544122, 50.753631699300001 ] ] ], [ [ [ 0.0232192062, 50.8392620232 ], [ 0.0142422152, 50.826718369699996 ], [ 0.0064566011, 50.823309053 ], [ -0.000419271128868, 50.817239506600004 ], [ -0.0170825149, 50.815653281099998 ], [ -0.01951585, 50.819543879699999 ], [ -0.0183315241, 50.8233730253 ], [ -0.0279268971, 50.829507363700003 ], [ -0.0329506678, 50.834988316 ], [ -0.0336276228, 50.838480234199999 ], [ -0.0316721151, 50.841747894 ], [ -0.0273327326, 50.844273743400002 ], [ -0.0292468682, 50.84873991 ], [ -0.0135258354, 50.854966664400003 ], [ -0.0054677894, 50.862006061300001 ], [ 0.0011348639, 50.862216785199998 ], [ 0.000529744738012, 50.863351355900001 ], [ 0.0027156434, 50.864617926500003 ], [ 0.0159863416, 50.865216820299999 ], [ 0.0123701781, 50.861106221100002 ], [ 0.0184881635, 50.859966288800003 ], [ 0.0213806377, 50.857191160399999 ], [ 0.0248868041, 50.848910218299999 ], [ 0.0323492591, 50.8454078643 ], [ 0.0307556505, 50.840767924300003 ], [ 0.0232192062, 50.8392620232 ] ] ], [ [ [ 1.309936019, 51.318395829400004 ], [ 1.2929357635, 51.321735904 ], [ 1.2811517752, 51.3217611034 ], [ 1.2819529012, 51.326946719600002 ], [ 1.280452521, 51.330865615900002 ], [ 1.2900589884, 51.334283861 ], [ 1.2921211573, 51.336609533400001 ], [ 1.291143188, 51.339794274200003 ], [ 1.2944297153, 51.346169173699998 ], [ 1.3281551522, 51.344396418899997 ], [ 1.3636327244, 51.340107879199998 ], [ 1.3672196409, 51.342802205399998 ], [ 1.3742300845, 51.344192418200002 ], [ 1.3747296212, 51.346102971199997 ], [ 1.3799357908, 51.3454130167 ], [ 1.3848040889, 51.346765504799997 ], [ 1.3841689323, 51.343995378499997 ], [ 1.392475272, 51.339590104499997 ], [ 1.3693544244, 51.333142964099999 ], [ 1.3700438674, 51.3319717336 ], [ 1.3668084297, 51.3254444556 ], [ 1.3622741177, 51.320222727100003 ], [ 1.3603609298, 51.320520568200003 ], [ 1.3570333904, 51.317809610099999 ], [ 1.3545969342, 51.312356489300001 ], [ 1.3520486329, 51.310477586799998 ], [ 1.3531539372, 51.3087098556 ], [ 1.349890361, 51.306464616299998 ], [ 1.3479109246, 51.3068720865 ], [ 1.3464440094, 51.310377170899997 ], [ 1.3222294575, 51.318479184300003 ], [ 1.3137712768, 51.3205268456 ], [ 1.309936019, 51.318395829400004 ] ] ], [ [ [ 1.234130549, 51.328790881300002 ], [ 1.2300543635, 51.327176449600003 ], [ 1.2300297686, 51.325375987199997 ], [ 1.2281274917, 51.326826910699999 ], [ 1.2324473535, 51.328928379 ], [ 1.2309506845, 51.331624326499998 ], [ 1.2335912272, 51.332206382199999 ], [ 1.234130549, 51.328790881300002 ] ] ] ] } }
]
}
