{"type":"FeatureCollection", "features": [
{"type":"Feature","geometry":{"type":"Polygon","coordinates":[[[-1.5901,50.7636],[-1.5894,50.762],[-1.5894,50.76],[-1.5885,50.7588],[-1.5884,50.7575],[-1.5877,50.7563],[-1.5848,50.7542],[-1.5841,50.7531],[-1.5832,50.7529],[-1.5822,50.752],[-1.5806,50.7525],[-1.5787,50.7518],[-1.5772,50.7506],[-1.5771,50.7501],[-1.5737,50.75],[-1.5727,50.7488],[-1.5723,50.7476],[-1.571,50.745],[-1.5684,50.7458],[-1.5655,50.7461],[-1.5657,50.7472],[-1.567,50.7487],[-1.5664,50.7499],[-1.5687,50.7524],[-1.5697,50.7542],[-1.5688,50.7547],[-1.5628,50.7542],[-1.5639,50.7554],[-1.568,50.757],[-1.5692,50.7576],[-1.57,50.7574],[-1.5727,50.7579],[-1.5738,50.7587],[-1.5727,50.7595],[-1.5732,50.7607],[-1.5756,50.7618],[-1.5761,50.7633],[-1.5774,50.7649],[-1.5778,50.7657],[-1.5825,50.764],[-1.5854,50.7663],[-1.5859,50.7669],[-1.5809,50.7683],[-1.5791,50.769],[-1.5741,50.7693],[-1.5653,50.7705],[-1.5608,50.7712],[-1.5577,50.7713],[-1.5569,50.7694],[-1.5559,50.7683],[-1.5553,50.7683],[-1.553,50.7676],[-1.5529,50.7684],[-1.552,50.7695],[-1.5518,50.7709],[-1.552,50.7725],[-1.549,50.773],[-1.5482,50.7725],[-1.5463,50.7721],[-1.5447,50.7713],[-1.5443,50.7702],[-1.5445,50.7678],[-1.5441,50.7668],[-1.5432,50.7657],[-1.5381,50.7626],[-1.5352,50.7641],[-1.5339,50.7633],[-1.5334,50.7625],[-1.5332,50.7613],[-1.5319,50.7599],[-1.5305,50.7592],[-1.5283,50.7586],[-1.5288,50.7572],[-1.5282,50.7561],[-1.5262,50.7542],[-1.5247,50.7531],[-1.5236,50.7527],[-1.5244,50.7514],[-1.5264,50.7496],[-1.528,50.7484],[-1.5289,50.7496],[-1.5304,50.7494],[-1.5318,50.7507],[-1.5348,50.7518],[-1.5372,50.7505],[-1.5393,50.7502],[-1.5419,50.7456],[-1.5435,50.7458],[-1.5464,50.7451],[-1.5469,50.7456],[-1.5494,50.7456],[-1.5501,50.7451],[-1.5525,50.7445],[-1.5536,50.7438],[-1.5521,50.7429],[-1.5517,50.7422],[-1.5514,50.7406],[-1.5509,50.74],[-1.5506,50.738],[-1.5499,50.737],[-1.5472,50.7359],[-1.5462,50.7352],[-1.5475,50.734],[-1.5488,50.7336],[-1.5502,50.7328],[-1.5516,50.7315],[-1.5518,50.7303],[-1.5526,50.7298],[-1.5564,50.7286],[-1.5589,50.7278],[-1.5621,50.7277],[-1.5619,50.7286],[-1.5625,50.7299],[-1.564,50.7314],[-1.5649,50.732],[-1.5663,50.7315],[-1.565,50.7304],[-1.5654,50.7296],[-1.5659,50.7279],[-1.5683,50.7271],[-1.5688,50.7266],[-1.571,50.7258],[-1.5709,50.7251],[-1.5728,50.7251],[-1.5725,50.7243],[-1.5748,50.7244],[-1.5748,50.7238],[-1.5736,50.7237],[-1.5729,50.7217],[-1.5716,50.7208],[-1.5733,50.7202],[-1.5724,50.7189],[-1.5727,50.7177],[-1.575,50.7168],[-1.5768,50.7165],[-1.578,50.7158],[-1.5758,50.7142],[-1.5726,50.7121],[-1.5682,50.7098],[-1.5658,50.7088],[-1.5617,50.7075],[-1.5571,50.7063],[-1.5542,50.7059],[-1.5497,50.7059],[-1.5478,50.7074],[-1.5477,50.7078],[-1.5499,50.7087],[-1.5506,50.7095],[-1.5516,50.7101],[-1.5525,50.7115],[-1.5529,50.7127],[-1.5544,50.7143],[-1.5565,50.7142],[-1.5552,50.7153],[-1.554,50.7169],[-1.5523,50.7179],[-1.5503,50.7186],[-1.5483,50.7198],[-1.5475,50.7208],[-1.5449,50.7228],[-1.5448,50.724],[-1.5455,50.7242],[-1.545,50.7253],[-1.5438,50.726],[-1.5386,50.7272],[-1.5374,50.7272],[-1.5369,50.7279],[-1.5335,50.7304],[-1.5326,50.7314],[-1.5303,50.7327],[-1.5293,50.7338],[-1.5241,50.736],[-1.5228,50.7362],[-1.5214,50.7377],[-1.5194,50.7391],[-1.5183,50.7395],[-1.517,50.7404],[-1.5164,50.7412],[-1.5163,50.7421],[-1.5094,50.7445],[-1.5079,50.7442],[-1.5065,50.745],[-1.503,50.7452],[-1.5026,50.745],[-1.5006,50.7455],[-1.4986,50.7465],[-1.4972,50.7476],[-1.4968,50.7487],[-1.4936,50.7492],[-1.4928,50.7487],[-1.4908,50.7493],[-1.4865,50.7512],[-1.4841,50.753],[-1.4829,50.7536],[-1.4787,50.7536],[-1.4762,50.7547],[-1.4722,50.7571],[-1.4703,50.758],[-1.4677,50.758],[-1.4658,50.7589],[-1.46,50.7591],[-1.4573,50.7598],[-1.456,50.7608],[-1.4539,50.761],[-1.451,50.762],[-1.4521,50.7601],[-1.4508,50.7599],[-1.4508,50.7611],[-1.4501,50.7621],[-1.4483,50.7621],[-1.4479,50.7615],[-1.4465,50.7621],[-1.4445,50.762],[-1.4425,50.7625],[-1.441,50.7637],[-1.4356,50.7646],[-1.4306,50.7654],[-1.4275,50.7655],[-1.4271,50.7649],[-1.4242,50.7659],[-1.4216,50.7662],[-1.4189,50.7664],[-1.4153,50.7672],[-1.4092,50.7693],[-1.4051,50.7707],[-1.4021,50.7722],[-1.3968,50.7736],[-1.3945,50.7745],[-1.3928,50.7757],[-1.3918,50.7759],[-1.3917,50.7775],[-1.3905,50.7777],[-1.3873,50.7771],[-1.3853,50.7776],[-1.3844,50.7783],[-1.3821,50.7784],[-1.3801,50.7794],[-1.3769,50.7806],[-1.3756,50.7816],[-1.3736,50.7822],[-1.3761,50.7839],[-1.3752,50.7849],[-1.3743,50.7851],[-1.3661,50.785],[-1.3608,50.7844],[-1.3605,50.7839],[-1.3593,50.7834],[-1.3574,50.7834],[-1.357,50.7828],[-1.3545,50.7828],[-1.3519,50.7834],[-1.3512,50.7841],[-1.3499,50.7848],[-1.3479,50.7848],[-1.3469,50.7845],[-1.3456,50.785],[-1.3444,50.7851],[-1.3419,50.7859],[-1.3399,50.7881],[-1.3382,50.7912],[-1.3361,50.794],[-1.3346,50.7953],[-1.3324,50.7961],[-1.3319,50.7966],[-1.3322,50.7974],[-1.3303,50.7998],[-1.3285,50.8006],[-1.3256,50.8033],[-1.3243,50.8041],[-1.3214,50.8052],[-1.3174,50.8071],[-1.3159,50.8072],[-1.3127,50.8079],[-1.3085,50.8084],[-1.3067,50.8091],[-1.3036,50.8097],[-1.3036,50.8113],[-1.302,50.812],[-1.3023,50.814],[-1.3019,50.815],[-1.3026,50.8156],[-1.3017,50.816],[-1.3029,50.817],[-1.3039,50.8167],[-1.3049,50.8171],[-1.3053,50.8178],[-1.3066,50.8189],[-1.3064,50.8197],[-1.3076,50.8205],[-1.309,50.8205],[-1.3117,50.8216],[-1.3131,50.8226],[-1.3152,50.8233],[-1.3171,50.8232],[-1.318,50.8247],[-1.32,50.8272],[-1.3222,50.8289],[-1.3257,50.8321],[-1.3269,50.8326],[-1.3289,50.8324],[-1.3295,50.8313],[-1.328,50.8299],[-1.3281,50.8293],[-1.3292,50.8284],[-1.334,50.8275],[-1.3354,50.828],[-1.336,50.8289],[-1.3382,50.8273],[-1.3395,50.827],[-1.3406,50.8272],[-1.3432,50.8294],[-1.3457,50.8281],[-1.345,50.8274],[-1.3484,50.8252],[-1.3535,50.8254],[-1.3597,50.8252],[-1.36,50.8241],[-1.3614,50.8236],[-1.362,50.8224],[-1.3651,50.8196],[-1.367,50.8183],[-1.3659,50.8171],[-1.3639,50.8158],[-1.363,50.8144],[-1.3645,50.8138],[-1.3632,50.8106],[-1.3647,50.8105],[-1.3649,50.8089],[-1.3668,50.8087],[-1.3655,50.807],[-1.3665,50.8063],[-1.3675,50.8065],[-1.3679,50.8077],[-1.3702,50.8072],[-1.3723,50.8064],[-1.3754,50.8062],[-1.3772,50.8057],[-1.3775,50.8066],[-1.3774,50.8079],[-1.3765,50.8085],[-1.376,50.81],[-1.3763,50.8105],[-1.3762,50.8118],[-1.3744,50.8133],[-1.3741,50.8147],[-1.3742,50.8161],[-1.3762,50.8157],[-1.377,50.8159],[-1.3791,50.8156],[-1.3826,50.8185],[-1.3849,50.8212],[-1.3867,50.8212],[-1.3864,50.8225],[-1.3853,50.8243],[-1.3855,50.8246],[-1.3902,50.8253],[-1.3945,50.8262],[-1.3933,50.8274],[-1.392,50.8295],[-1.3908,50.8303],[-1.392,50.8308],[-1.3924,50.832],[-1.394,50.8328],[-1.3946,50.835],[-1.3938,50.8367],[-1.3952,50.8363],[-1.3958,50.8371],[-1.3967,50.8392],[-1.3951,50.8399],[-1.3972,50.8426],[-1.3961,50.8436],[-1.3971,50.8441],[-1.4075,50.8472],[-1.4156,50.85],[-1.4191,50.8508],[-1.4197,50.8514],[-1.4229,50.8533],[-1.4303,50.8595],[-1.4341,50.8627],[-1.4354,50.8632],[-1.4326,50.8648],[-1.4303,50.8665],[-1.4266,50.8683],[-1.4254,50.8673],[-1.4219,50.8682],[-1.4187,50.8692],[-1.418,50.8697],[-1.4167,50.8696],[-1.4119,50.8699],[-1.411,50.8701],[-1.4066,50.8725],[-1.4054,50.8737],[-1.4068,50.8741],[-1.4157,50.875],[-1.4172,50.875],[-1.4188,50.8757],[-1.4199,50.8748],[-1.4236,50.8762],[-1.4242,50.8787],[-1.4285,50.8817],[-1.4287,50.882],[-1.4308,50.8825],[-1.4308,50.8838],[-1.4315,50.8848],[-1.4297,50.8861],[-1.4302,50.8871],[-1.4321,50.8864],[-1.4368,50.8861],[-1.4378,50.8872],[-1.4396,50.8866],[-1.44,50.8871],[-1.4422,50.8868],[-1.4421,50.8859],[-1.4439,50.8857],[-1.4435,50.8851],[-1.4456,50.8849],[-1.4469,50.8834],[-1.4483,50.8838],[-1.4554,50.8849],[-1.4575,50.8854],[-1.4606,50.8864],[-1.4626,50.8873],[-1.4648,50.8886],[-1.4719,50.8939],[-1.4751,50.8959],[-1.4782,50.8973],[-1.4826,50.899],[-1.4841,50.8994],[-1.4932,50.9012],[-1.4976,50.9021],[-1.5012,50.9033],[-1.5021,50.9023],[-1.5034,50.9033],[-1.5036,50.9044],[-1.5049,50.9054],[-1.5081,50.9072],[-1.5094,50.9084],[-1.5118,50.9115],[-1.5142,50.9126],[-1.519,50.913],[-1.5213,50.9137],[-1.5227,50.9147],[-1.5237,50.9165],[-1.5253,50.9186],[-1.526,50.9208],[-1.5261,50.9231],[-1.5258,50.9247],[-1.5257,50.9265],[-1.5254,50.9276],[-1.5238,50.9302],[-1.5234,50.9323],[-1.5236,50.9339],[-1.5246,50.9356],[-1.5271,50.9379],[-1.5287,50.9401],[-1.5309,50.9402],[-1.5337,50.9408],[-1.5356,50.9416],[-1.5375,50.9434],[-1.5386,50.9457],[-1.5385,50.9475],[-1.5366,50.9494],[-1.5364,50.95],[-1.5368,50.9513],[-1.5355,50.9534],[-1.5357,50.954],[-1.5392,50.955],[-1.5441,50.9559],[-1.5599,50.9609],[-1.5807,50.9674],[-1.5844,50.9686],[-1.5855,50.9686],[-1.5869,50.9693],[-1.5918,50.9709],[-1.5953,50.9714],[-1.6052,50.9727],[-1.6142,50.9739],[-1.624,50.976],[-1.6278,50.9771],[-1.6312,50.9786],[-1.6352,50.9801],[-1.6376,50.9815],[-1.64,50.984],[-1.6412,50.9867],[-1.6414,50.9885],[-1.6377,50.9896],[-1.6371,50.9907],[-1.6335,50.9903],[-1.6311,50.9904],[-1.6296,50.9895],[-1.6283,50.9896],[-1.6263,50.9905],[-1.625,50.9906],[-1.6249,50.9914],[-1.6254,50.9941],[-1.6273,50.9963],[-1.6273,50.9973],[-1.6281,50.9983],[-1.628,50.9994],[-1.6287,51.0002],[-1.6283,51.001],[-1.6287,51.0033],[-1.6286,51.0039],[-1.6301,51.004],[-1.6307,51.0034],[-1.633,51.0034],[-1.6334,51.0038],[-1.6348,51.0035],[-1.6386,51.0021],[-1.6383,51.0017],[-1.6394,51.0011],[-1.6396,51.0002],[-1.6417,51.0003],[-1.6416,51.0011],[-1.6432,51.0013],[-1.6464,51.0029],[-1.6483,51.0049],[-1.6502,51.0043],[-1.6505,51.0055],[-1.6522,51.0051],[-1.6539,51.0051],[-1.6547,51.0034],[-1.6563,51.0027],[-1.6569,51.0018],[-1.6602,51.0001],[-1.658,50.9983],[-1.6607,50.9978],[-1.6628,50.9981],[-1.6637,50.9986],[-1.6649,50.9985],[-1.6664,50.9988],[-1.6697,50.999],[-1.6737,50.9986],[-1.6764,50.998],[-1.6789,50.9966],[-1.6815,50.9954],[-1.6836,50.995],[-1.6851,50.9951],[-1.6864,50.9948],[-1.6874,50.9958],[-1.69,50.9946],[-1.6911,50.9932],[-1.6923,50.9925],[-1.6926,50.9914],[-1.6934,50.9903],[-1.6966,50.9891],[-1.6994,50.9889],[-1.7015,50.9894],[-1.7051,50.9896],[-1.7113,50.9903],[-1.7113,50.9907],[-1.7154,50.9908],[-1.7147,50.9897],[-1.717,50.9893],[-1.7165,50.988],[-1.7183,50.983],[-1.7184,50.9812],[-1.7175,50.9811],[-1.7172,50.9761],[-1.7191,50.9758],[-1.7196,50.9771],[-1.7231,50.9771],[-1.7259,50.9774],[-1.7308,50.9772],[-1.7336,50.9764],[-1.7365,50.9765],[-1.7374,50.9746],[-1.7365,50.9732],[-1.7399,50.9733],[-1.7421,50.9731],[-1.7436,50.9732],[-1.7465,50.974],[-1.7462,50.9752],[-1.749,50.9755],[-1.7499,50.9779],[-1.7542,50.9779],[-1.7534,50.9755],[-1.7549,50.9734],[-1.7572,50.9708],[-1.7574,50.9694],[-1.7604,50.9697],[-1.7609,50.9692],[-1.766,50.9692],[-1.7685,50.9663],[-1.7723,50.9603],[-1.7733,50.958],[-1.7779,50.9506],[-1.7798,50.9485],[-1.7805,50.9486],[-1.7825,50.9454],[-1.7828,50.9439],[-1.7841,50.9413],[-1.7818,50.9391],[-1.7789,50.9378],[-1.774,50.9368],[-1.7723,50.935],[-1.7713,50.9345],[-1.7701,50.9345],[-1.7687,50.9339],[-1.7675,50.9327],[-1.7669,50.9308],[-1.7673,50.9294],[-1.7688,50.9289],[-1.7713,50.9286],[-1.7744,50.9278],[-1.7747,50.9247],[-1.7744,50.9217],[-1.7738,50.9201],[-1.7738,50.9183],[-1.7731,50.9171],[-1.7728,50.9155],[-1.7729,50.9137],[-1.7726,50.9117],[-1.7721,50.9104],[-1.7716,50.9104],[-1.7717,50.9078],[-1.773,50.9074],[-1.7732,50.9066],[-1.7745,50.9044],[-1.7734,50.904],[-1.7742,50.903],[-1.7751,50.9011],[-1.7733,50.9011],[-1.7734,50.8988],[-1.7724,50.8968],[-1.7722,50.8959],[-1.7714,50.8939],[-1.7727,50.8938],[-1.7727,50.8915],[-1.7716,50.8915],[-1.7721,50.8898],[-1.7727,50.8892],[-1.775,50.8891],[-1.7749,50.8877],[-1.7775,50.8876],[-1.7774,50.8862],[-1.7766,50.8862],[-1.7766,50.8852],[-1.7738,50.8852],[-1.7731,50.8802],[-1.7725,50.8794],[-1.7762,50.879],[-1.7753,50.8762],[-1.7751,50.8748],[-1.7746,50.8739],[-1.7729,50.8739],[-1.7724,50.8736],[-1.7734,50.8719],[-1.7754,50.8722],[-1.7754,50.8716],[-1.7743,50.8712],[-1.7737,50.87],[-1.7721,50.8686],[-1.7715,50.8648],[-1.7707,50.8618],[-1.7701,50.8614],[-1.7694,50.859],[-1.7675,50.8594],[-1.7668,50.8592],[-1.7669,50.8579],[-1.7661,50.858],[-1.7658,50.8569],[-1.766,50.8559],[-1.7654,50.8554],[-1.7656,50.8536],[-1.7653,50.8524],[-1.7656,50.8504],[-1.7645,50.8492],[-1.7651,50.849],[-1.7636,50.8465],[-1.7629,50.8458],[-1.7632,50.8451],[-1.7627,50.8443],[-1.7625,50.8423],[-1.763,50.8399],[-1.7647,50.8389],[-1.7671,50.8368],[-1.768,50.8357],[-1.7689,50.8308],[-1.7688,50.8291],[-1.7692,50.8256],[-1.7688,50.8247],[-1.7698,50.8241],[-1.7697,50.8222],[-1.769,50.8203],[-1.7703,50.8193],[-1.769,50.8173],[-1.7703,50.8164],[-1.7729,50.8161],[-1.7768,50.8165],[-1.7786,50.8162],[-1.7791,50.8151],[-1.7782,50.8149],[-1.7796,50.8121],[-1.7802,50.8103],[-1.7798,50.8094],[-1.7856,50.8098],[-1.7859,50.8113],[-1.7889,50.8108],[-1.7905,50.8129],[-1.7909,50.8147],[-1.793,50.8148],[-1.7951,50.8144],[-1.7991,50.8141],[-1.8008,50.8141],[-1.8017,50.8124],[-1.8035,50.81],[-1.8027,50.8099],[-1.8021,50.8064],[-1.8012,50.805],[-1.7994,50.8048],[-1.7982,50.8049],[-1.7957,50.8041],[-1.7919,50.8034],[-1.7889,50.8017],[-1.7882,50.8016],[-1.7878,50.8004],[-1.7839,50.8023],[-1.7828,50.804],[-1.781,50.8048],[-1.7797,50.8049],[-1.7795,50.804],[-1.7778,50.8041],[-1.7765,50.8037],[-1.7762,50.8018],[-1.7749,50.8019],[-1.7745,50.8001],[-1.7733,50.7982],[-1.7706,50.7982],[-1.7694,50.7968],[-1.7688,50.7977],[-1.7662,50.7985],[-1.7641,50.7983],[-1.7618,50.7977],[-1.7606,50.797],[-1.7582,50.7968],[-1.757,50.7961],[-1.7558,50.7949],[-1.7551,50.7934],[-1.7553,50.7917],[-1.755,50.7896],[-1.7527,50.7903],[-1.7513,50.7888],[-1.7524,50.7873],[-1.7516,50.7872],[-1.7513,50.7858],[-1.7488,50.7856],[-1.7488,50.7851],[-1.7463,50.785],[-1.7465,50.7828],[-1.747,50.7816],[-1.7413,50.7833],[-1.742,50.7846],[-1.7384,50.7844],[-1.7334,50.7856],[-1.7314,50.7865],[-1.7314,50.7869],[-1.7284,50.7868],[-1.7272,50.7864],[-1.7282,50.785],[-1.7308,50.7825],[-1.7294,50.7821],[-1.7283,50.7809],[-1.728,50.7791],[-1.7269,50.7778],[-1.7295,50.7771],[-1.7292,50.7763],[-1.7305,50.7764],[-1.7307,50.7771],[-1.7331,50.7799],[-1.734,50.7804],[-1.7355,50.7794],[-1.738,50.7786],[-1.7369,50.7772],[-1.7396,50.7763],[-1.7406,50.7756],[-1.7419,50.7752],[-1.7434,50.7762],[-1.7446,50.7756],[-1.7451,50.7747],[-1.7463,50.7736],[-1.7448,50.7732],[-1.7428,50.7696],[-1.7412,50.7671],[-1.7396,50.7652],[-1.739,50.7631],[-1.7395,50.7622],[-1.7335,50.7637],[-1.7326,50.7628],[-1.7323,50.7617],[-1.7329,50.7598],[-1.7327,50.759],[-1.7317,50.7577],[-1.7311,50.7579],[-1.7298,50.7568],[-1.7269,50.7553],[-1.7274,50.7545],[-1.7268,50.754],[-1.7262,50.7525],[-1.7263,50.7514],[-1.7239,50.7517],[-1.714,50.755],[-1.7105,50.7565],[-1.7106,50.7573],[-1.7136,50.7593],[-1.7155,50.7611],[-1.7172,50.7631],[-1.7154,50.7638],[-1.7144,50.7649],[-1.7136,50.7668],[-1.7143,50.7684],[-1.7145,50.7696],[-1.7134,50.7707],[-1.7103,50.7721],[-1.7098,50.7736],[-1.7081,50.7746],[-1.7065,50.7763],[-1.7054,50.7768],[-1.7023,50.7779],[-1.7013,50.778],[-1.7013,50.7766],[-1.7,50.7761],[-1.6958,50.7755],[-1.693,50.7748],[-1.6938,50.7744],[-1.6924,50.7715],[-1.6934,50.7707],[-1.6922,50.7702],[-1.6907,50.7701],[-1.6884,50.7689],[-1.686,50.7693],[-1.683,50.7686],[-1.6819,50.7672],[-1.6793,50.7663],[-1.6759,50.766],[-1.6747,50.766],[-1.673,50.7665],[-1.6713,50.7666],[-1.6685,50.7678],[-1.6656,50.7677],[-1.6633,50.7679],[-1.6588,50.768],[-1.6558,50.7683],[-1.6525,50.7688],[-1.6491,50.769],[-1.6434,50.7706],[-1.6399,50.7717],[-1.6389,50.7693],[-1.6379,50.7686],[-1.6376,50.7674],[-1.638,50.7656],[-1.6389,50.7653],[-1.6375,50.7639],[-1.6372,50.7626],[-1.6351,50.76],[-1.6333,50.7598],[-1.6318,50.7592],[-1.6304,50.7592],[-1.6286,50.7611],[-1.6257,50.7624],[-1.6229,50.7633],[-1.6224,50.7625],[-1.6203,50.7618],[-1.6168,50.7623],[-1.6129,50.7626],[-1.6105,50.7626],[-1.6072,50.7629],[-1.6003,50.7632],[-1.5981,50.7629],[-1.5933,50.7635],[-1.5913,50.7634],[-1.5901,50.7636]],[[-1.3383,50.8208],[-1.3391,50.8212],[-1.3354,50.822],[-1.3355,50.8225],[-1.3322,50.8233],[-1.3281,50.8232],[-1.3263,50.8217],[-1.3253,50.8196],[-1.3235,50.8185],[-1.3231,50.8179],[-1.3214,50.8174],[-1.3265,50.8149],[-1.3333,50.8195],[-1.3351,50.8204],[-1.3383,50.8208]]]},"properties":{"name":"New Forest","kind":"national_park"},"id":1},
{"type":"Feature","geometry":{"type":"Polygon","coordinates":[[[-4.0298,51.2071],[-4.031,51.2061],[-4.0314,51.2057],[-4.0257,51.2059],[-4.0215,51.2053],[-4.0195,51.2043],[-4.0158,51.204],[-4.0132,51.2045],[-4.0121,51.2047],[-4.0118,51.2048],[-4.0115,51.2048],[-4.0082,51.2041],[-4.0061,51.2033],[-4.0042,51.2031],[-4.0029,51.2032],[-4.0013,51.2031],[-3.999,51.2034],[-3.9977,51.2033],[-3.9956,51.2027],[-3.9929,51.2024],[-3.9922,51.2022],[-3.9833,51.1982],[-3.9804,51.1962],[-3.9782,51.1955],[-3.976,51.1931],[-3.9755,51.1916],[-3.9738,51.1886],[-3.9736,51.1877],[-3.9755,51.1853],[-3.9758,51.1845],[-3.9752,51.1839],[-3.9747,51.1837],[-3.9733,51.1819],[-3.9732,51.1784],[-3.9726,51.1767],[-3.9712,51.1762],[-3.9686,51.1744],[-3.9667,51.1726],[-3.9645,51.1712],[-3.9633,51.1701],[-3.9591,51.1695],[-3.9597,51.1676],[-3.9593,51.1668],[-3.9556,51.167],[-3.9528,51.1673],[-3.9473,51.1687],[-3.9443,51.1693],[-3.9427,51.1698],[-3.9398,51.1716],[-3.9373,51.172],[-3.9333,51.1696],[-3.9313,51.1687],[-3.9274,51.1679],[-3.9244,51.1671],[-3.9235,51.1666],[-3.9231,51.1651],[-3.9245,51.1638],[-3.9245,51.1617],[-3.9242,51.1609],[-3.9231,51.1601],[-3.9206,51.1592],[-3.919,51.1584],[-3.9133,51.1589],[-3.9085,51.1582],[-3.9034,51.1581],[-3.8982,51.1587],[-3.8952,51.1579],[-3.8955,51.1554],[-3.8939,51.1533],[-3.8918,51.1523],[-3.891,51.1507],[-3.8894,51.1491],[-3.888,51.1485],[-3.8867,51.1465],[-3.8889,51.1457],[-3.8891,51.1449],[-3.8865,51.1452],[-3.8842,51.1445],[-3.882,51.144],[-3.8796,51.1438],[-3.8775,51.1411],[-3.8773,51.1397],[-3.8746,51.1387],[-3.874,51.1382],[-3.8749,51.1367],[-3.8744,51.1359],[-3.8749,51.1344],[-3.8742,51.1324],[-3.8718,51.1311],[-3.871,51.1309],[-3.869,51.1259],[-3.867,51.1248],[-3.866,51.1236],[-3.864,51.1225],[-3.862,51.1206],[-3.8614,51.1175],[-3.8616,51.1154],[-3.8607,51.1116],[-3.8605,51.1057],[-3.8618,51.1037],[-3.8618,51.1031],[-3.8638,51.1013],[-3.8644,51.1],[-3.8646,51.0975],[-3.8632,51.0973],[-3.8596,51.0984],[-3.8576,51.0993],[-3.8557,51.1006],[-3.8543,51.1004],[-3.8541,51.0993],[-3.8535,51.099],[-3.852,51.0993],[-3.8452,51.0999],[-3.841,51.1005],[-3.8386,51.0997],[-3.8361,51.0981],[-3.8356,51.0967],[-3.8299,51.0953],[-3.8293,51.095],[-3.8272,51.0949],[-3.8264,51.094],[-3.8237,51.0933],[-3.8162,51.093],[-3.8173,51.0919],[-3.8167,51.0908],[-3.8156,51.0899],[-3.8156,51.0894],[-3.8167,51.0883],[-3.8165,51.0871],[-3.8168,51.0866],[-3.8151,51.0841],[-3.8135,51.0809],[-3.8128,51.0777],[-3.8138,51.0763],[-3.8127,51.075],[-3.8108,51.0742],[-3.8075,51.0753],[-3.8053,51.0753],[-3.8027,51.0748],[-3.8026,51.0731],[-3.8007,51.0712],[-3.7999,51.071],[-3.7997,51.07],[-3.798,51.0689],[-3.7966,51.0687],[-3.7954,51.0671],[-3.7921,51.0661],[-3.791,51.0655],[-3.7896,51.0662],[-3.7893,51.065],[-3.7876,51.0641],[-3.7861,51.0637],[-3.782,51.0612],[-3.7797,51.0628],[-3.7772,51.0637],[-3.7746,51.0657],[-3.7735,51.0642],[-3.7734,51.0617],[-3.7735,51.0595],[-3.7715,51.0591],[-3.7704,51.0593],[-3.77,51.0604],[-3.7669,51.0602],[-3.7664,51.0598],[-3.7645,51.0597],[-3.7602,51.0598],[-3.7562,51.0591],[-3.7544,51.059],[-3.7518,51.0591],[-3.7502,51.059],[-3.7481,51.0586],[-3.7443,51.0583],[-3.7415,51.0585],[-3.7407,51.0588],[-3.7369,51.058],[-3.7325,51.0565],[-3.7319,51.056],[-3.732,51.0552],[-3.7304,51.055],[-3.7284,51.0554],[-3.7277,51.0565],[-3.7255,51.0579],[-3.7238,51.0587],[-3.7229,51.0588],[-3.7201,51.0579],[-3.7177,51.0553],[-3.7168,51.0547],[-3.7132,51.053],[-3.7103,51.0525],[-3.7087,51.0518],[-3.7042,51.0511],[-3.7006,51.0507],[-3.7005,51.0497],[-3.6996,51.048],[-3.697,51.0486],[-3.6961,51.0496],[-3.6951,51.05],[-3.6939,51.0497],[-3.6934,51.048],[-3.6922,51.0482],[-3.691,51.0494],[-3.6879,51.0502],[-3.686,51.05],[-3.6839,51.0503],[-3.6791,51.0516],[-3.6779,51.0514],[-3.6741,51.0516],[-3.6703,51.051],[-3.6673,51.0516],[-3.6655,51.0513],[-3.6627,51.0502],[-3.6594,51.0495],[-3.6554,51.0491],[-3.6517,51.0482],[-3.6491,51.0472],[-3.6454,51.047],[-3.6413,51.0457],[-3.6394,51.0454],[-3.6346,51.0447],[-3.6315,51.0437],[-3.6307,51.0432],[-3.6279,51.0425],[-3.624,51.0422],[-3.6195,51.042],[-3.617,51.0417],[-3.6142,51.0422],[-3.6086,51.0426],[-3.6061,51.043],[-3.6028,51.0443],[-3.6001,51.0451],[-3.5975,51.0451],[-3.594,51.0453],[-3.5897,51.0452],[-3.5866,51.0456],[-3.5831,51.0457],[-3.5814,51.0454],[-3.5779,51.0447],[-3.5745,51.0439],[-3.5723,51.0435],[-3.5712,51.0423],[-3.569,51.0413],[-3.5672,51.0408],[-3.5659,51.0396],[-3.5644,51.039],[-3.562,51.0384],[-3.5586,51.0374],[-3.5577,51.0357],[-3.553,51.0357],[-3.5517,51.0362],[-3.5496,51.0348],[-3.5466,51.0339],[-3.5437,51.0327],[-3.5419,51.0315],[-3.5406,51.0309],[-3.5388,51.0286],[-3.5373,51.0272],[-3.5351,51.0256],[-3.5342,51.024],[-3.5332,51.0215],[-3.5306,51.0223],[-3.5294,51.0221],[-3.5278,51.0211],[-3.5266,51.0208],[-3.5236,51.0211],[-3.5219,51.0221],[-3.5208,51.0232],[-3.52,51.0234],[-3.5207,51.0246],[-3.5199,51.0255],[-3.5155,51.0255],[-3.5134,51.0258],[-3.51,51.0269],[-3.5083,51.0282],[-3.5056,51.0298],[-3.5032,51.0304],[-3.4957,51.031],[-3.4928,51.0317],[-3.4886,51.0325],[-3.485,51.0337],[-3.4833,51.0339],[-3.4821,51.0331],[-3.4779,51.0314],[-3.477,51.0308],[-3.4753,51.0319],[-3.4739,51.0336],[-3.4726,51.0349],[-3.4725,51.0361],[-3.4715,51.0371],[-3.47,51.0378],[-3.4687,51.0394],[-3.4685,51.0403],[-3.4701,51.0413],[-3.4702,51.0441],[-3.4707,51.0449],[-3.4701,51.0461],[-3.4592,51.047],[-3.4469,51.0483],[-3.4443,51.0489],[-3.4396,51.0503],[-3.4382,51.0511],[-3.439,51.0524],[-3.4404,51.0533],[-3.4397,51.0542],[-3.4384,51.0567],[-3.4364,51.0594],[-3.4348,51.061],[-3.4342,51.0612],[-3.4336,51.0622],[-3.4347,51.0634],[-3.4359,51.0638],[-3.4346,51.0661],[-3.4366,51.0669],[-3.4396,51.0677],[-3.4413,51.0688],[-3.4393,51.0695],[-3.4389,51.0704],[-3.4375,51.0723],[-3.4371,51.0739],[-3.437,51.0762],[-3.4363,51.0772],[-3.4354,51.0794],[-3.4359,51.0854],[-3.4325,51.0864],[-3.4298,51.0873],[-3.4288,51.0879],[-3.426,51.0886],[-3.4236,51.0895],[-3.4202,51.0906],[-3.4155,51.091],[-3.4095,51.09],[-3.4066,51.0928],[-3.4037,51.0963],[-3.403,51.0969],[-3.4013,51.0976],[-3.3952,51.099],[-3.3931,51.0993],[-3.3897,51.0996],[-3.3864,51.0997],[-3.3822,51.1],[-3.375,51.1009],[-3.3738,51.1012],[-3.3697,51.101],[-3.3661,51.1011],[-3.3641,51.1008],[-3.3595,51.1006],[-3.3563,51.1],[-3.3509,51.0993],[-3.3459,51.0981],[-3.339,51.0975],[-3.3371,51.0971],[-3.3348,51.0973],[-3.3297,51.0972],[-3.3263,51.0969],[-3.3236,51.0965],[-3.3206,51.0968],[-3.3172,51.0981],[-3.3148,51.1003],[-3.3138,51.1019],[-3.3122,51.103],[-3.3109,51.1036],[-3.3034,51.1049],[-3.3004,51.1051],[-3.2992,51.1049],[-3.2995,51.1063],[-3.3011,51.1105],[-3.3026,51.1124],[-3.3049,51.1142],[-3.3056,51.1154],[-3.306,51.1189],[-3.3066,51.1203],[-3.3078,51.1217],[-3.3098,51.1228],[-3.3124,51.1237],[-3.3143,51.1252],[-3.3165,51.1247],[-3.3199,51.1273],[-3.3217,51.1282],[-3.3237,51.1287],[-3.3254,51.1285],[-3.3263,51.1301],[-3.326,51.1308],[-3.3269,51.1313],[-3.3306,51.1323],[-3.3326,51.1336],[-3.3353,51.1347],[-3.343,51.1412],[-3.3438,51.1433],[-3.3445,51.1438],[-3.3489,51.1453],[-3.3497,51.1461],[-3.3537,51.1478],[-3.3572,51.1471],[-3.3615,51.145],[-3.3621,51.1444],[-3.3642,51.1451],[-3.3649,51.1464],[-3.3669,51.1476],[-3.3685,51.1472],[-3.3719,51.1449],[-3.3738,51.144],[-3.3746,51.1434],[-3.377,51.1433],[-3.3774,51.1438],[-3.3779,51.1462],[-3.3794,51.1481],[-3.3805,51.1476],[-3.3823,51.1474],[-3.3853,51.1462],[-3.3897,51.1454],[-3.3921,51.1456],[-3.3939,51.1453],[-3.3976,51.144],[-3.3985,51.1436],[-3.3994,51.1446],[-3.4007,51.1469],[-3.4027,51.1467],[-3.4047,51.1467],[-3.4056,51.146],[-3.4081,51.1468],[-3.4073,51.1483],[-3.4078,51.1504],[-3.4075,51.1516],[-3.4081,51.1526],[-3.409,51.1526],[-3.4109,51.153],[-3.4135,51.1539],[-3.4107,51.1566],[-3.4101,51.1579],[-3.4103,51.1595],[-3.4098,51.1607],[-3.4109,51.1613],[-3.4113,51.1622],[-3.4107,51.1628],[-3.411,51.1636],[-3.4119,51.1643],[-3.4136,51.1667],[-3.4174,51.166],[-3.4228,51.1663],[-3.4254,51.167],[-3.4227,51.1693],[-3.4231,51.1705],[-3.4225,51.173],[-3.4246,51.1735],[-3.4275,51.1738],[-3.4288,51.1738],[-3.4286,51.1745],[-3.4272,51.1761],[-3.4268,51.1773],[-3.4288,51.1796],[-3.429,51.1815],[-3.4297,51.1818],[-3.4327,51.1826],[-3.4363,51.185],[-3.4429,51.1883],[-3.4457,51.1894],[-3.4468,51.1895],[-3.4497,51.189],[-3.4504,51.19],[-3.4504,51.1913],[-3.4526,51.1918],[-3.4564,51.1939],[-3.4572,51.1941],[-3.4593,51.1914],[-3.4607,51.19],[-3.4618,51.1893],[-3.4629,51.1898],[-3.4652,51.19],[-3.4675,51.1905],[-3.4696,51.1919],[-3.4708,51.192],[-3.4713,51.1913],[-3.4724,51.1912],[-3.4737,51.1904],[-3.4749,51.1915],[-3.476,51.1909],[-3.4777,51.1912],[-3.4759,51.1927],[-3.4774,51.1935],[-3.4781,51.193],[-3.4793,51.1932],[-3.4811,51.1931],[-3.4833,51.1936],[-3.4861,51.1937],[-3.4869,51.1944],[-3.4877,51.1937],[-3.4885,51.1939],[-3.4907,51.1955],[-3.4906,51.1965],[-3.4921,51.1965],[-3.4929,51.1969],[-3.4952,51.1969],[-3.4972,51.199],[-3.4978,51.1979],[-3.4991,51.1968],[-3.5035,51.1973],[-3.5051,51.1981],[-3.5059,51.199],[-3.507,51.1986],[-3.5078,51.1978],[-3.509,51.1984],[-3.5062,51.2007],[-3.5047,51.2008],[-3.5047,51.2033],[-3.5046,51.2047],[-3.5053,51.2079],[-3.5048,51.209],[-3.505,51.2104],[-3.5029,51.2108],[-3.5023,51.2119],[-3.5014,51.2109],[-3.4996,51.2119],[-3.4993,51.2106],[-3.4987,51.2097],[-3.496,51.209],[-3.4926,51.2091],[-3.4907,51.2087],[-3.4883,51.2089],[-3.4892,51.21],[-3.4883,51.2108],[-3.4857,51.21],[-3.487,51.2114],[-3.4861,51.2122],[-3.4866,51.2133],[-3.4847,51.214],[-3.4847,51.2145],[-3.481,51.2135],[-3.4797,51.2138],[-3.4793,51.2146],[-3.4825,51.2168],[-3.4852,51.2194],[-3.4842,51.2203],[-3.4874,51.2218],[-3.4895,51.2219],[-3.4936,51.2242],[-3.4954,51.2246],[-3.4977,51.2258],[-3.4993,51.226],[-3.5007,51.2256],[-3.5054,51.2253],[-3.5073,51.2249],[-3.5102,51.2256],[-3.512,51.2266],[-3.5172,51.2269],[-3.5196,51.2277],[-3.5223,51.2282],[-3.525,51.2289],[-3.528,51.2295],[-3.533,51.2313],[-3.5372,51.232],[-3.5434,51.2336],[-3.5489,51.2334],[-3.5524,51.2336],[-3.556,51.2341],[-3.5603,51.2343],[-3.5617,51.2341],[-3.5617,51.2348],[-3.5632,51.2348],[-3.5681,51.2342],[-3.5709,51.2332],[-3.5738,51.2323],[-3.5775,51.2322],[-3.5792,51.2323],[-3.5797,51.2307],[-3.5822,51.2287],[-3.5849,51.2269],[-3.5877,51.2254],[-3.5903,51.2245],[-3.5928,51.224],[-3.5983,51.2233],[-3.6014,51.2227],[-3.6045,51.2228],[-3.607,51.2226],[-3.6094,51.2222],[-3.612,51.2211],[-3.6132,51.221],[-3.6142,51.2205],[-3.6164,51.22],[-3.6177,51.2193],[-3.6177,51.2185],[-3.6236,51.2195],[-3.6231,51.22],[-3.6251,51.2207],[-3.6267,51.2205],[-3.6276,51.2211],[-3.6284,51.222],[-3.6313,51.2244],[-3.6332,51.2255],[-3.6377,51.227],[-3.6387,51.2265],[-3.6371,51.2255],[-3.6388,51.2247],[-3.6395,51.2239],[-3.6429,51.2245],[-3.6442,51.225],[-3.6473,51.2253],[-3.6505,51.2254],[-3.6543,51.2253],[-3.656,51.2257],[-3.6584,51.2258],[-3.6619,51.2262],[-3.6668,51.2266],[-3.6702,51.2271],[-3.6728,51.2277],[-3.6749,51.2278],[-3.6795,51.2281],[-3.6834,51.2283],[-3.6857,51.2287],[-3.6879,51.2293],[-3.6913,51.2296],[-3.6935,51.2299],[-3.6957,51.2307],[-3.6981,51.2319],[-3.6997,51.2322],[-3.7039,51.2326],[-3.7062,51.2323],[-3.7088,51.233],[-3.7109,51.2328],[-3.7133,51.2322],[-3.7154,51.2322],[-3.7183,51.2329],[-3.7215,51.2348],[-3.7234,51.2349],[-3.7244,51.2354],[-3.7274,51.236],[-3.7309,51.2361],[-3.7336,51.2363],[-3.738,51.2364],[-3.7397,51.2367],[-3.7427,51.2363],[-3.7449,51.2363],[-3.7501,51.2373],[-3.7548,51.2378],[-3.7616,51.2381],[-3.7677,51.238],[-3.7703,51.2391],[-3.7739,51.24],[-3.7762,51.241],[-3.7795,51.2427],[-3.7801,51.2434],[-3.7817,51.244],[-3.7854,51.2467],[-3.786,51.2464],[-3.7889,51.2459],[-3.7904,51.2449],[-3.7914,51.2446],[-3.7939,51.2442],[-3.795,51.243],[-3.7964,51.2422],[-3.796,51.2419],[-3.797,51.2396],[-3.799,51.2387],[-3.8003,51.2372],[-3.8015,51.2369],[-3.8022,51.236],[-3.8065,51.234],[-3.8089,51.2327],[-3.8106,51.2322],[-3.8126,51.2327],[-3.8141,51.2321],[-3.8166,51.2319],[-3.8206,51.2325],[-3.8214,51.2332],[-3.8262,51.2348],[-3.8292,51.2354],[-3.8307,51.235],[-3.8355,51.2354],[-3.8371,51.2351],[-3.8407,51.2356],[-3.8451,51.2357],[-3.8485,51.2353],[-3.8512,51.2352],[-3.8542,51.2346],[-3.8564,51.2337],[-3.8587,51.2333],[-3.8601,51.2327],[-3.861,51.2318],[-3.8634,51.2317],[-3.8649,51.2319],[-3.8683,51.2314],[-3.87,51.2316],[-3.8716,51.2315],[-3.8734,51.2289],[-3.8744,51.2284],[-3.876,51.2282],[-3.8778,51.2284],[-3.8777,51.2291],[-3.8809,51.2294],[-3.882,51.2292],[-3.8845,51.2277],[-3.8851,51.2269],[-3.8865,51.2264],[-3.8894,51.2258],[-3.8923,51.2248],[-3.8948,51.2249],[-3.8962,51.2259],[-3.8989,51.2262],[-3.9,51.2267],[-3.9004,51.2276],[-3.9019,51.2291],[-3.9038,51.2298],[-3.9066,51.2296],[-3.9088,51.2297],[-3.9118,51.2306],[-3.9155,51.2305],[-3.9158,51.2303],[-3.9192,51.2305],[-3.9205,51.2307],[-3.9234,51.2317],[-3.9262,51.2321],[-3.927,51.2318],[-3.9287,51.23],[-3.9315,51.2299],[-3.9335,51.2296],[-3.935,51.2297],[-3.9355,51.2291],[-3.9379,51.2291],[-3.94,51.2284],[-3.9416,51.2268],[-3.9425,51.2264],[-3.9431,51.2256],[-3.9459,51.2245],[-3.9468,51.223],[-3.9483,51.2221],[-3.9498,51.2223],[-3.9512,51.2215],[-3.953,51.2213],[-3.954,51.2208],[-3.9564,51.2207],[-3.9578,51.22],[-3.9605,51.2198],[-3.9622,51.2201],[-3.9643,51.2201],[-3.9662,51.2198],[-3.9718,51.22],[-3.975,51.2207],[-3.9765,51.2213],[-3.9777,51.2201],[-3.9801,51.22],[-3.9829,51.219],[-3.9862,51.2194],[-3.9879,51.2193],[-3.9894,51.2187],[-3.9914,51.2184],[-3.9995,51.2187],[-4.0013,51.2194],[-4.0032,51.2194],[-4.004,51.2188],[-4.0058,51.2184],[-4.0064,51.2175],[-4.0087,51.2171],[-4.0139,51.218],[-4.0164,51.2173],[-4.0208,51.2167],[-4.0215,51.2169],[-4.0237,51.216],[-4.0265,51.2169],[-4.0285,51.2165],[-4.0303,51.2159],[-4.0325,51.2147],[-4.0326,51.2136],[-4.0322,51.2129],[-4.0325,51.2122],[-4.0338,51.2113],[-4.0359,51.2107],[-4.0384,51.2107],[-4.0415,51.2103],[-4.0416,51.2088],[-4.0425,51.2083],[-4.0407,51.2078],[-4.0399,51.2071],[-4.0388,51.2067],[-4.0382,51.2066],[-4.0377,51.2075],[-4.0376,51.2075],[-4.0375,51.2076],[-4.0375,51.2077],[-4.0368,51.2077],[-4.0367,51.2077],[-4.0366,51.2077],[-4.0365,51.2077],[-4.0364,51.2078],[-4.0363,51.2079],[-4.0362,51.2079],[-4.0351,51.2079],[-4.0335,51.2071],[-4.0334,51.2071],[-4.0328,51.2069],[-4.0327,51.2069],[-4.0318,51.2068],[-4.0316,51.2069],[-4.0311,51.2069],[-4.0308,51.2069],[-4.0306,51.2069],[-4.03,51.207],[-4.03,51.2071],[-4.0299,51.2071],[-4.0298,51.2071]]]},"properties":{"name":"Exmoor","kind":"national_park"},"id":2},
{"type":"Feature","geometry":{"type":"Polygon","coordinates":[[[-4.1077,50.4521],[-4.1074,50.4511],[-4.1063,50.4512],[-4.1043,50.4509],[-4.1038,50.4523],[-4.1004,50.4528],[-4.0987,50.4556],[-4.0991,50.4571],[-4.0991,50.4584],[-4.0984,50.4598],[-4.0988,50.4606],[-4.0964,50.4608],[-4.0933,50.4613],[-4.0903,50.4629],[-4.0889,50.4618],[-4.0872,50.462],[-4.0849,50.4617],[-4.084,50.4609],[-4.0826,50.4613],[-4.0815,50.4605],[-4.0804,50.4593],[-4.0799,50.4582],[-4.0787,50.4567],[-4.0773,50.4585],[-4.0747,50.4578],[-4.074,50.458],[-4.0712,50.4577],[-4.0703,50.4573],[-4.0688,50.4562],[-4.069,50.455],[-4.0678,50.4542],[-4.0679,50.4537],[-4.069,50.4522],[-4.0687,50.4518],[-4.0665,50.4506],[-4.0656,50.4498],[-4.0646,50.448],[-4.0654,50.4473],[-4.064,50.4462],[-4.064,50.4444],[-4.0651,50.4432],[-4.0652,50.442],[-4.0644,50.4409],[-4.0622,50.4402],[-4.0573,50.4404],[-4.0556,50.4407],[-4.0534,50.4427],[-4.0512,50.4429],[-4.0508,50.4437],[-4.0498,50.4444],[-4.0483,50.4445],[-4.0466,50.4438],[-4.0432,50.4413],[-4.0376,50.4391],[-4.0356,50.439],[-4.0348,50.4398],[-4.0332,50.4398],[-4.0319,50.4406],[-4.0326,50.4412],[-4.0351,50.4425],[-4.0366,50.4436],[-4.0372,50.445],[-4.0367,50.4462],[-4.0338,50.4482],[-4.0289,50.4504],[-4.028,50.4513],[-4.0281,50.4518],[-4.0295,50.4533],[-4.0304,50.4537],[-4.038,50.4552],[-4.0392,50.4555],[-4.0387,50.4573],[-4.0391,50.4593],[-4.039,50.4607],[-4.0383,50.462],[-4.0372,50.4625],[-4.0365,50.4635],[-4.0338,50.4627],[-4.0315,50.4628],[-4.03,50.4623],[-4.0274,50.4607],[-4.0271,50.4595],[-4.0255,50.4581],[-4.0219,50.4571],[-4.0212,50.4567],[-4.0179,50.454],[-4.015,50.4503],[-4.0138,50.4492],[-4.0099,50.4507],[-4.0057,50.453],[-4.0063,50.4546],[-4.0057,50.4567],[-4.0065,50.4575],[-4.0034,50.4585],[-4.0026,50.4573],[-4.0012,50.4556],[-3.9998,50.4549],[-3.9963,50.4538],[-3.9943,50.4526],[-3.9928,50.4523],[-3.9905,50.4524],[-3.9887,50.4519],[-3.9874,50.451],[-3.9858,50.449],[-3.9849,50.4468],[-3.9836,50.4453],[-3.985,50.4443],[-3.9847,50.4428],[-3.9833,50.4426],[-3.9826,50.4422],[-3.9846,50.4408],[-3.9856,50.4411],[-3.9866,50.4405],[-3.9865,50.4395],[-3.9832,50.4386],[-3.9837,50.4375],[-3.9822,50.4368],[-3.9817,50.4362],[-3.9828,50.4345],[-3.9832,50.4323],[-3.984,50.4317],[-3.9842,50.43],[-3.982,50.429],[-3.9788,50.4273],[-3.9779,50.4272],[-3.9768,50.4255],[-3.9768,50.4246],[-3.976,50.4242],[-3.976,50.4229],[-3.978,50.4215],[-3.9778,50.4209],[-3.9755,50.419],[-3.9752,50.418],[-3.9736,50.4173],[-3.9732,50.4158],[-3.9739,50.4149],[-3.9729,50.4139],[-3.972,50.4124],[-3.9712,50.4098],[-3.9701,50.4096],[-3.9691,50.4086],[-3.9662,50.4083],[-3.9642,50.4086],[-3.9613,50.4083],[-3.9576,50.4066],[-3.9548,50.4047],[-3.9533,50.4039],[-3.9494,50.4025],[-3.9481,50.4017],[-3.9461,50.3998],[-3.943,50.3982],[-3.9406,50.3973],[-3.9381,50.3961],[-3.936,50.3949],[-3.933,50.3937],[-3.9317,50.3934],[-3.9288,50.3932],[-3.9252,50.3942],[-3.9243,50.3953],[-3.9224,50.396],[-3.9205,50.3964],[-3.918,50.3967],[-3.9161,50.3963],[-3.9122,50.3946],[-3.9092,50.3939],[-3.9053,50.3936],[-3.8991,50.3926],[-3.8935,50.3924],[-3.8913,50.3927],[-3.8896,50.3932],[-3.8865,50.3945],[-3.8849,50.3925],[-3.8834,50.392],[-3.8776,50.3935],[-3.8764,50.394],[-3.8742,50.3945],[-3.8703,50.396],[-3.8685,50.397],[-3.8695,50.3987],[-3.8633,50.4015],[-3.8586,50.4033],[-3.8558,50.4046],[-3.8539,50.4057],[-3.8513,50.4078],[-3.848,50.4113],[-3.8455,50.4131],[-3.8435,50.4144],[-3.8407,50.4157],[-3.8388,50.4163],[-3.8378,50.4174],[-3.8358,50.418],[-3.8216,50.4211],[-3.8191,50.4218],[-3.8151,50.4238],[-3.8145,50.4239],[-3.8093,50.4268],[-3.8055,50.4293],[-3.8035,50.4309],[-3.802,50.4328],[-3.8006,50.4349],[-3.7976,50.4388],[-3.7967,50.4411],[-3.7976,50.4426],[-3.7962,50.445],[-3.795,50.4462],[-3.7926,50.448],[-3.7911,50.4519],[-3.7909,50.453],[-3.7911,50.4573],[-3.7909,50.4603],[-3.7904,50.4629],[-3.7895,50.4681],[-3.7868,50.4729],[-3.7858,50.4736],[-3.7839,50.4761],[-3.7832,50.4773],[-3.7823,50.4779],[-3.7804,50.4787],[-3.7777,50.4803],[-3.7764,50.4808],[-3.7744,50.4811],[-3.7713,50.4821],[-3.7705,50.4828],[-3.7709,50.4853],[-3.7716,50.4865],[-3.7691,50.4864],[-3.7699,50.4876],[-3.7677,50.4901],[-3.7678,50.4906],[-3.7663,50.4922],[-3.7658,50.4933],[-3.7661,50.4947],[-3.7659,50.4955],[-3.7665,50.4969],[-3.7678,50.4988],[-3.7685,50.5009],[-3.7687,50.5024],[-3.7678,50.5045],[-3.7667,50.5057],[-3.7657,50.5061],[-3.7631,50.5075],[-3.758,50.5096],[-3.7566,50.5105],[-3.753,50.5141],[-3.7494,50.517],[-3.7467,50.5188],[-3.7426,50.5212],[-3.7417,50.5217],[-3.7361,50.5249],[-3.7283,50.5294],[-3.7238,50.531],[-3.7215,50.5321],[-3.7168,50.5347],[-3.7125,50.5375],[-3.7091,50.5395],[-3.7078,50.5398],[-3.7052,50.5413],[-3.7027,50.542],[-3.6987,50.5427],[-3.6944,50.5434],[-3.6921,50.5444],[-3.6908,50.5457],[-3.6889,50.5485],[-3.6877,50.5495],[-3.6848,50.5513],[-3.6822,50.5521],[-3.6788,50.5531],[-3.6769,50.5544],[-3.679,50.5578],[-3.6786,50.5588],[-3.6766,50.5601],[-3.6757,50.5647],[-3.6761,50.5662],[-3.6783,50.5725],[-3.6792,50.5755],[-3.6794,50.5772],[-3.6817,50.5785],[-3.6821,50.5813],[-3.6879,50.5818],[-3.6895,50.5841],[-3.6913,50.5855],[-3.6924,50.5859],[-3.6926,50.5881],[-3.6967,50.5902],[-3.6979,50.5909],[-3.7009,50.5921],[-3.7041,50.5945],[-3.7051,50.5948],[-3.7067,50.5958],[-3.7071,50.5967],[-3.7034,50.5973],[-3.7025,50.598],[-3.7016,50.5995],[-3.7011,50.6019],[-3.7003,50.6026],[-3.7005,50.6033],[-3.6995,50.6046],[-3.6985,50.6049],[-3.6958,50.6051],[-3.6943,50.6048],[-3.6918,50.6052],[-3.6892,50.6063],[-3.6871,50.606],[-3.6837,50.6052],[-3.6828,50.6051],[-3.6803,50.6058],[-3.6788,50.6068],[-3.6763,50.6068],[-3.6752,50.6059],[-3.6745,50.606],[-3.6707,50.6057],[-3.6686,50.605],[-3.6669,50.6049],[-3.6634,50.6055],[-3.6608,50.6072],[-3.6595,50.6077],[-3.6574,50.6078],[-3.6546,50.6091],[-3.6514,50.6102],[-3.6501,50.6105],[-3.649,50.6117],[-3.6472,50.6123],[-3.6462,50.6123],[-3.6442,50.6132],[-3.6425,50.6146],[-3.6422,50.6151],[-3.6409,50.6157],[-3.6373,50.6162],[-3.6357,50.6162],[-3.6339,50.6172],[-3.6323,50.6184],[-3.6324,50.6206],[-3.6329,50.6215],[-3.6342,50.6224],[-3.6362,50.6233],[-3.6371,50.6233],[-3.6378,50.6241],[-3.6388,50.6247],[-3.6381,50.6257],[-3.6384,50.6285],[-3.6392,50.6294],[-3.6395,50.6314],[-3.6399,50.6318],[-3.6392,50.6331],[-3.6393,50.6344],[-3.6367,50.6362],[-3.6361,50.6374],[-3.6351,50.6385],[-3.6364,50.6408],[-3.6362,50.6418],[-3.6365,50.6437],[-3.6383,50.6458],[-3.6395,50.6465],[-3.6401,50.6479],[-3.6408,50.6482],[-3.6408,50.6493],[-3.6416,50.6501],[-3.6413,50.6508],[-3.6394,50.6519],[-3.6388,50.6526],[-3.6387,50.6535],[-3.6393,50.6547],[-3.6417,50.6566],[-3.6408,50.6585],[-3.6411,50.6595],[-3.641,50.6609],[-3.6414,50.6624],[-3.6424,50.6633],[-3.6434,50.6649],[-3.645,50.666],[-3.6441,50.6666],[-3.6441,50.6675],[-3.6454,50.6697],[-3.6459,50.671],[-3.6468,50.6719],[-3.6495,50.672],[-3.6517,50.6731],[-3.6534,50.6728],[-3.6544,50.6748],[-3.658,50.6766],[-3.6596,50.6787],[-3.661,50.6795],[-3.6635,50.6818],[-3.6657,50.683],[-3.6671,50.6835],[-3.6683,50.6848],[-3.6691,50.685],[-3.6697,50.6863],[-3.6707,50.6868],[-3.6714,50.6883],[-3.6709,50.6908],[-3.6714,50.6912],[-3.6731,50.6911],[-3.6736,50.6913],[-3.6756,50.6911],[-3.6788,50.6911],[-3.6796,50.6906],[-3.6804,50.6914],[-3.6813,50.693],[-3.683,50.6934],[-3.685,50.6949],[-3.6882,50.6958],[-3.6908,50.6976],[-3.6927,50.6993],[-3.6948,50.7001],[-3.6967,50.7011],[-3.6989,50.7016],[-3.7015,50.7018],[-3.7033,50.7018],[-3.7081,50.7029],[-3.7107,50.7037],[-3.7129,50.7053],[-3.7144,50.7067],[-3.7155,50.7072],[-3.7203,50.7082],[-3.7243,50.7097],[-3.7241,50.7121],[-3.7238,50.713],[-3.7245,50.7159],[-3.728,50.7175],[-3.732,50.7186],[-3.7327,50.7189],[-3.7342,50.7209],[-3.736,50.7226],[-3.7375,50.7235],[-3.7406,50.7236],[-3.7484,50.7227],[-3.7529,50.722],[-3.7564,50.7208],[-3.7571,50.7221],[-3.7588,50.7237],[-3.76,50.7242],[-3.762,50.7246],[-3.7643,50.726],[-3.7664,50.7259],[-3.7689,50.7254],[-3.7711,50.7257],[-3.7742,50.7249],[-3.7786,50.724],[-3.7852,50.722],[-3.7886,50.7205],[-3.7935,50.7187],[-3.7959,50.7182],[-3.7986,50.7179],[-3.8038,50.7169],[-3.8061,50.7166],[-3.808,50.7162],[-3.8099,50.7161],[-3.8145,50.7167],[-3.8236,50.7173],[-3.8317,50.7185],[-3.8352,50.7187],[-3.8418,50.7189],[-3.8449,50.7192],[-3.8478,50.7197],[-3.8501,50.719],[-3.8528,50.7186],[-3.8556,50.7178],[-3.8573,50.7177],[-3.86,50.717],[-3.8614,50.7169],[-3.8628,50.7172],[-3.8712,50.7179],[-3.8745,50.7186],[-3.8758,50.7191],[-3.8791,50.7196],[-3.8813,50.7201],[-3.8799,50.7224],[-3.879,50.723],[-3.8783,50.724],[-3.8765,50.7254],[-3.8763,50.7266],[-3.8783,50.7284],[-3.88,50.7312],[-3.8836,50.7319],[-3.8854,50.7324],[-3.8898,50.7331],[-3.8916,50.7337],[-3.8935,50.7346],[-3.8972,50.737],[-3.8989,50.7376],[-3.9002,50.7377],[-3.9013,50.7382],[-3.9071,50.7384],[-3.9091,50.7388],[-3.9119,50.7387],[-3.9157,50.7393],[-3.9166,50.7396],[-3.9258,50.741],[-3.9294,50.741],[-3.9321,50.7408],[-3.9369,50.7399],[-3.9377,50.7401],[-3.9452,50.7386],[-3.946,50.7382],[-3.9503,50.7381],[-3.9528,50.7383],[-3.9563,50.7389],[-3.9578,50.7386],[-3.9663,50.7403],[-3.9677,50.7401],[-3.9701,50.7401],[-3.9749,50.7388],[-3.9758,50.7377],[-3.9779,50.7367],[-3.9791,50.7359],[-3.9806,50.7344],[-3.9846,50.7328],[-3.9876,50.7322],[-3.996,50.7311],[-3.9981,50.7304],[-3.998,50.73],[-4.0009,50.729],[-4.0036,50.7298],[-4.0029,50.7315],[-4.0046,50.7322],[-4.0057,50.7324],[-4.0067,50.7317],[-4.0076,50.7323],[-4.0083,50.7316],[-4.0096,50.7312],[-4.0111,50.7315],[-4.0126,50.7325],[-4.0167,50.7324],[-4.0179,50.7323],[-4.0216,50.7306],[-4.0235,50.7302],[-4.0295,50.7277],[-4.0335,50.7243],[-4.0339,50.7232],[-4.0355,50.7216],[-4.0389,50.7199],[-4.0419,50.719],[-4.0429,50.7177],[-4.0433,50.7163],[-4.0463,50.7155],[-4.0481,50.7147],[-4.0509,50.7128],[-4.0573,50.7081],[-4.0604,50.7061],[-4.07,50.6973],[-4.0735,50.6953],[-4.0752,50.6946],[-4.0767,50.6936],[-4.0776,50.6927],[-4.0781,50.6898],[-4.0804,50.6865],[-4.0815,50.6853],[-4.0831,50.6842],[-4.0845,50.6828],[-4.0849,50.6811],[-4.0852,50.6784],[-4.0869,50.6757],[-4.087,50.6745],[-4.0875,50.6739],[-4.0876,50.672],[-4.0869,50.6702],[-4.0858,50.6682],[-4.0856,50.6651],[-4.0868,50.6636],[-4.0885,50.6601],[-4.0897,50.6565],[-4.0899,50.6548],[-4.0918,50.6532],[-4.0932,50.6523],[-4.0942,50.6521],[-4.0975,50.6521],[-4.099,50.6519],[-4.1005,50.6527],[-4.1021,50.6538],[-4.1045,50.6549],[-4.1056,50.6547],[-4.1067,50.6526],[-4.107,50.651],[-4.1095,50.6498],[-4.1131,50.6487],[-4.1145,50.6482],[-4.115,50.6472],[-4.1167,50.6448],[-4.1179,50.6415],[-4.1189,50.6398],[-4.12,50.6364],[-4.1215,50.6354],[-4.1229,50.6348],[-4.1213,50.6342],[-4.1205,50.6336],[-4.1196,50.6323],[-4.121,50.632],[-4.1204,50.6302],[-4.1185,50.6286],[-4.12,50.6286],[-4.1225,50.6292],[-4.1252,50.6294],[-4.1282,50.6289],[-4.1311,50.6281],[-4.1329,50.6272],[-4.1357,50.6261],[-4.1396,50.6251],[-4.1427,50.6239],[-4.1445,50.6225],[-4.15,50.617],[-4.154,50.6138],[-4.156,50.6119],[-4.1619,50.6069],[-4.1638,50.6058],[-4.1649,50.6045],[-4.1657,50.602],[-4.1658,50.6007],[-4.1639,50.5936],[-4.1637,50.5934],[-4.1573,50.5927],[-4.1526,50.5917],[-4.1516,50.5912],[-4.1506,50.5903],[-4.1493,50.5883],[-4.1478,50.5875],[-4.1433,50.5857],[-4.1411,50.585],[-4.1393,50.5848],[-4.1373,50.584],[-4.1364,50.582],[-4.1341,50.58],[-4.1327,50.5769],[-4.1282,50.5685],[-4.125,50.5644],[-4.1273,50.5629],[-4.1286,50.5618],[-4.1292,50.5591],[-4.1265,50.5589],[-4.1257,50.56],[-4.1243,50.5592],[-4.1229,50.558],[-4.123,50.5575],[-4.1251,50.5561],[-4.1241,50.5559],[-4.1227,50.5564],[-4.1215,50.5556],[-4.1226,50.5547],[-4.122,50.5544],[-4.1248,50.5532],[-4.1246,50.5526],[-4.1234,50.5525],[-4.1236,50.5505],[-4.125,50.5504],[-4.1239,50.5494],[-4.125,50.5485],[-4.1267,50.5477],[-4.1279,50.5478],[-4.1308,50.5472],[-4.1285,50.545],[-4.1251,50.5437],[-4.1222,50.5395],[-4.1208,50.5369],[-4.1206,50.5362],[-4.1226,50.5348],[-4.122,50.5344],[-4.1216,50.5334],[-4.1241,50.5328],[-4.1269,50.5324],[-4.1307,50.5315],[-4.1301,50.5307],[-4.1288,50.5295],[-4.1272,50.5277],[-4.1264,50.5259],[-4.1254,50.5249],[-4.1267,50.5238],[-4.1293,50.5235],[-4.1298,50.5223],[-4.1298,50.5222],[-4.1308,50.5207],[-4.1313,50.519],[-4.1336,50.519],[-4.1336,50.5189],[-4.1338,50.5187],[-4.1338,50.5186],[-4.1343,50.5171],[-4.134,50.5165],[-4.134,50.5164],[-4.1328,50.5151],[-4.1367,50.5121],[-4.1378,50.5117],[-4.1378,50.5116],[-4.1393,50.5111],[-4.1393,50.511],[-4.1408,50.5108],[-4.1429,50.5108],[-4.143,50.5108],[-4.144,50.5107],[-4.1441,50.5107],[-4.1445,50.5106],[-4.1445,50.5105],[-4.1455,50.5095],[-4.1476,50.509],[-4.1491,50.5085],[-4.15,50.5086],[-4.1501,50.5086],[-4.1533,50.5092],[-4.1554,50.5088],[-4.1552,50.5087],[-4.1547,50.508],[-4.1547,50.5079],[-4.1548,50.5079],[-4.155,50.5076],[-4.1551,50.5075],[-4.1552,50.5074],[-4.1558,50.5078],[-4.1558,50.5079],[-4.1568,50.507],[-4.1537,50.5058],[-4.1523,50.505],[-4.1521,50.504],[-4.1508,50.5042],[-4.1493,50.5034],[-4.1502,50.5016],[-4.1508,50.5011],[-4.1497,50.5004],[-4.1477,50.5005],[-4.1464,50.5007],[-4.1467,50.5022],[-4.1474,50.5026],[-4.1469,50.5037],[-4.1415,50.5057],[-4.1398,50.506],[-4.1412,50.5069],[-4.1413,50.5069],[-4.1358,50.5081],[-4.1354,50.5077],[-4.1353,50.5075],[-4.1352,50.5075],[-4.1319,50.5083],[-4.1296,50.5084],[-4.1296,50.5076],[-4.1267,50.508],[-4.1265,50.5076],[-4.1229,50.5079],[-4.1228,50.5079],[-4.1217,50.5076],[-4.1217,50.5075],[-4.1208,50.5072],[-4.119,50.507],[-4.1208,50.5052],[-4.1155,50.5041],[-4.1154,50.5041],[-4.1115,50.5028],[-4.1123,50.5023],[-4.1123,50.5022],[-4.1132,50.5018],[-4.111,50.5013],[-4.1104,50.5019],[-4.1092,50.5013],[-4.1082,50.5001],[-4.1085,50.4999],[-4.1076,50.4981],[-4.1075,50.497],[-4.1075,50.4969],[-4.1073,50.4962],[-4.106,50.4946],[-4.1075,50.4926],[-4.109,50.4919],[-4.1091,50.4918],[-4.1102,50.4913],[-4.1104,50.4911],[-4.1106,50.4911],[-4.1108,50.491],[-4.111,50.4905],[-4.11,50.4908],[-4.1076,50.491],[-4.1055,50.4914],[-4.1054,50.4914],[-4.1028,50.4919],[-4.1005,50.4914],[-4.0999,50.4895],[-4.0982,50.4901],[-4.0981,50.4902],[-4.097,50.4895],[-4.0969,50.4893],[-4.0964,50.4877],[-4.0975,50.4862],[-4.0975,50.4857],[-4.0974,50.4855],[-4.0959,50.4855],[-4.0958,50.4848],[-4.097,50.484],[-4.0963,50.4832],[-4.0962,50.4831],[-4.094,50.4829],[-4.0943,50.4801],[-4.0952,50.4786],[-4.0952,50.4785],[-4.0966,50.4776],[-4.0966,50.4775],[-4.0969,50.4771],[-4.0969,50.4769],[-4.0975,50.4756],[-4.0995,50.473],[-4.1005,50.4722],[-4.1005,50.4721],[-4.1006,50.472],[-4.102,50.4704],[-4.103,50.4701],[-4.1031,50.4701],[-4.1033,50.47],[-4.1034,50.47],[-4.1051,50.4702],[-4.1071,50.4696],[-4.1079,50.4702],[-4.1114,50.4709],[-4.112,50.471],[-4.1144,50.4704],[-4.1129,50.4693],[-4.1119,50.468],[-4.1093,50.4643],[-4.1093,50.4642],[-4.1091,50.4641],[-4.1091,50.464],[-4.1086,50.4632],[-4.1093,50.4611],[-4.1095,50.4591],[-4.1095,50.459],[-4.1092,50.4583],[-4.1095,50.4562],[-4.1095,50.4561],[-4.1104,50.4541],[-4.1097,50.4539],[-4.1082,50.4544],[-4.1077,50.4521]]]},"properties":{"name":"Dartmoor","kind":"national_park"},"id":3},
{"type":"Feature","geometry":{"type":"Polygon","coordinates":[[[-1.8536,53.2934],[-1.8529,53.2931],[-1.8525,53.2914],[-1.8528,53.2888],[-1.8557,53.2846],[-1.8532,53.2837],[-1.8451,53.2781],[-1.844,53.2769],[-1.8423,53.2755],[-1.8447,53.2745],[-1.8449,53.2737],[-1.8443,53.2731],[-1.8446,53.2708],[-1.8457,53.2689],[-1.8451,53.2684],[-1.8456,53.2669],[-1.8447,53.2667],[-1.8447,53.2658],[-1.8443,53.2631],[-1.8426,53.2608],[-1.8408,53.2592],[-1.8396,53.2584],[-1.8379,53.2579],[-1.8363,53.2569],[-1.834,53.2573],[-1.8339,53.2561],[-1.8332,53.2554],[-1.8311,53.2544],[-1.8306,53.2536],[-1.8317,53.2515],[-1.8329,53.2516],[-1.8346,53.2502],[-1.8374,53.2493],[-1.8407,53.2497],[-1.841,53.2501],[-1.8427,53.2507],[-1.8445,53.2503],[-1.8459,53.2497],[-1.8467,53.249],[-1.8508,53.2494],[-1.8531,53.2491],[-1.8546,53.2492],[-1.8544,53.2514],[-1.8567,53.2534],[-1.8586,53.2545],[-1.8605,53.2565],[-1.8611,53.2579],[-1.8624,53.2575],[-1.8653,53.2575],[-1.8677,53.2578],[-1.8757,53.2582],[-1.8756,53.2577],[-1.8743,53.2568],[-1.874,53.2561],[-1.8724,53.2545],[-1.8747,53.2513],[-1.8748,53.2497],[-1.8726,53.2495],[-1.8712,53.2488],[-1.871,53.2477],[-1.8721,53.2467],[-1.8751,53.2463],[-1.878,53.2453],[-1.8772,53.2437],[-1.8778,53.2421],[-1.8788,53.2406],[-1.8791,53.2387],[-1.8804,53.2375],[-1.8876,53.2356],[-1.8876,53.2352],[-1.8743,53.2269],[-1.872,53.2253],[-1.8693,53.2243],[-1.8667,53.2241],[-1.865,53.2238],[-1.8608,53.2224],[-1.8562,53.2191],[-1.8532,53.2166],[-1.8508,53.2175],[-1.8443,53.2152],[-1.839,53.2137],[-1.8351,53.2124],[-1.8313,53.2107],[-1.8317,53.2096],[-1.8313,53.2093],[-1.8319,53.2057],[-1.828,53.2055],[-1.8277,53.204],[-1.8315,53.2043],[-1.8315,53.203],[-1.8323,53.203],[-1.8323,53.2015],[-1.8317,53.2015],[-1.8316,53.1976],[-1.8423,53.1947],[-1.8414,53.1972],[-1.8477,53.1991],[-1.8533,53.2027],[-1.8556,53.203],[-1.8628,53.2053],[-1.8682,53.2107],[-1.8729,53.2159],[-1.8768,53.217],[-1.8779,53.2164],[-1.8801,53.216],[-1.8825,53.2164],[-1.8834,53.2172],[-1.8862,53.2176],[-1.8869,53.2188],[-1.8879,53.2198],[-1.8895,53.2186],[-1.8965,53.22],[-1.8975,53.2201],[-1.9006,53.2198],[-1.9068,53.22],[-1.9096,53.2206],[-1.9108,53.2211],[-1.9118,53.2209],[-1.9176,53.2183],[-1.9185,53.2183],[-1.9232,53.2187],[-1.9237,53.2189],[-1.9249,53.2206],[-1.9268,53.2216],[-1.929,53.2212],[-1.9306,53.2214],[-1.9343,53.2237],[-1.9358,53.2244],[-1.9379,53.2262],[-1.9411,53.2272],[-1.942,53.2279],[-1.9454,53.2291],[-1.9438,53.231],[-1.9435,53.2321],[-1.9435,53.2344],[-1.9443,53.2359],[-1.9445,53.2375],[-1.9442,53.2406],[-1.9431,53.2416],[-1.9439,53.243],[-1.9428,53.2432],[-1.9431,53.2445],[-1.9446,53.2457],[-1.9472,53.2464],[-1.948,53.2464],[-1.9492,53.2472],[-1.9493,53.2481],[-1.9515,53.2473],[-1.9527,53.2498],[-1.9536,53.2507],[-1.9567,53.2506],[-1.9577,53.2507],[-1.9579,53.2521],[-1.9589,53.2539],[-1.9568,53.2568],[-1.9566,53.2605],[-1.956,53.2614],[-1.954,53.261],[-1.9531,53.2611],[-1.9515,53.262],[-1.9504,53.2634],[-1.9483,53.264],[-1.9472,53.2649],[-1.9465,53.2668],[-1.9483,53.2686],[-1.9494,53.2704],[-1.9509,53.2713],[-1.9506,53.2732],[-1.95,53.2737],[-1.9498,53.2747],[-1.9489,53.276],[-1.9481,53.2763],[-1.9462,53.2763],[-1.9442,53.2758],[-1.9432,53.2761],[-1.943,53.277],[-1.9423,53.2776],[-1.9406,53.278],[-1.937,53.278],[-1.9356,53.2788],[-1.9347,53.2803],[-1.9329,53.2813],[-1.9314,53.2827],[-1.9298,53.2835],[-1.9265,53.2846],[-1.9227,53.2856],[-1.9186,53.286],[-1.9147,53.2858],[-1.9121,53.2848],[-1.9108,53.2847],[-1.9098,53.2869],[-1.9087,53.288],[-1.9075,53.2901],[-1.9067,53.2923],[-1.9068,53.293],[-1.9051,53.2938],[-1.9052,53.2943],[-1.9025,53.2966],[-1.9012,53.2993],[-1.8998,53.3018],[-1.9021,53.3028],[-1.9036,53.3037],[-1.9052,53.3043],[-1.9097,53.3043],[-1.9117,53.304],[-1.9141,53.3043],[-1.9152,53.3041],[-1.9223,53.3047],[-1.924,53.3045],[-1.9262,53.3038],[-1.9288,53.3038],[-1.9283,53.3015],[-1.9287,53.3009],[-1.9316,53.3003],[-1.9367,53.3015],[-1.939,53.3032],[-1.9395,53.304],[-1.9424,53.3047],[-1.9433,53.3056],[-1.9434,53.3065],[-1.9449,53.3066],[-1.9466,53.3062],[-1.9481,53.3068],[-1.9514,53.306],[-1.9524,53.3061],[-1.9528,53.308],[-1.9549,53.3089],[-1.9584,53.3101],[-1.9621,53.3111],[-1.9639,53.3114],[-1.966,53.3114],[-1.9687,53.3112],[-1.9704,53.3118],[-1.9735,53.3107],[-1.9714,53.3075],[-1.9702,53.3067],[-1.9684,53.3064],[-1.9674,53.3042],[-1.9712,53.3035],[-1.9706,53.3027],[-1.9694,53.3021],[-1.9706,53.3007],[-1.9713,53.3006],[-1.9739,53.3009],[-1.9752,53.3008],[-1.9756,53.3034],[-1.9769,53.3062],[-1.9772,53.3083],[-1.9777,53.3094],[-1.9787,53.3104],[-1.9825,53.3105],[-1.9855,53.3122],[-1.9876,53.3131],[-1.9885,53.3157],[-1.9903,53.3156],[-1.9919,53.3168],[-1.9937,53.3176],[-1.9971,53.3171],[-1.999,53.3176],[-2.0015,53.319],[-2.0026,53.32],[-2.0037,53.3217],[-2.0043,53.3214],[-2.0066,53.3218],[-2.0079,53.3223],[-2.0089,53.323],[-2.0102,53.323],[-2.0108,53.3236],[-2.0105,53.3247],[-2.0116,53.326],[-2.0112,53.3267],[-2.0118,53.3276],[-2.0115,53.3288],[-2.0092,53.3314],[-2.0123,53.3322],[-2.0169,53.3328],[-2.0222,53.3339],[-2.0284,53.334],[-2.0295,53.3345],[-2.031,53.3346],[-2.0361,53.3358],[-2.0361,53.3368],[-2.0344,53.3379],[-2.034,53.3389],[-2.0319,53.3406],[-2.0318,53.3412],[-2.0327,53.3423],[-2.0327,53.3446],[-2.0334,53.3458],[-2.0333,53.3465],[-2.0352,53.348],[-2.0378,53.3488],[-2.0413,53.349],[-2.0422,53.3496],[-2.0444,53.3499],[-2.0474,53.3491],[-2.0485,53.3502],[-2.048,53.3512],[-2.0484,53.3521],[-2.0497,53.3526],[-2.0516,53.3537],[-2.0543,53.3543],[-2.0554,53.3552],[-2.0571,53.354],[-2.0573,53.3529],[-2.0567,53.3511],[-2.0575,53.3491],[-2.0588,53.3483],[-2.059,53.3472],[-2.0578,53.3466],[-2.058,53.3455],[-2.0577,53.3448],[-2.0578,53.3427],[-2.0591,53.3428],[-2.0597,53.3438],[-2.0598,53.3453],[-2.0613,53.3456],[-2.0632,53.3455],[-2.0632,53.3443],[-2.0612,53.3444],[-2.0609,53.3418],[-2.0611,53.3412],[-2.0601,53.3384],[-2.0603,53.3379],[-2.0625,53.3378],[-2.0635,53.3381],[-2.0655,53.3394],[-2.0697,53.341],[-2.071,53.339],[-2.0727,53.337],[-2.0737,53.3354],[-2.0754,53.3332],[-2.076,53.3315],[-2.0756,53.3308],[-2.0769,53.3298],[-2.0786,53.3298],[-2.079,53.3285],[-2.0809,53.3271],[-2.082,53.3256],[-2.0831,53.325],[-2.085,53.3247],[-2.0853,53.3235],[-2.086,53.3228],[-2.0837,53.3223],[-2.081,53.3221],[-2.0791,53.3214],[-2.0762,53.3215],[-2.0725,53.3199],[-2.0748,53.3182],[-2.0753,53.3171],[-2.0755,53.3153],[-2.0759,53.3142],[-2.078,53.3145],[-2.0821,53.3132],[-2.0838,53.3116],[-2.0843,53.3101],[-2.0857,53.3098],[-2.0888,53.3103],[-2.0916,53.3116],[-2.0935,53.3132],[-2.095,53.3133],[-2.0919,53.3104],[-2.0919,53.31],[-2.0884,53.3076],[-2.0867,53.3034],[-2.0855,53.3017],[-2.0839,53.3019],[-2.0835,53.2991],[-2.084,53.2987],[-2.0836,53.2972],[-2.0821,53.2963],[-2.082,53.2955],[-2.0792,53.2953],[-2.0795,53.294],[-2.0792,53.2926],[-2.0784,53.2909],[-2.0784,53.2897],[-2.0769,53.2882],[-2.0742,53.2871],[-2.0726,53.2863],[-2.0715,53.2861],[-2.0714,53.2853],[-2.072,53.2847],[-2.0731,53.283],[-2.0731,53.2826],[-2.0749,53.2812],[-2.0767,53.2795],[-2.0776,53.2791],[-2.079,53.2792],[-2.0805,53.2783],[-2.0819,53.2749],[-2.0812,53.2737],[-2.0816,53.2726],[-2.0806,53.2697],[-2.0807,53.2682],[-2.0804,53.2667],[-2.0792,53.2659],[-2.0762,53.2652],[-2.0733,53.2649],[-2.0713,53.2642],[-2.0707,53.2636],[-2.0699,53.262],[-2.0691,53.2612],[-2.0672,53.2606],[-2.0682,53.2593],[-2.0699,53.2581],[-2.0706,53.2566],[-2.0718,53.255],[-2.0721,53.2538],[-2.0697,53.2519],[-2.0715,53.2516],[-2.0741,53.2507],[-2.0749,53.2499],[-2.0748,53.248],[-2.0742,53.247],[-2.0722,53.2456],[-2.0698,53.2441],[-2.0653,53.2431],[-2.061,53.2409],[-2.0589,53.2393],[-2.0548,53.2351],[-2.0537,53.233],[-2.0509,53.2315],[-2.0495,53.2304],[-2.0491,53.2282],[-2.0476,53.2262],[-2.048,53.2248],[-2.0506,53.2228],[-2.0527,53.2224],[-2.0533,53.222],[-2.0556,53.22],[-2.0571,53.2181],[-2.0569,53.217],[-2.0575,53.2168],[-2.0559,53.2129],[-2.0574,53.2126],[-2.0599,53.2131],[-2.0605,53.2124],[-2.0581,53.2114],[-2.0586,53.2106],[-2.0619,53.212],[-2.0633,53.2102],[-2.0624,53.2094],[-2.0631,53.209],[-2.0646,53.2099],[-2.066,53.2088],[-2.0674,53.2088],[-2.0675,53.2078],[-2.07,53.2079],[-2.0702,53.2068],[-2.0736,53.2068],[-2.0758,53.2077],[-2.0777,53.208],[-2.0783,53.2089],[-2.0792,53.2085],[-2.0804,53.206],[-2.0812,53.2051],[-2.0817,53.2039],[-2.0829,53.2031],[-2.0878,53.2018],[-2.0924,53.2042],[-2.0952,53.202],[-2.0947,53.2013],[-2.101,53.1964],[-2.1025,53.1962],[-2.103,53.1951],[-2.1041,53.1943],[-2.1046,53.1934],[-2.1063,53.193],[-2.1079,53.1916],[-2.1066,53.191],[-2.1054,53.1912],[-2.1035,53.1911],[-2.102,53.1903],[-2.1029,53.189],[-2.103,53.1871],[-2.1016,53.1857],[-2.1008,53.1836],[-2.1003,53.1817],[-2.1001,53.1794],[-2.0996,53.1786],[-2.0981,53.178],[-2.0977,53.1771],[-2.0984,53.1763],[-2.0984,53.1756],[-2.0976,53.1749],[-2.0974,53.1735],[-2.0965,53.1727],[-2.0965,53.1719],[-2.0946,53.1726],[-2.0927,53.1729],[-2.0907,53.1723],[-2.0892,53.1708],[-2.0876,53.1702],[-2.0831,53.1701],[-2.082,53.1709],[-2.0793,53.1709],[-2.0781,53.1704],[-2.0757,53.1712],[-2.0711,53.172],[-2.0682,53.1711],[-2.0655,53.1709],[-2.0637,53.17],[-2.0633,53.1687],[-2.0625,53.1676],[-2.0625,53.1667],[-2.0609,53.1669],[-2.0597,53.1645],[-2.06,53.1625],[-2.0585,53.1623],[-2.0586,53.1607],[-2.059,53.1586],[-2.0584,53.1557],[-2.0582,53.1533],[-2.0537,53.1499],[-2.0513,53.1493],[-2.0509,53.1484],[-2.0509,53.1472],[-2.0502,53.1459],[-2.0487,53.1452],[-2.0464,53.1445],[-2.0425,53.1437],[-2.0406,53.1438],[-2.0368,53.1451],[-2.0326,53.1452],[-2.0311,53.1444],[-2.0266,53.1441],[-2.0241,53.1446],[-2.0198,53.1448],[-2.0164,53.1441],[-2.0139,53.1426],[-2.0104,53.1416],[-2.0081,53.1418],[-2.0066,53.1416],[-2.0041,53.1419],[-2.0025,53.1413],[-2.0017,53.1401],[-1.9999,53.1386],[-1.9882,53.1356],[-1.9844,53.1409],[-1.9852,53.1414],[-1.9841,53.1423],[-1.9817,53.1426],[-1.9811,53.143],[-1.9796,53.1427],[-1.9786,53.1417],[-1.9782,53.1402],[-1.9771,53.1394],[-1.9763,53.1381],[-1.9769,53.1357],[-1.9714,53.135],[-1.9663,53.1325],[-1.9628,53.1348],[-1.9591,53.133],[-1.9593,53.1324],[-1.9588,53.1279],[-1.9626,53.1218],[-1.9628,53.1207],[-1.9658,53.1097],[-1.9633,53.1037],[-1.9603,53.0982],[-1.9588,53.0971],[-1.9566,53.0945],[-1.9526,53.0906],[-1.9512,53.0895],[-1.9473,53.0877],[-1.9413,53.0838],[-1.9387,53.0824],[-1.9352,53.0789],[-1.9294,53.0771],[-1.9171,53.0731],[-1.9131,53.0709],[-1.9091,53.0676],[-1.9075,53.0666],[-1.9069,53.0647],[-1.906,53.064],[-1.9022,53.0628],[-1.8973,53.0619],[-1.894,53.0606],[-1.8911,53.0604],[-1.8901,53.0592],[-1.89,53.0583],[-1.8889,53.0573],[-1.8867,53.056],[-1.8858,53.0552],[-1.8837,53.0548],[-1.8836,53.0534],[-1.8827,53.0514],[-1.8802,53.0506],[-1.8785,53.0496],[-1.8739,53.049],[-1.8692,53.049],[-1.863,53.0474],[-1.8611,53.0473],[-1.8588,53.0475],[-1.857,53.0464],[-1.8553,53.0457],[-1.8512,53.0419],[-1.846,53.0394],[-1.8445,53.0377],[-1.843,53.037],[-1.8374,53.0367],[-1.8303,53.036],[-1.8095,53.034],[-1.8087,53.0339],[-1.8061,53.0355],[-1.804,53.0379],[-1.8031,53.0383],[-1.7986,53.0385],[-1.7967,53.0383],[-1.7936,53.0367],[-1.7944,53.0394],[-1.7909,53.0383],[-1.7905,53.0388],[-1.7899,53.0412],[-1.7905,53.0419],[-1.7901,53.0429],[-1.7846,53.045],[-1.781,53.046],[-1.7801,53.0447],[-1.7789,53.0444],[-1.7795,53.0434],[-1.7785,53.043],[-1.7743,53.0435],[-1.7721,53.0443],[-1.7684,53.0441],[-1.7675,53.0435],[-1.766,53.0411],[-1.7599,53.0388],[-1.7588,53.0369],[-1.7578,53.0364],[-1.7563,53.0368],[-1.7548,53.0378],[-1.7516,53.038],[-1.7486,53.0379],[-1.7476,53.0383],[-1.7456,53.0385],[-1.7438,53.0377],[-1.7429,53.0379],[-1.7382,53.0371],[-1.7381,53.0364],[-1.7389,53.0359],[-1.7385,53.0349],[-1.7365,53.035],[-1.7346,53.0356],[-1.7327,53.0365],[-1.7282,53.0364],[-1.7266,53.0363],[-1.724,53.0352],[-1.7239,53.0358],[-1.7226,53.037],[-1.7228,53.0383],[-1.7235,53.04],[-1.7204,53.0415],[-1.7174,53.0423],[-1.7184,53.0442],[-1.716,53.0445],[-1.717,53.0451],[-1.7173,53.0461],[-1.7163,53.0474],[-1.715,53.0486],[-1.7132,53.0491],[-1.7128,53.05],[-1.7131,53.0517],[-1.7109,53.0539],[-1.7093,53.0546],[-1.7082,53.0546],[-1.7076,53.0554],[-1.7069,53.0588],[-1.706,53.0595],[-1.7067,53.0608],[-1.7076,53.0613],[-1.7081,53.0629],[-1.7075,53.0642],[-1.7046,53.0651],[-1.7034,53.0658],[-1.703,53.0669],[-1.7017,53.0672],[-1.7017,53.0683],[-1.7033,53.0707],[-1.7032,53.0712],[-1.7013,53.0735],[-1.6989,53.0769],[-1.6967,53.0794],[-1.6926,53.0818],[-1.6911,53.0832],[-1.6908,53.0845],[-1.6897,53.0852],[-1.6876,53.0855],[-1.6855,53.0873],[-1.6857,53.0882],[-1.685,53.09],[-1.6851,53.0914],[-1.6838,53.0936],[-1.6835,53.0965],[-1.6821,53.0962],[-1.682,53.0976],[-1.6809,53.0986],[-1.6817,53.101],[-1.6824,53.1023],[-1.6823,53.1031],[-1.6807,53.1037],[-1.6797,53.1044],[-1.6794,53.1052],[-1.6782,53.1048],[-1.6741,53.105],[-1.6732,53.1041],[-1.6699,53.1057],[-1.6657,53.1028],[-1.6591,53.1066],[-1.6575,53.1105],[-1.6564,53.1111],[-1.6548,53.1112],[-1.6524,53.1123],[-1.6508,53.1128],[-1.6475,53.1132],[-1.6422,53.1144],[-1.6404,53.115],[-1.6376,53.1154],[-1.6361,53.1145],[-1.6357,53.1138],[-1.6361,53.111],[-1.635,53.1091],[-1.6328,53.1075],[-1.6265,53.1068],[-1.6259,53.107],[-1.6239,53.1066],[-1.6221,53.1054],[-1.6187,53.1042],[-1.6155,53.104],[-1.6121,53.1047],[-1.6108,53.1048],[-1.6085,53.1045],[-1.6076,53.1049],[-1.604,53.1057],[-1.6033,53.1062],[-1.6018,53.1062],[-1.6004,53.1059],[-1.5984,53.1062],[-1.598,53.1074],[-1.5972,53.1083],[-1.596,53.1086],[-1.5944,53.1096],[-1.5923,53.11],[-1.5899,53.111],[-1.5838,53.1128],[-1.579,53.1128],[-1.5784,53.113],[-1.5805,53.1141],[-1.584,53.1142],[-1.5921,53.1141],[-1.5915,53.1146],[-1.5916,53.1167],[-1.5922,53.118],[-1.5932,53.1191],[-1.5948,53.1198],[-1.5932,53.1213],[-1.5947,53.1218],[-1.5973,53.1232],[-1.5985,53.1247],[-1.5997,53.125],[-1.6032,53.1275],[-1.6013,53.1281],[-1.5991,53.1294],[-1.5982,53.1296],[-1.6041,53.1322],[-1.6048,53.133],[-1.6031,53.1335],[-1.6007,53.1337],[-1.5955,53.1331],[-1.5922,53.1322],[-1.5885,53.1322],[-1.5862,53.1315],[-1.5835,53.1316],[-1.5833,53.1345],[-1.5802,53.1346],[-1.5792,53.135],[-1.5791,53.1363],[-1.5801,53.1372],[-1.5806,53.1383],[-1.5818,53.1399],[-1.5825,53.1419],[-1.5833,53.1428],[-1.5836,53.1437],[-1.5869,53.1445],[-1.5902,53.1449],[-1.5962,53.1467],[-1.599,53.1481],[-1.6014,53.1487],[-1.603,53.1485],[-1.6046,53.1509],[-1.6064,53.1519],[-1.6082,53.1541],[-1.6096,53.1539],[-1.6146,53.1536],[-1.6195,53.1537],[-1.622,53.1544],[-1.6235,53.1553],[-1.6235,53.1559],[-1.6245,53.157],[-1.6222,53.1579],[-1.6224,53.159],[-1.6206,53.1601],[-1.6205,53.1611],[-1.622,53.1625],[-1.6222,53.1633],[-1.6196,53.1645],[-1.6196,53.1653],[-1.6184,53.1654],[-1.616,53.1642],[-1.6138,53.1646],[-1.6146,53.1654],[-1.6132,53.1656],[-1.6133,53.1676],[-1.6127,53.1679],[-1.6128,53.1689],[-1.6137,53.1705],[-1.6135,53.1717],[-1.6137,53.1737],[-1.6135,53.1751],[-1.6122,53.1761],[-1.6106,53.1767],[-1.6104,53.1772],[-1.6115,53.1784],[-1.6128,53.1789],[-1.6139,53.1808],[-1.613,53.1822],[-1.6128,53.1854],[-1.6124,53.1861],[-1.6128,53.1873],[-1.6151,53.1888],[-1.6183,53.1901],[-1.617,53.1911],[-1.6164,53.1928],[-1.614,53.1941],[-1.6116,53.1946],[-1.6104,53.1955],[-1.611,53.1959],[-1.6101,53.1967],[-1.6078,53.1966],[-1.6043,53.1958],[-1.6018,53.1948],[-1.6004,53.195],[-1.5989,53.1942],[-1.5975,53.1944],[-1.591,53.1929],[-1.5884,53.1916],[-1.5843,53.1918],[-1.5817,53.1916],[-1.569,53.1949],[-1.5674,53.1951],[-1.5528,53.1963],[-1.5483,53.1999],[-1.5365,53.2007],[-1.5295,53.2011],[-1.5177,53.2007],[-1.5162,53.2023],[-1.5172,53.2048],[-1.5172,53.2058],[-1.5228,53.2066],[-1.5243,53.2065],[-1.5258,53.2074],[-1.5274,53.2076],[-1.5291,53.2075],[-1.5318,53.2079],[-1.5336,53.2092],[-1.5339,53.21],[-1.5352,53.211],[-1.5376,53.2115],[-1.5403,53.2107],[-1.5425,53.2119],[-1.5385,53.2139],[-1.539,53.2149],[-1.536,53.216],[-1.5396,53.2209],[-1.5392,53.2212],[-1.5358,53.2225],[-1.5349,53.2251],[-1.545,53.2257],[-1.5437,53.2363],[-1.5439,53.2382],[-1.5397,53.2384],[-1.5363,53.2375],[-1.5367,53.2396],[-1.5405,53.2436],[-1.5425,53.2449],[-1.5442,53.2467],[-1.5455,53.2501],[-1.5436,53.2526],[-1.546,53.2625],[-1.5462,53.2643],[-1.5448,53.2665],[-1.5445,53.2677],[-1.548,53.2678],[-1.549,53.2676],[-1.551,53.2678],[-1.5535,53.2677],[-1.5487,53.2727],[-1.5485,53.2734],[-1.5493,53.2744],[-1.5473,53.2772],[-1.5456,53.2777],[-1.5435,53.2796],[-1.5414,53.2809],[-1.5398,53.2807],[-1.5389,53.2811],[-1.5363,53.2808],[-1.5352,53.2819],[-1.5349,53.2827],[-1.5359,53.284],[-1.5367,53.2846],[-1.5377,53.2846],[-1.5403,53.2853],[-1.5418,53.2861],[-1.5418,53.2867],[-1.5435,53.2883],[-1.5436,53.2905],[-1.5425,53.2933],[-1.5402,53.2954],[-1.5418,53.2958],[-1.5435,53.2956],[-1.5463,53.2956],[-1.5489,53.2961],[-1.5522,53.2971],[-1.5554,53.2988],[-1.5569,53.2987],[-1.5604,53.2981],[-1.5573,53.2997],[-1.5576,53.3016],[-1.5571,53.3024],[-1.5582,53.3045],[-1.5579,53.3058],[-1.5617,53.3064],[-1.5618,53.3067],[-1.5597,53.3082],[-1.5595,53.3092],[-1.5575,53.3108],[-1.5559,53.3117],[-1.5585,53.3137],[-1.5602,53.3137],[-1.5609,53.3156],[-1.5618,53.3161],[-1.5586,53.3173],[-1.5574,53.3183],[-1.5542,53.3186],[-1.5544,53.3199],[-1.5542,53.321],[-1.5554,53.3226],[-1.5534,53.3249],[-1.5534,53.3257],[-1.555,53.3254],[-1.5563,53.3268],[-1.5576,53.3289],[-1.5582,53.3291],[-1.5692,53.33],[-1.5704,53.33],[-1.5683,53.3318],[-1.5672,53.3333],[-1.567,53.3342],[-1.5681,53.3358],[-1.5671,53.3372],[-1.5648,53.3383],[-1.5639,53.339],[-1.5641,53.3408],[-1.563,53.3431],[-1.5629,53.3449],[-1.5642,53.3467],[-1.5654,53.3478],[-1.5644,53.3496],[-1.5653,53.3495],[-1.5679,53.3511],[-1.5695,53.3518],[-1.574,53.3531],[-1.5738,53.3543],[-1.5756,53.3552],[-1.5776,53.3565],[-1.58,53.3571],[-1.5824,53.3573],[-1.5841,53.3571],[-1.5854,53.3574],[-1.5861,53.3581],[-1.5852,53.3607],[-1.5857,53.3638],[-1.5841,53.3645],[-1.5847,53.3659],[-1.5879,53.3661],[-1.591,53.3665],[-1.5934,53.3665],[-1.5942,53.3692],[-1.5953,53.3692],[-1.5947,53.3705],[-1.5916,53.371],[-1.5901,53.3717],[-1.5904,53.372],[-1.5877,53.3732],[-1.5867,53.3734],[-1.5869,53.3751],[-1.5859,53.3752],[-1.5856,53.3761],[-1.5864,53.3787],[-1.5836,53.3784],[-1.5768,53.3782],[-1.5739,53.3783],[-1.5705,53.3787],[-1.5685,53.3792],[-1.5674,53.3798],[-1.5662,53.3811],[-1.5653,53.3817],[-1.5635,53.382],[-1.565,53.3838],[-1.5642,53.3849],[-1.5658,53.3852],[-1.5693,53.3846],[-1.5746,53.3832],[-1.5755,53.3832],[-1.5773,53.3853],[-1.5801,53.3845],[-1.5847,53.3839],[-1.5904,53.3843],[-1.591,53.3845],[-1.5904,53.386],[-1.5904,53.3871],[-1.5912,53.3874],[-1.5909,53.3882],[-1.5912,53.3921],[-1.5925,53.3947],[-1.5932,53.3956],[-1.596,53.3978],[-1.5972,53.4],[-1.5949,53.4015],[-1.5933,53.4032],[-1.593,53.404],[-1.5914,53.4043],[-1.5888,53.4051],[-1.5857,53.4066],[-1.5821,53.4077],[-1.584,53.4096],[-1.5821,53.4104],[-1.5826,53.4111],[-1.5786,53.4112],[-1.5766,53.4107],[-1.5751,53.4111],[-1.5733,53.413],[-1.5711,53.4133],[-1.5721,53.4139],[-1.5729,53.4154],[-1.5719,53.4161],[-1.5723,53.4188],[-1.5729,53.4196],[-1.5723,53.4202],[-1.5708,53.4208],[-1.5712,53.4212],[-1.5709,53.4228],[-1.57,53.4231],[-1.5693,53.4246],[-1.5737,53.434],[-1.5722,53.4349],[-1.5781,53.4375],[-1.5809,53.4395],[-1.5848,53.4407],[-1.5809,53.4435],[-1.574,53.4468],[-1.5734,53.4479],[-1.5714,53.4489],[-1.5702,53.4499],[-1.5669,53.4501],[-1.5652,53.4506],[-1.5649,53.4515],[-1.5662,53.4516],[-1.5686,53.4521],[-1.5702,53.4529],[-1.5724,53.4545],[-1.5761,53.4543],[-1.5771,53.4544],[-1.5807,53.4559],[-1.5828,53.4571],[-1.5853,53.4573],[-1.5855,53.4579],[-1.5874,53.4589],[-1.5904,53.4589],[-1.5916,53.4594],[-1.5914,53.4601],[-1.594,53.4611],[-1.5955,53.4614],[-1.5982,53.4615],[-1.5998,53.4617],[-1.6018,53.4624],[-1.5993,53.4626],[-1.5969,53.463],[-1.5954,53.4639],[-1.5942,53.4667],[-1.5964,53.467],[-1.6009,53.4673],[-1.6067,53.4674],[-1.6093,53.4682],[-1.6127,53.4689],[-1.6176,53.4695],[-1.6199,53.4701],[-1.6208,53.4707],[-1.6229,53.4708],[-1.6249,53.4705],[-1.6277,53.471],[-1.632,53.4732],[-1.6331,53.4742],[-1.6349,53.477],[-1.636,53.4767],[-1.6384,53.4764],[-1.6402,53.4755],[-1.6418,53.4761],[-1.6437,53.4782],[-1.6477,53.4816],[-1.649,53.4826],[-1.6525,53.483],[-1.6583,53.4855],[-1.6601,53.4862],[-1.6633,53.4868],[-1.6671,53.4884],[-1.6694,53.4891],[-1.6702,53.4903],[-1.6721,53.4914],[-1.6735,53.493],[-1.6739,53.4948],[-1.6761,53.4971],[-1.6783,53.4974],[-1.681,53.4996],[-1.6822,53.5],[-1.6828,53.5007],[-1.6881,53.5009],[-1.6907,53.5013],[-1.6927,53.5021],[-1.6937,53.5028],[-1.6984,53.5063],[-1.7038,53.51],[-1.7039,53.5106],[-1.7076,53.5224],[-1.7099,53.5219],[-1.7148,53.5213],[-1.7192,53.5211],[-1.7207,53.5209],[-1.7257,53.52],[-1.7306,53.5194],[-1.7356,53.5193],[-1.7406,53.5197],[-1.7447,53.5194],[-1.7535,53.5181],[-1.7567,53.5178],[-1.7607,53.5179],[-1.7635,53.5184],[-1.7666,53.5193],[-1.7688,53.5201],[-1.7693,53.5206],[-1.7688,53.5233],[-1.7675,53.5244],[-1.7668,53.5262],[-1.7673,53.527],[-1.7691,53.5284],[-1.7695,53.5292],[-1.771,53.5303],[-1.7732,53.5314],[-1.7744,53.5325],[-1.7753,53.5345],[-1.776,53.5354],[-1.7771,53.5355],[-1.7855,53.5348],[-1.7887,53.5356],[-1.7918,53.5354],[-1.7948,53.5342],[-1.7974,53.5339],[-1.7997,53.5345],[-1.8041,53.5366],[-1.8044,53.537],[-1.8053,53.5414],[-1.814,53.5436],[-1.8206,53.5484],[-1.821,53.549],[-1.8233,53.5475],[-1.8239,53.5465],[-1.8263,53.5472],[-1.8284,53.5475],[-1.8305,53.5474],[-1.8313,53.5483],[-1.8339,53.5478],[-1.8363,53.5481],[-1.835,53.5486],[-1.8347,53.5493],[-1.8368,53.5503],[-1.8377,53.5503],[-1.8363,53.5532],[-1.8359,53.5549],[-1.8371,53.5561],[-1.8359,53.5568],[-1.8355,53.5582],[-1.8359,53.5584],[-1.8353,53.5597],[-1.8342,53.5596],[-1.8346,53.5608],[-1.8339,53.5625],[-1.8322,53.5625],[-1.8319,53.5632],[-1.8335,53.5636],[-1.8343,53.5643],[-1.8366,53.5649],[-1.8411,53.566],[-1.8425,53.5667],[-1.8459,53.5669],[-1.847,53.5693],[-1.8466,53.5731],[-1.8483,53.576],[-1.8484,53.5786],[-1.8503,53.5809],[-1.8505,53.5824],[-1.8501,53.584],[-1.852,53.5848],[-1.8535,53.5852],[-1.8523,53.5859],[-1.8527,53.5866],[-1.8562,53.5855],[-1.8587,53.5852],[-1.8611,53.5875],[-1.8676,53.5918],[-1.8695,53.5942],[-1.8773,53.5935],[-1.88,53.597],[-1.8828,53.5979],[-1.8852,53.5969],[-1.8869,53.5957],[-1.8896,53.5973],[-1.8924,53.5962],[-1.8966,53.5951],[-1.8969,53.5965],[-1.9051,53.5949],[-1.906,53.5962],[-1.9084,53.5965],[-1.9104,53.5958],[-1.9122,53.5954],[-1.9196,53.5941],[-1.9203,53.5934],[-1.9228,53.5918],[-1.9253,53.5915],[-1.9271,53.5919],[-1.9314,53.5915],[-1.9315,53.5903],[-1.9342,53.5886],[-1.9347,53.5879],[-1.9363,53.5875],[-1.9388,53.5879],[-1.9432,53.5873],[-1.9456,53.5875],[-1.9506,53.5873],[-1.9595,53.5873],[-1.9605,53.5877],[-1.9681,53.5839],[-1.9709,53.5829],[-1.9774,53.581],[-1.9806,53.5793],[-1.9831,53.5793],[-1.9819,53.5782],[-1.9809,53.575],[-1.9799,53.5736],[-1.9778,53.572],[-1.9792,53.5699],[-1.9773,53.5689],[-1.978,53.5681],[-1.9811,53.5664],[-1.9822,53.5656],[-1.9833,53.5639],[-1.9847,53.5629],[-1.9854,53.5612],[-1.9858,53.5597],[-1.9864,53.5587],[-1.9849,53.5584],[-1.9832,53.5577],[-1.9849,53.5563],[-1.9854,53.5552],[-1.9865,53.5545],[-1.9877,53.553],[-1.9896,53.5515],[-1.9913,53.5505],[-1.9936,53.5472],[-1.994,53.5462],[-1.9934,53.5448],[-1.9936,53.5441],[-1.9931,53.5427],[-1.993,53.5413],[-1.9912,53.5405],[-1.9898,53.5401],[-1.9867,53.5404],[-1.9836,53.5403],[-1.9822,53.5399],[-1.9817,53.5388],[-1.9821,53.5373],[-1.9809,53.5367],[-1.9798,53.5367],[-1.9771,53.5352],[-1.9762,53.5348],[-1.9728,53.5359],[-1.9713,53.5372],[-1.9712,53.5379],[-1.9678,53.5379],[-1.9677,53.5377],[-1.9704,53.5361],[-1.9707,53.5349],[-1.9724,53.5341],[-1.9749,53.5332],[-1.9774,53.5318],[-1.9786,53.5314],[-1.9821,53.5307],[-1.9801,53.5274],[-1.9863,53.5274],[-1.9922,53.5286],[-1.9964,53.5288],[-1.9982,53.5287],[-1.9988,53.5282],[-1.997,53.5221],[-1.9918,53.52],[-1.9883,53.518],[-1.987,53.5167],[-1.9846,53.5162],[-1.9822,53.5153],[-1.9786,53.5146],[-1.9749,53.5134],[-1.972,53.5121],[-1.9683,53.511],[-1.9669,53.5104],[-1.9634,53.5098],[-1.9661,53.5077],[-1.9717,53.5043],[-1.9726,53.5026],[-1.972,53.5003],[-1.9725,53.4991],[-1.9716,53.4977],[-1.9708,53.4953],[-1.9712,53.4937],[-1.9721,53.4928],[-1.9722,53.4915],[-1.9737,53.49],[-1.974,53.4891],[-1.9766,53.4859],[-1.9776,53.4852],[-1.9779,53.4827],[-1.9775,53.4806],[-1.978,53.4794],[-1.9753,53.4771],[-1.9735,53.476],[-1.9714,53.474],[-1.9678,53.4725],[-1.9686,53.4711],[-1.9707,53.4698],[-1.9691,53.4696],[-1.9675,53.469],[-1.965,53.4685],[-1.9608,53.4668],[-1.9563,53.4645],[-1.955,53.4645],[-1.9485,53.4671],[-1.9448,53.4671],[-1.9411,53.4674],[-1.9398,53.4672],[-1.9405,53.4658],[-1.9412,53.4634],[-1.9422,53.4623],[-1.9426,53.4594],[-1.9435,53.4571],[-1.9412,53.4567],[-1.9381,53.4559],[-1.9344,53.4543],[-1.931,53.4523],[-1.9287,53.4502],[-1.9271,53.4481],[-1.9262,53.4465],[-1.9257,53.4449],[-1.9256,53.4425],[-1.9262,53.4398],[-1.927,53.4381],[-1.9289,53.4357],[-1.9304,53.4344],[-1.9339,53.4322],[-1.9368,53.4309],[-1.9415,53.4296],[-1.9464,53.4288],[-1.9508,53.4287],[-1.9536,53.4289],[-1.9569,53.4293],[-1.9605,53.4302],[-1.9631,53.431],[-1.9653,53.432],[-1.9686,53.434],[-1.9703,53.4354],[-1.9716,53.4349],[-1.9728,53.4354],[-1.9749,53.4349],[-1.9789,53.4352],[-1.9809,53.435],[-1.983,53.4351],[-1.9807,53.4333],[-1.9803,53.4316],[-1.981,53.4291],[-1.9788,53.4283],[-1.9771,53.427],[-1.9767,53.4261],[-1.9774,53.425],[-1.9791,53.4236],[-1.9818,53.4218],[-1.9842,53.4211],[-1.9856,53.42],[-1.9879,53.4185],[-1.9875,53.4176],[-1.9875,53.4163],[-1.9879,53.415],[-1.9923,53.4152],[-1.994,53.4132],[-1.9933,53.4119],[-1.994,53.4092],[-1.9948,53.4086],[-1.9964,53.4044],[-1.9969,53.4042],[-1.9987,53.4014],[-1.9951,53.4008],[-1.986,53.3986],[-1.9847,53.3979],[-1.9849,53.3969],[-1.982,53.3963],[-1.9807,53.3963],[-1.9797,53.3959],[-1.9816,53.3946],[-1.9821,53.3938],[-1.9821,53.3922],[-1.983,53.391],[-1.983,53.3888],[-1.9819,53.3871],[-1.9808,53.3869],[-1.9781,53.3872],[-1.9748,53.3868],[-1.9741,53.387],[-1.9722,53.3864],[-1.9716,53.3852],[-1.9708,53.3823],[-1.9696,53.3823],[-1.9686,53.3829],[-1.9656,53.3837],[-1.9637,53.3838],[-1.9621,53.3835],[-1.9586,53.3842],[-1.9563,53.3839],[-1.9555,53.3831],[-1.9529,53.3826],[-1.9516,53.3821],[-1.9485,53.3817],[-1.9455,53.3815],[-1.9446,53.3825],[-1.943,53.3806],[-1.941,53.3813],[-1.9308,53.3821],[-1.9318,53.3812],[-1.9277,53.3797],[-1.9282,53.3792],[-1.9269,53.378],[-1.9251,53.3778],[-1.925,53.3771],[-1.9256,53.3762],[-1.9254,53.3755],[-1.9237,53.3755],[-1.9243,53.3747],[-1.9261,53.3737],[-1.9331,53.3744],[-1.934,53.3747],[-1.9358,53.3746],[-1.9362,53.3738],[-1.9384,53.3744],[-1.9392,53.3741],[-1.9398,53.3729],[-1.937,53.3709],[-1.9382,53.3695],[-1.9398,53.3695],[-1.9407,53.3686],[-1.9438,53.3702],[-1.9479,53.3694],[-1.9494,53.3695],[-1.9506,53.3699],[-1.9524,53.37],[-1.9541,53.3711],[-1.9563,53.373],[-1.9573,53.3725],[-1.9589,53.3724],[-1.9602,53.3716],[-1.9615,53.3703],[-1.9667,53.3669],[-1.9682,53.3661],[-1.9686,53.3654],[-1.9689,53.3611],[-1.9697,53.3594],[-1.9691,53.3578],[-1.9693,53.3571],[-1.9678,53.3548],[-1.9647,53.3512],[-1.9638,53.3507],[-1.9616,53.3478],[-1.9599,53.3474],[-1.9586,53.3467],[-1.9571,53.3463],[-1.9563,53.3452],[-1.9536,53.3444],[-1.9515,53.3444],[-1.9494,53.3441],[-1.9483,53.3433],[-1.9477,53.3423],[-1.9479,53.3416],[-1.947,53.3413],[-1.9411,53.3412],[-1.9398,53.3415],[-1.939,53.3425],[-1.9351,53.3459],[-1.9348,53.3464],[-1.9325,53.3462],[-1.9301,53.3452],[-1.9301,53.3447],[-1.9283,53.3443],[-1.9267,53.3444],[-1.922,53.343],[-1.9207,53.3418],[-1.9197,53.3413],[-1.9164,53.3414],[-1.9155,53.3409],[-1.9155,53.3403],[-1.9144,53.3383],[-1.9134,53.338],[-1.914,53.3357],[-1.911,53.3357],[-1.9099,53.3356],[-1.907,53.3358],[-1.9053,53.3353],[-1.904,53.3339],[-1.9023,53.3329],[-1.8999,53.333],[-1.8994,53.3326],[-1.8995,53.3315],[-1.8983,53.33],[-1.8962,53.3282],[-1.8976,53.3271],[-1.8991,53.3264],[-1.8973,53.3248],[-1.8968,53.3237],[-1.8954,53.3223],[-1.8958,53.3208],[-1.8932,53.3181],[-1.8928,53.3172],[-1.8925,53.3148],[-1.8911,53.3135],[-1.8899,53.3129],[-1.8859,53.312],[-1.8862,53.3106],[-1.8839,53.3069],[-1.8825,53.3065],[-1.8801,53.3052],[-1.8762,53.3064],[-1.8749,53.3053],[-1.8729,53.3078],[-1.8724,53.3081],[-1.8699,53.3073],[-1.8679,53.3095],[-1.8677,53.3114],[-1.8669,53.3112],[-1.8662,53.3121],[-1.8629,53.3112],[-1.8602,53.311],[-1.861,53.3093],[-1.8594,53.3092],[-1.8598,53.3063],[-1.8564,53.306],[-1.8573,53.3044],[-1.8583,53.3031],[-1.8534,53.3029],[-1.8559,53.3004],[-1.8575,53.2996],[-1.8603,53.2976],[-1.8598,53.2967],[-1.8576,53.2967],[-1.8551,53.2954],[-1.8536,53.2934]]]},"properties":{"name":"Peak District","kind":"national_park"},"id":4},
{"type":"Feature","geometry":{"type":"Polygon","coordinates":[[[-1.1233,54.2001],[-1.1196,54.2014],[-1.1176,54.2015],[-1.1131,54.2007],[-1.1114,54.2009],[-1.1072,54.2011],[-1.1047,54.2014],[-1.1002,54.2017],[-1.0982,54.2025],[-1.096,54.2029],[-1.0929,54.2028],[-1.0905,54.2025],[-1.0873,54.2027],[-1.0818,54.2027],[-1.0767,54.2029],[-1.0737,54.2029],[-1.0704,54.2031],[-1.0662,54.2028],[-1.063,54.2027],[-1.0613,54.2026],[-1.0572,54.203],[-1.0547,54.2029],[-1.0519,54.2024],[-1.0495,54.2025],[-1.0448,54.204],[-1.0435,54.2041],[-1.0417,54.2045],[-1.0415,54.2048],[-1.044,54.2058],[-1.0473,54.2064],[-1.053,54.2079],[-1.0613,54.2125],[-1.0609,54.2145],[-1.062,54.2165],[-1.062,54.2172],[-1.0628,54.2185],[-1.0624,54.2206],[-1.0615,54.223],[-1.0621,54.2248],[-1.0604,54.2262],[-1.0607,54.2276],[-1.0599,54.2284],[-1.0594,54.2298],[-1.0586,54.2338],[-1.0573,54.2359],[-1.057,54.2383],[-1.0575,54.2396],[-1.0579,54.2409],[-1.0588,54.2424],[-1.059,54.2436],[-1.0608,54.246],[-1.0618,54.2466],[-1.0587,54.2474],[-1.0561,54.2476],[-1.0486,54.2471],[-1.0451,54.2472],[-1.0431,54.2474],[-1.0353,54.2488],[-1.0317,54.249],[-1.0296,54.2494],[-1.0265,54.2506],[-1.0267,54.2527],[-1.026,54.255],[-1.0259,54.258],[-1.0257,54.2591],[-1.0268,54.2619],[-1.0267,54.2625],[-1.0237,54.2645],[-1.0227,54.2665],[-1.0227,54.2688],[-1.0245,54.2714],[-1.0265,54.2728],[-1.0285,54.2739],[-1.0303,54.2758],[-1.0312,54.2771],[-1.0344,54.2856],[-1.0315,54.2859],[-1.0275,54.2838],[-1.023,54.2843],[-1.0186,54.2847],[-1.0114,54.2864],[-1.0106,54.2868],[-1.0075,54.2877],[-1.0045,54.2881],[-1.0026,54.2887],[-1.0015,54.2866],[-0.9997,54.2843],[-0.9981,54.282],[-0.9939,54.283],[-0.993,54.2822],[-0.9942,54.2809],[-0.993,54.28],[-0.9914,54.2801],[-0.987,54.2763],[-0.9868,54.2755],[-0.9856,54.2741],[-0.9834,54.273],[-0.9817,54.2724],[-0.9777,54.2722],[-0.9744,54.2717],[-0.9752,54.2738],[-0.973,54.2739],[-0.9703,54.2731],[-0.9718,54.2746],[-0.9745,54.2754],[-0.9756,54.2765],[-0.975,54.2773],[-0.9776,54.2787],[-0.9772,54.2835],[-0.9762,54.2863],[-0.9754,54.2872],[-0.9689,54.2893],[-0.9677,54.2898],[-0.9671,54.2914],[-0.9663,54.2922],[-0.9633,54.2945],[-0.9639,54.2951],[-0.9632,54.2957],[-0.9616,54.2965],[-0.9599,54.2979],[-0.958,54.2992],[-0.9535,54.301],[-0.9528,54.3004],[-0.9501,54.2993],[-0.9455,54.2955],[-0.9432,54.2928],[-0.9391,54.2941],[-0.9383,54.294],[-0.9327,54.2908],[-0.928,54.2888],[-0.9259,54.287],[-0.9261,54.2859],[-0.924,54.2838],[-0.9235,54.2814],[-0.9192,54.2796],[-0.9188,54.279],[-0.9171,54.28],[-0.9159,54.28],[-0.9114,54.2769],[-0.9087,54.2761],[-0.9078,54.2745],[-0.9069,54.2738],[-0.9029,54.2751],[-0.9016,54.2746],[-0.8999,54.2733],[-0.899,54.272],[-0.8973,54.2704],[-0.896,54.2686],[-0.8956,54.2667],[-0.8952,54.2664],[-0.8948,54.2648],[-0.8941,54.2642],[-0.8902,54.264],[-0.8863,54.2635],[-0.8824,54.2628],[-0.8786,54.2615],[-0.8761,54.2609],[-0.8722,54.2606],[-0.871,54.2604],[-0.8684,54.2608],[-0.8638,54.2611],[-0.8618,54.2627],[-0.8597,54.2626],[-0.8585,54.262],[-0.858,54.2641],[-0.8559,54.2646],[-0.8552,54.2653],[-0.8562,54.2674],[-0.8574,54.2686],[-0.8564,54.2693],[-0.8568,54.2704],[-0.8559,54.2718],[-0.856,54.2727],[-0.8554,54.2739],[-0.854,54.2749],[-0.8534,54.2758],[-0.853,54.2776],[-0.8531,54.2794],[-0.8503,54.2804],[-0.8489,54.2814],[-0.8475,54.2816],[-0.8449,54.2828],[-0.8451,54.2837],[-0.844,54.285],[-0.8433,54.2868],[-0.8436,54.2875],[-0.843,54.2886],[-0.8414,54.2897],[-0.8409,54.2911],[-0.8415,54.2915],[-0.8417,54.2926],[-0.8384,54.2937],[-0.8367,54.2951],[-0.8355,54.2956],[-0.8353,54.2965],[-0.834,54.2971],[-0.8173,54.2951],[-0.8128,54.2946],[-0.8052,54.2941],[-0.8022,54.2936],[-0.8012,54.2938],[-0.7949,54.2941],[-0.7899,54.295],[-0.7872,54.2957],[-0.7769,54.298],[-0.7746,54.2986],[-0.7734,54.3023],[-0.7726,54.3034],[-0.7724,54.3045],[-0.7728,54.3078],[-0.7727,54.3092],[-0.759,54.3065],[-0.755,54.3067],[-0.7536,54.3062],[-0.7532,54.3053],[-0.7532,54.3028],[-0.7511,54.3003],[-0.7505,54.2987],[-0.7509,54.2957],[-0.751,54.2931],[-0.7501,54.2898],[-0.7504,54.2894],[-0.7546,54.2858],[-0.7554,54.2844],[-0.7601,54.2757],[-0.7641,54.2641],[-0.7646,54.2637],[-0.7689,54.2622],[-0.7696,54.2602],[-0.7688,54.2581],[-0.7697,54.2569],[-0.7687,54.2567],[-0.7673,54.257],[-0.7668,54.258],[-0.7669,54.2591],[-0.7659,54.2597],[-0.7628,54.2602],[-0.7587,54.2602],[-0.7571,54.2598],[-0.7554,54.26],[-0.7529,54.2599],[-0.7503,54.2609],[-0.7492,54.2611],[-0.7444,54.2625],[-0.743,54.2634],[-0.7378,54.2643],[-0.7365,54.2644],[-0.7356,54.2639],[-0.7369,54.2633],[-0.7392,54.2619],[-0.735,54.2566],[-0.7338,54.2552],[-0.7326,54.2547],[-0.7296,54.2536],[-0.7322,54.2519],[-0.7357,54.2505],[-0.737,54.2495],[-0.7402,54.2481],[-0.742,54.2478],[-0.7459,54.2455],[-0.7478,54.2448],[-0.7496,54.2426],[-0.7497,54.242],[-0.7488,54.2414],[-0.7493,54.2399],[-0.7495,54.2383],[-0.7511,54.2329],[-0.7468,54.2321],[-0.7136,54.227],[-0.7108,54.2267],[-0.7062,54.2266],[-0.703,54.2267],[-0.7035,54.2287],[-0.7045,54.2299],[-0.7062,54.2335],[-0.7073,54.2356],[-0.7087,54.2374],[-0.7083,54.238],[-0.7086,54.2395],[-0.7067,54.2421],[-0.7044,54.2442],[-0.7036,54.2444],[-0.6982,54.244],[-0.6964,54.244],[-0.6945,54.2445],[-0.6915,54.2454],[-0.6883,54.2468],[-0.6837,54.2483],[-0.681,54.2493],[-0.6784,54.249],[-0.6759,54.2492],[-0.6713,54.2502],[-0.6654,54.2523],[-0.6616,54.254],[-0.656,54.2562],[-0.6545,54.2561],[-0.652,54.2594],[-0.6467,54.2642],[-0.6333,54.2755],[-0.6323,54.2766],[-0.6278,54.2763],[-0.6277,54.2752],[-0.6259,54.2734],[-0.6251,54.2723],[-0.6152,54.2714],[-0.6122,54.2711],[-0.5963,54.2686],[-0.5944,54.2689],[-0.5917,54.27],[-0.5884,54.2711],[-0.5867,54.2686],[-0.581,54.2694],[-0.5789,54.2696],[-0.5789,54.2688],[-0.5777,54.2658],[-0.5766,54.2644],[-0.5753,54.2636],[-0.5708,54.2616],[-0.5643,54.2596],[-0.5635,54.2593],[-0.5606,54.2554],[-0.557,54.2525],[-0.5542,54.2517],[-0.5528,54.2504],[-0.5471,54.2462],[-0.5462,54.2463],[-0.5414,54.243],[-0.5425,54.2421],[-0.5382,54.2386],[-0.5377,54.238],[-0.5346,54.2364],[-0.5335,54.2361],[-0.5323,54.2352],[-0.5302,54.2361],[-0.5252,54.2376],[-0.522,54.2382],[-0.5081,54.2395],[-0.5058,54.2398],[-0.5026,54.2406],[-0.5005,54.2413],[-0.4973,54.2427],[-0.4921,54.2457],[-0.4902,54.2465],[-0.4864,54.2476],[-0.4817,54.2483],[-0.4807,54.2487],[-0.4802,54.2498],[-0.4792,54.2509],[-0.4793,54.2541],[-0.4786,54.2559],[-0.4769,54.2584],[-0.475,54.2598],[-0.4745,54.2605],[-0.4711,54.2644],[-0.469,54.2659],[-0.463,54.2725],[-0.4614,54.2737],[-0.4582,54.2756],[-0.4551,54.2771],[-0.4529,54.2776],[-0.4527,54.2799],[-0.4517,54.2817],[-0.4495,54.2837],[-0.4505,54.285],[-0.4518,54.2856],[-0.4519,54.2865],[-0.4508,54.2903],[-0.4477,54.294],[-0.4494,54.2957],[-0.4506,54.296],[-0.4519,54.2977],[-0.4558,54.2984],[-0.4613,54.2983],[-0.4626,54.2979],[-0.4706,54.315],[-0.4662,54.3185],[-0.4662,54.3189],[-0.469,54.3231],[-0.4703,54.3255],[-0.4716,54.3272],[-0.4734,54.3289],[-0.4733,54.3302],[-0.474,54.3312],[-0.4739,54.3326],[-0.4745,54.3331],[-0.465,54.3371],[-0.4612,54.3388],[-0.4593,54.3405],[-0.4565,54.3407],[-0.4526,54.3391],[-0.4512,54.3383],[-0.4486,54.3379],[-0.4433,54.3388],[-0.4444,54.3364],[-0.4457,54.3328],[-0.4452,54.3327],[-0.443,54.3283],[-0.4411,54.3265],[-0.4356,54.3284],[-0.4325,54.3291],[-0.4319,54.3287],[-0.4281,54.3298],[-0.4258,54.3307],[-0.4193,54.3322],[-0.4195,54.3332],[-0.4203,54.3344],[-0.4203,54.3357],[-0.421,54.3377],[-0.4236,54.3398],[-0.429,54.3406],[-0.4312,54.3403],[-0.432,54.3407],[-0.4309,54.3421],[-0.4303,54.3444],[-0.4308,54.347],[-0.4319,54.3481],[-0.4327,54.3504],[-0.4343,54.352],[-0.4353,54.3527],[-0.437,54.3547],[-0.4367,54.355],[-0.4377,54.3564],[-0.439,54.3573],[-0.4414,54.3578],[-0.4437,54.3579],[-0.4451,54.3585],[-0.4457,54.3592],[-0.4451,54.3603],[-0.4449,54.3626],[-0.4453,54.3633],[-0.4451,54.3643],[-0.4463,54.3662],[-0.4458,54.3675],[-0.4467,54.3681],[-0.448,54.3713],[-0.4497,54.3736],[-0.4505,54.3739],[-0.4532,54.3757],[-0.4563,54.3802],[-0.4575,54.3823],[-0.4599,54.3845],[-0.462,54.3875],[-0.4632,54.3895],[-0.4663,54.392],[-0.4668,54.3922],[-0.4686,54.3941],[-0.4691,54.3953],[-0.4703,54.3969],[-0.474,54.3986],[-0.4743,54.3996],[-0.4757,54.4],[-0.4771,54.3993],[-0.4778,54.3994],[-0.4807,54.4011],[-0.4815,54.402],[-0.4835,54.4028],[-0.4846,54.4041],[-0.4871,54.4057],[-0.4892,54.4075],[-0.4895,54.4081],[-0.4919,54.4091],[-0.491,54.411],[-0.4927,54.4108],[-0.4951,54.4088],[-0.4984,54.4088],[-0.5007,54.4083],[-0.5027,54.4084],[-0.5034,54.4094],[-0.5023,54.4095],[-0.504,54.4108],[-0.5039,54.4115],[-0.5058,54.412],[-0.5096,54.4119],[-0.513,54.413],[-0.5144,54.414],[-0.5132,54.4147],[-0.516,54.4165],[-0.5175,54.4159],[-0.5193,54.4162],[-0.5218,54.4175],[-0.5237,54.4192],[-0.5233,54.4201],[-0.5235,54.4214],[-0.5244,54.4225],[-0.5244,54.4237],[-0.5254,54.4244],[-0.5267,54.4237],[-0.5282,54.4247],[-0.529,54.4263],[-0.5283,54.4276],[-0.5284,54.4283],[-0.5265,54.4293],[-0.5251,54.4296],[-0.526,54.4309],[-0.5257,54.4315],[-0.5264,54.4321],[-0.5289,54.4319],[-0.5272,54.4328],[-0.5274,54.4333],[-0.5297,54.4334],[-0.5295,54.4341],[-0.5284,54.4346],[-0.5291,54.4353],[-0.5277,54.4359],[-0.5244,54.4385],[-0.5232,54.4389],[-0.5219,54.4403],[-0.5204,54.4408],[-0.5198,54.4426],[-0.5202,54.4437],[-0.5198,54.4448],[-0.5204,54.447],[-0.521,54.4479],[-0.5238,54.4483],[-0.5234,54.4496],[-0.5249,54.45],[-0.5264,54.4519],[-0.5276,54.4515],[-0.5285,54.4519],[-0.5312,54.4523],[-0.5319,54.4536],[-0.5316,54.4545],[-0.5326,54.4559],[-0.5337,54.4562],[-0.5359,54.4558],[-0.5367,54.4563],[-0.5381,54.4564],[-0.5379,54.4573],[-0.5403,54.4586],[-0.5413,54.4599],[-0.5438,54.4604],[-0.5434,54.4617],[-0.545,54.4622],[-0.5462,54.4617],[-0.5475,54.4623],[-0.5496,54.4616],[-0.5496,54.4624],[-0.5511,54.4632],[-0.5531,54.4636],[-0.5542,54.465],[-0.5565,54.4654],[-0.5572,54.4671],[-0.5588,54.4682],[-0.5588,54.4696],[-0.5599,54.4709],[-0.5614,54.4732],[-0.5626,54.4744],[-0.564,54.4764],[-0.5654,54.4776],[-0.568,54.4793],[-0.5693,54.4809],[-0.5724,54.4828],[-0.5759,54.4842],[-0.5779,54.4848],[-0.5798,54.4844],[-0.5825,54.4843],[-0.5864,54.4855],[-0.5849,54.4867],[-0.5832,54.487],[-0.5832,54.4874],[-0.5876,54.49],[-0.5886,54.4902],[-0.5893,54.4893],[-0.5906,54.4891],[-0.5919,54.4895],[-0.5944,54.4866],[-0.5944,54.4843],[-0.5952,54.4813],[-0.6011,54.479],[-0.5994,54.4772],[-0.5982,54.474],[-0.5984,54.4729],[-0.5978,54.4716],[-0.5962,54.471],[-0.5994,54.4678],[-0.5992,54.4672],[-0.6003,54.4648],[-0.6009,54.4642],[-0.6074,54.4655],[-0.608,54.4654],[-0.6095,54.4664],[-0.6123,54.4673],[-0.6136,54.4685],[-0.6161,54.4689],[-0.6181,54.4697],[-0.6199,54.47],[-0.6209,54.4712],[-0.6225,54.4716],[-0.6233,54.4707],[-0.6253,54.4697],[-0.6271,54.4694],[-0.6328,54.469],[-0.634,54.4684],[-0.6349,54.4672],[-0.6361,54.4663],[-0.6384,54.4664],[-0.6402,54.4662],[-0.642,54.4656],[-0.6449,54.4649],[-0.6473,54.4639],[-0.6499,54.4634],[-0.6512,54.4625],[-0.6523,54.4622],[-0.6587,54.4614],[-0.6605,54.4613],[-0.6613,54.4606],[-0.6605,54.4602],[-0.6613,54.4594],[-0.6593,54.4588],[-0.6596,54.4574],[-0.6574,54.4556],[-0.6556,54.4552],[-0.6567,54.4536],[-0.6561,54.4522],[-0.6593,54.4522],[-0.6637,54.4508],[-0.6658,54.4505],[-0.6659,54.4498],[-0.669,54.4484],[-0.6713,54.4479],[-0.6732,54.4477],[-0.6736,54.4487],[-0.6752,54.4507],[-0.6753,54.4515],[-0.6746,54.4523],[-0.6757,54.4543],[-0.6743,54.455],[-0.6737,54.4542],[-0.6717,54.4541],[-0.6701,54.4548],[-0.6705,54.457],[-0.6718,54.4579],[-0.6702,54.4586],[-0.6685,54.4589],[-0.6686,54.4604],[-0.6677,54.4609],[-0.6646,54.4614],[-0.6635,54.4634],[-0.6698,54.4676],[-0.6663,54.4696],[-0.6652,54.4708],[-0.6633,54.4703],[-0.662,54.4715],[-0.6608,54.4722],[-0.6599,54.4721],[-0.6592,54.4748],[-0.6595,54.4771],[-0.655,54.4784],[-0.6508,54.4793],[-0.6498,54.4802],[-0.6484,54.4809],[-0.6505,54.4824],[-0.6501,54.4848],[-0.6483,54.4864],[-0.6444,54.4902],[-0.644,54.4913],[-0.6455,54.4911],[-0.6481,54.4915],[-0.649,54.4907],[-0.6517,54.4915],[-0.6543,54.492],[-0.6561,54.4922],[-0.6574,54.4918],[-0.6622,54.4922],[-0.6634,54.4925],[-0.6624,54.4933],[-0.6626,54.4956],[-0.6642,54.4966],[-0.6663,54.4971],[-0.6692,54.4946],[-0.673,54.4981],[-0.6724,54.4988],[-0.6728,54.4999],[-0.6762,54.5021],[-0.6786,54.5031],[-0.679,54.504],[-0.6769,54.5047],[-0.6775,54.5066],[-0.6737,54.5066],[-0.6723,54.5076],[-0.6723,54.5085],[-0.6731,54.5092],[-0.673,54.5105],[-0.6713,54.5114],[-0.672,54.5127],[-0.6747,54.5131],[-0.6764,54.5137],[-0.6774,54.5149],[-0.6762,54.516],[-0.6765,54.517],[-0.6784,54.5174],[-0.6787,54.5195],[-0.6782,54.5199],[-0.6816,54.5209],[-0.6845,54.5209],[-0.6868,54.5214],[-0.6874,54.5212],[-0.6892,54.522],[-0.6907,54.5217],[-0.6922,54.521],[-0.6935,54.5224],[-0.6967,54.5238],[-0.6976,54.5249],[-0.6997,54.5262],[-0.7029,54.5275],[-0.7023,54.528],[-0.7036,54.5297],[-0.7044,54.5301],[-0.7054,54.5315],[-0.7054,54.5326],[-0.7046,54.5331],[-0.7066,54.5343],[-0.7082,54.5346],[-0.7099,54.5341],[-0.7113,54.5347],[-0.7139,54.5355],[-0.7149,54.5349],[-0.7158,54.5354],[-0.7181,54.5359],[-0.7192,54.5354],[-0.718,54.5347],[-0.7188,54.5339],[-0.7182,54.5321],[-0.7199,54.5319],[-0.7214,54.5311],[-0.7231,54.5316],[-0.7257,54.5318],[-0.7274,54.5315],[-0.7309,54.5297],[-0.7327,54.5298],[-0.7385,54.5292],[-0.7398,54.5287],[-0.7411,54.5288],[-0.7421,54.5285],[-0.7448,54.5291],[-0.7466,54.531],[-0.748,54.532],[-0.7483,54.5332],[-0.7461,54.5343],[-0.7447,54.5361],[-0.7441,54.5375],[-0.7458,54.5382],[-0.7464,54.5389],[-0.7479,54.5391],[-0.7475,54.5399],[-0.7489,54.5408],[-0.75,54.5423],[-0.7501,54.5432],[-0.7517,54.544],[-0.7537,54.5446],[-0.7588,54.5451],[-0.7609,54.5446],[-0.7615,54.5455],[-0.7629,54.5468],[-0.7657,54.547],[-0.7663,54.5477],[-0.7658,54.5483],[-0.7643,54.5486],[-0.764,54.5502],[-0.7651,54.5511],[-0.767,54.5516],[-0.767,54.5524],[-0.7704,54.554],[-0.771,54.5538],[-0.7728,54.5553],[-0.7715,54.556],[-0.7718,54.5571],[-0.7724,54.5577],[-0.7737,54.5579],[-0.7737,54.5586],[-0.7776,54.5586],[-0.7791,54.5588],[-0.7799,54.5598],[-0.7807,54.5599],[-0.7804,54.5614],[-0.7817,54.5613],[-0.7832,54.5622],[-0.7843,54.5619],[-0.7868,54.5597],[-0.7897,54.5602],[-0.7896,54.5613],[-0.7904,54.5626],[-0.7911,54.5626],[-0.7918,54.5615],[-0.7957,54.5615],[-0.7975,54.5608],[-0.799,54.5607],[-0.8,54.5613],[-0.8018,54.5607],[-0.8025,54.5612],[-0.8056,54.5609],[-0.8072,54.56],[-0.8098,54.5609],[-0.8098,54.5616],[-0.8116,54.5618],[-0.8139,54.5625],[-0.8164,54.5628],[-0.8175,54.5634],[-0.821,54.5631],[-0.823,54.5623],[-0.8234,54.5631],[-0.8248,54.5635],[-0.8262,54.5647],[-0.8281,54.5656],[-0.8293,54.5667],[-0.832,54.5673],[-0.8335,54.568],[-0.8347,54.5681],[-0.8379,54.5689],[-0.8412,54.5694],[-0.8451,54.571],[-0.8464,54.571],[-0.8485,54.5715],[-0.8517,54.5685],[-0.8541,54.5652],[-0.8564,54.5614],[-0.8573,54.5589],[-0.8582,54.5552],[-0.8589,54.554],[-0.8596,54.5535],[-0.8598,54.5521],[-0.8607,54.552],[-0.8616,54.5505],[-0.8595,54.5484],[-0.8606,54.5469],[-0.8604,54.5461],[-0.8613,54.5452],[-0.8617,54.5441],[-0.8575,54.5387],[-0.8568,54.5372],[-0.8571,54.5361],[-0.8583,54.5335],[-0.8598,54.5314],[-0.865,54.5325],[-0.8688,54.5335],[-0.8705,54.5325],[-0.8752,54.5315],[-0.8773,54.5314],[-0.8814,54.5324],[-0.8846,54.5328],[-0.8883,54.5319],[-0.8889,54.5297],[-0.8912,54.5281],[-0.9002,54.5289],[-0.8994,54.527],[-0.8973,54.5244],[-0.896,54.522],[-0.9069,54.5205],[-0.9115,54.5203],[-0.911,54.5189],[-0.9143,54.5186],[-0.9147,54.5193],[-0.9158,54.5197],[-0.9168,54.5193],[-0.9182,54.518],[-0.919,54.5177],[-0.9203,54.5161],[-0.9204,54.5141],[-0.9218,54.5149],[-0.9234,54.515],[-0.9257,54.5155],[-0.9298,54.516],[-0.9337,54.5161],[-0.9365,54.5156],[-0.9363,54.5119],[-0.9347,54.5079],[-0.9346,54.5072],[-0.9459,54.5091],[-0.9471,54.5097],[-0.9481,54.5106],[-0.9495,54.5113],[-0.9491,54.5123],[-0.9512,54.5136],[-0.9575,54.5154],[-0.9607,54.5167],[-0.9647,54.5178],[-0.9672,54.5189],[-0.9721,54.5207],[-0.9747,54.5218],[-0.9788,54.5232],[-0.9864,54.5249],[-0.9877,54.526],[-0.9885,54.5273],[-0.9903,54.527],[-0.9925,54.5244],[-0.9932,54.5238],[-0.9947,54.524],[-0.996,54.5258],[-1.0006,54.531],[-1.0052,54.5327],[-1.0086,54.533],[-1.0091,54.5338],[-1.0108,54.534],[-1.0146,54.5337],[-1.0202,54.5338],[-1.0232,54.5334],[-1.023,54.5328],[-1.0207,54.5315],[-1.0215,54.5307],[-1.0204,54.5284],[-1.0223,54.5275],[-1.0269,54.5263],[-1.0312,54.526],[-1.0335,54.5255],[-1.0378,54.5253],[-1.039,54.5255],[-1.0413,54.5252],[-1.0436,54.5242],[-1.0444,54.5241],[-1.0489,54.5228],[-1.0527,54.5222],[-1.055,54.5225],[-1.0572,54.5232],[-1.0619,54.5252],[-1.0642,54.5258],[-1.0663,54.5258],[-1.0697,54.5254],[-1.0811,54.5243],[-1.0844,54.5244],[-1.0868,54.525],[-1.0912,54.5274],[-1.0937,54.5282],[-1.0964,54.5287],[-1.0999,54.529],[-1.1009,54.5278],[-1.1026,54.5265],[-1.1053,54.5251],[-1.1067,54.5236],[-1.1065,54.5225],[-1.107,54.5211],[-1.1114,54.5187],[-1.1124,54.5175],[-1.1155,54.5147],[-1.1199,54.5103],[-1.1208,54.5079],[-1.1232,54.5052],[-1.1247,54.5045],[-1.1287,54.503],[-1.1264,54.4985],[-1.1241,54.4957],[-1.1208,54.4932],[-1.1164,54.4903],[-1.1098,54.4856],[-1.1081,54.484],[-1.1068,54.482],[-1.1055,54.4779],[-1.1047,54.476],[-1.1013,54.4708],[-1.0999,54.4691],[-1.0971,54.4665],[-1.0941,54.4647],[-1.0908,54.4636],[-1.0895,54.463],[-1.0888,54.4617],[-1.0897,54.4603],[-1.0946,54.4565],[-1.0969,54.4553],[-1.1,54.4545],[-1.1029,54.4543],[-1.1092,54.4548],[-1.1108,54.4546],[-1.1113,54.4537],[-1.111,54.4526],[-1.1113,54.4508],[-1.1105,54.4498],[-1.109,54.4474],[-1.11,54.4465],[-1.1077,54.4451],[-1.1047,54.444],[-1.104,54.4415],[-1.1058,54.4398],[-1.1057,54.4375],[-1.1072,54.4367],[-1.1087,54.4354],[-1.1106,54.4344],[-1.1112,54.4335],[-1.1099,54.4324],[-1.1096,54.4315],[-1.1098,54.4292],[-1.1094,54.4285],[-1.1099,54.4276],[-1.1125,54.4282],[-1.1145,54.4284],[-1.1167,54.4291],[-1.1203,54.4307],[-1.1217,54.4318],[-1.1249,54.4319],[-1.1286,54.4319],[-1.1309,54.4308],[-1.1337,54.4306],[-1.1441,54.43],[-1.1449,54.4307],[-1.1471,54.4304],[-1.1526,54.4301],[-1.1571,54.4297],[-1.1604,54.4301],[-1.1616,54.4299],[-1.1652,54.4298],[-1.1678,54.4304],[-1.1717,54.4307],[-1.1742,54.4304],[-1.1769,54.4295],[-1.1791,54.4296],[-1.1815,54.4294],[-1.1869,54.4287],[-1.1933,54.4277],[-1.1961,54.4274],[-1.1952,54.4282],[-1.1953,54.429],[-1.1968,54.4293],[-1.1978,54.4307],[-1.1992,54.4303],[-1.202,54.4302],[-1.2026,54.4315],[-1.2044,54.4336],[-1.2055,54.4344],[-1.2102,54.433],[-1.2145,54.4379],[-1.2154,54.439],[-1.2173,54.439],[-1.2203,54.4388],[-1.2219,54.4386],[-1.2229,54.4387],[-1.2241,54.4396],[-1.2254,54.4388],[-1.2322,54.4369],[-1.2349,54.4359],[-1.239,54.4338],[-1.2422,54.4327],[-1.2471,54.4287],[-1.2504,54.4249],[-1.2539,54.4216],[-1.2571,54.4194],[-1.261,54.4172],[-1.2672,54.4146],[-1.2729,54.4129],[-1.2825,54.4109],[-1.2851,54.41],[-1.2873,54.4095],[-1.2894,54.4078],[-1.2938,54.4064],[-1.2957,54.4055],[-1.2985,54.4037],[-1.2998,54.4032],[-1.3034,54.4027],[-1.3064,54.4014],[-1.3079,54.4004],[-1.31,54.3983],[-1.3117,54.3971],[-1.3123,54.3961],[-1.3126,54.3936],[-1.3152,54.3905],[-1.3164,54.3896],[-1.3181,54.3861],[-1.3187,54.3846],[-1.3203,54.3822],[-1.3208,54.3803],[-1.3206,54.3778],[-1.3206,54.3724],[-1.3209,54.3698],[-1.3208,54.3677],[-1.3216,54.3666],[-1.3235,54.3655],[-1.3224,54.3651],[-1.3202,54.3653],[-1.3192,54.3658],[-1.3183,54.3651],[-1.3162,54.365],[-1.3153,54.3631],[-1.3127,54.3631],[-1.311,54.3627],[-1.3095,54.3632],[-1.3069,54.3636],[-1.3064,54.3626],[-1.3018,54.3632],[-1.2999,54.3629],[-1.303,54.3615],[-1.3032,54.3602],[-1.3054,54.3584],[-1.3061,54.3568],[-1.3089,54.3524],[-1.3099,54.3514],[-1.3117,54.3502],[-1.3129,54.35],[-1.3174,54.3501],[-1.3191,54.3499],[-1.3201,54.3503],[-1.3268,54.3505],[-1.3278,54.3504],[-1.3284,54.3487],[-1.33,54.3462],[-1.3297,54.344],[-1.3288,54.3427],[-1.3272,54.3418],[-1.3268,54.3412],[-1.3252,54.3412],[-1.3248,54.3388],[-1.3252,54.3379],[-1.3243,54.3366],[-1.3251,54.3359],[-1.324,54.3354],[-1.32,54.3351],[-1.317,54.3343],[-1.3151,54.3351],[-1.3128,54.3349],[-1.3107,54.3335],[-1.3088,54.3325],[-1.3068,54.3324],[-1.307,54.3299],[-1.3066,54.3292],[-1.3071,54.3285],[-1.3092,54.3271],[-1.3115,54.3266],[-1.3119,54.3258],[-1.3104,54.3245],[-1.3068,54.3253],[-1.3045,54.3254],[-1.3018,54.3246],[-1.2994,54.3247],[-1.2971,54.3253],[-1.292,54.3246],[-1.2892,54.3235],[-1.2841,54.3203],[-1.2834,54.3192],[-1.2807,54.3192],[-1.2805,54.3187],[-1.2813,54.3174],[-1.2807,54.3159],[-1.2797,54.315],[-1.2782,54.3124],[-1.2787,54.312],[-1.2814,54.3116],[-1.2834,54.3109],[-1.2863,54.3101],[-1.2895,54.3099],[-1.2913,54.3101],[-1.295,54.3094],[-1.2961,54.3087],[-1.2975,54.3083],[-1.297,54.3068],[-1.2961,54.3054],[-1.2964,54.303],[-1.2956,54.3025],[-1.293,54.3024],[-1.2894,54.3027],[-1.2857,54.3023],[-1.2858,54.3017],[-1.2842,54.3016],[-1.2822,54.3019],[-1.282,54.3007],[-1.2809,54.3],[-1.282,54.2991],[-1.2829,54.2975],[-1.2831,54.2948],[-1.2816,54.289],[-1.2814,54.2868],[-1.2816,54.2857],[-1.2809,54.2834],[-1.281,54.2815],[-1.2802,54.2796],[-1.2828,54.2784],[-1.2827,54.2773],[-1.2819,54.2759],[-1.2821,54.2745],[-1.2816,54.2736],[-1.2797,54.2735],[-1.2773,54.2737],[-1.2757,54.273],[-1.2733,54.2723],[-1.271,54.2704],[-1.2706,54.2695],[-1.2694,54.2687],[-1.2667,54.2677],[-1.2653,54.2684],[-1.2621,54.2687],[-1.2584,54.2699],[-1.2569,54.2706],[-1.256,54.2716],[-1.2535,54.2725],[-1.2534,54.272],[-1.2517,54.2705],[-1.2515,54.2693],[-1.2505,54.2679],[-1.2502,54.2662],[-1.248,54.2636],[-1.247,54.2622],[-1.2468,54.2604],[-1.2471,54.2585],[-1.2504,54.2585],[-1.2499,54.2575],[-1.2471,54.2553],[-1.2467,54.2541],[-1.2471,54.2531],[-1.2481,54.2521],[-1.2478,54.25],[-1.2463,54.2485],[-1.2434,54.2484],[-1.2412,54.2472],[-1.2371,54.2462],[-1.237,54.2445],[-1.2359,54.2416],[-1.2353,54.2392],[-1.2345,54.2373],[-1.2323,54.2365],[-1.2315,54.2352],[-1.2316,54.2336],[-1.229,54.2341],[-1.228,54.2327],[-1.2274,54.2308],[-1.2251,54.2302],[-1.225,54.2295],[-1.228,54.2293],[-1.2312,54.2288],[-1.2347,54.2275],[-1.2351,54.2268],[-1.2347,54.2257],[-1.2361,54.222],[-1.2368,54.221],[-1.2377,54.2207],[-1.2385,54.2187],[-1.236,54.2176],[-1.2329,54.2157],[-1.2299,54.2143],[-1.2282,54.213],[-1.2244,54.2117],[-1.2223,54.2116],[-1.2206,54.2109],[-1.2187,54.2106],[-1.2164,54.2106],[-1.2152,54.2104],[-1.2141,54.2094],[-1.2137,54.208],[-1.2126,54.2072],[-1.2102,54.2042],[-1.2089,54.2033],[-1.2082,54.2021],[-1.2065,54.2001],[-1.2038,54.1983],[-1.2027,54.1972],[-1.2009,54.1963],[-1.2004,54.1957],[-1.1982,54.1947],[-1.1969,54.1936],[-1.1952,54.1929],[-1.1936,54.1917],[-1.1923,54.1915],[-1.1942,54.1879],[-1.1943,54.1871],[-1.1912,54.1881],[-1.1914,54.1853],[-1.1901,54.186],[-1.1871,54.187],[-1.1881,54.1846],[-1.1894,54.184],[-1.1893,54.183],[-1.1771,54.1871],[-1.1746,54.1878],[-1.173,54.1882],[-1.1685,54.1889],[-1.166,54.1891],[-1.1617,54.1893],[-1.161,54.1911],[-1.1601,54.1917],[-1.1569,54.1947],[-1.1556,54.1965],[-1.1532,54.1965],[-1.1495,54.1969],[-1.1486,54.1966],[-1.1428,54.196],[-1.1415,54.1973],[-1.1402,54.198],[-1.1387,54.1981],[-1.1383,54.1974],[-1.134,54.1966],[-1.1317,54.1971],[-1.1277,54.1976],[-1.126,54.1984],[-1.1233,54.2001]]]},"properties":{"name":"North York Moors","kind":"national_park"},"id":5},
{"type":"Feature","geometry":{"type":"Polygon","coordinates":[[[-2.8272,54.2196],[-2.827,54.2197],[-2.8265,54.2199],[-2.8225,54.2207],[-2.8214,54.2211],[-2.8213,54.2211],[-2.821,54.2211],[-2.8202,54.2211],[-2.8168,54.2206],[-2.8155,54.2205],[-2.8119,54.2208],[-2.8108,54.2212],[-2.8101,54.2215],[-2.81,54.2216],[-2.8093,54.222],[-2.8066,54.2241],[-2.8057,54.225],[-2.8048,54.2261],[-2.8045,54.2269],[-2.8042,54.2276],[-2.8041,54.2278],[-2.8039,54.2299],[-2.8039,54.2329],[-2.8031,54.2344],[-2.8011,54.2365],[-2.7993,54.2379],[-2.7981,54.2396],[-2.7976,54.2416],[-2.7986,54.2432],[-2.801,54.2456],[-2.8037,54.2445],[-2.8055,54.2436],[-2.8083,54.2427],[-2.8103,54.2428],[-2.813,54.2436],[-2.8143,54.2451],[-2.8148,54.2469],[-2.8148,54.2481],[-2.8138,54.2497],[-2.8119,54.2504],[-2.8082,54.2508],[-2.8074,54.2513],[-2.8089,54.2527],[-2.8091,54.2539],[-2.8106,54.2551],[-2.8149,54.2564],[-2.8131,54.2568],[-2.8119,54.2575],[-2.812,54.2582],[-2.813,54.2587],[-2.8126,54.2602],[-2.8143,54.2623],[-2.8126,54.2629],[-2.8122,54.2641],[-2.8096,54.2639],[-2.8086,54.2649],[-2.8074,54.2653],[-2.8052,54.2654],[-2.7977,54.265],[-2.7949,54.2647],[-2.7935,54.2647],[-2.7914,54.2698],[-2.7911,54.2709],[-2.7912,54.2724],[-2.7909,54.2735],[-2.7917,54.2744],[-2.7911,54.2792],[-2.7903,54.2791],[-2.7904,54.2779],[-2.7885,54.2769],[-2.7886,54.2759],[-2.7868,54.2744],[-2.7847,54.273],[-2.782,54.2733],[-2.7791,54.2733],[-2.7721,54.2749],[-2.7713,54.2759],[-2.7695,54.2774],[-2.7693,54.2788],[-2.7673,54.2796],[-2.7679,54.2834],[-2.7677,54.285],[-2.768,54.2863],[-2.7674,54.2891],[-2.7663,54.2907],[-2.7639,54.2925],[-2.7636,54.293],[-2.7675,54.2937],[-2.7681,54.2943],[-2.7693,54.2947],[-2.7688,54.2965],[-2.7699,54.2974],[-2.7688,54.2979],[-2.7677,54.2989],[-2.7669,54.3003],[-2.7705,54.3005],[-2.7713,54.3001],[-2.7716,54.3027],[-2.7715,54.3046],[-2.7721,54.3057],[-2.7721,54.3076],[-2.7709,54.3089],[-2.7716,54.3102],[-2.7696,54.3128],[-2.7681,54.3137],[-2.7672,54.3155],[-2.7671,54.3195],[-2.7661,54.3204],[-2.7677,54.3219],[-2.7657,54.3226],[-2.7654,54.3247],[-2.765,54.3254],[-2.766,54.3264],[-2.7633,54.3275],[-2.7658,54.3294],[-2.7667,54.3305],[-2.7678,54.3324],[-2.7673,54.3329],[-2.7657,54.3325],[-2.7622,54.3346],[-2.7608,54.3347],[-2.7655,54.3372],[-2.7642,54.3389],[-2.7655,54.3396],[-2.7689,54.3418],[-2.7699,54.3422],[-2.7713,54.3432],[-2.7737,54.3442],[-2.7748,54.3457],[-2.7743,54.347],[-2.776,54.3485],[-2.7767,54.3495],[-2.7801,54.3521],[-2.7814,54.3526],[-2.7832,54.3537],[-2.7844,54.3548],[-2.7853,54.3567],[-2.7865,54.3577],[-2.7909,54.3588],[-2.7931,54.3601],[-2.7936,54.3614],[-2.7944,54.3622],[-2.7977,54.3641],[-2.7943,54.3667],[-2.7879,54.3693],[-2.7914,54.3711],[-2.7938,54.3745],[-2.7934,54.3755],[-2.7894,54.3754],[-2.7878,54.375],[-2.7854,54.3749],[-2.782,54.3736],[-2.7808,54.3727],[-2.7794,54.372],[-2.7791,54.3711],[-2.7781,54.3707],[-2.7765,54.3691],[-2.7743,54.3688],[-2.7734,54.3698],[-2.7736,54.3709],[-2.7726,54.3729],[-2.7708,54.3739],[-2.768,54.374],[-2.7659,54.3743],[-2.7642,54.3736],[-2.7578,54.3733],[-2.7528,54.3742],[-2.7511,54.3751],[-2.7495,54.3755],[-2.7471,54.3757],[-2.7453,54.3754],[-2.7422,54.3755],[-2.7411,54.3764],[-2.7401,54.3779],[-2.7377,54.3799],[-2.737,54.3814],[-2.7359,54.3827],[-2.7355,54.3837],[-2.7351,54.3858],[-2.7343,54.3864],[-2.7334,54.3857],[-2.7305,54.3874],[-2.7295,54.3869],[-2.7271,54.3892],[-2.7233,54.3919],[-2.7201,54.3927],[-2.7147,54.3961],[-2.7115,54.3971],[-2.7104,54.3976],[-2.7083,54.3997],[-2.708,54.4018],[-2.7068,54.4032],[-2.7049,54.403],[-2.7042,54.4026],[-2.7021,54.4027],[-2.7009,54.4018],[-2.7001,54.4007],[-2.6992,54.4006],[-2.6982,54.3994],[-2.6971,54.3994],[-2.6944,54.3988],[-2.6924,54.399],[-2.6905,54.3981],[-2.6901,54.3998],[-2.6874,54.4],[-2.6867,54.3984],[-2.6866,54.3972],[-2.6853,54.3947],[-2.6825,54.3934],[-2.6811,54.3908],[-2.679,54.3892],[-2.6785,54.3875],[-2.6754,54.3865],[-2.6746,54.3858],[-2.6733,54.386],[-2.675,54.3831],[-2.6739,54.381],[-2.6716,54.3795],[-2.6656,54.3778],[-2.6636,54.3779],[-2.6623,54.3777],[-2.6618,54.377],[-2.6603,54.377],[-2.6579,54.3753],[-2.653,54.3736],[-2.6502,54.3736],[-2.6487,54.3729],[-2.6485,54.3721],[-2.645,54.372],[-2.642,54.3715],[-2.6406,54.3714],[-2.641,54.3704],[-2.6395,54.3706],[-2.6367,54.3704],[-2.6344,54.3705],[-2.6289,54.3711],[-2.6261,54.3723],[-2.6213,54.374],[-2.6182,54.3759],[-2.6169,54.3772],[-2.6163,54.3774],[-2.6117,54.3764],[-2.6107,54.3765],[-2.6028,54.3786],[-2.6014,54.3793],[-2.599,54.3783],[-2.5913,54.378],[-2.5898,54.3773],[-2.5885,54.3772],[-2.5852,54.3775],[-2.5837,54.3772],[-2.5834,54.3791],[-2.5828,54.3804],[-2.5827,54.3825],[-2.5861,54.3856],[-2.5897,54.3878],[-2.5919,54.389],[-2.5945,54.3912],[-2.6012,54.3958],[-2.6027,54.3973],[-2.6038,54.3989],[-2.605,54.401],[-2.6054,54.401],[-2.6057,54.4055],[-2.6067,54.4069],[-2.6062,54.4082],[-2.6038,54.4098],[-2.6023,54.4124],[-2.6018,54.4139],[-2.6019,54.4168],[-2.6007,54.4177],[-2.6006,54.4191],[-2.6,54.4206],[-2.6002,54.4218],[-2.6008,54.4229],[-2.6019,54.4258],[-2.6021,54.428],[-2.6018,54.429],[-2.6004,54.4323],[-2.5995,54.4331],[-2.6013,54.4357],[-2.6028,54.4369],[-2.6053,54.4386],[-2.6069,54.4392],[-2.6107,54.4421],[-2.6145,54.4419],[-2.6182,54.4424],[-2.6177,54.4443],[-2.619,54.4445],[-2.6206,54.4455],[-2.6221,54.4458],[-2.6208,54.4468],[-2.6207,54.4477],[-2.6198,54.449],[-2.6219,54.45],[-2.6225,54.4506],[-2.6226,54.4518],[-2.6236,54.4528],[-2.6254,54.4539],[-2.6253,54.4557],[-2.6246,54.4565],[-2.625,54.4576],[-2.6264,54.4583],[-2.627,54.459],[-2.6267,54.4599],[-2.627,54.4609],[-2.6257,54.463],[-2.6282,54.4629],[-2.6299,54.4637],[-2.6322,54.464],[-2.6339,54.4632],[-2.6345,54.4638],[-2.6338,54.4644],[-2.6352,54.4652],[-2.6354,54.4658],[-2.6369,54.467],[-2.6373,54.4682],[-2.6386,54.4689],[-2.6404,54.4711],[-2.6407,54.4738],[-2.6415,54.4746],[-2.6429,54.4752],[-2.6428,54.476],[-2.6437,54.4763],[-2.6453,54.4757],[-2.6458,54.476],[-2.6466,54.4775],[-2.646,54.4783],[-2.6462,54.4795],[-2.648,54.4803],[-2.6495,54.4803],[-2.6508,54.4793],[-2.6525,54.4795],[-2.653,54.4783],[-2.6578,54.4759],[-2.6597,54.4758],[-2.6605,54.4754],[-2.6611,54.4742],[-2.6642,54.4731],[-2.6665,54.473],[-2.6711,54.4734],[-2.6707,54.475],[-2.6711,54.4758],[-2.6728,54.4779],[-2.6733,54.4795],[-2.6731,54.4862],[-2.6729,54.4871],[-2.6773,54.5015],[-2.6786,54.5023],[-2.6785,54.5029],[-2.6807,54.5051],[-2.6805,54.5059],[-2.6809,54.5076],[-2.6801,54.5086],[-2.6811,54.5095],[-2.6813,54.5103],[-2.6807,54.5128],[-2.6794,54.5133],[-2.6793,54.5141],[-2.681,54.5171],[-2.6835,54.5174],[-2.6843,54.5172],[-2.6866,54.5184],[-2.6875,54.5204],[-2.6887,54.5214],[-2.6908,54.5225],[-2.693,54.5225],[-2.6931,54.5221],[-2.6957,54.5222],[-2.6974,54.5231],[-2.6993,54.5236],[-2.7005,54.5255],[-2.7001,54.5267],[-2.698,54.5289],[-2.6989,54.5296],[-2.6992,54.5307],[-2.701,54.5316],[-2.6998,54.5322],[-2.6984,54.5337],[-2.6975,54.5355],[-2.6944,54.5371],[-2.696,54.5381],[-2.6998,54.5414],[-2.7018,54.5422],[-2.7024,54.543],[-2.7052,54.5443],[-2.7091,54.5455],[-2.7105,54.5457],[-2.7145,54.5475],[-2.7184,54.5501],[-2.7194,54.5521],[-2.7191,54.5537],[-2.7139,54.5546],[-2.7113,54.5553],[-2.7109,54.5561],[-2.7088,54.5575],[-2.7018,54.5579],[-2.6974,54.5585],[-2.694,54.558],[-2.695,54.5644],[-2.6976,54.5643],[-2.6971,54.5672],[-2.6977,54.5679],[-2.6984,54.5698],[-2.6995,54.5707],[-2.7004,54.572],[-2.7004,54.5749],[-2.6985,54.5771],[-2.6965,54.5803],[-2.6974,54.5821],[-2.6973,54.5844],[-2.6987,54.5887],[-2.6999,54.5892],[-2.7014,54.5892],[-2.7034,54.5898],[-2.7052,54.5908],[-2.7077,54.5916],[-2.7062,54.5933],[-2.7097,54.5943],[-2.7119,54.5951],[-2.7147,54.5977],[-2.7157,54.5999],[-2.7156,54.6023],[-2.7165,54.6039],[-2.7177,54.608],[-2.7181,54.6087],[-2.7267,54.6114],[-2.7233,54.6116],[-2.7242,54.6131],[-2.7277,54.6156],[-2.7277,54.6165],[-2.7306,54.618],[-2.732,54.6195],[-2.7331,54.6213],[-2.7347,54.6228],[-2.7352,54.6244],[-2.7394,54.6239],[-2.7397,54.6227],[-2.7404,54.6223],[-2.7427,54.6215],[-2.7429,54.6208],[-2.7422,54.6195],[-2.7429,54.6182],[-2.7466,54.6177],[-2.7498,54.6211],[-2.7508,54.6232],[-2.7532,54.6254],[-2.754,54.6255],[-2.7548,54.6245],[-2.7563,54.6237],[-2.7582,54.6209],[-2.7587,54.6199],[-2.7601,54.6199],[-2.7625,54.6193],[-2.7658,54.6174],[-2.767,54.616],[-2.7683,54.6153],[-2.7703,54.6138],[-2.7733,54.6119],[-2.7745,54.6124],[-2.7768,54.614],[-2.779,54.6157],[-2.7777,54.6168],[-2.778,54.6174],[-2.7799,54.6187],[-2.7817,54.6192],[-2.7805,54.6198],[-2.7818,54.6204],[-2.7806,54.6211],[-2.7787,54.6217],[-2.7789,54.6232],[-2.7794,54.625],[-2.7813,54.6253],[-2.7822,54.627],[-2.7832,54.6277],[-2.7841,54.6291],[-2.7832,54.6307],[-2.7837,54.6313],[-2.783,54.6323],[-2.7835,54.6327],[-2.7857,54.6325],[-2.7884,54.6316],[-2.79,54.6327],[-2.7909,54.6322],[-2.7922,54.6327],[-2.7923,54.6333],[-2.7936,54.6349],[-2.7935,54.6358],[-2.7941,54.6363],[-2.7938,54.6371],[-2.823,54.6461],[-2.8379,54.6447],[-2.8429,54.6441],[-2.8462,54.6435],[-2.8524,54.6418],[-2.8564,54.6413],[-2.8582,54.6408],[-2.8614,54.6404],[-2.8645,54.6402],[-2.8685,54.6394],[-2.8692,54.6413],[-2.8719,54.6415],[-2.8758,54.6427],[-2.8779,54.6432],[-2.8801,54.6435],[-2.8835,54.6436],[-2.8946,54.6433],[-2.8965,54.6431],[-2.9017,54.6422],[-2.9032,54.6421],[-2.9119,54.6426],[-2.9209,54.6434],[-2.9232,54.643],[-2.9244,54.6523],[-2.9271,54.6545],[-2.929,54.657],[-2.9357,54.6599],[-2.9405,54.6618],[-2.9525,54.6679],[-2.9612,54.6727],[-2.9619,54.6734],[-2.9647,54.6739],[-2.9679,54.6752],[-2.9736,54.6792],[-2.9693,54.6835],[-2.9678,54.6847],[-2.9625,54.6898],[-2.9606,54.6918],[-2.96,54.6935],[-2.9604,54.6954],[-2.9633,54.7005],[-2.967,54.71],[-2.9717,54.7194],[-2.9746,54.7228],[-2.9734,54.7231],[-2.9731,54.724],[-2.9739,54.7244],[-2.9747,54.7259],[-2.9778,54.7261],[-2.9786,54.7259],[-2.9802,54.7267],[-2.9838,54.7278],[-2.9851,54.728],[-2.9865,54.7277],[-2.9888,54.7284],[-2.9896,54.7277],[-2.9918,54.7283],[-2.9928,54.7291],[-2.9927,54.7308],[-2.9933,54.7312],[-2.9965,54.7316],[-2.9962,54.7329],[-2.9964,54.7335],[-2.9989,54.7338],[-3.0007,54.7333],[-3.0024,54.7332],[-3.0034,54.7337],[-3.0048,54.7335],[-3.0083,54.7346],[-3.0102,54.7348],[-3.0114,54.7346],[-3.0122,54.7352],[-3.0116,54.7365],[-3.0159,54.7377],[-3.0155,54.7387],[-3.0166,54.7392],[-3.0187,54.7397],[-3.0208,54.7398],[-3.0219,54.7406],[-3.022,54.7416],[-3.0234,54.7421],[-3.0228,54.7432],[-3.0229,54.7442],[-3.0216,54.7458],[-3.0223,54.7464],[-3.0236,54.7464],[-3.0261,54.7472],[-3.0262,54.748],[-3.0216,54.7485],[-3.0229,54.7497],[-3.0259,54.7486],[-3.0275,54.7493],[-3.0306,54.7486],[-3.0337,54.7486],[-3.0355,54.7497],[-3.0376,54.7498],[-3.038,54.7493],[-3.0414,54.7493],[-3.0438,54.7501],[-3.0444,54.7496],[-3.0488,54.7498],[-3.0523,54.7494],[-3.053,54.7504],[-3.0542,54.7509],[-3.0564,54.7525],[-3.0574,54.7528],[-3.059,54.7547],[-3.058,54.7576],[-3.0574,54.7587],[-3.0578,54.7607],[-3.0571,54.7612],[-3.0575,54.7626],[-3.0643,54.7636],[-3.0647,54.7636],[-3.0873,54.7608],[-3.1106,54.7576],[-3.1175,54.7567],[-3.1153,54.7504],[-3.1059,54.7463],[-3.1052,54.7444],[-3.1051,54.7431],[-3.1038,54.7417],[-3.1036,54.7408],[-3.1017,54.7403],[-3.1052,54.7386],[-3.1072,54.7379],[-3.1105,54.7374],[-3.1231,54.7342],[-3.1265,54.7335],[-3.1316,54.7321],[-3.1359,54.7324],[-3.1371,54.7334],[-3.1386,54.734],[-3.141,54.7347],[-3.1422,54.7361],[-3.1436,54.7365],[-3.1442,54.7371],[-3.1461,54.7372],[-3.1485,54.7379],[-3.1504,54.7379],[-3.152,54.7373],[-3.1565,54.7378],[-3.1587,54.7394],[-3.1605,54.7396],[-3.1631,54.7392],[-3.1667,54.7405],[-3.182,54.7371],[-3.1914,54.7351],[-3.1927,54.7351],[-3.1955,54.7338],[-3.2008,54.734],[-3.2031,54.7338],[-3.2056,54.7343],[-3.2088,54.7343],[-3.2116,54.733],[-3.2126,54.7328],[-3.2137,54.7336],[-3.2155,54.7341],[-3.2159,54.7329],[-3.2179,54.7322],[-3.2183,54.7315],[-3.2208,54.7306],[-3.2243,54.7305],[-3.2248,54.7301],[-3.2272,54.7304],[-3.2291,54.7299],[-3.2327,54.7294],[-3.2336,54.7298],[-3.2371,54.729],[-3.2405,54.7274],[-3.2495,54.7264],[-3.2482,54.7222],[-3.2463,54.7197],[-3.2477,54.7179],[-3.2495,54.7169],[-3.2489,54.7158],[-3.2516,54.7141],[-3.2542,54.713],[-3.2549,54.712],[-3.2567,54.7111],[-3.2582,54.7097],[-3.2625,54.7106],[-3.2628,54.7132],[-3.2615,54.7145],[-3.2619,54.716],[-3.263,54.7173],[-3.2653,54.7189],[-3.2664,54.7192],[-3.2728,54.7194],[-3.2766,54.7187],[-3.2792,54.7161],[-3.2813,54.7145],[-3.2843,54.7145],[-3.2877,54.7139],[-3.2903,54.7135],[-3.2908,54.7142],[-3.2928,54.7153],[-3.2946,54.7172],[-3.2961,54.7178],[-3.3016,54.7219],[-3.3053,54.7213],[-3.3098,54.7182],[-3.3174,54.7133],[-3.3306,54.704],[-3.3325,54.7024],[-3.3339,54.7016],[-3.3403,54.6969],[-3.3411,54.6966],[-3.344,54.6934],[-3.3462,54.6924],[-3.3481,54.6922],[-3.3507,54.691],[-3.3529,54.6896],[-3.3517,54.6886],[-3.3537,54.6869],[-3.3541,54.6863],[-3.3505,54.6847],[-3.3497,54.6851],[-3.3492,54.6862],[-3.3469,54.6857],[-3.3464,54.6849],[-3.3481,54.6844],[-3.3487,54.683],[-3.3516,54.6806],[-3.3498,54.6799],[-3.348,54.6788],[-3.3458,54.6778],[-3.3449,54.6782],[-3.3413,54.6764],[-3.3416,54.6761],[-3.3353,54.6732],[-3.332,54.669],[-3.3322,54.6684],[-3.3287,54.667],[-3.3254,54.6652],[-3.3279,54.6638],[-3.3343,54.6552],[-3.3364,54.6547],[-3.3385,54.6546],[-3.3447,54.6522],[-3.3488,54.6487],[-3.3508,54.6467],[-3.3512,54.6437],[-3.3483,54.643],[-3.3491,54.6417],[-3.3505,54.6412],[-3.3534,54.6414],[-3.3591,54.6426],[-3.3593,54.6418],[-3.3718,54.6419],[-3.3717,54.638],[-3.3728,54.6379],[-3.3821,54.6384],[-3.3825,54.6385],[-3.3849,54.6352],[-3.3845,54.6326],[-3.3873,54.6297],[-3.3887,54.6288],[-3.3914,54.6266],[-3.3876,54.6259],[-3.3761,54.6202],[-3.376,54.6196],[-3.3783,54.6185],[-3.3795,54.6171],[-3.3836,54.6147],[-3.3858,54.6115],[-3.3879,54.6117],[-3.3898,54.6111],[-3.3888,54.6102],[-3.3886,54.6091],[-3.3898,54.608],[-3.3895,54.6069],[-3.3884,54.606],[-3.3897,54.6054],[-3.3916,54.6033],[-3.3923,54.6017],[-3.393,54.6008],[-3.3947,54.6001],[-3.3954,54.5989],[-3.3894,54.5986],[-3.3875,54.5982],[-3.386,54.5971],[-3.3836,54.5975],[-3.3819,54.5976],[-3.3811,54.598],[-3.3792,54.5981],[-3.3783,54.5978],[-3.3774,54.5963],[-3.3755,54.5957],[-3.3744,54.5951],[-3.3741,54.5943],[-3.3728,54.5939],[-3.371,54.5955],[-3.3679,54.5964],[-3.3675,54.5967],[-3.3632,54.5977],[-3.3611,54.598],[-3.3614,54.5954],[-3.365,54.5946],[-3.3664,54.594],[-3.3675,54.5926],[-3.3685,54.5909],[-3.3727,54.5919],[-3.375,54.5929],[-3.3768,54.593],[-3.3788,54.5927],[-3.3807,54.5929],[-3.3852,54.593],[-3.386,54.5927],[-3.3851,54.5918],[-3.3862,54.5906],[-3.3891,54.5892],[-3.3923,54.5887],[-3.3943,54.5862],[-3.3961,54.5845],[-3.399,54.583],[-3.4028,54.5817],[-3.4049,54.5812],[-3.4086,54.5791],[-3.4091,54.5781],[-3.41,54.5773],[-3.4107,54.5761],[-3.4104,54.5755],[-3.4108,54.574],[-3.4134,54.5734],[-3.4175,54.572],[-3.4185,54.5711],[-3.419,54.5692],[-3.4202,54.5679],[-3.4194,54.5676],[-3.4196,54.5666],[-3.4174,54.5665],[-3.4165,54.5659],[-3.4172,54.5644],[-3.4168,54.5625],[-3.4171,54.5613],[-3.417,54.559],[-3.4172,54.5565],[-3.4159,54.5537],[-3.4143,54.5528],[-3.4121,54.55],[-3.41,54.549],[-3.406,54.5476],[-3.4068,54.5471],[-3.4047,54.5461],[-3.4054,54.5447],[-3.4051,54.5438],[-3.4061,54.5433],[-3.4081,54.5431],[-3.4083,54.5425],[-3.4103,54.5414],[-3.4163,54.5386],[-3.4168,54.5379],[-3.4183,54.5374],[-3.4215,54.5372],[-3.4232,54.5365],[-3.4239,54.5354],[-3.4249,54.5353],[-3.428,54.5341],[-3.4281,54.5334],[-3.43,54.5332],[-3.4326,54.5323],[-3.4361,54.5319],[-3.437,54.5312],[-3.4384,54.5312],[-3.4387,54.5305],[-3.4397,54.5301],[-3.4419,54.5302],[-3.443,54.5309],[-3.4439,54.531],[-3.4457,54.5302],[-3.4475,54.5302],[-3.4482,54.5315],[-3.4511,54.5312],[-3.452,54.5309],[-3.4521,54.5302],[-3.4531,54.5292],[-3.4546,54.5294],[-3.4544,54.53],[-3.4562,54.5316],[-3.4579,54.5317],[-3.4591,54.5311],[-3.4623,54.5311],[-3.4633,54.5309],[-3.4641,54.5301],[-3.4663,54.5296],[-3.4688,54.5294],[-3.4708,54.5287],[-3.4761,54.5271],[-3.477,54.5264],[-3.4764,54.5258],[-3.4782,54.5256],[-3.4799,54.525],[-3.4832,54.5232],[-3.4837,54.5227],[-3.4856,54.5222],[-3.4856,54.5216],[-3.4873,54.5207],[-3.4882,54.5206],[-3.4902,54.5197],[-3.4911,54.519],[-3.4934,54.5197],[-3.4944,54.5197],[-3.4954,54.5189],[-3.4953,54.5179],[-3.4925,54.518],[-3.4908,54.5178],[-3.4884,54.5164],[-3.4872,54.5161],[-3.4811,54.5161],[-3.4804,54.5153],[-3.481,54.5146],[-3.4819,54.5114],[-3.4813,54.5111],[-3.4803,54.5094],[-3.4711,54.5053],[-3.4677,54.5052],[-3.4632,54.5038],[-3.4604,54.5033],[-3.46,54.5026],[-3.4605,54.5019],[-3.4631,54.5008],[-3.4636,54.4995],[-3.4607,54.4988],[-3.4593,54.499],[-3.458,54.4988],[-3.4557,54.4974],[-3.4541,54.4972],[-3.4512,54.495],[-3.452,54.4939],[-3.4526,54.4923],[-3.454,54.4906],[-3.4552,54.4882],[-3.4566,54.4859],[-3.4576,54.4831],[-3.4582,54.4809],[-3.4586,54.4786],[-3.4593,54.4773],[-3.4618,54.4746],[-3.4624,54.4735],[-3.4624,54.4714],[-3.4619,54.4693],[-3.4628,54.4679],[-3.4629,54.4666],[-3.4616,54.4645],[-3.4616,54.4638],[-3.463,54.4619],[-3.4646,54.4606],[-3.4649,54.4585],[-3.4657,54.4582],[-3.4673,54.4563],[-3.4672,54.4553],[-3.4651,54.4513],[-3.4669,54.4499],[-3.4679,54.4482],[-3.4683,54.4464],[-3.4696,54.4455],[-3.469,54.4451],[-3.4722,54.4444],[-3.4763,54.4443],[-3.4789,54.4426],[-3.4795,54.4415],[-3.4792,54.4405],[-3.4776,54.4399],[-3.4757,54.4383],[-3.4742,54.4367],[-3.4714,54.4353],[-3.4677,54.4338],[-3.4665,54.4323],[-3.4645,54.4304],[-3.4634,54.4298],[-3.4607,54.4289],[-3.4579,54.4278],[-3.4546,54.4259],[-3.4507,54.424],[-3.4483,54.4226],[-3.4462,54.4215],[-3.4438,54.42],[-3.4433,54.4186],[-3.4398,54.4172],[-3.4384,54.4163],[-3.4361,54.4143],[-3.4346,54.4136],[-3.4349,54.4124],[-3.4336,54.4107],[-3.4324,54.4095],[-3.4314,54.408],[-3.4318,54.4062],[-3.4317,54.4041],[-3.4307,54.4026],[-3.4284,54.4003],[-3.4246,54.3976],[-3.4221,54.3961],[-3.4197,54.3935],[-3.4186,54.3875],[-3.4203,54.3844],[-3.42,54.3835],[-3.4178,54.383],[-3.4165,54.3818],[-3.4159,54.38],[-3.4163,54.3794],[-3.4181,54.3782],[-3.4207,54.3772],[-3.4229,54.3771],[-3.4225,54.3756],[-3.424,54.3753],[-3.4251,54.3759],[-3.4268,54.3762],[-3.4267,54.3769],[-3.4283,54.3774],[-3.4288,54.3767],[-3.4284,54.376],[-3.4293,54.3756],[-3.4308,54.3767],[-3.4321,54.3758],[-3.4321,54.3749],[-3.4343,54.3743],[-3.4327,54.3739],[-3.4321,54.3733],[-3.4334,54.3729],[-3.4359,54.3742],[-3.4373,54.3727],[-3.4396,54.3728],[-3.4404,54.3725],[-3.4418,54.3712],[-3.4725,54.3598],[-3.473,54.3594],[-3.4727,54.3585],[-3.4472,54.3458],[-3.4446,54.3431],[-3.4428,54.3419],[-3.4429,54.3406],[-3.4421,54.3403],[-3.442,54.3384],[-3.4414,54.338],[-3.4422,54.3364],[-3.4422,54.3357],[-3.4397,54.3305],[-3.4371,54.3288],[-3.4362,54.3279],[-3.4349,54.3273],[-3.4325,54.3252],[-3.4286,54.3207],[-3.4272,54.3186],[-3.4259,54.3159],[-3.4247,54.3122],[-3.4237,54.3095],[-3.4237,54.3063],[-3.4234,54.3035],[-3.4252,54.3008],[-3.4254,54.298],[-3.4269,54.2967],[-3.4266,54.2961],[-3.4276,54.2954],[-3.4281,54.2942],[-3.4285,54.2918],[-3.4297,54.2889],[-3.4298,54.2877],[-3.4291,54.2867],[-3.425,54.2816],[-3.4207,54.277],[-3.4188,54.2753],[-3.4143,54.2704],[-3.4111,54.2677],[-3.4094,54.2658],[-3.4062,54.2614],[-3.4042,54.2593],[-3.4032,54.2578],[-3.4024,54.2574],[-3.4007,54.254],[-3.3957,54.2492],[-3.3909,54.2462],[-3.3862,54.2431],[-3.3825,54.2404],[-3.3794,54.2383],[-3.3747,54.235],[-3.3705,54.2311],[-3.3651,54.2259],[-3.3623,54.2229],[-3.3532,54.2126],[-3.3507,54.2088],[-3.3484,54.2064],[-3.3405,54.2083],[-3.336,54.2105],[-3.3361,54.2116],[-3.3353,54.2121],[-3.335,54.2138],[-3.3339,54.2138],[-3.3317,54.2162],[-3.3314,54.2175],[-3.3316,54.2181],[-3.33,54.2193],[-3.3311,54.2209],[-3.3311,54.2215],[-3.3295,54.2225],[-3.3286,54.2222],[-3.3255,54.2227],[-3.3236,54.2226],[-3.32,54.225],[-3.3173,54.2261],[-3.3134,54.2291],[-3.3132,54.2301],[-3.3119,54.2303],[-3.3083,54.2331],[-3.3078,54.2333],[-3.3063,54.2353],[-3.3042,54.2365],[-3.3028,54.2378],[-3.2992,54.2399],[-3.2943,54.2426],[-3.2908,54.2443],[-3.2861,54.2454],[-3.2856,54.2465],[-3.286,54.2474],[-3.2848,54.2478],[-3.2859,54.2489],[-3.2878,54.2497],[-3.2865,54.2508],[-3.2836,54.2515],[-3.2807,54.2531],[-3.28,54.2538],[-3.277,54.2543],[-3.2759,54.2541],[-3.2727,54.2543],[-3.2697,54.2552],[-3.267,54.2554],[-3.2653,54.256],[-3.2638,54.2583],[-3.2639,54.2591],[-3.2647,54.2605],[-3.2626,54.2639],[-3.2611,54.2658],[-3.2605,54.267],[-3.2585,54.2684],[-3.2574,54.2688],[-3.2561,54.2686],[-3.2542,54.2694],[-3.2514,54.2702],[-3.249,54.2719],[-3.2468,54.2717],[-3.2454,54.2718],[-3.2437,54.2711],[-3.2413,54.2718],[-3.2392,54.2728],[-3.2377,54.2753],[-3.2368,54.2785],[-3.2361,54.28],[-3.2352,54.2809],[-3.235,54.2826],[-3.2333,54.2835],[-3.2307,54.2826],[-3.2284,54.2816],[-3.2279,54.2805],[-3.2282,54.2789],[-3.2278,54.2777],[-3.2251,54.2763],[-3.2243,54.2755],[-3.2252,54.2736],[-3.2256,54.2712],[-3.2159,54.2693],[-3.2149,54.2718],[-3.2141,54.2732],[-3.2117,54.276],[-3.21,54.2771],[-3.2078,54.2747],[-3.2079,54.2738],[-3.2074,54.2731],[-3.2059,54.2727],[-3.2033,54.2711],[-3.2015,54.2708],[-3.1991,54.2699],[-3.1972,54.2695],[-3.1916,54.2687],[-3.188,54.268],[-3.1859,54.2674],[-3.1829,54.2662],[-3.1806,54.2656],[-3.1806,54.2645],[-3.1811,54.2628],[-3.1801,54.261],[-3.1811,54.2589],[-3.1806,54.2578],[-3.1796,54.2575],[-3.1785,54.2566],[-3.1765,54.2565],[-3.1748,54.257],[-3.1731,54.257],[-3.1716,54.2566],[-3.1702,54.2553],[-3.1674,54.2553],[-3.166,54.255],[-3.1636,54.2549],[-3.1617,54.2542],[-3.1605,54.2541],[-3.1587,54.2533],[-3.1561,54.2537],[-3.1514,54.2545],[-3.1461,54.2561],[-3.1437,54.2562],[-3.142,54.2555],[-3.1407,54.2552],[-3.1376,54.2551],[-3.1338,54.2546],[-3.1313,54.254],[-3.1276,54.2535],[-3.1246,54.2535],[-3.1237,54.2531],[-3.122,54.253],[-3.1176,54.2549],[-3.1138,54.2561],[-3.1112,54.2573],[-3.1079,54.2592],[-3.1059,54.2596],[-3.1042,54.2593],[-3.1009,54.2592],[-3.0981,54.2593],[-3.095,54.2597],[-3.0924,54.2597],[-3.088,54.2589],[-3.0857,54.2591],[-3.0799,54.2585],[-3.0776,54.2574],[-3.0749,54.2565],[-3.0728,54.255],[-3.0718,54.2531],[-3.069,54.2505],[-3.0678,54.2484],[-3.0667,54.2474],[-3.0656,54.247],[-3.0652,54.2458],[-3.0645,54.2452],[-3.0629,54.2448],[-3.062,54.244],[-3.0621,54.243],[-3.0612,54.241],[-3.0595,54.2402],[-3.0571,54.2382],[-3.0559,54.2376],[-3.0535,54.2372],[-3.0521,54.2357],[-3.0517,54.2345],[-3.0519,54.2333],[-3.0507,54.2323],[-3.0506,54.2316],[-3.0513,54.2301],[-3.0516,54.2261],[-3.0515,54.2247],[-3.0499,54.2242],[-3.0465,54.2245],[-3.0451,54.2249],[-3.0428,54.226],[-3.0389,54.2269],[-3.038,54.2268],[-3.0342,54.2221],[-3.0326,54.2206],[-3.0307,54.2193],[-3.0282,54.2182],[-3.0262,54.2177],[-3.025,54.217],[-3.0247,54.2185],[-3.0227,54.2198],[-3.0213,54.2193],[-3.0201,54.2194],[-3.0188,54.2203],[-3.0177,54.2199],[-3.016,54.22],[-3.0143,54.2223],[-3.0135,54.2252],[-3.0111,54.2268],[-3.0074,54.2281],[-3.0045,54.2269],[-3.002,54.2262],[-2.9984,54.2246],[-2.9975,54.2239],[-2.9953,54.2231],[-2.9938,54.2248],[-2.9929,54.2268],[-2.9912,54.2289],[-2.9895,54.2297],[-2.9875,54.2295],[-2.9853,54.2298],[-2.9829,54.2294],[-2.9806,54.2286],[-2.9768,54.2279],[-2.9753,54.2282],[-2.9742,54.2269],[-2.9731,54.2265],[-2.971,54.2265],[-2.9688,54.2261],[-2.9679,54.2257],[-2.9655,54.2252],[-2.9619,54.2253],[-2.9616,54.2261],[-2.9602,54.2258],[-2.9605,54.225],[-2.959,54.2249],[-2.9596,54.223],[-2.9608,54.2221],[-2.9616,54.2209],[-2.9573,54.2167],[-2.9559,54.2171],[-2.955,54.2165],[-2.9532,54.2167],[-2.9532,54.2144],[-2.9517,54.2131],[-2.9502,54.213],[-2.9494,54.212],[-2.9505,54.2107],[-2.9513,54.2108],[-2.9526,54.2095],[-2.9526,54.2079],[-2.9516,54.2069],[-2.9514,54.206],[-2.9504,54.205],[-2.9465,54.2052],[-2.9441,54.2068],[-2.9419,54.2065],[-2.9346,54.2059],[-2.9346,54.205],[-2.9358,54.2029],[-2.9335,54.2018],[-2.9323,54.2027],[-2.9308,54.2032],[-2.9307,54.2044],[-2.9197,54.2032],[-2.9192,54.2018],[-2.9182,54.2029],[-2.9166,54.2035],[-2.9156,54.2032],[-2.9143,54.204],[-2.9131,54.2043],[-2.9138,54.2049],[-2.9142,54.2062],[-2.913,54.2073],[-2.9129,54.2092],[-2.9126,54.2102],[-2.9111,54.2113],[-2.9115,54.2126],[-2.9109,54.2134],[-2.9111,54.2143],[-2.9083,54.2146],[-2.9063,54.2142],[-2.9032,54.2148],[-2.902,54.2135],[-2.9009,54.2117],[-2.8974,54.2125],[-2.8972,54.2107],[-2.894,54.2125],[-2.8919,54.2122],[-2.8908,54.2126],[-2.8884,54.2125],[-2.8875,54.2134],[-2.8859,54.2124],[-2.885,54.2115],[-2.8844,54.2084],[-2.8834,54.2079],[-2.8826,54.2069],[-2.8784,54.202],[-2.8785,54.1942],[-2.8785,54.1936],[-2.8757,54.1934],[-2.8731,54.1923],[-2.8708,54.1915],[-2.8683,54.1915],[-2.8658,54.192],[-2.864,54.1928],[-2.8627,54.1938],[-2.8605,54.1943],[-2.8576,54.1943],[-2.8543,54.1952],[-2.8511,54.1969],[-2.8484,54.1978],[-2.8457,54.1983],[-2.8436,54.1993],[-2.8388,54.2026],[-2.8401,54.2046],[-2.8404,54.2068],[-2.8397,54.2088],[-2.8351,54.2157],[-2.8338,54.2167],[-2.8321,54.2189],[-2.8302,54.2198],[-2.8286,54.2196],[-2.8282,54.2193],[-2.8272,54.2196]]]},"properties":{"name":"Lake District","kind":"national_park"},"id":6},
{"type":"Feature","geometry":{"type":"Polygon","coordinates":[[[1.6687,52.5072],[1.6684,52.5063],[1.6655,52.5073],[1.6629,52.5079],[1.6586,52.5083],[1.6553,52.509],[1.6514,52.5105],[1.6523,52.5112],[1.6505,52.5139],[1.6492,52.5148],[1.6503,52.5153],[1.6519,52.5155],[1.6516,52.5166],[1.6535,52.5182],[1.654,52.5197],[1.6528,52.5199],[1.6464,52.5228],[1.6455,52.5231],[1.6426,52.5231],[1.6407,52.5244],[1.6364,52.5279],[1.6332,52.5266],[1.6315,52.5281],[1.6308,52.5281],[1.6282,52.5294],[1.6264,52.53],[1.6248,52.5319],[1.6237,52.5338],[1.6241,52.5344],[1.624,52.5372],[1.6252,52.5372],[1.6252,52.5388],[1.6249,52.5414],[1.6249,52.5434],[1.6258,52.5463],[1.628,52.5498],[1.631,52.5528],[1.6376,52.5535],[1.6391,52.5537],[1.6386,52.5547],[1.6412,52.5554],[1.6441,52.5573],[1.6438,52.5601],[1.6427,52.5613],[1.6428,52.562],[1.6449,52.5644],[1.6455,52.5643],[1.6458,52.566],[1.6464,52.5679],[1.6489,52.5687],[1.6472,52.5704],[1.6471,52.5716],[1.649,52.5725],[1.6502,52.5727],[1.6496,52.5734],[1.65,52.5741],[1.6503,52.576],[1.6554,52.5762],[1.6551,52.5787],[1.6552,52.5842],[1.6547,52.5865],[1.6569,52.5869],[1.6562,52.5889],[1.6594,52.5895],[1.6603,52.5899],[1.6611,52.5889],[1.6634,52.5891],[1.6651,52.5887],[1.668,52.589],[1.6714,52.5888],[1.6772,52.5891],[1.6777,52.588],[1.6827,52.5884],[1.69,52.5896],[1.6934,52.59],[1.6957,52.5904],[1.6952,52.5923],[1.6971,52.5925],[1.6972,52.5957],[1.6968,52.597],[1.6974,52.5978],[1.7054,52.6001],[1.7127,52.5998],[1.7125,52.6011],[1.7122,52.6063],[1.7124,52.6078],[1.7134,52.6095],[1.715,52.6113],[1.7186,52.6096],[1.7201,52.61],[1.72,52.6108],[1.7219,52.6113],[1.7232,52.6122],[1.7238,52.6136],[1.7235,52.6145],[1.7219,52.6159],[1.7219,52.6168],[1.7228,52.6201],[1.7259,52.6214],[1.7264,52.6221],[1.7269,52.624],[1.7275,52.6244],[1.7282,52.6335],[1.722,52.6333],[1.7215,52.6342],[1.7199,52.6338],[1.717,52.6348],[1.72,52.6358],[1.7199,52.6363],[1.718,52.6375],[1.7164,52.6379],[1.7185,52.6398],[1.7189,52.6424],[1.7172,52.6438],[1.7151,52.6458],[1.7138,52.6452],[1.7094,52.6453],[1.7054,52.6449],[1.7036,52.6446],[1.7015,52.6444],[1.6963,52.6438],[1.6934,52.6436],[1.693,52.642],[1.6914,52.6409],[1.6895,52.6402],[1.6885,52.6416],[1.6856,52.642],[1.6869,52.6427],[1.6889,52.6434],[1.6887,52.6441],[1.6905,52.6451],[1.6928,52.6451],[1.6938,52.646],[1.6963,52.6455],[1.6948,52.6467],[1.6962,52.647],[1.6983,52.6482],[1.6989,52.648],[1.7007,52.649],[1.7031,52.6499],[1.7015,52.6517],[1.6994,52.6504],[1.6997,52.6498],[1.6974,52.6493],[1.6961,52.6513],[1.6956,52.653],[1.6947,52.6527],[1.6949,52.6507],[1.6957,52.6491],[1.6954,52.6483],[1.6921,52.648],[1.6911,52.6467],[1.6879,52.6467],[1.6847,52.6462],[1.6853,52.644],[1.683,52.6431],[1.6809,52.6436],[1.6792,52.6436],[1.6784,52.6421],[1.6748,52.6418],[1.6735,52.644],[1.671,52.6436],[1.6701,52.6454],[1.6695,52.6447],[1.6694,52.6437],[1.6665,52.6436],[1.6652,52.6441],[1.6639,52.6434],[1.6616,52.6437],[1.6611,52.6445],[1.6586,52.6454],[1.6577,52.645],[1.659,52.6443],[1.6601,52.6433],[1.6619,52.6428],[1.6643,52.6415],[1.6669,52.6421],[1.6706,52.6416],[1.6719,52.6411],[1.6728,52.6403],[1.6755,52.6403],[1.6765,52.6401],[1.6766,52.6386],[1.6743,52.6387],[1.6713,52.6387],[1.6711,52.6393],[1.667,52.6387],[1.6566,52.6395],[1.645,52.6396],[1.6439,52.6392],[1.6431,52.6402],[1.6419,52.6408],[1.6397,52.6406],[1.6348,52.6405],[1.6324,52.64],[1.6299,52.6398],[1.6277,52.6392],[1.6231,52.6384],[1.62,52.6372],[1.6149,52.6361],[1.6121,52.6358],[1.6079,52.6357],[1.6056,52.6359],[1.6043,52.6357],[1.6014,52.6359],[1.5999,52.6362],[1.5965,52.6363],[1.5958,52.6365],[1.5947,52.6381],[1.5944,52.6391],[1.5914,52.6407],[1.5886,52.6401],[1.5877,52.6421],[1.5869,52.642],[1.5862,52.6435],[1.5868,52.644],[1.5891,52.6446],[1.5887,52.6459],[1.5897,52.6466],[1.5895,52.6476],[1.5934,52.6483],[1.5944,52.6476],[1.596,52.6475],[1.5967,52.646],[1.5987,52.645],[1.599,52.6454],[1.5981,52.6469],[1.5984,52.6473],[1.6013,52.6485],[1.6016,52.6482],[1.6043,52.6481],[1.6056,52.649],[1.6081,52.649],[1.6089,52.6481],[1.6132,52.6483],[1.6149,52.6486],[1.6147,52.6501],[1.6186,52.6509],[1.6203,52.6506],[1.6212,52.6509],[1.6207,52.6517],[1.6212,52.6521],[1.6248,52.6508],[1.6253,52.651],[1.623,52.6522],[1.6225,52.6527],[1.6239,52.6532],[1.6277,52.6535],[1.6286,52.6532],[1.6299,52.6523],[1.6312,52.6526],[1.636,52.6527],[1.636,52.6535],[1.6375,52.6547],[1.6381,52.6562],[1.6383,52.6577],[1.6423,52.659],[1.6452,52.6616],[1.6462,52.6634],[1.6448,52.6637],[1.6454,52.6651],[1.6447,52.6678],[1.6466,52.6697],[1.6475,52.6699],[1.6495,52.6697],[1.654,52.6683],[1.6535,52.6669],[1.6544,52.6668],[1.6553,52.668],[1.6593,52.6678],[1.6589,52.669],[1.6571,52.6688],[1.6548,52.6699],[1.655,52.671],[1.6577,52.6715],[1.6578,52.6719],[1.6599,52.6725],[1.6634,52.6716],[1.662,52.6693],[1.6628,52.6694],[1.6647,52.671],[1.6643,52.6713],[1.6668,52.6727],[1.6654,52.6727],[1.6636,52.6731],[1.6628,52.6729],[1.6612,52.6733],[1.6608,52.6739],[1.6589,52.6737],[1.6569,52.6728],[1.6548,52.6732],[1.6538,52.6743],[1.6545,52.6764],[1.6513,52.6771],[1.6514,52.6788],[1.6529,52.6784],[1.6587,52.6779],[1.6588,52.6797],[1.6607,52.6801],[1.6607,52.679],[1.6627,52.6788],[1.6632,52.6795],[1.6675,52.6791],[1.6694,52.6791],[1.6691,52.6806],[1.6675,52.6816],[1.6656,52.6845],[1.6655,52.6857],[1.6659,52.6881],[1.6654,52.6888],[1.6659,52.6904],[1.6673,52.6915],[1.6722,52.6929],[1.6779,52.6927],[1.6772,52.6945],[1.6776,52.696],[1.6761,52.6957],[1.6722,52.6957],[1.6705,52.693],[1.668,52.6933],[1.6627,52.6932],[1.6611,52.6937],[1.6601,52.6921],[1.6551,52.6925],[1.6565,52.6948],[1.6553,52.6948],[1.6555,52.696],[1.6538,52.6958],[1.6533,52.6947],[1.6523,52.6945],[1.6473,52.694],[1.6451,52.6943],[1.6417,52.6952],[1.6389,52.6951],[1.636,52.6952],[1.6362,52.6937],[1.6378,52.6932],[1.641,52.6918],[1.6413,52.6915],[1.6395,52.6865],[1.6396,52.6856],[1.6425,52.6851],[1.6422,52.6848],[1.6451,52.6834],[1.6437,52.6819],[1.6428,52.6822],[1.6417,52.6813],[1.6401,52.6807],[1.6371,52.6828],[1.6359,52.6835],[1.6343,52.6833],[1.6331,52.6826],[1.6336,52.6809],[1.6335,52.6797],[1.6361,52.6794],[1.6376,52.6786],[1.6374,52.6773],[1.6368,52.6762],[1.632,52.6768],[1.629,52.6769],[1.6287,52.6763],[1.6243,52.6766],[1.6231,52.6776],[1.6194,52.678],[1.619,52.6774],[1.6221,52.677],[1.6237,52.6757],[1.6254,52.6749],[1.625,52.674],[1.6224,52.6737],[1.6222,52.6746],[1.6197,52.6744],[1.619,52.6734],[1.6221,52.673],[1.6245,52.6729],[1.6273,52.6737],[1.6296,52.6727],[1.6304,52.6718],[1.6291,52.6718],[1.6299,52.6706],[1.631,52.67],[1.6319,52.6708],[1.6339,52.6705],[1.6342,52.6696],[1.634,52.6688],[1.6345,52.668],[1.6365,52.6683],[1.639,52.6667],[1.6389,52.6661],[1.6372,52.6646],[1.6309,52.6667],[1.6254,52.6672],[1.622,52.6673],[1.6209,52.6675],[1.6215,52.6647],[1.6208,52.6638],[1.6184,52.6632],[1.6137,52.6625],[1.608,52.6622],[1.6088,52.6638],[1.6085,52.6642],[1.606,52.6634],[1.6049,52.6642],[1.6044,52.6652],[1.6033,52.6649],[1.6042,52.6637],[1.6047,52.6621],[1.6039,52.6615],[1.6006,52.6615],[1.5954,52.6613],[1.5952,52.6603],[1.5923,52.6605],[1.5926,52.6619],[1.5915,52.6627],[1.5879,52.6614],[1.5888,52.6605],[1.5873,52.6599],[1.5835,52.66],[1.584,52.6609],[1.5865,52.6631],[1.5878,52.6649],[1.5871,52.665],[1.5879,52.6662],[1.5887,52.666],[1.5906,52.67],[1.5907,52.6709],[1.5863,52.672],[1.5803,52.6742],[1.5796,52.6736],[1.5758,52.6743],[1.5734,52.6752],[1.5725,52.6753],[1.573,52.6775],[1.5671,52.679],[1.5618,52.6807],[1.5574,52.6813],[1.5579,52.6831],[1.5581,52.685],[1.5566,52.6851],[1.5569,52.6872],[1.556,52.6896],[1.5565,52.6912],[1.5548,52.6914],[1.5561,52.6936],[1.5584,52.6934],[1.5614,52.6928],[1.5631,52.6927],[1.5652,52.6916],[1.5653,52.6904],[1.5668,52.6913],[1.5678,52.691],[1.5716,52.691],[1.5729,52.6899],[1.5752,52.6897],[1.575,52.6905],[1.576,52.691],[1.5787,52.6913],[1.5775,52.6919],[1.5746,52.6914],[1.5735,52.6915],[1.5721,52.6922],[1.5706,52.6925],[1.5724,52.6968],[1.5708,52.6973],[1.5721,52.6987],[1.5725,52.6997],[1.5738,52.7005],[1.5767,52.7002],[1.5782,52.7009],[1.5779,52.7016],[1.5821,52.7035],[1.5833,52.7046],[1.5847,52.7049],[1.5853,52.7044],[1.5875,52.7053],[1.5882,52.7052],[1.59,52.7058],[1.5918,52.7036],[1.5949,52.7043],[1.5955,52.7038],[1.596,52.702],[1.5973,52.7019],[1.5995,52.7007],[1.6025,52.6984],[1.6031,52.6989],[1.6014,52.7007],[1.6,52.7012],[1.5978,52.7027],[1.5971,52.7038],[1.5975,52.7051],[1.5966,52.7054],[1.5983,52.7068],[1.5976,52.7081],[1.5999,52.7086],[1.6016,52.7087],[1.603,52.7084],[1.605,52.7072],[1.6072,52.7073],[1.6079,52.7075],[1.6108,52.7075],[1.611,52.7071],[1.6136,52.7072],[1.6148,52.7068],[1.6174,52.7049],[1.6207,52.7061],[1.6222,52.7037],[1.6248,52.7056],[1.6265,52.7065],[1.6273,52.7076],[1.6292,52.7085],[1.6286,52.71],[1.6271,52.7129],[1.6307,52.7133],[1.6343,52.7142],[1.6338,52.7153],[1.638,52.7157],[1.6388,52.7164],[1.6398,52.7167],[1.6411,52.7141],[1.6421,52.7143],[1.6431,52.7126],[1.6461,52.7138],[1.649,52.7145],[1.6516,52.7157],[1.6535,52.7163],[1.6559,52.7185],[1.657,52.719],[1.6568,52.7191],[1.6566,52.7191],[1.6565,52.7191],[1.6562,52.7191],[1.6561,52.7202],[1.6544,52.7205],[1.6541,52.7221],[1.6525,52.7252],[1.642,52.735],[1.641,52.7369],[1.6394,52.7409],[1.6387,52.7421],[1.6367,52.742],[1.6367,52.7438],[1.6354,52.7442],[1.628,52.7477],[1.6279,52.7497],[1.6282,52.7541],[1.6266,52.7541],[1.6265,52.7583],[1.623,52.7643],[1.6177,52.7658],[1.6157,52.7661],[1.6142,52.7656],[1.6134,52.7656],[1.6119,52.7662],[1.6073,52.77],[1.6048,52.7706],[1.5961,52.7716],[1.596,52.7716],[1.5959,52.7715],[1.5958,52.7715],[1.5956,52.7714],[1.5928,52.7704],[1.5924,52.7703],[1.5903,52.7699],[1.588,52.7698],[1.5858,52.7702],[1.5875,52.7678],[1.5871,52.7672],[1.5858,52.7662],[1.5844,52.7656],[1.5825,52.7652],[1.5808,52.7658],[1.5788,52.7672],[1.5789,52.7681],[1.5803,52.77],[1.5821,52.7708],[1.585,52.7706],[1.5848,52.7715],[1.5857,52.7717],[1.5833,52.7738],[1.5818,52.7747],[1.5809,52.777],[1.5823,52.7788],[1.5788,52.779],[1.5779,52.7792],[1.5765,52.7803],[1.5726,52.7808],[1.5725,52.7823],[1.5694,52.7826],[1.5647,52.7835],[1.563,52.7805],[1.5619,52.7805],[1.5583,52.7797],[1.5584,52.7785],[1.5595,52.7781],[1.5616,52.778],[1.5617,52.7786],[1.5632,52.7789],[1.5642,52.778],[1.5654,52.7777],[1.5699,52.775],[1.5736,52.7745],[1.5741,52.7739],[1.5728,52.7736],[1.5727,52.772],[1.5706,52.7715],[1.5691,52.7721],[1.567,52.7719],[1.5649,52.7712],[1.5668,52.7704],[1.5699,52.7703],[1.5729,52.7707],[1.5736,52.7705],[1.575,52.7689],[1.5745,52.7682],[1.5729,52.7671],[1.5715,52.7673],[1.5687,52.7674],[1.5682,52.7662],[1.5717,52.7656],[1.5733,52.7656],[1.5749,52.7652],[1.5756,52.7647],[1.5783,52.7638],[1.5807,52.7633],[1.5794,52.7611],[1.5806,52.7609],[1.581,52.7619],[1.5821,52.7623],[1.5858,52.7624],[1.5891,52.7611],[1.5904,52.7602],[1.5919,52.7599],[1.5931,52.7602],[1.5949,52.7612],[1.5936,52.7626],[1.5931,52.7641],[1.5939,52.7647],[1.596,52.7651],[1.5994,52.7644],[1.6028,52.7646],[1.6034,52.7643],[1.5996,52.7598],[1.6009,52.7593],[1.6014,52.7587],[1.6025,52.7587],[1.6051,52.7591],[1.6084,52.7583],[1.6111,52.7565],[1.6122,52.7535],[1.6117,52.7531],[1.6097,52.7529],[1.6096,52.7526],[1.6077,52.7524],[1.6035,52.7529],[1.6039,52.7543],[1.6022,52.7542],[1.6018,52.7522],[1.5985,52.7522],[1.5958,52.7534],[1.5934,52.7537],[1.5917,52.7548],[1.5896,52.7553],[1.5867,52.7551],[1.5798,52.7541],[1.576,52.7529],[1.5762,52.7515],[1.5773,52.7517],[1.5771,52.7524],[1.5806,52.7533],[1.5808,52.7529],[1.5832,52.7525],[1.5836,52.7528],[1.5865,52.752],[1.5872,52.7515],[1.5864,52.7507],[1.592,52.7482],[1.5942,52.7477],[1.5956,52.7479],[1.599,52.7478],[1.6007,52.7466],[1.602,52.7462],[1.6005,52.7452],[1.6025,52.7449],[1.6032,52.7443],[1.6045,52.744],[1.6072,52.7428],[1.6051,52.7396],[1.5997,52.741],[1.5982,52.7416],[1.5948,52.7424],[1.5919,52.7436],[1.5895,52.7442],[1.5882,52.7442],[1.5863,52.7412],[1.5817,52.7425],[1.5807,52.7422],[1.5758,52.7428],[1.5759,52.7444],[1.5753,52.7453],[1.5757,52.7465],[1.5741,52.7471],[1.5727,52.7481],[1.5715,52.7484],[1.5697,52.7475],[1.5683,52.7475],[1.5655,52.7465],[1.56,52.744],[1.5576,52.7419],[1.5535,52.7422],[1.5532,52.7416],[1.5537,52.7345],[1.5623,52.7344],[1.563,52.735],[1.5651,52.7346],[1.5644,52.7334],[1.5661,52.733],[1.568,52.7321],[1.5701,52.732],[1.5712,52.7309],[1.575,52.7301],[1.5774,52.7301],[1.5801,52.7295],[1.5824,52.7296],[1.5846,52.7291],[1.5865,52.7298],[1.589,52.7295],[1.5888,52.7285],[1.5931,52.7279],[1.5923,52.7252],[1.5957,52.7236],[1.5958,52.7219],[1.5934,52.7204],[1.5932,52.7196],[1.5951,52.717],[1.591,52.7156],[1.5886,52.716],[1.5795,52.7129],[1.5787,52.7137],[1.575,52.7122],[1.5725,52.7121],[1.5711,52.7127],[1.5695,52.7121],[1.5667,52.7118],[1.5642,52.7114],[1.5657,52.7082],[1.5643,52.7074],[1.5618,52.7068],[1.5604,52.7077],[1.5594,52.7088],[1.5577,52.7095],[1.5553,52.7089],[1.5531,52.7074],[1.5519,52.707],[1.5488,52.7067],[1.5488,52.7056],[1.547,52.7057],[1.547,52.7034],[1.5457,52.7035],[1.5441,52.7055],[1.5422,52.706],[1.5409,52.7061],[1.5389,52.7071],[1.5383,52.7082],[1.5387,52.7095],[1.5353,52.71],[1.5348,52.7096],[1.5347,52.7081],[1.534,52.7055],[1.5344,52.7043],[1.5353,52.7032],[1.5359,52.7018],[1.5305,52.7014],[1.5221,52.7022],[1.5203,52.7021],[1.5149,52.7024],[1.5159,52.7058],[1.5175,52.7072],[1.518,52.708],[1.5181,52.7097],[1.5192,52.7114],[1.5186,52.7115],[1.5181,52.7133],[1.5176,52.7138],[1.5152,52.7132],[1.513,52.7134],[1.5111,52.7143],[1.5109,52.7156],[1.5124,52.7172],[1.5138,52.7205],[1.5166,52.7232],[1.5175,52.7237],[1.5212,52.7243],[1.5233,52.7244],[1.5248,52.727],[1.5236,52.7299],[1.524,52.731],[1.5255,52.7315],[1.5252,52.7323],[1.5261,52.7327],[1.5255,52.7343],[1.5241,52.737],[1.5214,52.7376],[1.5213,52.7383],[1.5192,52.7385],[1.5187,52.7392],[1.5161,52.7395],[1.5134,52.7393],[1.5115,52.7402],[1.5098,52.7398],[1.508,52.7388],[1.5061,52.7384],[1.5054,52.7386],[1.5075,52.7429],[1.5082,52.7447],[1.5084,52.7485],[1.5128,52.7487],[1.5166,52.748],[1.5178,52.7481],[1.5188,52.749],[1.5165,52.75],[1.5146,52.7518],[1.5152,52.7533],[1.5185,52.7552],[1.5199,52.7548],[1.5214,52.7532],[1.5234,52.7531],[1.5243,52.7527],[1.5258,52.7552],[1.5288,52.7552],[1.5324,52.7548],[1.5305,52.7583],[1.528,52.7614],[1.5239,52.7602],[1.5219,52.7599],[1.5184,52.7604],[1.5144,52.7608],[1.5139,52.7616],[1.5161,52.7632],[1.5194,52.7642],[1.523,52.7646],[1.5233,52.7648],[1.5198,52.7667],[1.5184,52.7677],[1.5159,52.7691],[1.5156,52.7681],[1.5147,52.7675],[1.514,52.7664],[1.5125,52.7663],[1.5109,52.767],[1.509,52.7673],[1.5093,52.7661],[1.5102,52.7649],[1.5102,52.7638],[1.509,52.7623],[1.5083,52.7623],[1.5086,52.761],[1.5019,52.7618],[1.5031,52.7634],[1.4991,52.764],[1.4979,52.7674],[1.4971,52.7675],[1.4975,52.7691],[1.4958,52.7691],[1.4926,52.7698],[1.4936,52.772],[1.4973,52.772],[1.4967,52.7728],[1.4955,52.7735],[1.4954,52.7746],[1.4939,52.7746],[1.491,52.7742],[1.4895,52.7739],[1.4857,52.7725],[1.4847,52.7761],[1.4852,52.7766],[1.4887,52.7784],[1.4894,52.7785],[1.49,52.782],[1.4893,52.7838],[1.4903,52.7852],[1.4838,52.7893],[1.4823,52.7902],[1.4803,52.791],[1.4777,52.7915],[1.4762,52.7916],[1.4733,52.7942],[1.4736,52.7975],[1.4706,52.7984],[1.4744,52.7992],[1.4783,52.8008],[1.4788,52.8027],[1.4758,52.803],[1.4745,52.8039],[1.475,52.8048],[1.4749,52.8057],[1.4732,52.8059],[1.4733,52.8078],[1.4758,52.808],[1.4759,52.8095],[1.4768,52.8107],[1.4742,52.8104],[1.474,52.8106],[1.4713,52.81],[1.4714,52.8106],[1.4685,52.8108],[1.4682,52.8089],[1.4683,52.8071],[1.4694,52.8071],[1.4692,52.8063],[1.47,52.8044],[1.4693,52.8044],[1.4693,52.8033],[1.4666,52.8029],[1.4652,52.8037],[1.4647,52.8045],[1.4636,52.8044],[1.4632,52.8038],[1.4636,52.8028],[1.4666,52.8019],[1.468,52.8011],[1.468,52.8006],[1.4654,52.7997],[1.4631,52.7999],[1.4616,52.8005],[1.46,52.7993],[1.4609,52.7991],[1.4627,52.7992],[1.4654,52.799],[1.465,52.7982],[1.4668,52.7966],[1.4701,52.794],[1.47,52.7937],[1.4728,52.791],[1.4717,52.7905],[1.4689,52.7907],[1.4651,52.7899],[1.4612,52.7899],[1.4587,52.7904],[1.457,52.7909],[1.453,52.7929],[1.4519,52.7933],[1.4508,52.7921],[1.4499,52.7902],[1.4498,52.789],[1.451,52.7877],[1.4543,52.7869],[1.4561,52.7872],[1.4566,52.7867],[1.46,52.7847],[1.4637,52.7854],[1.4658,52.7862],[1.4661,52.787],[1.4676,52.7881],[1.4703,52.789],[1.4725,52.7865],[1.4753,52.7819],[1.4768,52.7814],[1.4786,52.7812],[1.4774,52.7793],[1.4727,52.7788],[1.4707,52.7775],[1.4691,52.7768],[1.4689,52.776],[1.4666,52.7748],[1.4619,52.7748],[1.4592,52.7753],[1.4583,52.776],[1.4581,52.7773],[1.4562,52.7774],[1.4554,52.7743],[1.4558,52.7731],[1.4538,52.7726],[1.4529,52.7718],[1.4527,52.7708],[1.4538,52.7696],[1.4542,52.7685],[1.4549,52.7678],[1.4592,52.7678],[1.4628,52.7677],[1.4649,52.7682],[1.4676,52.7679],[1.4698,52.7672],[1.4704,52.7661],[1.4728,52.7648],[1.4744,52.7645],[1.4764,52.7637],[1.4783,52.7642],[1.4847,52.7656],[1.4878,52.7618],[1.4892,52.7616],[1.4895,52.7594],[1.4905,52.7577],[1.4919,52.7578],[1.4924,52.7573],[1.4933,52.7554],[1.4923,52.7548],[1.4892,52.7541],[1.4889,52.7528],[1.4937,52.7527],[1.4923,52.7509],[1.4907,52.7502],[1.4905,52.7484],[1.4908,52.7475],[1.4916,52.7475],[1.4925,52.7464],[1.4913,52.745],[1.4912,52.7441],[1.4919,52.7433],[1.4911,52.742],[1.4891,52.7407],[1.4873,52.7403],[1.4866,52.7396],[1.4852,52.7402],[1.4842,52.7412],[1.4829,52.7421],[1.4825,52.7428],[1.4798,52.743],[1.4764,52.7394],[1.4743,52.7383],[1.4727,52.7379],[1.4672,52.7374],[1.4666,52.7359],[1.4689,52.7354],[1.4728,52.7355],[1.474,52.734],[1.4747,52.7339],[1.4783,52.7344],[1.4796,52.7348],[1.4817,52.7349],[1.485,52.736],[1.4865,52.7367],[1.4877,52.7364],[1.4888,52.7345],[1.4911,52.7315],[1.4933,52.731],[1.4961,52.7294],[1.4961,52.7288],[1.494,52.7284],[1.4939,52.726],[1.4923,52.7242],[1.4922,52.7233],[1.4914,52.7224],[1.4897,52.722],[1.488,52.7237],[1.4844,52.7269],[1.4834,52.7263],[1.4809,52.7258],[1.4833,52.7209],[1.4848,52.7208],[1.4852,52.72],[1.4866,52.7197],[1.4876,52.7203],[1.4885,52.7196],[1.4876,52.7185],[1.4894,52.7179],[1.4901,52.7169],[1.4897,52.7138],[1.4916,52.712],[1.4915,52.7111],[1.4895,52.7105],[1.4868,52.7108],[1.486,52.7101],[1.4839,52.7077],[1.4845,52.7044],[1.4846,52.7024],[1.4866,52.7013],[1.4892,52.7005],[1.4911,52.6997],[1.4903,52.6964],[1.4888,52.6969],[1.4874,52.6961],[1.4855,52.6963],[1.4833,52.696],[1.4805,52.6972],[1.4777,52.698],[1.4753,52.6974],[1.4725,52.697],[1.4704,52.6973],[1.4694,52.699],[1.4677,52.6999],[1.4664,52.7013],[1.4647,52.7023],[1.4634,52.7043],[1.462,52.7058],[1.4629,52.7068],[1.4632,52.7079],[1.4608,52.7084],[1.4592,52.7085],[1.4559,52.7082],[1.456,52.7095],[1.4571,52.7104],[1.4606,52.7107],[1.462,52.711],[1.4636,52.7118],[1.4655,52.7124],[1.4649,52.7162],[1.4641,52.7185],[1.4642,52.7189],[1.4623,52.7189],[1.4623,52.7179],[1.4609,52.7172],[1.461,52.7166],[1.4593,52.7166],[1.4569,52.7174],[1.456,52.7181],[1.4543,52.7184],[1.4516,52.7175],[1.4512,52.719],[1.4481,52.7193],[1.4482,52.7184],[1.4466,52.7159],[1.447,52.7158],[1.4452,52.7131],[1.4457,52.7127],[1.4449,52.7117],[1.4451,52.7096],[1.4449,52.7082],[1.4441,52.7079],[1.4402,52.7081],[1.4379,52.7085],[1.4363,52.7072],[1.4317,52.7082],[1.432,52.7089],[1.4265,52.7104],[1.4259,52.7119],[1.425,52.7131],[1.4202,52.7112],[1.4189,52.7115],[1.4183,52.7092],[1.4167,52.7094],[1.4136,52.7106],[1.4132,52.7114],[1.4121,52.7111],[1.4116,52.7119],[1.4104,52.7118],[1.4087,52.7133],[1.4087,52.7155],[1.4066,52.7145],[1.4047,52.7156],[1.4031,52.7157],[1.4008,52.7165],[1.4001,52.7162],[1.3958,52.7156],[1.3937,52.7156],[1.3933,52.7147],[1.3911,52.715],[1.3904,52.7135],[1.3884,52.711],[1.3856,52.7114],[1.3874,52.713],[1.3888,52.7152],[1.3891,52.7168],[1.3898,52.7174],[1.3872,52.7175],[1.3862,52.719],[1.3843,52.7191],[1.3796,52.7206],[1.3779,52.7218],[1.3776,52.7232],[1.3768,52.7236],[1.3752,52.726],[1.3781,52.7271],[1.3731,52.7292],[1.3716,52.728],[1.3703,52.7284],[1.3681,52.7283],[1.3643,52.7279],[1.3646,52.7272],[1.3618,52.7269],[1.3579,52.7269],[1.3581,52.7278],[1.3571,52.7281],[1.3531,52.7273],[1.3543,52.725],[1.3554,52.7241],[1.3579,52.7229],[1.3585,52.7216],[1.3643,52.7211],[1.3646,52.7215],[1.3691,52.7213],[1.3721,52.7214],[1.3738,52.722],[1.3769,52.7188],[1.3777,52.7174],[1.3791,52.7179],[1.3813,52.7173],[1.3803,52.7163],[1.3815,52.7159],[1.3806,52.7144],[1.3811,52.7143],[1.3787,52.7125],[1.3779,52.7124],[1.3766,52.7128],[1.3755,52.7113],[1.3755,52.7101],[1.3747,52.7095],[1.3735,52.7105],[1.3717,52.7107],[1.37,52.71],[1.3693,52.7107],[1.3675,52.7089],[1.3678,52.7074],[1.3661,52.7074],[1.3659,52.7068],[1.3636,52.7065],[1.3627,52.705],[1.3629,52.7031],[1.3586,52.7016],[1.3543,52.7014],[1.3527,52.7011],[1.3507,52.7002],[1.3509,52.6997],[1.3512,52.6988],[1.3522,52.6989],[1.352,52.6997],[1.3552,52.7002],[1.3581,52.6988],[1.3587,52.6969],[1.3586,52.6956],[1.3579,52.6943],[1.3587,52.6933],[1.3602,52.6951],[1.3613,52.6979],[1.3614,52.6991],[1.363,52.7003],[1.3689,52.7008],[1.3696,52.7002],[1.3732,52.7006],[1.3795,52.7006],[1.3812,52.7004],[1.3828,52.7007],[1.3848,52.6999],[1.3857,52.6989],[1.3873,52.6987],[1.3899,52.6997],[1.3942,52.7002],[1.3966,52.7017],[1.3979,52.7033],[1.3983,52.706],[1.3976,52.7069],[1.3991,52.7072],[1.3997,52.7083],[1.3998,52.7096],[1.4003,52.7108],[1.4029,52.7104],[1.404,52.7111],[1.4051,52.7108],[1.405,52.7096],[1.4064,52.7095],[1.4072,52.7086],[1.4067,52.7081],[1.4078,52.7066],[1.4118,52.7057],[1.4119,52.705],[1.4142,52.7044],[1.4149,52.7038],[1.4165,52.7036],[1.417,52.7029],[1.4162,52.7009],[1.414,52.698],[1.4119,52.698],[1.4117,52.6972],[1.4082,52.6971],[1.4066,52.6965],[1.4067,52.6954],[1.403,52.6948],[1.4047,52.6942],[1.4056,52.6943],[1.406,52.6934],[1.4072,52.6928],[1.4103,52.6929],[1.4146,52.6929],[1.416,52.6925],[1.4171,52.6913],[1.4214,52.6902],[1.421,52.6897],[1.423,52.6892],[1.4274,52.689],[1.4274,52.6884],[1.4302,52.6882],[1.4316,52.6884],[1.4313,52.6874],[1.4318,52.6843],[1.4311,52.6839],[1.4288,52.6835],[1.4302,52.683],[1.4326,52.6839],[1.4338,52.6854],[1.4345,52.6852],[1.4357,52.6871],[1.4366,52.6889],[1.4365,52.6897],[1.4394,52.6906],[1.4406,52.6916],[1.441,52.6933],[1.4425,52.693],[1.4457,52.6929],[1.4471,52.6922],[1.4469,52.6934],[1.444,52.6946],[1.4471,52.6968],[1.4499,52.6955],[1.4495,52.6934],[1.4503,52.6928],[1.4523,52.6925],[1.4529,52.6928],[1.4548,52.6924],[1.4568,52.6923],[1.4597,52.6918],[1.4602,52.6903],[1.4609,52.6897],[1.4607,52.6884],[1.4615,52.6883],[1.4628,52.687],[1.4626,52.6866],[1.4593,52.6867],[1.4591,52.6859],[1.4585,52.6854],[1.4554,52.6857],[1.4547,52.6844],[1.4523,52.6841],[1.4525,52.6835],[1.4545,52.6831],[1.4529,52.6809],[1.4536,52.68],[1.4555,52.6826],[1.4566,52.6833],[1.4599,52.6836],[1.4621,52.6835],[1.4626,52.6842],[1.4664,52.685],[1.467,52.6858],[1.4679,52.6859],[1.4738,52.6846],[1.4737,52.6837],[1.4771,52.6834],[1.4812,52.6827],[1.4841,52.6817],[1.4848,52.6811],[1.4836,52.6792],[1.4865,52.6784],[1.4853,52.6765],[1.4801,52.6751],[1.4803,52.6745],[1.4848,52.6751],[1.4867,52.6761],[1.4884,52.6774],[1.4905,52.677],[1.4907,52.6775],[1.4966,52.6774],[1.5011,52.6771],[1.5016,52.6765],[1.5035,52.6761],[1.5039,52.6756],[1.5034,52.6741],[1.5027,52.6737],[1.499,52.6737],[1.4963,52.6733],[1.4909,52.673],[1.4891,52.6723],[1.4881,52.6711],[1.4867,52.6704],[1.4839,52.6696],[1.4817,52.6696],[1.4809,52.6687],[1.4783,52.6675],[1.4766,52.6676],[1.4732,52.6663],[1.4747,52.6653],[1.4761,52.6636],[1.4772,52.6648],[1.478,52.6653],[1.4837,52.666],[1.484,52.6665],[1.4857,52.6671],[1.4874,52.6673],[1.4881,52.669],[1.4908,52.6697],[1.4917,52.6704],[1.4929,52.6707],[1.495,52.6699],[1.4956,52.6689],[1.4968,52.6681],[1.4978,52.6664],[1.4992,52.6663],[1.4991,52.665],[1.5006,52.6647],[1.5014,52.6654],[1.5011,52.667],[1.4987,52.6699],[1.4993,52.6706],[1.5011,52.6707],[1.5028,52.67],[1.5063,52.6697],[1.5051,52.6703],[1.505,52.6711],[1.5072,52.6713],[1.5088,52.6724],[1.5084,52.6737],[1.5117,52.674],[1.5122,52.6734],[1.5152,52.6727],[1.5178,52.6725],[1.5196,52.6709],[1.5195,52.6702],[1.518,52.6691],[1.5186,52.6681],[1.52,52.6681],[1.5201,52.667],[1.5216,52.667],[1.5226,52.6662],[1.5269,52.664],[1.5291,52.6634],[1.5284,52.6622],[1.5288,52.6619],[1.5304,52.6621],[1.5312,52.6631],[1.5359,52.6638],[1.5386,52.6634],[1.5385,52.6625],[1.54,52.6623],[1.5424,52.6632],[1.545,52.663],[1.5458,52.6633],[1.5479,52.6621],[1.5497,52.6606],[1.551,52.66],[1.5504,52.6591],[1.5513,52.6574],[1.551,52.6571],[1.5527,52.6562],[1.5531,52.6541],[1.5537,52.6538],[1.5527,52.6528],[1.5498,52.6541],[1.5491,52.6537],[1.5501,52.6527],[1.5472,52.6511],[1.5435,52.6482],[1.5451,52.6461],[1.5449,52.645],[1.5465,52.6437],[1.5505,52.6433],[1.5504,52.6426],[1.5525,52.6427],[1.5535,52.6434],[1.5545,52.6426],[1.5566,52.6427],[1.5591,52.6419],[1.5596,52.6404],[1.5584,52.6399],[1.5551,52.6373],[1.5536,52.6377],[1.5501,52.636],[1.5478,52.6356],[1.5471,52.6346],[1.5476,52.6343],[1.5509,52.6337],[1.552,52.634],[1.5545,52.6342],[1.5561,52.6336],[1.5556,52.6328],[1.557,52.6325],[1.5568,52.6319],[1.5583,52.6317],[1.5582,52.6311],[1.5573,52.6303],[1.5536,52.6298],[1.5526,52.6301],[1.5504,52.6299],[1.5495,52.6292],[1.5505,52.6279],[1.5483,52.6262],[1.5472,52.626],[1.5442,52.626],[1.5468,52.6246],[1.5487,52.6247],[1.5493,52.6239],[1.5488,52.622],[1.5495,52.6208],[1.549,52.6192],[1.5502,52.6184],[1.5503,52.6176],[1.5487,52.6164],[1.5428,52.6154],[1.5386,52.6156],[1.5381,52.6147],[1.5411,52.6136],[1.5423,52.6146],[1.5453,52.6146],[1.5467,52.6141],[1.5463,52.6128],[1.5443,52.6112],[1.5436,52.6095],[1.5442,52.6094],[1.5454,52.6112],[1.5465,52.6119],[1.5487,52.6122],[1.5498,52.6117],[1.55,52.613],[1.5526,52.6126],[1.5536,52.6117],[1.5534,52.6111],[1.5556,52.6111],[1.5558,52.61],[1.5578,52.6101],[1.5582,52.6077],[1.5593,52.6081],[1.5592,52.6102],[1.5575,52.6121],[1.5563,52.6124],[1.555,52.6134],[1.559,52.6133],[1.5597,52.6126],[1.5638,52.6137],[1.5642,52.6131],[1.5657,52.6135],[1.5663,52.613],[1.5693,52.6135],[1.5696,52.6126],[1.5696,52.6091],[1.5718,52.6093],[1.5773,52.6091],[1.5781,52.6095],[1.5798,52.6084],[1.5793,52.6062],[1.5775,52.6063],[1.577,52.6052],[1.5744,52.6048],[1.5756,52.5982],[1.5773,52.5927],[1.5794,52.5925],[1.5797,52.5922],[1.5787,52.5913],[1.5759,52.5904],[1.5749,52.5902],[1.5745,52.5878],[1.5747,52.5862],[1.576,52.585],[1.5756,52.5845],[1.5736,52.5842],[1.5729,52.5835],[1.5747,52.5835],[1.5779,52.5838],[1.5802,52.5834],[1.581,52.5821],[1.5847,52.5814],[1.5849,52.5806],[1.5845,52.5795],[1.5832,52.5787],[1.583,52.5781],[1.5837,52.5759],[1.5823,52.575],[1.5841,52.5745],[1.5851,52.5731],[1.5851,52.5723],[1.5859,52.5717],[1.5863,52.5706],[1.5858,52.5694],[1.5834,52.5682],[1.5803,52.5679],[1.5807,52.5672],[1.5792,52.5666],[1.5786,52.5672],[1.5756,52.5664],[1.5761,52.567],[1.5753,52.5684],[1.574,52.5689],[1.5729,52.5688],[1.5746,52.5673],[1.5744,52.566],[1.5729,52.5651],[1.5714,52.5646],[1.5698,52.5646],[1.5702,52.5636],[1.573,52.5636],[1.5771,52.5638],[1.5784,52.5622],[1.5803,52.561],[1.581,52.5602],[1.5807,52.5578],[1.5792,52.5576],[1.5743,52.559],[1.5723,52.5599],[1.5644,52.5594],[1.5627,52.5596],[1.5614,52.5615],[1.5605,52.5618],[1.5593,52.5634],[1.5588,52.5632],[1.5571,52.5649],[1.558,52.5653],[1.5581,52.5662],[1.5575,52.5665],[1.5556,52.5685],[1.5537,52.5688],[1.5551,52.5713],[1.55,52.5722],[1.5456,52.5727],[1.5453,52.5737],[1.5419,52.5761],[1.5402,52.5775],[1.5389,52.5777],[1.5389,52.5783],[1.5375,52.5783],[1.5345,52.5787],[1.5325,52.5794],[1.5312,52.5791],[1.5308,52.5795],[1.5304,52.5812],[1.529,52.581],[1.5282,52.5819],[1.5276,52.5836],[1.5263,52.5841],[1.5246,52.5841],[1.5243,52.5834],[1.5251,52.5821],[1.5242,52.5808],[1.5215,52.5794],[1.518,52.5803],[1.5154,52.5806],[1.5145,52.5793],[1.5155,52.579],[1.5148,52.5782],[1.5081,52.5805],[1.5094,52.5814],[1.511,52.5832],[1.5113,52.5857],[1.5109,52.5862],[1.507,52.5857],[1.5058,52.585],[1.5052,52.5855],[1.505,52.5865],[1.5027,52.587],[1.5026,52.5879],[1.502,52.5886],[1.5017,52.5911],[1.5031,52.5921],[1.5029,52.5929],[1.5015,52.5935],[1.5001,52.5937],[1.502,52.5949],[1.5021,52.5953],[1.4984,52.5945],[1.496,52.5951],[1.4946,52.5952],[1.4942,52.5959],[1.492,52.5965],[1.4926,52.5976],[1.4871,52.5995],[1.4867,52.599],[1.4852,52.5993],[1.4813,52.5996],[1.4808,52.6011],[1.4785,52.6011],[1.4797,52.6047],[1.4808,52.6069],[1.4821,52.6088],[1.4807,52.6094],[1.4763,52.6102],[1.4754,52.6085],[1.4741,52.6086],[1.4727,52.6064],[1.4705,52.6068],[1.4709,52.6075],[1.4685,52.6082],[1.4676,52.6061],[1.4666,52.6048],[1.4645,52.6053],[1.4621,52.6055],[1.4605,52.6059],[1.4619,52.6072],[1.4613,52.6092],[1.4603,52.6101],[1.4586,52.6098],[1.4585,52.6087],[1.4573,52.6084],[1.4561,52.6086],[1.4534,52.6104],[1.4523,52.6114],[1.4516,52.6127],[1.4536,52.6131],[1.4539,52.6137],[1.4523,52.6144],[1.4527,52.6151],[1.4512,52.6161],[1.4501,52.6154],[1.4488,52.6162],[1.4482,52.617],[1.4462,52.617],[1.4438,52.6174],[1.4435,52.6172],[1.4404,52.6188],[1.4371,52.6203],[1.4349,52.6212],[1.4285,52.6231],[1.4258,52.6235],[1.4254,52.624],[1.4233,52.6244],[1.4208,52.6241],[1.4196,52.6234],[1.4163,52.6232],[1.4113,52.6226],[1.4113,52.6216],[1.4099,52.6211],[1.4065,52.6191],[1.4049,52.6188],[1.4038,52.6191],[1.4012,52.6189],[1.3955,52.6191],[1.3952,52.6178],[1.3921,52.618],[1.3919,52.6166],[1.3909,52.6168],[1.3898,52.6164],[1.3891,52.6188],[1.3864,52.6189],[1.3847,52.6186],[1.3849,52.6203],[1.38,52.6199],[1.3788,52.6219],[1.3788,52.6225],[1.3801,52.6239],[1.377,52.6246],[1.3716,52.6253],[1.37,52.6263],[1.3698,52.6272],[1.3679,52.6266],[1.3623,52.6273],[1.3611,52.6269],[1.3555,52.6266],[1.3491,52.6255],[1.3471,52.6255],[1.3462,52.6263],[1.3427,52.626],[1.341,52.6262],[1.3383,52.6262],[1.3356,52.6266],[1.3291,52.627],[1.3253,52.6266],[1.3257,52.6259],[1.3232,52.6251],[1.3219,52.624],[1.3211,52.6227],[1.3225,52.6216],[1.3209,52.6208],[1.3213,52.62],[1.3206,52.6193],[1.3212,52.6178],[1.3204,52.6159],[1.3195,52.6158],[1.3159,52.6138],[1.3172,52.6135],[1.3189,52.6141],[1.3209,52.6135],[1.323,52.6146],[1.3245,52.6146],[1.3269,52.6151],[1.3327,52.6156],[1.3339,52.6161],[1.3392,52.6171],[1.3392,52.618],[1.3434,52.6184],[1.3436,52.6167],[1.3482,52.6172],[1.352,52.6185],[1.3569,52.6194],[1.3578,52.6192],[1.3598,52.6192],[1.3599,52.6203],[1.3626,52.6213],[1.3649,52.6227],[1.3667,52.6221],[1.3676,52.6213],[1.3705,52.6148],[1.3704,52.6138],[1.3712,52.6124],[1.3728,52.6111],[1.3735,52.6093],[1.3732,52.6072],[1.3736,52.6067],[1.3759,52.6073],[1.377,52.6072],[1.3784,52.6066],[1.3794,52.6055],[1.3794,52.6048],[1.3819,52.6049],[1.3852,52.6038],[1.3855,52.6023],[1.3875,52.6011],[1.3879,52.6004],[1.3908,52.6027],[1.3927,52.6029],[1.3941,52.6028],[1.3933,52.604],[1.3979,52.6053],[1.4014,52.6062],[1.4032,52.6076],[1.4066,52.6094],[1.406,52.6101],[1.4094,52.6125],[1.4116,52.6135],[1.4117,52.6141],[1.4133,52.6153],[1.4159,52.6158],[1.4187,52.6156],[1.4205,52.6148],[1.4214,52.6138],[1.4239,52.6139],[1.4257,52.6128],[1.4252,52.6121],[1.4262,52.611],[1.4253,52.6107],[1.4273,52.6082],[1.4296,52.6086],[1.4307,52.6083],[1.4318,52.6068],[1.4317,52.6063],[1.433,52.6025],[1.4346,52.6026],[1.4352,52.6001],[1.4324,52.5998],[1.4311,52.5991],[1.4333,52.5958],[1.4348,52.595],[1.437,52.592],[1.4365,52.5915],[1.4345,52.5917],[1.4339,52.5897],[1.4346,52.5896],[1.4351,52.5884],[1.4366,52.5882],[1.4379,52.5875],[1.4383,52.5863],[1.4379,52.584],[1.4391,52.5828],[1.4387,52.5817],[1.4427,52.5816],[1.4429,52.5811],[1.4446,52.5807],[1.4475,52.5806],[1.4495,52.5799],[1.4508,52.5798],[1.4557,52.5781],[1.4568,52.5791],[1.4586,52.5785],[1.4554,52.5774],[1.4564,52.5765],[1.4581,52.5758],[1.461,52.5753],[1.4624,52.5756],[1.4646,52.5768],[1.4653,52.5782],[1.4665,52.5786],[1.4713,52.5788],[1.4724,52.5791],[1.4745,52.5792],[1.4762,52.5788],[1.4791,52.5751],[1.4829,52.5718],[1.4857,52.5705],[1.4883,52.5695],[1.4891,52.5682],[1.4901,52.5673],[1.4916,52.565],[1.4927,52.5621],[1.4939,52.5597],[1.4945,52.5589],[1.4982,52.5566],[1.499,52.5551],[1.5007,52.5537],[1.5018,52.5533],[1.5072,52.5541],[1.5109,52.5544],[1.5141,52.5543],[1.5151,52.5539],[1.5168,52.5525],[1.5182,52.5525],[1.5184,52.5516],[1.5205,52.55],[1.5201,52.5478],[1.5141,52.5475],[1.5091,52.5467],[1.5063,52.5471],[1.5072,52.546],[1.5075,52.5448],[1.5056,52.5449],[1.5029,52.5443],[1.5023,52.5436],[1.5009,52.543],[1.4958,52.5403],[1.4935,52.5406],[1.4927,52.5415],[1.4904,52.541],[1.4876,52.5408],[1.4873,52.5414],[1.4849,52.5404],[1.4814,52.5387],[1.4806,52.5373],[1.4816,52.5373],[1.4814,52.5363],[1.4831,52.536],[1.4824,52.5354],[1.4858,52.5349],[1.489,52.5351],[1.49,52.5367],[1.4917,52.5353],[1.4941,52.534],[1.4967,52.5341],[1.4997,52.5341],[1.5006,52.5355],[1.5015,52.5362],[1.5022,52.5375],[1.5018,52.5379],[1.503,52.5384],[1.5034,52.5379],[1.5057,52.538],[1.5081,52.5375],[1.5089,52.5368],[1.5079,52.5354],[1.5107,52.535],[1.5115,52.5341],[1.514,52.5322],[1.5163,52.5332],[1.5162,52.5347],[1.5167,52.5356],[1.5181,52.5357],[1.5254,52.535],[1.5292,52.5354],[1.5297,52.536],[1.527,52.5372],[1.5265,52.5381],[1.5274,52.5394],[1.5276,52.5412],[1.5299,52.5413],[1.5316,52.5421],[1.5326,52.5437],[1.5335,52.5465],[1.535,52.5486],[1.5355,52.5489],[1.539,52.5478],[1.5425,52.5458],[1.5453,52.5446],[1.5519,52.5413],[1.5547,52.5407],[1.5568,52.5404],[1.559,52.5398],[1.5605,52.5389],[1.563,52.5378],[1.5644,52.5366],[1.5633,52.535],[1.5626,52.5345],[1.5582,52.5331],[1.5575,52.5323],[1.5587,52.5312],[1.5614,52.5317],[1.5637,52.5314],[1.5647,52.5327],[1.5678,52.5336],[1.568,52.5346],[1.5691,52.5351],[1.5715,52.5356],[1.5712,52.5363],[1.5736,52.5373],[1.5733,52.5379],[1.5747,52.5381],[1.5751,52.5373],[1.5763,52.5367],[1.5777,52.5369],[1.5793,52.5365],[1.5815,52.5367],[1.5825,52.537],[1.5834,52.5379],[1.5866,52.5383],[1.5863,52.5377],[1.5886,52.5363],[1.5902,52.5351],[1.5893,52.5338],[1.5888,52.5323],[1.5888,52.5299],[1.5895,52.5283],[1.5894,52.5264],[1.5897,52.5251],[1.5905,52.5238],[1.5938,52.5217],[1.5962,52.5192],[1.5972,52.5198],[1.5979,52.5191],[1.5973,52.5187],[1.5989,52.5179],[1.6,52.5185],[1.602,52.5172],[1.6034,52.517],[1.6039,52.5162],[1.6072,52.5139],[1.6099,52.5117],[1.6124,52.5107],[1.6134,52.5099],[1.6123,52.5079],[1.6141,52.5064],[1.6166,52.507],[1.6187,52.5056],[1.6187,52.5047],[1.6173,52.5044],[1.6167,52.5039],[1.6188,52.5029],[1.6191,52.5035],[1.6206,52.5035],[1.6215,52.5045],[1.6239,52.5054],[1.6251,52.5046],[1.6258,52.5038],[1.6258,52.5017],[1.626,52.5003],[1.6274,52.4987],[1.6296,52.4974],[1.6322,52.4966],[1.6371,52.4959],[1.6398,52.4948],[1.6398,52.494],[1.6372,52.4917],[1.6402,52.491],[1.6443,52.4897],[1.6467,52.4891],[1.6495,52.4887],[1.6519,52.4874],[1.6557,52.4858],[1.657,52.4854],[1.6602,52.4842],[1.663,52.4837],[1.6665,52.4827],[1.6682,52.4825],[1.6628,52.4791],[1.6593,52.4785],[1.6569,52.4785],[1.6561,52.4761],[1.6526,52.4755],[1.651,52.4749],[1.6499,52.4741],[1.648,52.4737],[1.6485,52.475],[1.6471,52.4775],[1.6455,52.4779],[1.6422,52.4766],[1.6403,52.4761],[1.638,52.4761],[1.6379,52.4753],[1.6341,52.4743],[1.6341,52.4737],[1.629,52.4734],[1.6277,52.4735],[1.6255,52.4728],[1.62,52.4733],[1.6163,52.4744],[1.6124,52.477],[1.6105,52.4787],[1.6091,52.4795],[1.6083,52.4809],[1.6069,52.4827],[1.6028,52.4816],[1.6016,52.4815],[1.6018,52.4808],[1.5995,52.4812],[1.5993,52.4807],[1.5951,52.4814],[1.5947,52.4817],[1.5928,52.4806],[1.5898,52.4814],[1.587,52.4817],[1.5847,52.4814],[1.5826,52.481],[1.5811,52.4804],[1.5797,52.4804],[1.5741,52.4777],[1.5707,52.4768],[1.5704,52.4785],[1.5666,52.4783],[1.5666,52.4774],[1.564,52.4772],[1.5616,52.4767],[1.5589,52.4764],[1.5544,52.4762],[1.5539,52.4756],[1.5542,52.4747],[1.5533,52.4743],[1.5516,52.4742],[1.5508,52.4736],[1.5504,52.4718],[1.5509,52.4715],[1.5511,52.4695],[1.5475,52.4695],[1.5459,52.4696],[1.5439,52.4695],[1.5414,52.4684],[1.5361,52.4687],[1.5328,52.469],[1.5327,52.4702],[1.5311,52.472],[1.5304,52.4725],[1.5294,52.4723],[1.5264,52.4725],[1.5262,52.4721],[1.5222,52.4724],[1.5203,52.472],[1.5167,52.472],[1.5163,52.4725],[1.5145,52.4729],[1.5136,52.4707],[1.4882,52.4741],[1.4843,52.4744],[1.4827,52.4742],[1.4772,52.4741],[1.4737,52.4735],[1.474,52.4729],[1.4696,52.4723],[1.4681,52.4717],[1.4608,52.4679],[1.4566,52.4665],[1.4508,52.465],[1.4479,52.4645],[1.4419,52.4633],[1.4417,52.4643],[1.4387,52.4641],[1.4374,52.4651],[1.4349,52.4663],[1.4317,52.4689],[1.4319,52.4695],[1.4243,52.4719],[1.4209,52.472],[1.419,52.4714],[1.4163,52.47],[1.4146,52.4695],[1.4131,52.4687],[1.4111,52.4671],[1.4097,52.4654],[1.4098,52.464],[1.4094,52.4623],[1.4088,52.461],[1.4086,52.4583],[1.4081,52.458],[1.4081,52.4567],[1.4088,52.4551],[1.4109,52.4531],[1.4135,52.4534],[1.415,52.453],[1.4177,52.4549],[1.422,52.4549],[1.4251,52.456],[1.4332,52.4599],[1.4345,52.4593],[1.4353,52.4595],[1.4377,52.4573],[1.4382,52.4573],[1.4399,52.4564],[1.44,52.4556],[1.4428,52.455],[1.4434,52.4544],[1.4451,52.4544],[1.448,52.4538],[1.4492,52.4532],[1.4507,52.4533],[1.4519,52.4537],[1.4549,52.4538],[1.4579,52.4548],[1.4601,52.4558],[1.4647,52.4559],[1.4672,52.4563],[1.4688,52.4564],[1.4737,52.4569],[1.4761,52.4573],[1.4797,52.4573],[1.4823,52.4577],[1.4851,52.4579],[1.4891,52.4574],[1.4902,52.457],[1.4937,52.4562],[1.4969,52.456],[1.5021,52.4566],[1.504,52.4564],[1.5064,52.4557],[1.5123,52.4544],[1.5153,52.454],[1.5179,52.4521],[1.5193,52.4516],[1.5218,52.4509],[1.5225,52.4521],[1.5236,52.453],[1.5277,52.452],[1.5304,52.4517],[1.5303,52.4507],[1.5338,52.4508],[1.5371,52.4516],[1.5412,52.4533],[1.545,52.4535],[1.5463,52.4539],[1.5488,52.4541],[1.552,52.4537],[1.5539,52.4538],[1.556,52.4542],[1.5562,52.455],[1.56,52.4563],[1.5607,52.4573],[1.5611,52.4587],[1.5628,52.4601],[1.5636,52.4612],[1.5635,52.4631],[1.5639,52.4644],[1.5666,52.4641],[1.5701,52.4632],[1.5731,52.4633],[1.5747,52.4641],[1.5816,52.4627],[1.5873,52.4613],[1.5924,52.4599],[1.5961,52.4586],[1.5998,52.46],[1.6028,52.4596],[1.604,52.4613],[1.6084,52.4606],[1.6264,52.4575],[1.6432,52.455],[1.6462,52.4549],[1.6502,52.4551],[1.6542,52.4559],[1.6663,52.4596],[1.6706,52.4607],[1.6901,52.4654],[1.694,52.4664],[1.7055,52.4692],[1.708,52.4699],[1.7094,52.4721],[1.7099,52.474],[1.7114,52.4754],[1.7113,52.4767],[1.7126,52.4775],[1.7051,52.4778],[1.7049,52.4764],[1.7036,52.4764],[1.7015,52.4752],[1.6996,52.475],[1.6998,52.4765],[1.6989,52.4769],[1.6952,52.4773],[1.6943,52.4782],[1.6947,52.4788],[1.6941,52.4801],[1.694,52.4811],[1.6957,52.482],[1.6962,52.4837],[1.6953,52.484],[1.6964,52.4855],[1.6974,52.4876],[1.6952,52.4902],[1.6946,52.4917],[1.6944,52.4953],[1.6956,52.496],[1.6968,52.4962],[1.6971,52.497],[1.6982,52.4972],[1.7003,52.4971],[1.7005,52.4976],[1.7024,52.4974],[1.7026,52.498],[1.7025,52.5],[1.704,52.5029],[1.7039,52.5034],[1.7012,52.5056],[1.6992,52.5053],[1.6971,52.5054],[1.696,52.5052],[1.6944,52.5054],[1.6917,52.5053],[1.6894,52.5055],[1.6843,52.505],[1.6823,52.5046],[1.68,52.5049],[1.677,52.5059],[1.6728,52.5068],[1.6687,52.5072]],[[1.726,52.6227],[1.7255,52.6216],[1.7219,52.6201],[1.7214,52.6167],[1.7219,52.6154],[1.7232,52.6144],[1.7233,52.6134],[1.7224,52.6119],[1.7206,52.6115],[1.7176,52.6124],[1.7166,52.6132],[1.7163,52.6152],[1.7167,52.6165],[1.7154,52.6174],[1.7133,52.6184],[1.7104,52.6193],[1.7056,52.6199],[1.6996,52.6201],[1.7007,52.621],[1.7038,52.6224],[1.7052,52.6234],[1.7068,52.6235],[1.7089,52.6232],[1.7246,52.6263],[1.7251,52.6265],[1.726,52.625],[1.726,52.6227]]]},"properties":{"name":"The Broads","kind":"national_park"},"id":7},
{"type":"Feature","geometry":{"type":"Polygon","coordinates":[[[-0.7291,51.0798],[-0.7306,51.0808],[-0.7332,51.081],[-0.7321,51.0787],[-0.7313,51.0784],[-0.7319,51.0775],[-0.7338,51.0777],[-0.7359,51.0808],[-0.7369,51.0794],[-0.737,51.0771],[-0.7397,51.0769],[-0.7396,51.0782],[-0.7408,51.0782],[-0.7405,51.0808],[-0.7416,51.0809],[-0.7408,51.0823],[-0.7415,51.0829],[-0.7432,51.0832],[-0.7467,51.0828],[-0.7468,51.0834],[-0.7488,51.0832],[-0.7508,51.0824],[-0.7523,51.0821],[-0.7527,51.0838],[-0.7543,51.0834],[-0.7551,51.0852],[-0.7574,51.0851],[-0.7592,51.0855],[-0.7614,51.0855],[-0.7641,51.0852],[-0.7647,51.0846],[-0.7665,51.0846],[-0.7708,51.0831],[-0.7709,51.0826],[-0.7734,51.0822],[-0.7743,51.0815],[-0.7754,51.0813],[-0.7777,51.0797],[-0.7811,51.0792],[-0.7823,51.0771],[-0.7827,51.0759],[-0.784,51.0749],[-0.7859,51.0728],[-0.7881,51.0719],[-0.79,51.0702],[-0.7926,51.0676],[-0.793,51.0677],[-0.7943,51.0661],[-0.795,51.0659],[-0.7971,51.0671],[-0.799,51.0668],[-0.8011,51.0688],[-0.8024,51.0695],[-0.8063,51.0668],[-0.8073,51.0678],[-0.806,51.0694],[-0.805,51.0699],[-0.8037,51.0715],[-0.8034,51.0737],[-0.806,51.0739],[-0.8075,51.0736],[-0.8079,51.0753],[-0.8101,51.075],[-0.8105,51.0773],[-0.8076,51.078],[-0.8073,51.0787],[-0.8097,51.079],[-0.8119,51.0796],[-0.8141,51.0796],[-0.8165,51.0799],[-0.8187,51.0799],[-0.8203,51.0803],[-0.8234,51.0802],[-0.8245,51.0798],[-0.8265,51.0779],[-0.828,51.077],[-0.8282,51.0763],[-0.8297,51.0748],[-0.8302,51.0736],[-0.8319,51.0721],[-0.8338,51.0715],[-0.8378,51.0688],[-0.8439,51.0725],[-0.8446,51.0746],[-0.8438,51.0747],[-0.8447,51.0772],[-0.8451,51.0776],[-0.8392,51.0787],[-0.8368,51.0797],[-0.836,51.0807],[-0.8343,51.0808],[-0.8332,51.0812],[-0.8286,51.0837],[-0.8257,51.0839],[-0.8261,51.0861],[-0.8268,51.0869],[-0.827,51.0879],[-0.8261,51.0895],[-0.8279,51.0899],[-0.8282,51.0906],[-0.8297,51.0913],[-0.8297,51.0921],[-0.8311,51.0926],[-0.8334,51.0928],[-0.8347,51.0942],[-0.8378,51.0958],[-0.8402,51.0952],[-0.8415,51.0951],[-0.8424,51.0941],[-0.8449,51.094],[-0.8481,51.0956],[-0.8492,51.0948],[-0.8506,51.0947],[-0.852,51.0963],[-0.8542,51.096],[-0.8546,51.0966],[-0.8548,51.098],[-0.8625,51.0989],[-0.87,51.0998],[-0.8707,51.0989],[-0.8741,51.0995],[-0.8748,51.1],[-0.8786,51.098],[-0.8791,51.0984],[-0.8804,51.0978],[-0.8818,51.0989],[-0.8867,51.0977],[-0.8901,51.0977],[-0.8912,51.0975],[-0.8931,51.0991],[-0.8954,51.1001],[-0.8982,51.1006],[-0.8993,51.1003],[-0.9015,51.1003],[-0.9034,51.1009],[-0.9078,51.1016],[-0.9071,51.1037],[-0.9083,51.1049],[-0.9041,51.1056],[-0.9029,51.1051],[-0.9017,51.1061],[-0.9003,51.1066],[-0.9005,51.1084],[-0.9018,51.1103],[-0.9038,51.1116],[-0.9027,51.112],[-0.9037,51.1138],[-0.9029,51.1151],[-0.9024,51.1172],[-0.9011,51.1205],[-0.9008,51.122],[-0.9021,51.1225],[-0.9012,51.124],[-0.9001,51.1248],[-0.8984,51.1255],[-0.8974,51.1248],[-0.8997,51.1238],[-0.8998,51.1219],[-0.9002,51.1211],[-0.8977,51.1193],[-0.8977,51.1186],[-0.8959,51.1185],[-0.8944,51.1208],[-0.8934,51.1217],[-0.8914,51.1226],[-0.891,51.1237],[-0.8898,51.1248],[-0.8908,51.1257],[-0.8891,51.1267],[-0.8866,51.1261],[-0.8854,51.127],[-0.8855,51.1277],[-0.8848,51.1291],[-0.8888,51.1292],[-0.8889,51.1298],[-0.8876,51.1327],[-0.8901,51.1325],[-0.8928,51.1329],[-0.8932,51.1344],[-0.8917,51.1358],[-0.8898,51.1366],[-0.8848,51.1374],[-0.8852,51.1382],[-0.884,51.1383],[-0.8821,51.1381],[-0.8772,51.1429],[-0.8706,51.151],[-0.8673,51.1494],[-0.8658,51.149],[-0.8583,51.1504],[-0.8555,51.1505],[-0.8524,51.1515],[-0.8495,51.152],[-0.8473,51.1526],[-0.8462,51.1516],[-0.8446,51.1515],[-0.8378,51.1501],[-0.8359,51.1502],[-0.8331,51.1509],[-0.8326,51.1518],[-0.831,51.1556],[-0.8308,51.1566],[-0.8314,51.158],[-0.8312,51.1595],[-0.8305,51.1612],[-0.8315,51.1612],[-0.8304,51.1627],[-0.8291,51.1678],[-0.8271,51.1746],[-0.8277,51.177],[-0.8271,51.179],[-0.8266,51.1797],[-0.8281,51.1808],[-0.8285,51.1817],[-0.8276,51.1819],[-0.8289,51.1844],[-0.8307,51.1849],[-0.8321,51.1842],[-0.8358,51.1805],[-0.8399,51.1819],[-0.843,51.1785],[-0.8457,51.1783],[-0.8472,51.1788],[-0.8412,51.1839],[-0.8402,51.1839],[-0.8387,51.1833],[-0.8366,51.1857],[-0.8366,51.1862],[-0.838,51.1867],[-0.8369,51.1877],[-0.8362,51.1898],[-0.8389,51.1933],[-0.8457,51.1906],[-0.8498,51.1892],[-0.8544,51.1874],[-0.8592,51.1857],[-0.8609,51.1849],[-0.8643,51.183],[-0.8674,51.1815],[-0.8725,51.1795],[-0.8787,51.1774],[-0.8828,51.1764],[-0.8895,51.1753],[-0.8954,51.1749],[-0.8976,51.1744],[-0.8988,51.1728],[-0.8989,51.1714],[-0.9002,51.1685],[-0.8996,51.1665],[-0.8988,51.1659],[-0.899,51.1643],[-0.9017,51.1647],[-0.9045,51.1647],[-0.9057,51.1644],[-0.9073,51.1648],[-0.9119,51.1642],[-0.915,51.1633],[-0.9157,51.1616],[-0.9166,51.1584],[-0.9162,51.1521],[-0.9173,51.1511],[-0.9196,51.1515],[-0.9199,51.1509],[-0.9193,51.1502],[-0.9206,51.1498],[-0.9199,51.149],[-0.919,51.1489],[-0.9192,51.1479],[-0.9212,51.1446],[-0.9233,51.1434],[-0.9289,51.1391],[-0.9311,51.1402],[-0.9327,51.1388],[-0.933,51.138],[-0.9342,51.1378],[-0.9348,51.1362],[-0.9343,51.1358],[-0.936,51.134],[-0.9376,51.1327],[-0.9394,51.1321],[-0.9414,51.1301],[-0.9423,51.1289],[-0.9434,51.1287],[-0.9448,51.1281],[-0.9439,51.127],[-0.9432,51.1271],[-0.941,51.1253],[-0.9411,51.1248],[-0.9407,51.1217],[-0.9435,51.1211],[-0.9423,51.1193],[-0.9429,51.1188],[-0.9424,51.1174],[-0.9399,51.1185],[-0.9361,51.1183],[-0.9355,51.1175],[-0.9342,51.1174],[-0.93,51.1182],[-0.9292,51.118],[-0.9288,51.1171],[-0.929,51.1161],[-0.928,51.1146],[-0.9285,51.1133],[-0.9305,51.1127],[-0.9323,51.1124],[-0.9342,51.1117],[-0.9351,51.111],[-0.9366,51.1106],[-0.9423,51.1088],[-0.9431,51.1081],[-0.9451,51.108],[-0.9468,51.109],[-0.9493,51.1089],[-0.9506,51.1086],[-0.9523,51.1094],[-0.9568,51.1091],[-0.9598,51.1081],[-0.9675,51.1071],[-0.9713,51.1077],[-0.9732,51.1082],[-0.9775,51.1086],[-0.9781,51.1093],[-0.978,51.1107],[-0.9794,51.1106],[-0.9796,51.1114],[-0.9805,51.1121],[-0.9811,51.1135],[-0.9788,51.114],[-0.9787,51.1147],[-0.9763,51.1154],[-0.9749,51.1167],[-0.9746,51.1177],[-0.9764,51.1186],[-0.9767,51.1194],[-0.9759,51.1202],[-0.9742,51.1213],[-0.9734,51.1222],[-0.9712,51.1238],[-0.9704,51.124],[-0.9684,51.1257],[-0.9673,51.1273],[-0.9664,51.131],[-0.9654,51.1325],[-0.9674,51.1329],[-0.9678,51.1327],[-0.9703,51.133],[-0.9703,51.1334],[-0.9746,51.1353],[-0.977,51.1358],[-0.9803,51.1359],[-0.9858,51.1354],[-0.9857,51.1365],[-0.9868,51.1363],[-0.9897,51.1353],[-0.9915,51.1344],[-0.994,51.1326],[-0.9944,51.1315],[-0.9953,51.1316],[-0.9991,51.1296],[-1.0009,51.1289],[-1.0091,51.1274],[-1.013,51.1263],[-1.0154,51.1253],[-1.0183,51.1231],[-1.0214,51.1212],[-1.0246,51.1196],[-1.0282,51.1175],[-1.0282,51.1173],[-1.0318,51.1149],[-1.0325,51.1148],[-1.0308,51.113],[-1.0323,51.1122],[-1.0311,51.1109],[-1.0303,51.1095],[-1.0284,51.108],[-1.0274,51.1075],[-1.0282,51.1068],[-1.027,51.1061],[-1.0242,51.1052],[-1.0221,51.1014],[-1.0218,51.1006],[-1.0205,51.0992],[-1.0187,51.0979],[-1.0168,51.0958],[-1.0171,51.0948],[-1.0171,51.0928],[-1.0215,51.0935],[-1.0222,51.094],[-1.0222,51.095],[-1.0254,51.0947],[-1.0304,51.0936],[-1.0304,51.0928],[-1.0329,51.0926],[-1.0383,51.0914],[-1.0393,51.0913],[-1.0402,51.0891],[-1.0403,51.088],[-1.0391,51.085],[-1.0393,51.0844],[-1.0387,51.0834],[-1.0374,51.0821],[-1.038,51.0814],[-1.0358,51.0816],[-1.0353,51.0782],[-1.0363,51.0776],[-1.036,51.0751],[-1.0355,51.0741],[-1.0341,51.0734],[-1.0344,51.0723],[-1.0368,51.0699],[-1.044,51.0703],[-1.0481,51.0699],[-1.0529,51.0697],[-1.0559,51.0697],[-1.0574,51.0692],[-1.0611,51.0698],[-1.0615,51.0692],[-1.0633,51.0692],[-1.0652,51.0698],[-1.0693,51.0703],[-1.0713,51.0702],[-1.0733,51.069],[-1.0749,51.0685],[-1.0782,51.0681],[-1.0795,51.0674],[-1.082,51.0668],[-1.0831,51.0667],[-1.0846,51.066],[-1.0862,51.0664],[-1.0884,51.0655],[-1.09,51.0663],[-1.0912,51.0653],[-1.0951,51.0655],[-1.0967,51.0641],[-1.0981,51.0642],[-1.0988,51.0636],[-1.1029,51.0627],[-1.1064,51.0623],[-1.1092,51.0616],[-1.1106,51.0611],[-1.1131,51.0611],[-1.1178,51.0628],[-1.1212,51.0626],[-1.124,51.0633],[-1.1249,51.0642],[-1.129,51.0664],[-1.1303,51.0664],[-1.1331,51.0659],[-1.1369,51.0664],[-1.1417,51.0676],[-1.1435,51.0677],[-1.1464,51.0674],[-1.1487,51.0669],[-1.1512,51.0659],[-1.1509,51.0651],[-1.1526,51.0621],[-1.1529,51.0612],[-1.1595,51.0592],[-1.1635,51.0582],[-1.1663,51.0577],[-1.1664,51.0581],[-1.1688,51.0579],[-1.1697,51.0589],[-1.1706,51.0586],[-1.1717,51.0603],[-1.1734,51.0642],[-1.1734,51.0657],[-1.1737,51.0671],[-1.1726,51.0708],[-1.1737,51.0723],[-1.1733,51.0746],[-1.1724,51.0772],[-1.1715,51.0795],[-1.1791,51.0805],[-1.1812,51.0804],[-1.182,51.081],[-1.1853,51.0814],[-1.186,51.0813],[-1.187,51.0823],[-1.1841,51.0849],[-1.1816,51.0864],[-1.1838,51.0867],[-1.1859,51.0873],[-1.1894,51.0886],[-1.1907,51.0886],[-1.1924,51.0891],[-1.1955,51.0895],[-1.1977,51.0902],[-1.2094,51.0919],[-1.2125,51.0926],[-1.215,51.0934],[-1.2185,51.0948],[-1.2227,51.0958],[-1.2271,51.0962],[-1.2301,51.096],[-1.2365,51.0952],[-1.2388,51.0947],[-1.2433,51.0941],[-1.2467,51.0941],[-1.2576,51.0949],[-1.2633,51.0954],[-1.2677,51.0957],[-1.2716,51.0961],[-1.2755,51.0962],[-1.2767,51.0964],[-1.2885,51.0973],[-1.2921,51.0933],[-1.2944,51.091],[-1.2949,51.0892],[-1.2956,51.0882],[-1.2974,51.087],[-1.2981,51.0858],[-1.2976,51.084],[-1.3008,51.0821],[-1.3018,51.08],[-1.3027,51.0793],[-1.3056,51.0761],[-1.3069,51.0749],[-1.309,51.0736],[-1.3071,51.0732],[-1.3052,51.0724],[-1.3074,51.0702],[-1.3052,51.0692],[-1.3092,51.067],[-1.3092,51.0664],[-1.3067,51.0647],[-1.3056,51.0654],[-1.3055,51.0662],[-1.3044,51.0671],[-1.301,51.0675],[-1.2993,51.0708],[-1.2974,51.075],[-1.2968,51.077],[-1.2967,51.0788],[-1.2957,51.079],[-1.2947,51.0775],[-1.2939,51.0786],[-1.2929,51.0793],[-1.2929,51.0766],[-1.292,51.075],[-1.2913,51.0727],[-1.2902,51.0718],[-1.2897,51.0702],[-1.292,51.0664],[-1.2926,51.0641],[-1.2927,51.0603],[-1.2916,51.0601],[-1.2909,51.0591],[-1.2923,51.0588],[-1.2929,51.0576],[-1.2934,51.0552],[-1.2947,51.0534],[-1.2971,51.0521],[-1.2979,51.0509],[-1.299,51.0504],[-1.3026,51.0502],[-1.3071,51.0498],[-1.3099,51.0496],[-1.3113,51.0499],[-1.3108,51.0505],[-1.3105,51.0528],[-1.3085,51.0543],[-1.3081,51.0549],[-1.3092,51.0567],[-1.3127,51.057],[-1.3141,51.0548],[-1.3155,51.0533],[-1.3131,51.0527],[-1.3146,51.0508],[-1.316,51.0511],[-1.3182,51.0523],[-1.3194,51.0516],[-1.32,51.0503],[-1.3198,51.0486],[-1.3207,51.048],[-1.3212,51.0467],[-1.3229,51.0436],[-1.3252,51.0438],[-1.3254,51.04],[-1.3268,51.04],[-1.3268,51.0386],[-1.3256,51.0323],[-1.3255,51.0289],[-1.3257,51.0277],[-1.3229,51.0272],[-1.3239,51.0253],[-1.3242,51.0243],[-1.325,51.0233],[-1.3271,51.0215],[-1.3286,51.0188],[-1.3294,51.0171],[-1.3292,51.0159],[-1.3294,51.013],[-1.3298,51.0119],[-1.3324,51.0079],[-1.3334,51.0055],[-1.3366,51.0003],[-1.3352,50.9997],[-1.3344,50.9989],[-1.3349,50.9979],[-1.3282,50.9948],[-1.3259,50.9959],[-1.3248,50.9969],[-1.3243,50.9985],[-1.3244,50.9994],[-1.3216,51.0013],[-1.3212,51.0023],[-1.3212,51.0036],[-1.3208,51.0044],[-1.3183,51.0034],[-1.3156,51.0037],[-1.309,51.0036],[-1.3062,51.0044],[-1.304,51.0012],[-1.3058,51.0008],[-1.305,50.9992],[-1.3046,50.9977],[-1.3054,50.9971],[-1.3076,50.9973],[-1.3086,50.9951],[-1.305,50.9943],[-1.3034,50.9943],[-1.3029,50.9949],[-1.3011,50.9953],[-1.3016,50.9965],[-1.301,50.9994],[-1.3004,50.9999],[-1.298,51.0004],[-1.2968,51.0003],[-1.2929,50.9987],[-1.2907,50.9976],[-1.2894,50.9972],[-1.2905,50.9949],[-1.2904,50.9934],[-1.2899,50.9928],[-1.2898,50.9899],[-1.2891,50.9885],[-1.2878,50.9876],[-1.2869,50.9881],[-1.2855,50.9896],[-1.2842,50.9897],[-1.2807,50.9887],[-1.2807,50.9865],[-1.2802,50.9852],[-1.2833,50.9845],[-1.2811,50.9839],[-1.2741,50.9827],[-1.272,50.982],[-1.2694,50.9808],[-1.2674,50.9802],[-1.2648,50.9801],[-1.2628,50.9802],[-1.2595,50.9793],[-1.2579,50.9783],[-1.2601,50.9747],[-1.2565,50.9731],[-1.2579,50.9718],[-1.2555,50.9709],[-1.2566,50.9694],[-1.255,50.9691],[-1.2541,50.97],[-1.2551,50.9705],[-1.2542,50.9713],[-1.2534,50.9713],[-1.2507,50.97],[-1.2473,50.9687],[-1.2448,50.9674],[-1.2409,50.9658],[-1.2361,50.9625],[-1.2334,50.9609],[-1.2316,50.9617],[-1.229,50.9605],[-1.2286,50.9608],[-1.2261,50.9599],[-1.2266,50.9588],[-1.225,50.9586],[-1.2229,50.9578],[-1.223,50.9585],[-1.2217,50.9584],[-1.2214,50.9594],[-1.2199,50.959],[-1.2192,50.9593],[-1.2164,50.9587],[-1.2152,50.9581],[-1.2147,50.9586],[-1.2132,50.9584],[-1.2116,50.9578],[-1.2129,50.9572],[-1.2121,50.9568],[-1.2099,50.9575],[-1.2085,50.959],[-1.2078,50.9584],[-1.2062,50.9581],[-1.2012,50.9567],[-1.2011,50.957],[-1.1934,50.9569],[-1.1934,50.9559],[-1.193,50.9542],[-1.1946,50.9541],[-1.195,50.9535],[-1.1972,50.9532],[-1.2021,50.9529],[-1.2028,50.9515],[-1.2059,50.9522],[-1.2069,50.9517],[-1.2065,50.9503],[-1.2078,50.9501],[-1.2047,50.9477],[-1.2036,50.9461],[-1.2012,50.9465],[-1.1986,50.9462],[-1.194,50.9464],[-1.1932,50.947],[-1.1919,50.9493],[-1.1912,50.9514],[-1.1897,50.9505],[-1.1886,50.9496],[-1.1875,50.9509],[-1.1862,50.9504],[-1.1868,50.9498],[-1.1844,50.9484],[-1.1817,50.9474],[-1.1831,50.9468],[-1.1807,50.9457],[-1.1793,50.9457],[-1.1784,50.9452],[-1.1765,50.9457],[-1.1755,50.9456],[-1.1768,50.9445],[-1.1762,50.944],[-1.1779,50.9428],[-1.1774,50.9425],[-1.1779,50.9412],[-1.1773,50.9399],[-1.1752,50.9395],[-1.1762,50.9382],[-1.1753,50.9374],[-1.1723,50.9372],[-1.1731,50.9351],[-1.1702,50.9341],[-1.1707,50.9325],[-1.1677,50.9301],[-1.1656,50.9311],[-1.1632,50.9299],[-1.1624,50.927],[-1.1626,50.9268],[-1.1787,50.9189],[-1.1806,50.9162],[-1.1836,50.9129],[-1.1845,50.9117],[-1.1832,50.9113],[-1.1823,50.9094],[-1.1863,50.9092],[-1.186,50.9073],[-1.1818,50.9066],[-1.183,50.9039],[-1.1838,50.903],[-1.1832,50.9022],[-1.1839,50.9011],[-1.1848,50.9006],[-1.1839,50.8997],[-1.1824,50.9004],[-1.1821,50.8996],[-1.1801,50.899],[-1.1767,50.8986],[-1.1767,50.8981],[-1.1742,50.8974],[-1.1677,50.8962],[-1.1657,50.8957],[-1.1612,50.895],[-1.1576,50.8997],[-1.1557,50.9015],[-1.1558,50.9028],[-1.1554,50.9044],[-1.1534,50.9056],[-1.1529,50.9048],[-1.1458,50.9019],[-1.1415,50.9006],[-1.1409,50.9007],[-1.1387,50.9027],[-1.1387,50.9038],[-1.1349,50.904],[-1.1358,50.9067],[-1.138,50.9068],[-1.1398,50.9076],[-1.1408,50.9193],[-1.1455,50.9212],[-1.1465,50.9207],[-1.1482,50.9208],[-1.1499,50.9206],[-1.151,50.92],[-1.1526,50.9198],[-1.1522,50.9192],[-1.1526,50.9182],[-1.1539,50.9178],[-1.1559,50.9176],[-1.1564,50.9183],[-1.1557,50.9191],[-1.1537,50.9197],[-1.1539,50.9207],[-1.1533,50.922],[-1.1521,50.923],[-1.1494,50.923],[-1.1483,50.9237],[-1.1465,50.9226],[-1.1419,50.926],[-1.1389,50.9289],[-1.138,50.9303],[-1.1383,50.9318],[-1.1376,50.9321],[-1.1358,50.934],[-1.1348,50.9344],[-1.1337,50.9331],[-1.1324,50.9325],[-1.1304,50.9307],[-1.1309,50.9297],[-1.1309,50.9283],[-1.1284,50.9291],[-1.1245,50.9245],[-1.1235,50.9237],[-1.1228,50.9227],[-1.122,50.92],[-1.1184,50.9199],[-1.1174,50.9238],[-1.1156,50.9246],[-1.113,50.9253],[-1.1121,50.9252],[-1.1109,50.9242],[-1.1078,50.9227],[-1.1074,50.9213],[-1.106,50.9209],[-1.105,50.9202],[-1.1031,50.9195],[-1.1002,50.9195],[-1.098,50.9192],[-1.0975,50.9186],[-1.0981,50.9174],[-1.0925,50.9158],[-1.0913,50.9176],[-1.0887,50.92],[-1.088,50.9213],[-1.0873,50.9218],[-1.0866,50.9209],[-1.085,50.9197],[-1.0838,50.9195],[-1.083,50.9188],[-1.0824,50.9175],[-1.0817,50.9167],[-1.0797,50.9152],[-1.0781,50.9145],[-1.0773,50.9137],[-1.0762,50.9142],[-1.0749,50.9168],[-1.0728,50.9166],[-1.0716,50.9168],[-1.0693,50.9163],[-1.0672,50.9152],[-1.0618,50.9148],[-1.0602,50.9143],[-1.0571,50.914],[-1.0545,50.9132],[-1.054,50.9145],[-1.0528,50.916],[-1.0521,50.9181],[-1.0515,50.9189],[-1.0501,50.9197],[-1.0458,50.9216],[-1.0448,50.9222],[-1.0445,50.9236],[-1.0416,50.9236],[-1.037,50.924],[-1.035,50.9244],[-1.0329,50.9245],[-1.0332,50.9233],[-1.0349,50.9212],[-1.0359,50.9174],[-1.0368,50.9147],[-1.0341,50.9142],[-1.0309,50.9143],[-1.0298,50.9151],[-1.027,50.9159],[-1.0251,50.9161],[-1.024,50.9177],[-1.0225,50.9179],[-1.0219,50.9171],[-1.0201,50.9184],[-1.0203,50.9188],[-1.0191,50.9199],[-1.0203,50.9204],[-1.0182,50.9219],[-1.0176,50.923],[-1.0164,50.9248],[-1.0154,50.9257],[-1.014,50.925],[-1.0126,50.9265],[-1.0138,50.9269],[-1.0127,50.9274],[-1.0108,50.9291],[-1.0118,50.9306],[-1.0127,50.9325],[-1.0133,50.9383],[-1.0123,50.9409],[-1.0141,50.9419],[-1.0149,50.9437],[-1.0135,50.9439],[-1.0109,50.9447],[-1.0112,50.9456],[-1.0099,50.946],[-1.0103,50.948],[-1.0111,50.9486],[-1.0101,50.9491],[-1.008,50.9492],[-1.008,50.9488],[-1.006,50.9489],[-1.0062,50.9467],[-1.0051,50.9463],[-1.0017,50.9475],[-1.0021,50.9458],[-0.9992,50.9452],[-0.9962,50.9451],[-0.9943,50.9446],[-0.9908,50.9443],[-0.9838,50.9447],[-0.9871,50.9411],[-0.9913,50.9372],[-0.9938,50.9343],[-0.9939,50.9331],[-0.9948,50.9322],[-0.9966,50.927],[-0.9976,50.9214],[-0.9974,50.9191],[-0.997,50.9175],[-0.9962,50.9155],[-0.9948,50.9156],[-0.994,50.9153],[-0.9939,50.9142],[-0.9927,50.9143],[-0.9907,50.9157],[-0.9896,50.9162],[-0.9862,50.9144],[-0.9835,50.9138],[-0.9836,50.9129],[-0.9842,50.9117],[-0.9867,50.9093],[-0.988,50.9065],[-0.9891,50.9054],[-0.989,50.9043],[-0.9894,50.903],[-0.9838,50.8982],[-0.9817,50.8962],[-0.9781,50.8935],[-0.9769,50.8923],[-0.9712,50.8969],[-0.9684,50.8961],[-0.9662,50.8962],[-0.9656,50.8965],[-0.9644,50.8983],[-0.9637,50.8989],[-0.9626,50.8987],[-0.9616,50.8968],[-0.9596,50.897],[-0.9583,50.8963],[-0.958,50.8956],[-0.9565,50.8949],[-0.957,50.8938],[-0.9563,50.8937],[-0.9551,50.8947],[-0.9532,50.8966],[-0.9521,50.8983],[-0.951,50.8979],[-0.9518,50.8973],[-0.9535,50.8946],[-0.9551,50.8925],[-0.9555,50.8914],[-0.9576,50.8906],[-0.9556,50.8891],[-0.9545,50.8887],[-0.9531,50.8873],[-0.9511,50.8861],[-0.9478,50.8848],[-0.9484,50.8841],[-0.9462,50.8825],[-0.9453,50.8803],[-0.9443,50.8798],[-0.9412,50.8777],[-0.9394,50.8754],[-0.9395,50.8744],[-0.9386,50.8738],[-0.9389,50.8729],[-0.932,50.8741],[-0.9306,50.8742],[-0.9263,50.8748],[-0.9231,50.8748],[-0.9205,50.875],[-0.922,50.873],[-0.9206,50.8723],[-0.9188,50.8727],[-0.918,50.872],[-0.92,50.8691],[-0.9217,50.8684],[-0.9231,50.8663],[-0.9214,50.8658],[-0.9218,50.8653],[-0.9179,50.864],[-0.9168,50.8647],[-0.9145,50.8656],[-0.9131,50.8658],[-0.9108,50.8668],[-0.9082,50.8677],[-0.9045,50.8686],[-0.901,50.87],[-0.8957,50.8692],[-0.8922,50.87],[-0.8908,50.8702],[-0.8922,50.8729],[-0.8893,50.8753],[-0.8879,50.8774],[-0.8859,50.8771],[-0.8828,50.876],[-0.8777,50.8747],[-0.8744,50.8741],[-0.8725,50.8735],[-0.8675,50.8729],[-0.8666,50.8726],[-0.8658,50.8708],[-0.8678,50.8705],[-0.8669,50.8686],[-0.8649,50.869],[-0.8646,50.8666],[-0.8592,50.8675],[-0.8591,50.866],[-0.8567,50.8637],[-0.8554,50.8616],[-0.8571,50.8606],[-0.8585,50.8596],[-0.8605,50.8593],[-0.863,50.8583],[-0.863,50.8573],[-0.8592,50.8581],[-0.8572,50.8551],[-0.8546,50.8544],[-0.8515,50.8541],[-0.8505,50.8544],[-0.8495,50.8557],[-0.8465,50.8552],[-0.8449,50.8552],[-0.8443,50.8566],[-0.8415,50.8564],[-0.839,50.8566],[-0.8358,50.8563],[-0.8325,50.8562],[-0.8319,50.8566],[-0.8309,50.858],[-0.8297,50.8607],[-0.829,50.8629],[-0.8276,50.8659],[-0.8257,50.8675],[-0.8247,50.868],[-0.824,50.8691],[-0.8233,50.869],[-0.8229,50.87],[-0.8213,50.8695],[-0.8208,50.8701],[-0.8175,50.8687],[-0.8154,50.8684],[-0.81,50.869],[-0.8045,50.8701],[-0.8029,50.8698],[-0.7995,50.8703],[-0.7976,50.8709],[-0.7947,50.8713],[-0.7942,50.8696],[-0.7964,50.869],[-0.7963,50.868],[-0.7996,50.8677],[-0.7974,50.8651],[-0.785,50.8664],[-0.7852,50.8646],[-0.7785,50.8646],[-0.7796,50.8653],[-0.7803,50.8665],[-0.7786,50.868],[-0.7775,50.8686],[-0.7771,50.867],[-0.7756,50.8664],[-0.7748,50.8668],[-0.7727,50.8653],[-0.7714,50.8653],[-0.7665,50.8648],[-0.7498,50.863],[-0.7317,50.8612],[-0.7225,50.8602],[-0.7166,50.863],[-0.7129,50.8646],[-0.7123,50.8653],[-0.7131,50.8683],[-0.7051,50.8684],[-0.7041,50.8691],[-0.7016,50.8699],[-0.7,50.8705],[-0.6913,50.8717],[-0.6897,50.8716],[-0.685,50.8707],[-0.685,50.8699],[-0.6861,50.8676],[-0.6823,50.8677],[-0.6732,50.8671],[-0.6735,50.8668],[-0.6775,50.8654],[-0.6774,50.8628],[-0.6785,50.8607],[-0.6781,50.8585],[-0.6772,50.8571],[-0.671,50.8575],[-0.6662,50.8572],[-0.665,50.8604],[-0.6642,50.8633],[-0.6626,50.8652],[-0.6545,50.8592],[-0.6544,50.8598],[-0.6518,50.8595],[-0.6524,50.8577],[-0.6483,50.8572],[-0.6463,50.8567],[-0.6408,50.8571],[-0.6413,50.8564],[-0.6372,50.8564],[-0.6236,50.8574],[-0.6226,50.8546],[-0.6227,50.8534],[-0.622,50.853],[-0.6198,50.8529],[-0.6171,50.8532],[-0.6167,50.8524],[-0.6147,50.8511],[-0.6134,50.849],[-0.6122,50.8501],[-0.6098,50.8497],[-0.6097,50.8508],[-0.6072,50.8512],[-0.6044,50.8523],[-0.6036,50.851],[-0.6027,50.851],[-0.6029,50.8486],[-0.6027,50.8475],[-0.6011,50.8447],[-0.6001,50.8449],[-0.5992,50.8439],[-0.5978,50.8429],[-0.5953,50.8421],[-0.5934,50.8422],[-0.5935,50.8427],[-0.5909,50.8422],[-0.5897,50.8428],[-0.59,50.8437],[-0.5897,50.8448],[-0.5911,50.8462],[-0.5907,50.8465],[-0.5882,50.8466],[-0.5844,50.8462],[-0.5815,50.8453],[-0.5812,50.8462],[-0.5793,50.8464],[-0.5789,50.8472],[-0.578,50.8475],[-0.5768,50.8494],[-0.5767,50.8508],[-0.5748,50.8508],[-0.5748,50.8493],[-0.5738,50.849],[-0.5717,50.8505],[-0.5705,50.8525],[-0.573,50.8522],[-0.5733,50.8541],[-0.5731,50.8546],[-0.5698,50.8546],[-0.5665,50.8543],[-0.5621,50.8527],[-0.5608,50.853],[-0.5605,50.8536],[-0.5623,50.8551],[-0.5631,50.8565],[-0.5623,50.8572],[-0.5601,50.8557],[-0.5583,50.8553],[-0.5561,50.8554],[-0.5547,50.855],[-0.554,50.8552],[-0.5522,50.8546],[-0.5528,50.8538],[-0.5521,50.853],[-0.5495,50.851],[-0.5448,50.8476],[-0.544,50.8471],[-0.542,50.847],[-0.5405,50.8459],[-0.5408,50.8447],[-0.5402,50.844],[-0.538,50.8433],[-0.5356,50.8428],[-0.5325,50.8424],[-0.53,50.8422],[-0.5262,50.8422],[-0.5208,50.8429],[-0.5183,50.8431],[-0.5144,50.8429],[-0.5014,50.8413],[-0.497,50.8412],[-0.4911,50.8417],[-0.4877,50.8413],[-0.4848,50.8406],[-0.4823,50.8403],[-0.4752,50.8404],[-0.4703,50.8408],[-0.4703,50.8381],[-0.4706,50.8355],[-0.4694,50.8339],[-0.4711,50.8334],[-0.4708,50.8316],[-0.4709,50.83],[-0.472,50.8273],[-0.4701,50.8274],[-0.4683,50.8278],[-0.4658,50.8279],[-0.4583,50.8275],[-0.4558,50.827],[-0.4553,50.8267],[-0.4526,50.8265],[-0.4493,50.826],[-0.445,50.826],[-0.4438,50.8219],[-0.4433,50.8216],[-0.4357,50.8224],[-0.4343,50.8229],[-0.4341,50.8255],[-0.4342,50.8268],[-0.435,50.8288],[-0.436,50.832],[-0.4377,50.834],[-0.4335,50.8349],[-0.4332,50.8351],[-0.4301,50.8357],[-0.4301,50.8365],[-0.429,50.8377],[-0.4307,50.8395],[-0.4306,50.8402],[-0.428,50.8401],[-0.424,50.8406],[-0.4197,50.8414],[-0.4127,50.8409],[-0.413,50.8439],[-0.4131,50.8487],[-0.4112,50.8493],[-0.4119,50.8499],[-0.406,50.8517],[-0.4052,50.8503],[-0.4055,50.8496],[-0.4026,50.8485],[-0.4008,50.8461],[-0.4016,50.8458],[-0.3992,50.8431],[-0.3986,50.8443],[-0.3996,50.8459],[-0.4026,50.8495],[-0.405,50.8539],[-0.4038,50.8547],[-0.4027,50.8559],[-0.4024,50.8567],[-0.3978,50.8579],[-0.3965,50.856],[-0.3918,50.8529],[-0.3914,50.852],[-0.3913,50.8483],[-0.391,50.8481],[-0.3905,50.8451],[-0.3898,50.8432],[-0.3899,50.8417],[-0.3888,50.8382],[-0.3881,50.8386],[-0.3863,50.8376],[-0.3813,50.8385],[-0.3811,50.8377],[-0.3794,50.8377],[-0.3772,50.8381],[-0.3768,50.8391],[-0.3756,50.8407],[-0.3701,50.8408],[-0.3702,50.8392],[-0.371,50.839],[-0.3711,50.8379],[-0.3636,50.8382],[-0.3632,50.8348],[-0.3559,50.8363],[-0.3439,50.8377],[-0.3398,50.8378],[-0.3364,50.8376],[-0.336,50.8379],[-0.3359,50.8401],[-0.3403,50.8407],[-0.3402,50.8425],[-0.3405,50.8437],[-0.3302,50.843],[-0.3299,50.8424],[-0.3307,50.8413],[-0.3275,50.841],[-0.3272,50.8429],[-0.3226,50.8428],[-0.32,50.8427],[-0.3196,50.843],[-0.316,50.8429],[-0.3152,50.8416],[-0.3155,50.84],[-0.3132,50.8398],[-0.3126,50.8387],[-0.3086,50.8392],[-0.3015,50.8403],[-0.297,50.8413],[-0.2919,50.8432],[-0.2868,50.8447],[-0.2812,50.8457],[-0.2761,50.8462],[-0.2721,50.8463],[-0.2684,50.8463],[-0.2638,50.846],[-0.255,50.8451],[-0.2524,50.8451],[-0.2499,50.8457],[-0.2483,50.8464],[-0.2474,50.8461],[-0.2464,50.8465],[-0.2423,50.8455],[-0.2408,50.8456],[-0.2364,50.8464],[-0.2349,50.8472],[-0.2334,50.8469],[-0.2321,50.8456],[-0.2294,50.8457],[-0.2295,50.8466],[-0.2307,50.8484],[-0.2324,50.8494],[-0.2343,50.8511],[-0.2357,50.853],[-0.236,50.855],[-0.2372,50.8555],[-0.2373,50.8564],[-0.2361,50.8568],[-0.2364,50.8576],[-0.2337,50.8584],[-0.232,50.8594],[-0.2311,50.859],[-0.2311,50.8581],[-0.2281,50.8582],[-0.2262,50.8579],[-0.2233,50.8569],[-0.2239,50.8565],[-0.2233,50.8548],[-0.2222,50.8539],[-0.2209,50.852],[-0.2192,50.8514],[-0.2166,50.8484],[-0.2149,50.8481],[-0.2162,50.8505],[-0.214,50.851],[-0.215,50.8522],[-0.2166,50.8529],[-0.2166,50.8534],[-0.214,50.8532],[-0.211,50.8534],[-0.2074,50.8544],[-0.2018,50.8558],[-0.1968,50.8563],[-0.1906,50.8554],[-0.1884,50.8555],[-0.1854,50.8559],[-0.182,50.8567],[-0.1796,50.8574],[-0.1778,50.8584],[-0.1771,50.8593],[-0.1756,50.8584],[-0.1737,50.8576],[-0.173,50.8591],[-0.1717,50.8601],[-0.1694,50.8612],[-0.1656,50.8623],[-0.1642,50.8624],[-0.1615,50.8622],[-0.16,50.8628],[-0.1601,50.8632],[-0.1575,50.8631],[-0.1526,50.8633],[-0.1521,50.8641],[-0.1529,50.8653],[-0.1555,50.8673],[-0.1577,50.8671],[-0.159,50.8688],[-0.1596,50.87],[-0.1614,50.8719],[-0.1603,50.8724],[-0.1581,50.8722],[-0.1568,50.8698],[-0.1551,50.869],[-0.1532,50.8693],[-0.151,50.8695],[-0.1458,50.8692],[-0.1434,50.8692],[-0.1387,50.8694],[-0.1355,50.8699],[-0.1306,50.8709],[-0.1275,50.8712],[-0.1235,50.8706],[-0.1208,50.8699],[-0.121,50.8685],[-0.1219,50.866],[-0.1225,50.8653],[-0.1224,50.8632],[-0.1227,50.862],[-0.1221,50.8611],[-0.1229,50.8596],[-0.1246,50.8593],[-0.1257,50.8588],[-0.1296,50.8581],[-0.1302,50.8578],[-0.133,50.8554],[-0.1321,50.8549],[-0.1294,50.8547],[-0.1286,50.8543],[-0.1304,50.8528],[-0.1319,50.8507],[-0.1319,50.85],[-0.1302,50.85],[-0.1281,50.8505],[-0.1275,50.8499],[-0.125,50.8503],[-0.1253,50.8488],[-0.123,50.8484],[-0.1217,50.849],[-0.1201,50.8471],[-0.1193,50.8479],[-0.1202,50.8484],[-0.1199,50.8492],[-0.1186,50.8485],[-0.1144,50.8504],[-0.1129,50.8507],[-0.1113,50.8516],[-0.1101,50.8527],[-0.1082,50.8559],[-0.1072,50.8567],[-0.1058,50.8573],[-0.1042,50.8575],[-0.1045,50.8581],[-0.1066,50.8581],[-0.1087,50.857],[-0.1098,50.8579],[-0.1113,50.8582],[-0.1123,50.8589],[-0.1119,50.8598],[-0.1145,50.8614],[-0.1163,50.8617],[-0.1163,50.8631],[-0.1168,50.8656],[-0.1157,50.8672],[-0.1132,50.8674],[-0.1105,50.8673],[-0.1084,50.8662],[-0.1071,50.8654],[-0.1055,50.8639],[-0.1047,50.8627],[-0.1086,50.862],[-0.108,50.8614],[-0.1053,50.861],[-0.1041,50.8603],[-0.1035,50.8594],[-0.1029,50.8576],[-0.0997,50.8577],[-0.0986,50.8581],[-0.0969,50.8592],[-0.0963,50.8603],[-0.0947,50.8607],[-0.0918,50.8619],[-0.0905,50.8623],[-0.0903,50.8636],[-0.0909,50.8661],[-0.0914,50.8668],[-0.0913,50.8678],[-0.0919,50.8701],[-0.0919,50.8712],[-0.0909,50.873],[-0.0887,50.8738],[-0.0871,50.8733],[-0.0882,50.8714],[-0.0864,50.8716],[-0.0848,50.8692],[-0.0837,50.8681],[-0.0822,50.8684],[-0.0825,50.8692],[-0.0809,50.8694],[-0.0792,50.867],[-0.0777,50.8664],[-0.078,50.8655],[-0.0803,50.8649],[-0.0807,50.8642],[-0.0784,50.8638],[-0.0796,50.8622],[-0.0788,50.8611],[-0.0832,50.8604],[-0.0848,50.8588],[-0.084,50.8571],[-0.0885,50.8558],[-0.0916,50.8556],[-0.0919,50.8573],[-0.0949,50.8568],[-0.0979,50.8557],[-0.0969,50.8556],[-0.0944,50.8546],[-0.095,50.8541],[-0.0973,50.855],[-0.098,50.8542],[-0.1006,50.8533],[-0.1017,50.8517],[-0.1009,50.8513],[-0.1021,50.8502],[-0.102,50.8492],[-0.1034,50.848],[-0.1048,50.8476],[-0.1053,50.8466],[-0.1064,50.8467],[-0.107,50.8448],[-0.1088,50.8428],[-0.1097,50.8431],[-0.1104,50.8441],[-0.1114,50.8436],[-0.1104,50.8425],[-0.1085,50.8422],[-0.1056,50.8434],[-0.1036,50.8433],[-0.1013,50.8421],[-0.1002,50.8426],[-0.1003,50.8437],[-0.1,50.8453],[-0.099,50.846],[-0.0974,50.8454],[-0.0919,50.8444],[-0.088,50.8441],[-0.0898,50.8415],[-0.0885,50.8409],[-0.0891,50.8403],[-0.0919,50.8391],[-0.093,50.8398],[-0.0955,50.8407],[-0.0968,50.8402],[-0.0983,50.8392],[-0.0988,50.8364],[-0.1003,50.8367],[-0.1011,50.8373],[-0.1013,50.8382],[-0.1004,50.8389],[-0.1027,50.8403],[-0.1034,50.8399],[-0.1033,50.8389],[-0.1038,50.8358],[-0.0996,50.8351],[-0.0992,50.8355],[-0.0964,50.8356],[-0.0961,50.8367],[-0.0947,50.8374],[-0.0926,50.8356],[-0.0891,50.8363],[-0.0838,50.8377],[-0.0835,50.8373],[-0.0768,50.8398],[-0.0752,50.8398],[-0.075,50.8403],[-0.0722,50.8404],[-0.0699,50.8404],[-0.0673,50.8401],[-0.066,50.8397],[-0.0632,50.8384],[-0.0625,50.8384],[-0.061,50.8375],[-0.0606,50.8378],[-0.0586,50.8357],[-0.0584,50.8326],[-0.0587,50.8292],[-0.059,50.8281],[-0.0605,50.8277],[-0.0622,50.8256],[-0.0633,50.8245],[-0.0666,50.8234],[-0.0675,50.8243],[-0.0675,50.8267],[-0.071,50.827],[-0.0726,50.8286],[-0.0732,50.831],[-0.0747,50.8326],[-0.0751,50.8333],[-0.0753,50.8364],[-0.077,50.8362],[-0.0773,50.8337],[-0.0779,50.8333],[-0.0818,50.8325],[-0.0834,50.8318],[-0.0855,50.8318],[-0.087,50.8344],[-0.0898,50.8335],[-0.0917,50.8334],[-0.0933,50.8343],[-0.0941,50.8344],[-0.0974,50.8342],[-0.1002,50.8344],[-0.0994,50.8325],[-0.0996,50.8317],[-0.0984,50.8316],[-0.0969,50.8326],[-0.0953,50.8328],[-0.093,50.8322],[-0.0921,50.8314],[-0.0921,50.8303],[-0.0929,50.829],[-0.0937,50.8288],[-0.0939,50.8277],[-0.0957,50.8276],[-0.096,50.8265],[-0.0944,50.8253],[-0.094,50.8239],[-0.0949,50.8238],[-0.0946,50.8225],[-0.095,50.8209],[-0.0958,50.8207],[-0.0966,50.8189],[-0.0987,50.8176],[-0.1001,50.8172],[-0.1034,50.8169],[-0.1001,50.8163],[-0.0993,50.8165],[-0.0971,50.8161],[-0.0958,50.8166],[-0.094,50.8167],[-0.0919,50.8161],[-0.0877,50.8153],[-0.0879,50.8135],[-0.0891,50.8112],[-0.0925,50.812],[-0.0932,50.8106],[-0.0911,50.8104],[-0.0871,50.8095],[-0.0837,50.8086],[-0.08,50.8074],[-0.0756,50.8058],[-0.0686,50.8038],[-0.066,50.8033],[-0.0634,50.8023],[-0.0596,50.8017],[-0.0575,50.8016],[-0.0577,50.8025],[-0.0605,50.8031],[-0.0631,50.8039],[-0.0626,50.8048],[-0.0612,50.8051],[-0.0624,50.807],[-0.0602,50.8074],[-0.0626,50.8112],[-0.0647,50.811],[-0.0653,50.8124],[-0.0672,50.8126],[-0.0702,50.8119],[-0.0716,50.8119],[-0.0733,50.8134],[-0.0751,50.8154],[-0.0765,50.8147],[-0.0776,50.8147],[-0.0782,50.8155],[-0.0767,50.8164],[-0.0778,50.8172],[-0.0803,50.8182],[-0.0784,50.8186],[-0.0763,50.8198],[-0.0744,50.8192],[-0.0731,50.8206],[-0.0721,50.821],[-0.0709,50.8234],[-0.0693,50.8223],[-0.0677,50.8224],[-0.0671,50.8213],[-0.0652,50.8197],[-0.0645,50.8182],[-0.0641,50.8162],[-0.0624,50.8136],[-0.0612,50.8113],[-0.0597,50.8097],[-0.0578,50.8102],[-0.0565,50.811],[-0.0548,50.8098],[-0.0515,50.812],[-0.0496,50.8111],[-0.048,50.8124],[-0.047,50.8119],[-0.0482,50.8109],[-0.0538,50.8073],[-0.053,50.8051],[-0.0487,50.8053],[-0.0479,50.8058],[-0.0474,50.8085],[-0.0458,50.8104],[-0.0453,50.8115],[-0.0434,50.811],[-0.0415,50.8113],[-0.039,50.8122],[-0.0377,50.8118],[-0.0361,50.8125],[-0.0354,50.8135],[-0.0365,50.8143],[-0.0347,50.8158],[-0.0334,50.8153],[-0.0323,50.8154],[-0.0339,50.8137],[-0.0312,50.8131],[-0.0294,50.8125],[-0.0283,50.8126],[-0.0257,50.8138],[-0.0244,50.814],[-0.0224,50.8133],[-0.0234,50.8126],[-0.0249,50.8124],[-0.0245,50.8118],[-0.028,50.8107],[-0.0276,50.8098],[-0.0301,50.8099],[-0.0306,50.8102],[-0.0318,50.8086],[-0.0333,50.8075],[-0.0347,50.807],[-0.0338,50.806],[-0.0347,50.8056],[-0.0332,50.8046],[-0.0322,50.8055],[-0.031,50.8048],[-0.0287,50.8054],[-0.0275,50.8063],[-0.0255,50.8073],[-0.0225,50.8079],[-0.0202,50.8072],[-0.0214,50.8057],[-0.0224,50.804],[-0.0242,50.8021],[-0.0255,50.8012],[-0.0294,50.7991],[-0.031,50.7973],[-0.0272,50.7961],[-0.0265,50.7971],[-0.0229,50.7962],[-0.0217,50.8001],[-0.0181,50.7992],[-0.0178,50.7995],[-0.0137,50.7987],[-0.0127,50.7999],[-0.0134,50.8001],[-0.0127,50.8012],[-0.011,50.8027],[-0.0099,50.8024],[-0.0067,50.8067],[-0.0059,50.8068],[-0.0033,50.8063],[0.0005,50.8094],[0.0023,50.8112],[0.0057,50.8112],[0.0057,50.8122],[0.008,50.8123],[0.0081,50.8113],[0.009,50.8114],[0.014,50.8108],[0.0141,50.8097],[0.0126,50.808],[0.0139,50.8077],[0.0132,50.8063],[0.0119,50.8061],[0.0094,50.8023],[0.0132,50.8016],[0.0131,50.7998],[0.0207,50.7976],[0.0202,50.7967],[0.0192,50.7959],[0.0189,50.7941],[0.0193,50.7937],[0.0222,50.7929],[0.026,50.7915],[0.0281,50.7916],[0.0278,50.7907],[0.0305,50.7904],[0.032,50.7897],[0.0331,50.7896],[0.0347,50.7902],[0.0325,50.7917],[0.0352,50.7941],[0.0388,50.7962],[0.0404,50.7964],[0.0422,50.7985],[0.04,50.7991],[0.0376,50.8],[0.0366,50.8008],[0.0399,50.8025],[0.042,50.8019],[0.0425,50.8023],[0.0456,50.8024],[0.0458,50.8028],[0.0477,50.8034],[0.0485,50.8034],[0.0499,50.8025],[0.0502,50.8032],[0.0519,50.8036],[0.0524,50.8046],[0.0539,50.8056],[0.0548,50.8076],[0.0545,50.8084],[0.0523,50.8111],[0.0513,50.8119],[0.0488,50.813],[0.0475,50.814],[0.0484,50.8149],[0.0501,50.815],[0.0511,50.8161],[0.0528,50.8158],[0.0547,50.8164],[0.0536,50.815],[0.0537,50.8138],[0.0549,50.8143],[0.0575,50.8128],[0.0574,50.8114],[0.0567,50.8102],[0.0573,50.81],[0.0562,50.8089],[0.0589,50.8078],[0.0581,50.8064],[0.0586,50.8057],[0.0609,50.8054],[0.0644,50.8065],[0.0681,50.8079],[0.0702,50.8059],[0.0701,50.8055],[0.0678,50.8041],[0.0654,50.8035],[0.0658,50.8032],[0.0685,50.8031],[0.0702,50.8014],[0.0719,50.802],[0.0728,50.8014],[0.0676,50.7995],[0.0649,50.7982],[0.0636,50.7984],[0.0628,50.7981],[0.0613,50.7981],[0.0592,50.7972],[0.0606,50.7949],[0.0635,50.7891],[0.0648,50.7885],[0.0635,50.7879],[0.0634,50.7868],[0.0696,50.7853],[0.0668,50.7829],[0.0667,50.7822],[0.0714,50.781],[0.0762,50.7794],[0.0772,50.7804],[0.0765,50.7812],[0.076,50.7829],[0.0763,50.7839],[0.0751,50.7853],[0.0711,50.7887],[0.0756,50.7904],[0.0778,50.7901],[0.081,50.7866],[0.0814,50.7869],[0.0832,50.7861],[0.084,50.7855],[0.0826,50.785],[0.0805,50.7837],[0.08,50.7831],[0.082,50.7827],[0.0845,50.7826],[0.0858,50.7832],[0.0876,50.783],[0.0897,50.7815],[0.0932,50.7836],[0.0972,50.7855],[0.0988,50.7864],[0.1013,50.7883],[0.105,50.7912],[0.1055,50.7901],[0.1073,50.7885],[0.1091,50.7875],[0.1102,50.7865],[0.1139,50.7868],[0.1142,50.7848],[0.1155,50.7848],[0.1153,50.7859],[0.1193,50.7861],[0.1195,50.7853],[0.122,50.7846],[0.1235,50.7849],[0.1255,50.7829],[0.1265,50.783],[0.1295,50.7849],[0.1311,50.7831],[0.131,50.7817],[0.1313,50.7801],[0.1315,50.777],[0.1324,50.7761],[0.1329,50.7741],[0.1324,50.7733],[0.1315,50.7733],[0.1316,50.7712],[0.1319,50.7712],[0.1319,50.7692],[0.1329,50.7684],[0.1317,50.7682],[0.1314,50.7663],[0.1291,50.7665],[0.1291,50.7657],[0.1252,50.7658],[0.1252,50.7663],[0.1229,50.7661],[0.1225,50.7676],[0.1228,50.7683],[0.1192,50.7684],[0.116,50.7686],[0.1132,50.7686],[0.1128,50.7671],[0.1151,50.767],[0.115,50.7658],[0.1128,50.7658],[0.1128,50.7652],[0.1108,50.7646],[0.1096,50.7651],[0.1086,50.7647],[0.109,50.7636],[0.1125,50.762],[0.1133,50.7613],[0.1139,50.7601],[0.1158,50.7598],[0.1179,50.759],[0.1188,50.7583],[0.1208,50.7574],[0.1213,50.7575],[0.1253,50.7565],[0.1304,50.7562],[0.1324,50.7554],[0.1355,50.7547],[0.1379,50.7545],[0.1405,50.7546],[0.1406,50.7557],[0.1427,50.7557],[0.1453,50.7574],[0.1465,50.7576],[0.1498,50.7568],[0.1525,50.7572],[0.1533,50.7577],[0.1543,50.7573],[0.154,50.7566],[0.156,50.7554],[0.1572,50.755],[0.162,50.7538],[0.1645,50.7529],[0.1687,50.7518],[0.1694,50.752],[0.1718,50.751],[0.1723,50.7501],[0.1737,50.7496],[0.1755,50.7499],[0.1781,50.7494],[0.177,50.7484],[0.179,50.7478],[0.1802,50.7484],[0.1818,50.7481],[0.1829,50.7475],[0.1867,50.7473],[0.1896,50.7461],[0.1904,50.746],[0.197,50.7433],[0.198,50.7432],[0.1993,50.7423],[0.201,50.7405],[0.202,50.739],[0.2033,50.7387],[0.2049,50.7378],[0.2067,50.7376],[0.2075,50.7371],[0.2091,50.7368],[0.213,50.7368],[0.2152,50.7365],[0.2161,50.7358],[0.2186,50.7356],[0.2217,50.7356],[0.2231,50.7354],[0.2248,50.7356],[0.2253,50.7353],[0.2304,50.7348],[0.2318,50.735],[0.2342,50.7341],[0.2378,50.7345],[0.2398,50.7344],[0.2405,50.734],[0.244,50.734],[0.247,50.7355],[0.2475,50.7349],[0.2499,50.7354],[0.2505,50.7359],[0.2529,50.7362],[0.2559,50.736],[0.258,50.7355],[0.2608,50.7379],[0.2613,50.7377],[0.2641,50.7413],[0.2652,50.7421],[0.2659,50.7434],[0.266,50.7447],[0.267,50.7462],[0.2683,50.7463],[0.2705,50.7477],[0.2677,50.7486],[0.2706,50.7518],[0.2689,50.7517],[0.2679,50.7512],[0.2666,50.7524],[0.2616,50.7518],[0.261,50.752],[0.2596,50.7536],[0.2589,50.7538],[0.2598,50.756],[0.258,50.7553],[0.2561,50.7554],[0.2538,50.7566],[0.2528,50.7575],[0.2537,50.7586],[0.2546,50.7588],[0.2565,50.7584],[0.2621,50.7598],[0.2641,50.7611],[0.2657,50.7621],[0.2693,50.7629],[0.2692,50.7641],[0.2686,50.7649],[0.2689,50.7655],[0.2724,50.7665],[0.2716,50.7669],[0.2706,50.7684],[0.2662,50.7673],[0.2634,50.7666],[0.2614,50.7659],[0.2574,50.7649],[0.2555,50.7653],[0.2552,50.7663],[0.2543,50.7676],[0.2522,50.7671],[0.2507,50.7671],[0.2512,50.7682],[0.2538,50.7692],[0.2531,50.7705],[0.2493,50.77],[0.2486,50.771],[0.2487,50.7728],[0.2502,50.7749],[0.2524,50.7752],[0.2515,50.7768],[0.2494,50.777],[0.2477,50.7767],[0.2462,50.7775],[0.2456,50.7813],[0.2442,50.7819],[0.247,50.7823],[0.2494,50.7834],[0.2494,50.7844],[0.2531,50.7879],[0.2522,50.7901],[0.2503,50.7896],[0.2453,50.7902],[0.2445,50.7915],[0.2461,50.792],[0.2463,50.7927],[0.245,50.7933],[0.2447,50.7949],[0.2457,50.7953],[0.2481,50.7953],[0.2477,50.7978],[0.2487,50.7979],[0.2498,50.7988],[0.2484,50.8008],[0.2491,50.8017],[0.2465,50.8028],[0.2463,50.8032],[0.2472,50.8041],[0.2458,50.8048],[0.2461,50.8054],[0.2441,50.8053],[0.243,50.804],[0.2409,50.8045],[0.2412,50.8051],[0.2388,50.8063],[0.237,50.8078],[0.2349,50.8081],[0.2334,50.8076],[0.2327,50.8081],[0.2315,50.8097],[0.2308,50.8111],[0.2344,50.8116],[0.2353,50.8116],[0.2351,50.8129],[0.2372,50.8156],[0.2367,50.8161],[0.2354,50.8162],[0.2367,50.8173],[0.236,50.8174],[0.2367,50.819],[0.234,50.8194],[0.2337,50.8188],[0.2318,50.8188],[0.2317,50.8194],[0.228,50.8195],[0.2287,50.8213],[0.2228,50.8214],[0.221,50.8213],[0.2176,50.821],[0.2132,50.8212],[0.2007,50.822],[0.1947,50.8226],[0.1832,50.8243],[0.177,50.8243],[0.1635,50.8264],[0.1624,50.8264],[0.1597,50.8271],[0.143,50.8337],[0.1409,50.8347],[0.1402,50.8359],[0.1396,50.8386],[0.1367,50.84],[0.1374,50.8405],[0.1348,50.842],[0.1337,50.843],[0.1315,50.844],[0.1264,50.8455],[0.1225,50.8471],[0.1141,50.8499],[0.1096,50.8518],[0.1062,50.8527],[0.1027,50.8531],[0.0784,50.854],[0.077,50.8539],[0.0752,50.8559],[0.0744,50.8564],[0.0727,50.8565],[0.071,50.8578],[0.0706,50.8592],[0.0743,50.8595],[0.0758,50.8599],[0.078,50.861],[0.0797,50.8625],[0.0816,50.8639],[0.0883,50.8664],[0.0899,50.8673],[0.0967,50.8717],[0.0965,50.8734],[0.0967,50.8743],[0.0919,50.8741],[0.0892,50.8739],[0.0911,50.8767],[0.0924,50.8771],[0.0929,50.878],[0.0911,50.8782],[0.0915,50.8787],[0.0872,50.8777],[0.085,50.8782],[0.0837,50.8787],[0.0848,50.8806],[0.0835,50.881],[0.0821,50.8819],[0.0786,50.8831],[0.0775,50.884],[0.0777,50.8846],[0.0772,50.8867],[0.0754,50.8869],[0.0766,50.8893],[0.0756,50.8902],[0.072,50.8896],[0.0664,50.89],[0.0643,50.8905],[0.0605,50.8902],[0.0596,50.8899],[0.0582,50.8886],[0.0575,50.8888],[0.0555,50.8885],[0.0542,50.888],[0.053,50.8871],[0.049,50.8859],[0.0479,50.8868],[0.0486,50.8873],[0.0516,50.8899],[0.0494,50.8906],[0.0519,50.8927],[0.0529,50.8923],[0.0533,50.8931],[0.0522,50.894],[0.0533,50.8949],[0.0537,50.8958],[0.0527,50.8968],[0.0503,50.8979],[0.0468,50.8984],[0.0424,50.8992],[0.0379,50.8974],[0.0354,50.8962],[0.0342,50.8953],[0.0283,50.8924],[0.0264,50.8907],[0.0255,50.8883],[0.023,50.8886],[0.0207,50.8886],[0.0182,50.8897],[0.0159,50.889],[0.0156,50.8895],[0.0127,50.8918],[0.0122,50.8925],[0.0106,50.8933],[0.0101,50.8946],[0.0094,50.8952],[0.0063,50.8933],[0.0051,50.8944],[0.0067,50.8949],[0.0053,50.8954],[0.0046,50.8969],[0.0055,50.898],[0.0034,50.899],[0.0027,50.8981],[0.0007,50.8967],[-0.0002,50.8958],[-0.0032,50.8939],[-0.0038,50.8962],[-0.0048,50.8982],[-0.0072,50.9017],[-0.0086,50.9011],[-0.0103,50.9012],[-0.0113,50.8999],[-0.0122,50.902],[-0.0115,50.903],[-0.0101,50.9025],[-0.0096,50.9038],[-0.0156,50.909],[-0.0165,50.9096],[-0.0201,50.9129],[-0.0217,50.9142],[-0.0245,50.916],[-0.0311,50.9191],[-0.0342,50.9204],[-0.0369,50.9216],[-0.0402,50.9227],[-0.0432,50.9235],[-0.0494,50.9254],[-0.0527,50.9229],[-0.052,50.9224],[-0.0533,50.9213],[-0.0551,50.9204],[-0.0574,50.921],[-0.0598,50.921],[-0.0611,50.9213],[-0.065,50.9214],[-0.0661,50.9209],[-0.0674,50.9214],[-0.0675,50.9226],[-0.0725,50.9228],[-0.0746,50.9225],[-0.0748,50.9249],[-0.074,50.9265],[-0.0753,50.9265],[-0.0765,50.927],[-0.0809,50.9269],[-0.0809,50.9272],[-0.085,50.9281],[-0.0867,50.9287],[-0.0872,50.927],[-0.0895,50.9269],[-0.0938,50.9278],[-0.0924,50.9293],[-0.0965,50.9295],[-0.0959,50.9316],[-0.0977,50.932],[-0.0972,50.933],[-0.096,50.9331],[-0.0957,50.9339],[-0.0946,50.9345],[-0.0941,50.9359],[-0.0958,50.9366],[-0.0948,50.9381],[-0.0965,50.9385],[-0.0957,50.9397],[-0.0975,50.9406],[-0.0971,50.9419],[-0.0955,50.9443],[-0.0956,50.9456],[-0.1032,50.9463],[-0.1045,50.9429],[-0.1057,50.9422],[-0.1115,50.9429],[-0.1111,50.9437],[-0.1142,50.9445],[-0.1152,50.9424],[-0.1163,50.9416],[-0.1165,50.9407],[-0.1173,50.9405],[-0.12,50.9406],[-0.1204,50.939],[-0.1203,50.9378],[-0.1227,50.9379],[-0.1219,50.9365],[-0.1226,50.9363],[-0.1225,50.9346],[-0.1234,50.9329],[-0.1257,50.9307],[-0.1278,50.9309],[-0.1286,50.9286],[-0.1293,50.9286],[-0.1304,50.9277],[-0.1313,50.9256],[-0.1275,50.9254],[-0.1273,50.9246],[-0.1282,50.9225],[-0.1264,50.9221],[-0.1276,50.92],[-0.1295,50.9203],[-0.1293,50.921],[-0.1306,50.9212],[-0.1308,50.9202],[-0.1303,50.9195],[-0.1303,50.9183],[-0.1332,50.9182],[-0.1337,50.919],[-0.1367,50.9195],[-0.1372,50.9185],[-0.1384,50.9187],[-0.1405,50.9197],[-0.1408,50.9191],[-0.1436,50.9201],[-0.1443,50.9196],[-0.1478,50.9211],[-0.149,50.921],[-0.1498,50.9204],[-0.1498,50.9195],[-0.1514,50.9195],[-0.1514,50.9204],[-0.1538,50.9204],[-0.1534,50.9218],[-0.1564,50.9224],[-0.1559,50.9235],[-0.157,50.9234],[-0.1593,50.924],[-0.1615,50.9244],[-0.1614,50.9255],[-0.1621,50.926],[-0.164,50.9266],[-0.1683,50.9283],[-0.1698,50.93],[-0.1712,50.9301],[-0.1722,50.9298],[-0.1734,50.9303],[-0.174,50.9291],[-0.1747,50.929],[-0.1766,50.9295],[-0.176,50.9303],[-0.1781,50.931],[-0.1777,50.9318],[-0.1798,50.9328],[-0.1798,50.9311],[-0.1789,50.9301],[-0.178,50.9299],[-0.1792,50.9291],[-0.1783,50.9283],[-0.1809,50.9271],[-0.1818,50.9261],[-0.1824,50.9244],[-0.1836,50.9237],[-0.1879,50.923],[-0.1898,50.9222],[-0.1912,50.9204],[-0.192,50.92],[-0.1932,50.9199],[-0.1958,50.9193],[-0.1983,50.9193],[-0.2007,50.919],[-0.2048,50.9181],[-0.2064,50.9174],[-0.2071,50.9185],[-0.2094,50.9186],[-0.2102,50.9192],[-0.2131,50.9196],[-0.2151,50.9203],[-0.2169,50.9206],[-0.2169,50.9215],[-0.2156,50.9214],[-0.215,50.9227],[-0.2178,50.9225],[-0.2182,50.92],[-0.2222,50.9199],[-0.2226,50.9209],[-0.2228,50.9232],[-0.2257,50.9226],[-0.2255,50.9196],[-0.2289,50.9199],[-0.2291,50.9186],[-0.2276,50.9181],[-0.2269,50.9172],[-0.2289,50.9167],[-0.2284,50.9148],[-0.2283,50.9132],[-0.2267,50.9128],[-0.2265,50.9116],[-0.2297,50.9115],[-0.2337,50.9113],[-0.2382,50.9105],[-0.2424,50.9104],[-0.2458,50.9099],[-0.2477,50.9101],[-0.2518,50.9107],[-0.2534,50.9108],[-0.2573,50.9099],[-0.2575,50.9104],[-0.2598,50.9104],[-0.2608,50.9091],[-0.2587,50.9085],[-0.259,50.9078],[-0.2604,50.9066],[-0.2617,50.9068],[-0.2626,50.9074],[-0.2628,50.9084],[-0.2657,50.9086],[-0.2668,50.9092],[-0.2669,50.9114],[-0.2687,50.9111],[-0.2709,50.9096],[-0.2722,50.9093],[-0.2731,50.9088],[-0.2719,50.908],[-0.2708,50.9057],[-0.2709,50.904],[-0.2695,50.9027],[-0.2703,50.8984],[-0.2713,50.8984],[-0.2723,50.8956],[-0.2739,50.8959],[-0.2744,50.8935],[-0.2768,50.894],[-0.2775,50.8922],[-0.2777,50.8907],[-0.2775,50.8894],[-0.2798,50.8895],[-0.2811,50.89],[-0.2844,50.8903],[-0.2869,50.8901],[-0.2896,50.8884],[-0.2888,50.8882],[-0.2894,50.887],[-0.2901,50.8849],[-0.2913,50.8852],[-0.2937,50.8851],[-0.2949,50.8844],[-0.2944,50.8835],[-0.295,50.881],[-0.2944,50.8799],[-0.295,50.8791],[-0.2964,50.8786],[-0.2983,50.8792],[-0.2996,50.8798],[-0.3019,50.8803],[-0.3034,50.8802],[-0.3047,50.8812],[-0.3064,50.8818],[-0.3066,50.8826],[-0.3083,50.883],[-0.3098,50.8829],[-0.3098,50.8817],[-0.3114,50.8813],[-0.3123,50.8823],[-0.3139,50.882],[-0.3143,50.8827],[-0.3152,50.8825],[-0.3171,50.8816],[-0.3188,50.8813],[-0.3239,50.8808],[-0.3235,50.8799],[-0.3254,50.8792],[-0.3257,50.8787],[-0.3277,50.8777],[-0.3288,50.8786],[-0.3277,50.8793],[-0.3273,50.8802],[-0.3285,50.8812],[-0.3288,50.8825],[-0.3306,50.8815],[-0.3323,50.881],[-0.3337,50.8811],[-0.3339,50.8822],[-0.3363,50.8822],[-0.3366,50.8861],[-0.3349,50.887],[-0.3338,50.8871],[-0.3342,50.8888],[-0.3357,50.8912],[-0.3338,50.8919],[-0.3325,50.8916],[-0.3326,50.8925],[-0.3319,50.8944],[-0.3324,50.8956],[-0.3353,50.8988],[-0.3356,50.8992],[-0.3404,50.9002],[-0.3431,50.9013],[-0.345,50.903],[-0.3463,50.9036],[-0.3486,50.9043],[-0.3506,50.9051],[-0.3537,50.9067],[-0.3547,50.9076],[-0.3576,50.9085],[-0.3622,50.9095],[-0.3701,50.9094],[-0.3735,50.9095],[-0.3768,50.9099],[-0.3782,50.9098],[-0.3827,50.9092],[-0.3857,50.909],[-0.3875,50.909],[-0.3912,50.9096],[-0.3946,50.9089],[-0.3966,50.9068],[-0.4014,50.906],[-0.4033,50.9061],[-0.4046,50.9066],[-0.4058,50.9077],[-0.4063,50.9087],[-0.4084,50.9092],[-0.4086,50.9098],[-0.4072,50.9102],[-0.4061,50.9111],[-0.4061,50.9121],[-0.4085,50.9149],[-0.4118,50.9158],[-0.4112,50.9162],[-0.4142,50.917],[-0.4135,50.9181],[-0.4122,50.9188],[-0.4132,50.9203],[-0.4157,50.9216],[-0.4167,50.9203],[-0.4167,50.9172],[-0.4168,50.9161],[-0.4197,50.917],[-0.4207,50.9142],[-0.4216,50.9112],[-0.4229,50.9113],[-0.4301,50.9129],[-0.4326,50.9129],[-0.4401,50.9146],[-0.442,50.9147],[-0.442,50.9139],[-0.4432,50.9138],[-0.4427,50.9126],[-0.4449,50.9122],[-0.4467,50.9114],[-0.4475,50.9099],[-0.4492,50.91],[-0.4489,50.9108],[-0.449,50.9126],[-0.4481,50.9134],[-0.4487,50.9144],[-0.4498,50.9135],[-0.451,50.9134],[-0.4561,50.914],[-0.4572,50.9142],[-0.4573,50.9134],[-0.4582,50.9119],[-0.4618,50.9124],[-0.4626,50.913],[-0.4623,50.9142],[-0.4641,50.9143],[-0.464,50.915],[-0.4677,50.9149],[-0.4685,50.9164],[-0.4717,50.9148],[-0.4771,50.9152],[-0.4765,50.9174],[-0.4764,50.9201],[-0.4781,50.9205],[-0.4812,50.9223],[-0.4817,50.9229],[-0.4826,50.9269],[-0.4793,50.93],[-0.4781,50.9308],[-0.4768,50.9312],[-0.4752,50.9341],[-0.4754,50.9354],[-0.4735,50.9356],[-0.4732,50.9348],[-0.4671,50.9344],[-0.4673,50.9356],[-0.4671,50.9366],[-0.4644,50.9375],[-0.4639,50.9381],[-0.4636,50.9394],[-0.4647,50.9399],[-0.4658,50.9409],[-0.4664,50.9428],[-0.4676,50.9437],[-0.4691,50.9428],[-0.4712,50.9441],[-0.4727,50.9453],[-0.4761,50.9468],[-0.4771,50.9463],[-0.4806,50.9472],[-0.4825,50.948],[-0.4838,50.9501],[-0.4857,50.9504],[-0.4859,50.952],[-0.485,50.9533],[-0.4851,50.9541],[-0.486,50.9549],[-0.487,50.9553],[-0.4897,50.9555],[-0.491,50.9559],[-0.4936,50.956],[-0.4939,50.9545],[-0.4959,50.9553],[-0.4982,50.9558],[-0.501,50.9559],[-0.5021,50.9563],[-0.505,50.9561],[-0.509,50.9565],[-0.512,50.9562],[-0.5157,50.956],[-0.517,50.9557],[-0.5191,50.9562],[-0.5205,50.9559],[-0.5214,50.9552],[-0.5222,50.9561],[-0.5227,50.958],[-0.5213,50.9598],[-0.5208,50.9619],[-0.5213,50.9629],[-0.5233,50.963],[-0.5261,50.9645],[-0.5279,50.9664],[-0.528,50.9674],[-0.5274,50.9691],[-0.5263,50.9706],[-0.5245,50.9714],[-0.5189,50.9712],[-0.5183,50.9727],[-0.5189,50.9747],[-0.5183,50.9767],[-0.5168,50.9792],[-0.5122,50.9799],[-0.5113,50.9799],[-0.509,50.979],[-0.5051,50.9779],[-0.5042,50.9772],[-0.5021,50.9775],[-0.5011,50.9771],[-0.5011,50.9796],[-0.5003,50.9813],[-0.501,50.9838],[-0.5,50.9856],[-0.5007,50.9861],[-0.5027,50.9862],[-0.5032,50.9868],[-0.5048,50.9871],[-0.5037,50.9884],[-0.5025,50.9882],[-0.5025,50.9896],[-0.504,50.9897],[-0.5033,50.9907],[-0.5044,50.9908],[-0.5057,50.99],[-0.5074,50.9897],[-0.5095,50.9886],[-0.5101,50.99],[-0.5126,50.99],[-0.5128,50.9907],[-0.5123,50.9925],[-0.5153,50.9925],[-0.5181,50.9932],[-0.519,50.995],[-0.521,50.9961],[-0.5224,50.9965],[-0.5241,50.9968],[-0.5267,50.9978],[-0.5263,50.9984],[-0.5266,50.9998],[-0.5265,51.0034],[-0.5261,51.0039],[-0.5261,51.0054],[-0.5259,51.0072],[-0.5242,51.0091],[-0.5236,51.0112],[-0.5224,51.0133],[-0.5234,51.0135],[-0.526,51.0135],[-0.5275,51.014],[-0.5277,51.0147],[-0.5333,51.0143],[-0.5332,51.0156],[-0.5318,51.0159],[-0.5263,51.0158],[-0.5254,51.0173],[-0.5237,51.0192],[-0.5232,51.0214],[-0.5224,51.0219],[-0.5212,51.0234],[-0.5193,51.0247],[-0.5193,51.0255],[-0.5202,51.0257],[-0.5212,51.0247],[-0.5224,51.0245],[-0.5254,51.025],[-0.526,51.0254],[-0.5298,51.024],[-0.5306,51.0243],[-0.5322,51.0241],[-0.5336,51.0232],[-0.5327,51.0216],[-0.5349,51.0212],[-0.5365,51.0217],[-0.5385,51.0212],[-0.5397,51.0203],[-0.5412,51.021],[-0.5428,51.0205],[-0.5441,51.0196],[-0.5482,51.0192],[-0.5504,51.0181],[-0.5511,51.0168],[-0.551,51.0154],[-0.5515,51.014],[-0.5524,51.0128],[-0.5545,51.0111],[-0.5555,51.01],[-0.5555,51.009],[-0.5564,51.0082],[-0.5585,51.0086],[-0.5588,51.0101],[-0.5599,51.0102],[-0.5596,51.0084],[-0.5605,51.0078],[-0.5634,51.0077],[-0.5652,51.0092],[-0.567,51.0093],[-0.5699,51.0096],[-0.5701,51.0103],[-0.5715,51.0106],[-0.5721,51.0114],[-0.5731,51.0121],[-0.5746,51.0114],[-0.5776,51.0126],[-0.5786,51.0122],[-0.5794,51.0107],[-0.5807,51.0114],[-0.581,51.0104],[-0.5845,51.0104],[-0.5858,51.01],[-0.5892,51.011],[-0.5902,51.0123],[-0.5899,51.0136],[-0.5903,51.0142],[-0.5898,51.0154],[-0.5881,51.0161],[-0.588,51.0167],[-0.5866,51.0179],[-0.5832,51.0198],[-0.5819,51.0211],[-0.5808,51.0245],[-0.5829,51.0256],[-0.5859,51.0262],[-0.588,51.0273],[-0.5929,51.0274],[-0.5941,51.0291],[-0.5941,51.03],[-0.5934,51.0333],[-0.5941,51.0341],[-0.5944,51.0364],[-0.5945,51.0401],[-0.5969,51.0412],[-0.5977,51.0409],[-0.5987,51.0418],[-0.5993,51.0431],[-0.5997,51.0454],[-0.5991,51.0472],[-0.6007,51.0526],[-0.6007,51.0541],[-0.5998,51.0567],[-0.5996,51.0579],[-0.6005,51.0592],[-0.6014,51.063],[-0.5999,51.0637],[-0.6011,51.0652],[-0.6021,51.0677],[-0.6044,51.069],[-0.6057,51.0703],[-0.6089,51.0706],[-0.6127,51.0698],[-0.6146,51.0723],[-0.6203,51.0764],[-0.6225,51.0774],[-0.6233,51.0783],[-0.6247,51.0787],[-0.6247,51.0799],[-0.6241,51.0805],[-0.6204,51.0829],[-0.6202,51.0835],[-0.6214,51.0847],[-0.6195,51.0863],[-0.6195,51.0872],[-0.62,51.0874],[-0.6201,51.0875],[-0.6202,51.0875],[-0.621,51.0882],[-0.6212,51.0882],[-0.6214,51.0882],[-0.6215,51.0882],[-0.623,51.0881],[-0.6233,51.088],[-0.6258,51.0882],[-0.6274,51.0887],[-0.628,51.0889],[-0.6294,51.089],[-0.6315,51.0881],[-0.6338,51.0865],[-0.6357,51.0861],[-0.6378,51.0853],[-0.6426,51.0844],[-0.6459,51.0844],[-0.6481,51.0834],[-0.6511,51.0836],[-0.6544,51.0834],[-0.6572,51.0823],[-0.6576,51.0822],[-0.6579,51.0822],[-0.6582,51.0822],[-0.6584,51.0821],[-0.6596,51.082],[-0.6598,51.082],[-0.6605,51.082],[-0.6615,51.082],[-0.664,51.0817],[-0.6656,51.0804],[-0.6663,51.0796],[-0.6667,51.0796],[-0.668,51.0781],[-0.669,51.0774],[-0.6724,51.0772],[-0.6743,51.0766],[-0.6774,51.0764],[-0.6787,51.0763],[-0.6805,51.076],[-0.681,51.0758],[-0.6825,51.0753],[-0.6833,51.0753],[-0.6837,51.0754],[-0.6852,51.0754],[-0.6871,51.0756],[-0.6896,51.0745],[-0.6898,51.0743],[-0.6905,51.0738],[-0.6923,51.0735],[-0.6944,51.0729],[-0.6946,51.0727],[-0.6946,51.0724],[-0.696,51.0723],[-0.6979,51.0731],[-0.6981,51.0738],[-0.7006,51.0745],[-0.7009,51.0748],[-0.701,51.0748],[-0.7011,51.0751],[-0.7012,51.0752],[-0.7013,51.0754],[-0.7017,51.0758],[-0.7022,51.0761],[-0.7024,51.0762],[-0.7035,51.0765],[-0.7047,51.0771],[-0.7048,51.0771],[-0.7054,51.0777],[-0.7054,51.0778],[-0.7055,51.0778],[-0.7057,51.078],[-0.7057,51.0781],[-0.706,51.0783],[-0.7063,51.0786],[-0.7069,51.0788],[-0.7071,51.0788],[-0.7072,51.0788],[-0.7081,51.0787],[-0.7082,51.0787],[-0.7083,51.0787],[-0.7085,51.0786],[-0.7088,51.0785],[-0.709,51.0785],[-0.7091,51.0785],[-0.7095,51.0783],[-0.7097,51.0781],[-0.7099,51.0781],[-0.71,51.0781],[-0.7101,51.0781],[-0.7101,51.078],[-0.7102,51.078],[-0.7104,51.078],[-0.7106,51.0779],[-0.7129,51.0779],[-0.7144,51.0774],[-0.7171,51.0776],[-0.7198,51.0784],[-0.7198,51.0785],[-0.7199,51.0786],[-0.72,51.0787],[-0.7201,51.0788],[-0.7202,51.0788],[-0.7203,51.0788],[-0.7204,51.0788],[-0.7204,51.0789],[-0.7206,51.0789],[-0.7208,51.079],[-0.7209,51.079],[-0.721,51.079],[-0.721,51.0791],[-0.7211,51.0791],[-0.7212,51.0791],[-0.7213,51.0791],[-0.7215,51.0792],[-0.7216,51.0792],[-0.7217,51.0792],[-0.7218,51.0793],[-0.7219,51.0793],[-0.722,51.0793],[-0.7221,51.0793],[-0.7221,51.0794],[-0.7222,51.0794],[-0.7223,51.0794],[-0.7225,51.079],[-0.7225,51.0789],[-0.7225,51.0788],[-0.7225,51.0787],[-0.7226,51.0787],[-0.7226,51.0786],[-0.7226,51.0785],[-0.7228,51.0779],[-0.724,51.0781],[-0.7245,51.0781],[-0.725,51.0782],[-0.7263,51.0787],[-0.7269,51.0789],[-0.727,51.0789],[-0.7271,51.079],[-0.7283,51.0794],[-0.7291,51.0798]]]},"properties":{"name":"South Downs","kind":"national_park"},"id":8},
{"type":"Feature","geometry":{"type":"Polygon","coordinates":[[[-2.551,54.9973],[-2.5494,54.9978],[-2.5483,54.9985],[-2.5451,54.9986],[-2.5408,54.997],[-2.5368,54.9953],[-2.536,54.9937],[-2.5358,54.9926],[-2.5344,54.9915],[-2.5345,54.9898],[-2.5339,54.9891],[-2.5326,54.9891],[-2.5298,54.9898],[-2.5293,54.9878],[-2.5289,54.9836],[-2.5284,54.9827],[-2.5249,54.9824],[-2.5197,54.9816],[-2.5156,54.9811],[-2.4995,54.9802],[-2.4712,54.984],[-2.4609,54.9853],[-2.451,54.9866],[-2.4442,54.9875],[-2.4393,54.9875],[-2.4358,54.9873],[-2.4323,54.9875],[-2.4327,54.9885],[-2.4247,54.9895],[-2.4173,54.9884],[-2.409,54.9882],[-2.4002,54.9884],[-2.3891,54.9894],[-2.3846,54.99],[-2.3837,54.99],[-2.3641,54.9917],[-2.3625,54.9903],[-2.3607,54.9904],[-2.3578,54.991],[-2.359,54.9921],[-2.357,54.9926],[-2.3544,54.9944],[-2.351,54.9954],[-2.3484,54.9953],[-2.3437,54.9964],[-2.3416,54.9967],[-2.3375,54.9969],[-2.3333,54.9969],[-2.3306,54.997],[-2.3258,54.9977],[-2.3197,54.9989],[-2.3036,55.002],[-2.2918,55.0041],[-2.2877,55.0045],[-2.2769,55.0061],[-2.272,55.0065],[-2.2675,55.0068],[-2.2699,55.0114],[-2.274,55.015],[-2.2766,55.0166],[-2.2685,55.0183],[-2.2689,55.0205],[-2.2695,55.0217],[-2.2695,55.024],[-2.2518,55.0251],[-2.2423,55.0257],[-2.2142,55.03],[-2.1742,55.0276],[-2.1749,55.0309],[-2.1733,55.0307],[-2.1657,55.0295],[-2.1604,55.0304],[-2.1603,55.0318],[-2.1709,55.034],[-2.1723,55.0356],[-2.1736,55.0391],[-2.176,55.0427],[-2.1761,55.0433],[-2.1783,55.0435],[-2.1787,55.044],[-2.1804,55.0444],[-2.1832,55.0442],[-2.1843,55.0444],[-2.1864,55.0444],[-2.1909,55.0431],[-2.1925,55.045],[-2.1949,55.045],[-2.1955,55.0447],[-2.2002,55.0442],[-2.2052,55.0439],[-2.2087,55.044],[-2.2126,55.044],[-2.2157,55.0444],[-2.2168,55.043],[-2.22,55.0414],[-2.2235,55.0445],[-2.2245,55.0438],[-2.226,55.0438],[-2.227,55.0444],[-2.2292,55.0441],[-2.2299,55.0434],[-2.2318,55.0442],[-2.2336,55.0465],[-2.2355,55.0493],[-2.237,55.0525],[-2.2376,55.0534],[-2.239,55.0539],[-2.2385,55.0547],[-2.2388,55.0564],[-2.2416,55.0623],[-2.242,55.0638],[-2.2436,55.0655],[-2.2449,55.066],[-2.2446,55.0676],[-2.2448,55.0702],[-2.2471,55.0701],[-2.2525,55.0704],[-2.2605,55.0698],[-2.2645,55.07],[-2.2728,55.0701],[-2.2874,55.0698],[-2.2901,55.0698],[-2.3123,55.0706],[-2.3086,55.0749],[-2.305,55.0764],[-2.3016,55.0773],[-2.2989,55.0786],[-2.298,55.0803],[-2.2982,55.0829],[-2.2973,55.0851],[-2.2976,55.0865],[-2.297,55.0878],[-2.2972,55.0882],[-2.2956,55.0888],[-2.2908,55.0898],[-2.2882,55.0918],[-2.2892,55.0927],[-2.2876,55.0934],[-2.2875,55.0952],[-2.2884,55.0958],[-2.2883,55.0965],[-2.289,55.0987],[-2.2904,55.0995],[-2.2909,55.1005],[-2.288,55.1009],[-2.2865,55.1008],[-2.281,55.0996],[-2.2778,55.1004],[-2.2769,55.1021],[-2.2745,55.105],[-2.2724,55.1079],[-2.2673,55.1123],[-2.2691,55.1138],[-2.2678,55.1146],[-2.2703,55.1155],[-2.2696,55.1176],[-2.2693,55.1189],[-2.2697,55.1212],[-2.2681,55.1218],[-2.2667,55.1232],[-2.2667,55.1239],[-2.2656,55.1256],[-2.2569,55.1242],[-2.2557,55.1258],[-2.2535,55.1267],[-2.2526,55.1275],[-2.2509,55.1296],[-2.2511,55.1299],[-2.2479,55.1323],[-2.2504,55.1335],[-2.2532,55.1344],[-2.2566,55.1356],[-2.2588,55.137],[-2.262,55.1407],[-2.262,55.1429],[-2.2658,55.1431],[-2.2676,55.1439],[-2.2735,55.1458],[-2.2766,55.1464],[-2.2765,55.1468],[-2.2744,55.1474],[-2.2752,55.148],[-2.2755,55.1498],[-2.2749,55.1516],[-2.2733,55.1514],[-2.2729,55.1518],[-2.2733,55.1532],[-2.273,55.154],[-2.2716,55.1556],[-2.2712,55.1556],[-2.2699,55.1577],[-2.2696,55.1597],[-2.2623,55.1591],[-2.2615,55.1595],[-2.2592,55.1589],[-2.2541,55.1564],[-2.253,55.1553],[-2.2527,55.1542],[-2.253,55.1533],[-2.2522,55.1523],[-2.2506,55.1516],[-2.2488,55.1498],[-2.2472,55.1506],[-2.2471,55.1519],[-2.2474,55.1533],[-2.2495,55.1553],[-2.2503,55.1558],[-2.2502,55.1566],[-2.2514,55.1575],[-2.2508,55.1586],[-2.2515,55.159],[-2.2518,55.16],[-2.2511,55.1604],[-2.2514,55.1614],[-2.2499,55.1625],[-2.251,55.1641],[-2.2476,55.1643],[-2.246,55.1632],[-2.245,55.163],[-2.2416,55.1618],[-2.2391,55.1611],[-2.2373,55.1597],[-2.2363,55.1596],[-2.2342,55.1573],[-2.2346,55.1563],[-2.234,55.1558],[-2.2332,55.1535],[-2.2308,55.1526],[-2.2294,55.1528],[-2.2279,55.1525],[-2.2256,55.1535],[-2.2153,55.1555],[-2.2118,55.1561],[-2.2109,55.1565],[-2.2083,55.1592],[-2.2049,55.1617],[-2.2039,55.1626],[-2.2002,55.1648],[-2.1955,55.1687],[-2.1947,55.1697],[-2.1923,55.1703],[-2.1876,55.1722],[-2.1869,55.1731],[-2.1871,55.1742],[-2.1877,55.1746],[-2.1891,55.1764],[-2.1894,55.1783],[-2.1905,55.1808],[-2.1924,55.1834],[-2.1934,55.1841],[-2.1873,55.1851],[-2.1864,55.1852],[-2.1759,55.184],[-2.1757,55.1841],[-2.18,55.1963],[-2.1805,55.197],[-2.186,55.2023],[-2.1892,55.2063],[-2.1918,55.2091],[-2.1967,55.216],[-2.2026,55.2219],[-2.2033,55.2224],[-2.2094,55.2257],[-2.2104,55.2265],[-2.2115,55.2283],[-2.2131,55.2324],[-2.2142,55.2336],[-2.2187,55.238],[-2.225,55.2443],[-2.2255,55.2456],[-2.2252,55.2462],[-2.2229,55.2491],[-2.2221,55.2496],[-2.2204,55.2516],[-2.2198,55.251],[-2.2184,55.2518],[-2.2141,55.2516],[-2.2091,55.2499],[-2.2044,55.2499],[-2.2024,55.2504],[-2.1989,55.2509],[-2.1902,55.2539],[-2.1882,55.2547],[-2.1876,55.2544],[-2.1839,55.2536],[-2.1805,55.2526],[-2.1793,55.2512],[-2.1802,55.2498],[-2.1823,55.2491],[-2.1829,55.2477],[-2.1818,55.2466],[-2.1824,55.246],[-2.1838,55.2467],[-2.1857,55.2459],[-2.1855,55.2451],[-2.1905,55.2444],[-2.1904,55.244],[-2.1941,55.2436],[-2.1945,55.243],[-2.1927,55.2428],[-2.1925,55.2433],[-2.1896,55.243],[-2.1876,55.2433],[-2.1849,55.2395],[-2.1828,55.2409],[-2.1814,55.2416],[-2.1807,55.2409],[-2.1779,55.2424],[-2.1757,55.2428],[-2.1724,55.2429],[-2.1709,55.2439],[-2.1697,55.2443],[-2.1685,55.2441],[-2.1672,55.2444],[-2.1629,55.2498],[-2.161,55.2509],[-2.1492,55.2545],[-2.1478,55.254],[-2.1471,55.2529],[-2.1459,55.2522],[-2.146,55.2507],[-2.1456,55.2493],[-2.1425,55.2494],[-2.1355,55.2467],[-2.1276,55.2436],[-2.1215,55.2411],[-2.1185,55.24],[-2.1178,55.2384],[-2.1164,55.2361],[-2.1181,55.236],[-2.1196,55.2374],[-2.1206,55.2359],[-2.1225,55.2353],[-2.1224,55.234],[-2.124,55.2333],[-2.1216,55.2312],[-2.1217,55.2303],[-2.1204,55.2297],[-2.1179,55.23],[-2.1171,55.2299],[-2.1176,55.2268],[-2.1187,55.2255],[-2.1158,55.2256],[-2.1152,55.2274],[-2.1123,55.2279],[-2.1123,55.2272],[-2.1127,55.2243],[-2.1145,55.2234],[-2.1154,55.222],[-2.1111,55.2215],[-2.1073,55.2216],[-2.1067,55.2212],[-2.1015,55.221],[-2.0991,55.2206],[-2.0967,55.2206],[-2.0886,55.219],[-2.0801,55.2167],[-2.0622,55.2118],[-2.0604,55.2115],[-2.0463,55.2161],[-2.0374,55.2191],[-2.0281,55.2221],[-2.0247,55.2233],[-2.0232,55.2335],[-2.0229,55.2347],[-2.0246,55.2365],[-2.0258,55.2374],[-2.0279,55.2379],[-2.03,55.2375],[-2.0333,55.238],[-2.0345,55.2387],[-2.0329,55.2429],[-2.0281,55.2429],[-2.0261,55.2418],[-2.0238,55.2413],[-2.0209,55.2411],[-2.0186,55.2411],[-2.0111,55.242],[-2.0041,55.2453],[-1.9954,55.2495],[-1.9928,55.2511],[-1.9913,55.2507],[-1.9888,55.2505],[-1.988,55.2509],[-1.9848,55.2515],[-1.9821,55.2516],[-1.9802,55.251],[-1.9792,55.2512],[-1.9782,55.2505],[-1.977,55.2506],[-1.9747,55.2502],[-1.973,55.2493],[-1.9696,55.2495],[-1.9695,55.25],[-1.9681,55.2511],[-1.9668,55.2545],[-1.9663,55.2573],[-1.9638,55.2595],[-1.9615,55.2627],[-1.9598,55.2619],[-1.9592,55.2609],[-1.958,55.2606],[-1.9552,55.2607],[-1.9546,55.2611],[-1.9503,55.2611],[-1.9494,55.2613],[-1.9465,55.2613],[-1.9436,55.2602],[-1.9429,55.2605],[-1.939,55.2599],[-1.9381,55.2601],[-1.9367,55.2593],[-1.9347,55.259],[-1.9322,55.2591],[-1.9287,55.2581],[-1.9272,55.2567],[-1.9254,55.2563],[-1.9248,55.2566],[-1.9222,55.2566],[-1.9218,55.2571],[-1.9202,55.2575],[-1.9175,55.2574],[-1.9155,55.2572],[-1.9145,55.2565],[-1.9119,55.2556],[-1.9107,55.256],[-1.9097,55.257],[-1.9097,55.2578],[-1.9081,55.2577],[-1.9075,55.2589],[-1.9057,55.2604],[-1.899,55.2634],[-1.9014,55.2661],[-1.9024,55.2675],[-1.9043,55.2693],[-1.9075,55.2732],[-1.9076,55.2736],[-1.9051,55.2751],[-1.9038,55.2763],[-1.9,55.2829],[-1.8975,55.2854],[-1.8969,55.2863],[-1.8958,55.29],[-1.8953,55.2935],[-1.9024,55.2927],[-1.906,55.2925],[-1.9096,55.292],[-1.912,55.291],[-1.9141,55.2906],[-1.9155,55.291],[-1.9168,55.2921],[-1.9186,55.293],[-1.9213,55.2918],[-1.9277,55.2898],[-1.93,55.2898],[-1.9359,55.2895],[-1.9357,55.2907],[-1.9368,55.2923],[-1.9399,55.2945],[-1.9421,55.2953],[-1.9435,55.2963],[-1.9445,55.2977],[-1.9446,55.2991],[-1.9451,55.2996],[-1.9447,55.3008],[-1.9479,55.3024],[-1.9479,55.303],[-1.949,55.3037],[-1.9565,55.3047],[-1.9594,55.3047],[-1.9601,55.3052],[-1.9623,55.3059],[-1.9642,55.3068],[-1.9667,55.3071],[-1.9686,55.306],[-1.9717,55.306],[-1.9751,55.3054],[-1.9772,55.3053],[-1.9805,55.3057],[-1.9836,55.305],[-1.9846,55.3036],[-1.9875,55.3027],[-1.9907,55.301],[-1.9919,55.301],[-1.9952,55.3003],[-1.9985,55.2994],[-1.9998,55.2994],[-2.0014,55.2998],[-2.0024,55.2984],[-2.0045,55.2973],[-2.0071,55.2963],[-2.0084,55.2961],[-2.012,55.2951],[-2.0212,55.291],[-2.0239,55.2903],[-2.0271,55.2908],[-2.0281,55.2923],[-2.0306,55.2935],[-2.033,55.2937],[-2.0312,55.2961],[-2.0345,55.2958],[-2.0372,55.2946],[-2.0391,55.2936],[-2.0404,55.2934],[-2.0411,55.2942],[-2.0393,55.2949],[-2.0395,55.2957],[-2.0415,55.2962],[-2.0436,55.2953],[-2.0452,55.2941],[-2.0479,55.2939],[-2.0499,55.295],[-2.0501,55.2961],[-2.0488,55.2988],[-2.0496,55.2994],[-2.0498,55.3004],[-2.0483,55.3027],[-2.0492,55.3041],[-2.0487,55.3054],[-2.0469,55.3063],[-2.0471,55.3069],[-2.0488,55.3075],[-2.0516,55.3076],[-2.0525,55.3085],[-2.0522,55.3091],[-2.0527,55.3102],[-2.0539,55.311],[-2.0557,55.3114],[-2.059,55.3133],[-2.0622,55.3143],[-2.0615,55.3153],[-2.0631,55.3169],[-2.0647,55.317],[-2.0648,55.3191],[-2.0671,55.3194],[-2.0683,55.32],[-2.0688,55.3211],[-2.0678,55.3235],[-2.068,55.3246],[-2.0694,55.3241],[-2.0715,55.3249],[-2.0716,55.3255],[-2.0703,55.3264],[-2.0705,55.327],[-2.0731,55.3285],[-2.0741,55.3303],[-2.0749,55.3308],[-2.0778,55.3308],[-2.0816,55.3312],[-2.0837,55.3316],[-2.0914,55.3333],[-2.0947,55.3346],[-2.0978,55.3355],[-2.1011,55.3367],[-2.1046,55.3378],[-2.1071,55.3392],[-2.1101,55.3394],[-2.1124,55.339],[-2.1123,55.3381],[-2.1138,55.3376],[-2.1144,55.3382],[-2.1162,55.341],[-2.1175,55.3421],[-2.1187,55.3437],[-2.1235,55.3447],[-2.1246,55.3448],[-2.1256,55.3455],[-2.1251,55.3459],[-2.1244,55.3476],[-2.1232,55.3484],[-2.1218,55.3484],[-2.1193,55.3496],[-2.1185,55.3513],[-2.1153,55.3533],[-2.1142,55.3546],[-2.1142,55.3569],[-2.1153,55.3577],[-2.1168,55.3581],[-2.1178,55.3595],[-2.1167,55.3602],[-2.1147,55.3599],[-2.111,55.3586],[-2.1074,55.3583],[-2.1051,55.3588],[-2.1037,55.3595],[-2.0978,55.3614],[-2.0957,55.3622],[-2.0898,55.3637],[-2.0875,55.3642],[-2.085,55.3654],[-2.0825,55.366],[-2.0772,55.3668],[-2.0725,55.3673],[-2.0676,55.3675],[-2.0652,55.368],[-2.0638,55.3685],[-2.0615,55.3689],[-2.0582,55.3691],[-2.0539,55.3702],[-2.05,55.3709],[-2.047,55.3707],[-2.0457,55.3709],[-2.0404,55.3711],[-2.0386,55.3704],[-2.0349,55.3704],[-2.0332,55.3707],[-2.0273,55.3742],[-2.0255,55.3748],[-2.0221,55.3764],[-2.0207,55.3776],[-2.0202,55.3793],[-2.0176,55.3798],[-2.0175,55.3817],[-2.0169,55.383],[-2.0158,55.3848],[-2.0132,55.3883],[-2.0117,55.39],[-2.0156,55.3897],[-2.0185,55.39],[-2.0168,55.3913],[-2.0177,55.393],[-2.0208,55.3957],[-2.016,55.3977],[-2.0196,55.4009],[-2.0116,55.4034],[-2.0089,55.4037],[-2.0051,55.4045],[-2.0043,55.4045],[-1.9996,55.4061],[-1.9985,55.4056],[-1.9978,55.4045],[-1.9959,55.4049],[-1.9957,55.4061],[-1.9926,55.4061],[-1.9927,55.4076],[-1.9908,55.4089],[-1.9906,55.4095],[-1.9855,55.4118],[-1.985,55.4132],[-1.981,55.4158],[-1.9808,55.4165],[-1.978,55.4175],[-1.9759,55.4209],[-1.9741,55.4218],[-1.9724,55.4234],[-1.9711,55.4241],[-1.9708,55.4249],[-1.9687,55.4256],[-1.9678,55.4265],[-1.9679,55.4274],[-1.9694,55.4281],[-1.9703,55.4303],[-1.9697,55.4312],[-1.9645,55.4351],[-1.9641,55.4376],[-1.965,55.4397],[-1.9661,55.4407],[-1.9673,55.4411],[-1.9685,55.4408],[-1.9744,55.4404],[-1.974,55.441],[-1.9741,55.442],[-1.9706,55.4425],[-1.9706,55.4456],[-1.9711,55.4465],[-1.9731,55.4479],[-1.9748,55.4511],[-1.9738,55.4554],[-1.9747,55.4589],[-1.9753,55.4627],[-1.9751,55.4648],[-1.9758,55.4656],[-1.9769,55.4682],[-1.9745,55.4713],[-1.9965,55.4906],[-1.999,55.4937],[-2.0004,55.493],[-2.0008,55.4921],[-2.0033,55.4926],[-2.0052,55.4926],[-2.0067,55.4923],[-2.0075,55.4917],[-2.0099,55.4916],[-2.0111,55.4938],[-2.0116,55.4963],[-2.0122,55.4972],[-2.014,55.4985],[-2.0156,55.5004],[-2.0169,55.4998],[-2.0181,55.5002],[-2.0193,55.5012],[-2.0221,55.5017],[-2.0232,55.5024],[-2.0244,55.502],[-2.0241,55.504],[-2.0237,55.5043],[-2.021,55.5048],[-2.0204,55.5051],[-2.0209,55.5061],[-2.0201,55.5073],[-2.0156,55.5085],[-2.0156,55.5091],[-2.0145,55.5099],[-2.0153,55.5108],[-2.0172,55.5112],[-2.0167,55.5121],[-2.0175,55.5131],[-2.0186,55.5135],[-2.0226,55.5142],[-2.024,55.5149],[-2.0249,55.5165],[-2.0249,55.518],[-2.0264,55.5188],[-2.0267,55.5195],[-2.0292,55.5199],[-2.0312,55.5193],[-2.0338,55.5191],[-2.0361,55.5183],[-2.0383,55.5187],[-2.0352,55.5203],[-2.0323,55.521],[-2.03,55.5213],[-2.0259,55.5215],[-2.0247,55.5218],[-2.0233,55.5227],[-2.0228,55.5242],[-2.0207,55.5257],[-2.0198,55.5273],[-2.02,55.5281],[-2.0211,55.5296],[-2.026,55.5307],[-2.0278,55.53],[-2.032,55.5297],[-2.0354,55.5302],[-2.0362,55.5308],[-2.0406,55.5311],[-2.0413,55.5315],[-2.0401,55.5325],[-2.0388,55.5328],[-2.0383,55.5343],[-2.0385,55.535],[-2.0397,55.5356],[-2.0384,55.5385],[-2.0389,55.5395],[-2.0397,55.5396],[-2.04,55.5406],[-2.0414,55.5415],[-2.0444,55.5415],[-2.0451,55.5421],[-2.0441,55.544],[-2.0426,55.5459],[-2.0431,55.547],[-2.0422,55.5487],[-2.0426,55.5493],[-2.0443,55.5499],[-2.0459,55.5501],[-2.0478,55.5511],[-2.05,55.5516],[-2.0531,55.5529],[-2.0551,55.553],[-2.0584,55.5529],[-2.0579,55.5541],[-2.0658,55.5579],[-2.0696,55.5583],[-2.0693,55.5598],[-2.0705,55.561],[-2.0834,55.5629],[-2.0904,55.5641],[-2.094,55.5644],[-2.0994,55.5658],[-2.1035,55.5663],[-2.1087,55.5682],[-2.113,55.5682],[-2.1165,55.568],[-2.1215,55.5673],[-2.1222,55.5671],[-2.124,55.5676],[-2.1271,55.5674],[-2.133,55.566],[-2.1354,55.5656],[-2.1361,55.5665],[-2.1382,55.5663],[-2.1408,55.5671],[-2.1422,55.5673],[-2.1475,55.5669],[-2.1492,55.5674],[-2.1515,55.5671],[-2.1544,55.5683],[-2.1555,55.5708],[-2.1562,55.5717],[-2.1578,55.5728],[-2.1593,55.5753],[-2.1612,55.5771],[-2.1651,55.5792],[-2.1664,55.5804],[-2.1705,55.5819],[-2.1726,55.5825],[-2.1754,55.5836],[-2.1767,55.5847],[-2.18,55.5856],[-2.1807,55.5863],[-2.1838,55.5871],[-2.186,55.5883],[-2.1914,55.5892],[-2.1943,55.5905],[-2.199,55.5911],[-2.2021,55.5913],[-2.2078,55.5914],[-2.2171,55.5888],[-2.2208,55.5882],[-2.2331,55.5853],[-2.2369,55.5852],[-2.2401,55.5848],[-2.2418,55.5841],[-2.2435,55.5827],[-2.2442,55.5808],[-2.2437,55.5782],[-2.2422,55.5766],[-2.2455,55.572],[-2.2464,55.5697],[-2.2491,55.5661],[-2.2511,55.5643],[-2.2522,55.5644],[-2.254,55.5636],[-2.2553,55.5626],[-2.2552,55.5618],[-2.253,55.5613],[-2.2512,55.5599],[-2.2479,55.5567],[-2.2441,55.5568],[-2.2403,55.5556],[-2.2408,55.5527],[-2.2384,55.5509],[-2.2371,55.5497],[-2.2352,55.5483],[-2.234,55.5465],[-2.2322,55.5448],[-2.2325,55.5435],[-2.2332,55.5431],[-2.2329,55.542],[-2.2338,55.5407],[-2.2334,55.5331],[-2.2337,55.5331],[-2.2332,55.5296],[-2.2275,55.5284],[-2.2252,55.5242],[-2.2243,55.5228],[-2.2252,55.5212],[-2.2266,55.5196],[-2.2271,55.5168],[-2.2278,55.5146],[-2.2276,55.5142],[-2.2283,55.5129],[-2.229,55.5099],[-2.228,55.508],[-2.2266,55.5071],[-2.2206,55.5063],[-2.2194,55.5057],[-2.2171,55.5029],[-2.2147,55.501],[-2.212,55.4994],[-2.2087,55.4956],[-2.2088,55.4947],[-2.207,55.4941],[-2.2055,55.4918],[-2.2031,55.49],[-2.2023,55.4882],[-2.204,55.4856],[-2.2061,55.4828],[-2.2062,55.481],[-2.2032,55.4783],[-2.2019,55.4759],[-2.2004,55.475],[-2.1955,55.4753],[-2.1905,55.4741],[-2.1861,55.4735],[-2.1817,55.4731],[-2.1778,55.4725],[-2.1738,55.4723],[-2.1686,55.4691],[-2.1665,55.4688],[-2.1655,55.4684],[-2.1665,55.4675],[-2.1707,55.4668],[-2.1802,55.465],[-2.1847,55.4639],[-2.1897,55.4611],[-2.189,55.4578],[-2.1884,55.4564],[-2.1903,55.4541],[-2.1921,55.4527],[-2.1929,55.4505],[-2.1935,55.4499],[-2.1933,55.4473],[-2.1941,55.4454],[-2.1948,55.4446],[-2.1986,55.442],[-2.2019,55.4406],[-2.2042,55.4383],[-2.2056,55.4375],[-2.2174,55.4342],[-2.2211,55.4332],[-2.2231,55.4322],[-2.2233,55.4313],[-2.2282,55.4304],[-2.2301,55.4306],[-2.2312,55.4284],[-2.234,55.4293],[-2.2366,55.4309],[-2.2426,55.4321],[-2.2508,55.432],[-2.2536,55.4318],[-2.2562,55.4322],[-2.259,55.4323],[-2.2606,55.4329],[-2.2611,55.4318],[-2.2615,55.4299],[-2.2623,55.4293],[-2.2622,55.4286],[-2.2643,55.4287],[-2.2682,55.43],[-2.2706,55.4296],[-2.2719,55.4286],[-2.2739,55.426],[-2.2779,55.4264],[-2.2801,55.4258],[-2.282,55.4248],[-2.284,55.4228],[-2.2945,55.4205],[-2.2938,55.4186],[-2.2949,55.4173],[-2.2955,55.4153],[-2.2963,55.4147],[-2.2986,55.4143],[-2.3005,55.4137],[-2.3018,55.4137],[-2.3046,55.4126],[-2.3068,55.4112],[-2.3091,55.4107],[-2.3099,55.4102],[-2.3126,55.4099],[-2.3133,55.4068],[-2.3161,55.4074],[-2.3197,55.4076],[-2.3207,55.4082],[-2.3226,55.4076],[-2.3279,55.408],[-2.3288,55.4083],[-2.3308,55.4097],[-2.3324,55.4099],[-2.3339,55.4088],[-2.3357,55.4082],[-2.3331,55.4044],[-2.3333,55.4027],[-2.334,55.4021],[-2.3364,55.4019],[-2.3375,55.4012],[-2.3402,55.4013],[-2.342,55.4004],[-2.3432,55.4004],[-2.345,55.3993],[-2.3435,55.3974],[-2.3402,55.3952],[-2.3389,55.3948],[-2.3355,55.3925],[-2.3356,55.3918],[-2.3349,55.3903],[-2.335,55.3887],[-2.3359,55.387],[-2.3358,55.3859],[-2.3349,55.3855],[-2.3347,55.3831],[-2.3332,55.3822],[-2.3307,55.3812],[-2.3305,55.3805],[-2.3322,55.3801],[-2.3341,55.379],[-2.3365,55.3779],[-2.3371,55.3768],[-2.3424,55.3747],[-2.3463,55.3731],[-2.3447,55.3721],[-2.3437,55.3709],[-2.341,55.3695],[-2.339,55.3688],[-2.3382,55.3673],[-2.3399,55.3666],[-2.3402,55.366],[-2.3421,55.3652],[-2.345,55.3646],[-2.348,55.3644],[-2.3496,55.3637],[-2.3524,55.363],[-2.3549,55.3625],[-2.3559,55.3617],[-2.3585,55.36],[-2.361,55.3592],[-2.3642,55.3588],[-2.3655,55.3576],[-2.3679,55.3568],[-2.3697,55.3558],[-2.3729,55.355],[-2.3747,55.354],[-2.377,55.3519],[-2.379,55.3506],[-2.3789,55.3492],[-2.3808,55.3492],[-2.3839,55.3484],[-2.3907,55.3479],[-2.3933,55.3474],[-2.3966,55.3479],[-2.3992,55.3482],[-2.4001,55.3487],[-2.3995,55.3505],[-2.4006,55.3531],[-2.4027,55.3547],[-2.4084,55.3573],[-2.4113,55.3581],[-2.4124,55.3578],[-2.4149,55.3589],[-2.4198,55.3591],[-2.4215,55.3587],[-2.4238,55.3587],[-2.4255,55.3584],[-2.4283,55.3572],[-2.4292,55.3565],[-2.4314,55.3569],[-2.4364,55.3582],[-2.4392,55.3594],[-2.4403,55.3592],[-2.4435,55.3593],[-2.4467,55.3585],[-2.4514,55.3566],[-2.4566,55.3552],[-2.4575,55.3544],[-2.4611,55.3532],[-2.4633,55.3537],[-2.4675,55.3528],[-2.4712,55.3538],[-2.4736,55.3548],[-2.475,55.3548],[-2.4774,55.3544],[-2.4769,55.3525],[-2.4747,55.3512],[-2.4737,55.3499],[-2.472,55.3488],[-2.4701,55.3484],[-2.4655,55.3477],[-2.4643,55.3471],[-2.4641,55.346],[-2.4648,55.3447],[-2.4647,55.3436],[-2.4621,55.3399],[-2.4605,55.3388],[-2.4583,55.3381],[-2.4547,55.3382],[-2.4536,55.338],[-2.4516,55.3372],[-2.4481,55.3363],[-2.4438,55.3347],[-2.4415,55.3335],[-2.4374,55.3317],[-2.4328,55.3305],[-2.4302,55.3295],[-2.4278,55.3289],[-2.4245,55.3285],[-2.4194,55.3267],[-2.4169,55.3254],[-2.4153,55.325],[-2.4071,55.3237],[-2.4044,55.3236],[-2.4002,55.3236],[-2.3967,55.3234],[-2.3909,55.3223],[-2.3803,55.3213],[-2.3785,55.3209],[-2.3727,55.3189],[-2.369,55.3178],[-2.3663,55.3168],[-2.3639,55.3157],[-2.3563,55.3115],[-2.3522,55.3091],[-2.3474,55.3074],[-2.3466,55.3069],[-2.3438,55.3045],[-2.343,55.3033],[-2.3436,55.3023],[-2.3435,55.301],[-2.3414,55.2979],[-2.3403,55.297],[-2.3406,55.2957],[-2.3403,55.2949],[-2.3408,55.2925],[-2.3375,55.2878],[-2.3371,55.2857],[-2.3373,55.2846],[-2.3366,55.2821],[-2.3362,55.2815],[-2.3336,55.2791],[-2.3315,55.2782],[-2.3291,55.2763],[-2.3287,55.2752],[-2.329,55.274],[-2.3225,55.2662],[-2.321,55.2651],[-2.3191,55.2621],[-2.3195,55.2611],[-2.3192,55.2595],[-2.3215,55.2585],[-2.3221,55.2577],[-2.3231,55.2574],[-2.3289,55.2575],[-2.3307,55.2577],[-2.3246,55.2461],[-2.3198,55.2367],[-2.3192,55.235],[-2.3305,55.2329],[-2.3492,55.2295],[-2.3489,55.2285],[-2.3478,55.2275],[-2.3463,55.2268],[-2.346,55.2249],[-2.345,55.224],[-2.3447,55.2222],[-2.3457,55.2209],[-2.3472,55.2206],[-2.3484,55.22],[-2.3481,55.2182],[-2.3487,55.2171],[-2.348,55.2158],[-2.3489,55.2147],[-2.3509,55.2139],[-2.3506,55.2133],[-2.3534,55.2117],[-2.3533,55.2107],[-2.3552,55.2096],[-2.357,55.2098],[-2.3589,55.2078],[-2.3583,55.2071],[-2.3594,55.2068],[-2.3595,55.2061],[-2.3608,55.2056],[-2.3614,55.2049],[-2.3601,55.2038],[-2.3605,55.2027],[-2.3599,55.202],[-2.3598,55.2011],[-2.3606,55.2003],[-2.3661,55.1985],[-2.3744,55.1985],[-2.3775,55.1983],[-2.383,55.1972],[-2.3861,55.1955],[-2.3872,55.1933],[-2.3877,55.1932],[-2.4042,55.1945],[-2.4052,55.1945],[-2.4081,55.1885],[-2.4088,55.1862],[-2.4117,55.1837],[-2.4136,55.1828],[-2.4167,55.1807],[-2.4149,55.1794],[-2.4197,55.1735],[-2.4224,55.1738],[-2.4285,55.1764],[-2.431,55.1783],[-2.4316,55.1793],[-2.435,55.1819],[-2.4378,55.1823],[-2.4396,55.183],[-2.4428,55.183],[-2.4445,55.1827],[-2.4509,55.1807],[-2.4523,55.1811],[-2.4528,55.1837],[-2.4536,55.1845],[-2.4556,55.1852],[-2.4579,55.1851],[-2.4612,55.1853],[-2.4626,55.1849],[-2.467,55.1831],[-2.4688,55.1802],[-2.467,55.1789],[-2.4646,55.1765],[-2.4639,55.176],[-2.4618,55.1767],[-2.4557,55.1771],[-2.4524,55.1778],[-2.4523,55.179],[-2.4505,55.179],[-2.4497,55.1787],[-2.4488,55.1806],[-2.4468,55.1808],[-2.4452,55.1799],[-2.444,55.1805],[-2.4454,55.182],[-2.4429,55.1824],[-2.4398,55.1822],[-2.4393,55.1816],[-2.4363,55.1808],[-2.4316,55.1785],[-2.43,55.1762],[-2.4319,55.1752],[-2.4339,55.1763],[-2.4353,55.1768],[-2.4369,55.1755],[-2.4379,55.1739],[-2.4392,55.1734],[-2.446,55.1674],[-2.4449,55.1669],[-2.4386,55.1726],[-2.433,55.1707],[-2.4285,55.169],[-2.4286,55.1675],[-2.4292,55.1667],[-2.4321,55.1674],[-2.4348,55.1665],[-2.4397,55.1645],[-2.4438,55.1613],[-2.4447,55.1602],[-2.4439,55.1599],[-2.4415,55.1602],[-2.4386,55.1619],[-2.4374,55.1615],[-2.4361,55.162],[-2.4335,55.1622],[-2.4327,55.1626],[-2.4315,55.1619],[-2.4288,55.1617],[-2.4276,55.1621],[-2.4271,55.1638],[-2.4288,55.1645],[-2.4283,55.1651],[-2.423,55.1658],[-2.42,55.1663],[-2.4168,55.1657],[-2.4125,55.165],[-2.4107,55.165],[-2.4063,55.1655],[-2.4035,55.1652],[-2.3999,55.1654],[-2.3999,55.1646],[-2.4054,55.1635],[-2.4047,55.1624],[-2.4057,55.1605],[-2.4055,55.1598],[-2.4033,55.1598],[-2.4018,55.1538],[-2.3984,55.1532],[-2.3929,55.1525],[-2.3924,55.1525],[-2.3902,55.1559],[-2.3761,55.1583],[-2.3762,55.1577],[-2.3726,55.1561],[-2.363,55.1554],[-2.3639,55.1527],[-2.3622,55.1523],[-2.3615,55.1514],[-2.3626,55.1506],[-2.3626,55.1489],[-2.3647,55.1473],[-2.3669,55.147],[-2.3718,55.1456],[-2.3734,55.144],[-2.3756,55.1438],[-2.3767,55.1441],[-2.378,55.1437],[-2.3796,55.1426],[-2.3823,55.1424],[-2.3827,55.1411],[-2.3845,55.1404],[-2.3851,55.1393],[-2.3863,55.1384],[-2.3873,55.1372],[-2.3896,55.137],[-2.3876,55.1362],[-2.3879,55.1342],[-2.3889,55.1338],[-2.3903,55.1337],[-2.3921,55.1326],[-2.3932,55.1327],[-2.3945,55.1336],[-2.3957,55.1329],[-2.3945,55.1307],[-2.3931,55.1298],[-2.3959,55.127],[-2.3989,55.1258],[-2.4002,55.1246],[-2.4044,55.1254],[-2.4058,55.1251],[-2.4072,55.1239],[-2.4075,55.1232],[-2.4088,55.1228],[-2.4116,55.1229],[-2.4117,55.1237],[-2.4128,55.1239],[-2.4142,55.1236],[-2.415,55.1242],[-2.4168,55.1237],[-2.4206,55.1233],[-2.4231,55.1243],[-2.4275,55.1242],[-2.4316,55.1245],[-2.4334,55.1245],[-2.4331,55.1234],[-2.4349,55.1216],[-2.4341,55.1214],[-2.4339,55.1205],[-2.4349,55.1201],[-2.4374,55.1201],[-2.437,55.1188],[-2.4399,55.1193],[-2.4409,55.1188],[-2.443,55.1188],[-2.4431,55.1179],[-2.4447,55.1181],[-2.4458,55.1177],[-2.4477,55.1183],[-2.4506,55.117],[-2.4523,55.1169],[-2.4553,55.1163],[-2.4557,55.1165],[-2.4583,55.1164],[-2.4601,55.1156],[-2.461,55.1165],[-2.464,55.1161],[-2.4647,55.1156],[-2.4665,55.1158],[-2.4682,55.1163],[-2.4697,55.1157],[-2.4725,55.1158],[-2.4733,55.1164],[-2.4765,55.1155],[-2.4783,55.1154],[-2.4792,55.1157],[-2.483,55.1161],[-2.4836,55.1164],[-2.487,55.1161],[-2.4904,55.1153],[-2.4914,55.1149],[-2.4902,55.1143],[-2.4909,55.1137],[-2.493,55.111],[-2.4937,55.1094],[-2.495,55.1082],[-2.4954,55.106],[-2.4962,55.1053],[-2.497,55.1033],[-2.4979,55.1026],[-2.4986,55.1008],[-2.4983,55.0995],[-2.5002,55.0972],[-2.5001,55.095],[-2.5008,55.0933],[-2.5028,55.0924],[-2.5028,55.0913],[-2.5005,55.0901],[-2.4989,55.0876],[-2.4984,55.0873],[-2.4956,55.0868],[-2.4953,55.0865],[-2.4929,55.0862],[-2.4917,55.0863],[-2.4901,55.0853],[-2.4897,55.0841],[-2.4862,55.0829],[-2.4864,55.0812],[-2.4895,55.0807],[-2.4904,55.081],[-2.4912,55.0823],[-2.4936,55.0822],[-2.4947,55.0818],[-2.4963,55.0803],[-2.4963,55.0791],[-2.4973,55.0773],[-2.4993,55.0768],[-2.5012,55.0753],[-2.5009,55.0745],[-2.4995,55.0736],[-2.4963,55.0722],[-2.4941,55.0717],[-2.4934,55.0707],[-2.4935,55.0696],[-2.4922,55.0681],[-2.4931,55.0665],[-2.4938,55.0659],[-2.4951,55.0657],[-2.4977,55.0656],[-2.4981,55.0646],[-2.5002,55.0644],[-2.5031,55.0633],[-2.5039,55.0622],[-2.5017,55.0624],[-2.5001,55.0621],[-2.5011,55.0611],[-2.5022,55.0613],[-2.5027,55.0607],[-2.5019,55.0599],[-2.5022,55.058],[-2.5008,55.0566],[-2.4997,55.0561],[-2.4978,55.0566],[-2.4952,55.0546],[-2.4955,55.0536],[-2.4941,55.0532],[-2.4928,55.054],[-2.492,55.0549],[-2.4909,55.0545],[-2.491,55.0533],[-2.4935,55.0518],[-2.4943,55.0506],[-2.4908,55.0494],[-2.4875,55.0478],[-2.4873,55.0472],[-2.4882,55.0463],[-2.485,55.0452],[-2.4831,55.0439],[-2.4825,55.0429],[-2.4825,55.0407],[-2.4832,55.04],[-2.4863,55.0392],[-2.487,55.0388],[-2.4898,55.0382],[-2.4936,55.0371],[-2.4975,55.0369],[-2.5025,55.0371],[-2.5045,55.037],[-2.5059,55.0365],[-2.5063,55.0357],[-2.5059,55.0349],[-2.5037,55.0342],[-2.5038,55.0335],[-2.5048,55.0332],[-2.5064,55.0338],[-2.5078,55.034],[-2.5092,55.0346],[-2.5085,55.0359],[-2.51,55.0364],[-2.511,55.0359],[-2.5108,55.0349],[-2.5121,55.0339],[-2.5135,55.0339],[-2.5144,55.0344],[-2.5161,55.0346],[-2.5157,55.0337],[-2.5175,55.0335],[-2.5189,55.0328],[-2.5211,55.0326],[-2.5245,55.0329],[-2.5259,55.0324],[-2.5276,55.0325],[-2.5271,55.0294],[-2.5276,55.0291],[-2.5293,55.029],[-2.531,55.03],[-2.5321,55.0304],[-2.5331,55.0297],[-2.5332,55.0288],[-2.535,55.0282],[-2.5389,55.0289],[-2.5401,55.0286],[-2.5406,55.0274],[-2.5441,55.0269],[-2.5454,55.0264],[-2.5463,55.0255],[-2.5459,55.0245],[-2.5474,55.0233],[-2.5502,55.0223],[-2.5529,55.0209],[-2.5544,55.021],[-2.5562,55.0197],[-2.5573,55.0196],[-2.5583,55.0208],[-2.5602,55.0205],[-2.565,55.0201],[-2.5675,55.0189],[-2.5683,55.018],[-2.5678,55.0173],[-2.5713,55.0171],[-2.5733,55.016],[-2.5718,55.0143],[-2.5725,55.0138],[-2.5747,55.0115],[-2.5744,55.0102],[-2.5736,55.0093],[-2.572,55.0087],[-2.5722,55.008],[-2.5736,55.007],[-2.5726,55.0063],[-2.5712,55.007],[-2.57,55.0065],[-2.5686,55.0073],[-2.5689,55.0079],[-2.5683,55.0086],[-2.5658,55.0096],[-2.5642,55.0097],[-2.5615,55.009],[-2.5638,55.0044],[-2.556,55.0004],[-2.5552,54.9997],[-2.5538,54.999],[-2.5521,54.9975],[-2.551,54.9973]]]},"properties":{"name":"Northumberland","kind":"national_park"},"id":9},
{"type":"Feature","geometry":{"type":"Polygon","coordinates":[[[-2.2716,54.0654],[-2.2729,54.0655],[-2.2741,54.0644],[-2.2754,54.064],[-2.2762,54.0617],[-2.2762,54.0606],[-2.2775,54.0589],[-2.2778,54.0579],[-2.2791,54.0569],[-2.279,54.0555],[-2.2797,54.0544],[-2.2816,54.0546],[-2.2856,54.0555],[-2.2853,54.0538],[-2.2859,54.0513],[-2.2857,54.0502],[-2.286,54.0442],[-2.2854,54.0409],[-2.2855,54.0394],[-2.2844,54.0361],[-2.2823,54.0327],[-2.2806,54.0312],[-2.2784,54.0297],[-2.2752,54.0278],[-2.2724,54.0264],[-2.2705,54.0258],[-2.2662,54.0239],[-2.2639,54.0227],[-2.2609,54.0205],[-2.2595,54.0193],[-2.2544,54.0164],[-2.2531,54.0158],[-2.2496,54.0147],[-2.2474,54.0142],[-2.2444,54.0138],[-2.2361,54.0132],[-2.2327,54.0132],[-2.2299,54.0126],[-2.2283,54.012],[-2.2259,54.0107],[-2.2236,54.0088],[-2.2191,54.0071],[-2.2165,54.0066],[-2.2135,54.0062],[-2.2103,54.0063],[-2.2086,54.0068],[-2.2069,54.007],[-2.205,54.0084],[-2.2037,54.0087],[-2.1948,54.0089],[-2.1936,54.0091],[-2.1906,54.0107],[-2.1905,54.0098],[-2.1894,54.0094],[-2.1885,54.0101],[-2.1864,54.0107],[-2.1811,54.0108],[-2.1778,54.0113],[-2.1743,54.0125],[-2.1725,54.0115],[-2.171,54.0119],[-2.1679,54.0111],[-2.1666,54.0114],[-2.1633,54.0108],[-2.1615,54.0106],[-2.1618,54.0093],[-2.1579,54.0076],[-2.1564,54.0081],[-2.1529,54.0086],[-2.1499,54.0077],[-2.1494,54.0053],[-2.1481,54.0049],[-2.1479,54.0042],[-2.1459,54.0035],[-2.1418,54.0039],[-2.1402,54.0037],[-2.139,54.0043],[-2.1345,54.0053],[-2.1321,54.0052],[-2.1301,54.0037],[-2.125,54.001],[-2.1213,53.9994],[-2.1149,53.997],[-2.1106,53.996],[-2.1076,53.9956],[-2.1061,53.9938],[-2.1065,53.9933],[-2.1034,53.9927],[-2.1027,53.9923],[-2.1026,53.9912],[-2.0996,53.99],[-2.0985,53.9916],[-2.0974,53.9911],[-2.0966,53.9893],[-2.095,53.9878],[-2.0917,53.9871],[-2.0901,53.9872],[-2.088,53.9868],[-2.0871,53.9861],[-2.0843,53.9852],[-2.0821,53.9834],[-2.079,53.9817],[-2.0744,53.9798],[-2.0709,53.9789],[-2.0695,53.9777],[-2.0672,53.9763],[-2.0658,53.9741],[-2.0647,53.9735],[-2.0545,53.9696],[-2.0528,53.9689],[-2.0455,53.9673],[-2.0453,53.9685],[-2.0441,53.969],[-2.0441,53.9698],[-2.045,53.9705],[-2.045,53.9716],[-2.0413,53.9749],[-2.0395,53.9759],[-2.0373,53.9788],[-2.0389,53.9795],[-2.0378,53.9808],[-2.0392,53.9815],[-2.0351,53.983],[-2.0336,53.9826],[-2.0323,53.9838],[-2.0314,53.9833],[-2.03,53.9831],[-2.0277,53.9822],[-2.0277,53.9817],[-2.0238,53.9809],[-2.0231,53.9799],[-2.0205,53.979],[-2.0189,53.9787],[-2.0168,53.9774],[-2.0147,53.9769],[-2.0137,53.976],[-2.0124,53.9744],[-2.0124,53.9739],[-2.0105,53.9729],[-2.009,53.973],[-2.0051,53.9723],[-2.0036,53.9731],[-1.9988,53.9738],[-1.9959,53.9749],[-1.9939,53.9759],[-1.9915,53.9766],[-1.9916,53.9778],[-1.9911,53.9793],[-1.9914,53.98],[-1.9875,53.9803],[-1.9836,53.9811],[-1.9833,53.9835],[-1.9839,53.9854],[-1.9795,53.9853],[-1.9746,53.986],[-1.9715,53.9859],[-1.9691,53.986],[-1.9683,53.9869],[-1.9665,53.9881],[-1.965,53.9886],[-1.9651,53.9892],[-1.9605,53.9904],[-1.9519,53.9918],[-1.9503,53.9911],[-1.9465,53.991],[-1.9442,53.9919],[-1.9434,53.991],[-1.9386,53.9839],[-1.9383,53.9823],[-1.9356,53.9832],[-1.9332,53.9835],[-1.9272,53.9838],[-1.9244,53.9842],[-1.9219,53.983],[-1.9162,53.9825],[-1.9139,53.982],[-1.9089,53.9806],[-1.9075,53.9805],[-1.9049,53.9808],[-1.9012,53.9805],[-1.8997,53.9802],[-1.8982,53.981],[-1.8963,53.9814],[-1.8951,53.9819],[-1.8933,53.9819],[-1.8916,53.9814],[-1.8925,53.9804],[-1.8923,53.9793],[-1.8926,53.9769],[-1.8933,53.9757],[-1.8948,53.9744],[-1.895,53.9727],[-1.8932,53.9723],[-1.8934,53.9717],[-1.8927,53.9704],[-1.8932,53.9678],[-1.8893,53.9659],[-1.8857,53.9631],[-1.8819,53.9631],[-1.8804,53.963],[-1.8787,53.9624],[-1.878,53.9597],[-1.8781,53.9588],[-1.8797,53.957],[-1.8798,53.9553],[-1.8787,53.9541],[-1.8785,53.9543],[-1.8782,53.9545],[-1.8773,53.9546],[-1.8771,53.9548],[-1.8769,53.9549],[-1.8767,53.9549],[-1.8764,53.9549],[-1.8758,53.955],[-1.8754,53.9548],[-1.8752,53.9548],[-1.8749,53.9548],[-1.8743,53.9549],[-1.8735,53.9549],[-1.8731,53.955],[-1.8722,53.9545],[-1.8705,53.9544],[-1.8685,53.9549],[-1.8682,53.955],[-1.868,53.9552],[-1.8677,53.9552],[-1.8676,53.9553],[-1.8676,53.9554],[-1.8675,53.9554],[-1.8674,53.9554],[-1.8674,53.9553],[-1.8671,53.9554],[-1.867,53.9554],[-1.8669,53.9554],[-1.8667,53.9555],[-1.8665,53.9555],[-1.8664,53.9556],[-1.8663,53.9556],[-1.8662,53.9557],[-1.8662,53.9558],[-1.8661,53.9558],[-1.8661,53.9559],[-1.866,53.9559],[-1.8657,53.9559],[-1.8655,53.9559],[-1.8654,53.9559],[-1.865,53.956],[-1.8647,53.9562],[-1.864,53.9566],[-1.8634,53.9572],[-1.8634,53.9574],[-1.8613,53.9586],[-1.8611,53.9591],[-1.8612,53.9597],[-1.8613,53.9599],[-1.8614,53.9599],[-1.8617,53.9601],[-1.8625,53.9603],[-1.8628,53.9607],[-1.8629,53.9609],[-1.863,53.961],[-1.863,53.9611],[-1.863,53.9612],[-1.863,53.9613],[-1.8631,53.9616],[-1.8631,53.9617],[-1.8631,53.9618],[-1.863,53.9619],[-1.8629,53.9619],[-1.8617,53.9619],[-1.8602,53.9623],[-1.8506,53.9654],[-1.8485,53.9663],[-1.8314,53.9734],[-1.8249,53.9762],[-1.8182,53.9777],[-1.8168,53.9781],[-1.8167,53.9781],[-1.8172,53.979],[-1.8177,53.9802],[-1.8188,53.9807],[-1.8223,53.9836],[-1.8255,53.9848],[-1.826,53.9853],[-1.8264,53.9855],[-1.8265,53.9856],[-1.8268,53.9857],[-1.8267,53.9858],[-1.8266,53.9858],[-1.8263,53.9858],[-1.8259,53.9859],[-1.825,53.9862],[-1.8248,53.9865],[-1.8246,53.9872],[-1.8234,53.9877],[-1.8232,53.9879],[-1.8233,53.988],[-1.823,53.9884],[-1.8232,53.989],[-1.822,53.9898],[-1.8216,53.9905],[-1.8217,53.9909],[-1.8216,53.991],[-1.8205,53.9912],[-1.8202,53.9912],[-1.8197,53.9915],[-1.8197,53.9916],[-1.8196,53.9916],[-1.8194,53.9918],[-1.8194,53.9919],[-1.8194,53.992],[-1.8193,53.992],[-1.8193,53.9921],[-1.8188,53.9926],[-1.8192,53.9943],[-1.8192,53.9944],[-1.8195,53.9964],[-1.8201,53.9968],[-1.8205,53.997],[-1.821,53.9973],[-1.8213,53.9974],[-1.8216,53.9975],[-1.8217,53.9974],[-1.822,53.9974],[-1.8249,53.999],[-1.825,53.9991],[-1.8255,53.9996],[-1.8261,53.9997],[-1.8263,54],[-1.8264,54.0002],[-1.8269,54.0007],[-1.827,54.0009],[-1.8277,54.0015],[-1.8284,54.002],[-1.8292,54.0024],[-1.8293,54.0026],[-1.8309,54.0035],[-1.8309,54.0037],[-1.8309,54.0049],[-1.831,54.005],[-1.831,54.0051],[-1.8311,54.0063],[-1.8312,54.0065],[-1.8312,54.0073],[-1.8312,54.0076],[-1.8316,54.0095],[-1.8317,54.0098],[-1.8323,54.0102],[-1.8323,54.0103],[-1.8324,54.0104],[-1.8325,54.0106],[-1.833,54.0109],[-1.8333,54.0111],[-1.8333,54.0112],[-1.834,54.0119],[-1.8345,54.0126],[-1.8354,54.0138],[-1.836,54.0143],[-1.8362,54.0144],[-1.8374,54.0149],[-1.8384,54.0148],[-1.8481,54.0137],[-1.8489,54.0156],[-1.8528,54.0269],[-1.8535,54.0288],[-1.8723,54.0354],[-1.8723,54.0355],[-1.8724,54.0357],[-1.8724,54.0359],[-1.8724,54.036],[-1.8723,54.0363],[-1.8718,54.0369],[-1.8714,54.0375],[-1.8709,54.0383],[-1.8706,54.0388],[-1.8687,54.0421],[-1.8698,54.0433],[-1.8701,54.0437],[-1.8701,54.0438],[-1.8701,54.044],[-1.8701,54.0442],[-1.8702,54.0443],[-1.8722,54.0458],[-1.8725,54.046],[-1.8721,54.0471],[-1.8717,54.0471],[-1.8707,54.0475],[-1.8701,54.0477],[-1.8701,54.0478],[-1.87,54.0478],[-1.8696,54.0481],[-1.8691,54.0483],[-1.869,54.0483],[-1.8689,54.0484],[-1.8686,54.0484],[-1.8685,54.0485],[-1.8684,54.0485],[-1.8674,54.0489],[-1.8668,54.0494],[-1.8667,54.0496],[-1.864,54.0502],[-1.8633,54.0506],[-1.8631,54.0506],[-1.8611,54.0515],[-1.8604,54.0517],[-1.8581,54.0524],[-1.8575,54.0525],[-1.8568,54.0526],[-1.8563,54.0527],[-1.8545,54.053],[-1.8536,54.0533],[-1.8536,54.0535],[-1.8534,54.0552],[-1.8533,54.056],[-1.8528,54.0576],[-1.8509,54.0605],[-1.8507,54.0609],[-1.8505,54.0612],[-1.8497,54.0624],[-1.8496,54.0626],[-1.8491,54.0631],[-1.849,54.0631],[-1.8487,54.0633],[-1.8458,54.0647],[-1.845,54.0654],[-1.8418,54.0683],[-1.8417,54.0684],[-1.8415,54.0687],[-1.8408,54.0699],[-1.8407,54.0703],[-1.8407,54.0704],[-1.8406,54.0706],[-1.8409,54.0708],[-1.8421,54.0712],[-1.8429,54.0717],[-1.8459,54.0736],[-1.8529,54.0767],[-1.8562,54.0782],[-1.8617,54.0805],[-1.8618,54.0809],[-1.8621,54.0819],[-1.8626,54.0835],[-1.8635,54.0863],[-1.8646,54.0896],[-1.8654,54.0922],[-1.8659,54.0938],[-1.8668,54.0966],[-1.8671,54.0976],[-1.8698,54.0987],[-1.8717,54.0996],[-1.872,54.0996],[-1.8751,54.0999],[-1.8771,54.1005],[-1.8798,54.1022],[-1.8875,54.1025],[-1.8892,54.1034],[-1.8906,54.1042],[-1.8916,54.1054],[-1.8925,54.108],[-1.8927,54.1085],[-1.893,54.109],[-1.8932,54.1096],[-1.8933,54.1098],[-1.8939,54.1104],[-1.8942,54.1107],[-1.8948,54.1132],[-1.8949,54.1134],[-1.8961,54.1145],[-1.8974,54.115],[-1.9005,54.1163],[-1.9017,54.1181],[-1.9027,54.1192],[-1.904,54.1207],[-1.905,54.1219],[-1.9055,54.1225],[-1.9119,54.1215],[-1.9124,54.1215],[-1.9132,54.1214],[-1.9138,54.1212],[-1.9172,54.1206],[-1.9186,54.1205],[-1.9214,54.1203],[-1.9241,54.1206],[-1.925,54.1209],[-1.9253,54.121],[-1.9319,54.1224],[-1.9344,54.1223],[-1.9346,54.1223],[-1.9384,54.1235],[-1.9416,54.124],[-1.9476,54.1251],[-1.948,54.1253],[-1.9482,54.1254],[-1.9489,54.1259],[-1.9503,54.127],[-1.9572,54.1326],[-1.9573,54.1335],[-1.9574,54.1356],[-1.9553,54.1367],[-1.9552,54.1392],[-1.9552,54.1394],[-1.9542,54.143],[-1.9575,54.1463],[-1.9599,54.1487],[-1.9602,54.149],[-1.9604,54.1492],[-1.962,54.1504],[-1.9621,54.1505],[-1.9637,54.1522],[-1.9665,54.1531],[-1.9702,54.156],[-1.9709,54.1566],[-1.9725,54.1581],[-1.9797,54.1574],[-1.9801,54.1574],[-1.981,54.1572],[-1.9815,54.1572],[-1.9869,54.1566],[-1.9882,54.1554],[-1.9883,54.1553],[-1.9922,54.1551],[-1.9932,54.1556],[-1.9933,54.1559],[-1.9974,54.1604],[-1.9975,54.1605],[-1.9976,54.1606],[-1.998,54.162],[-1.9981,54.1621],[-1.9981,54.1623],[-1.9978,54.1651],[-1.9993,54.1676],[-1.9995,54.1679],[-2.0015,54.17],[-2.0022,54.1708],[-2.0036,54.1721],[-2.004,54.1726],[-2.0045,54.1729],[-2.0038,54.1744],[-2.0019,54.1764],[-2.0015,54.1766],[-2.0011,54.1768],[-1.9962,54.1793],[-1.9954,54.1798],[-1.9947,54.1803],[-1.9944,54.1804],[-1.992,54.1815],[-1.9907,54.1822],[-1.9844,54.1857],[-1.9788,54.1883],[-1.9772,54.1888],[-1.9747,54.1895],[-1.9738,54.1898],[-1.9709,54.191],[-1.9664,54.1924],[-1.9647,54.193],[-1.9597,54.1942],[-1.958,54.1946],[-1.9533,54.1959],[-1.952,54.1963],[-1.9511,54.1966],[-1.9494,54.1971],[-1.9429,54.199],[-1.9404,54.1994],[-1.938,54.1997],[-1.9356,54.1998],[-1.9344,54.1999],[-1.9327,54.2],[-1.9284,54.2003],[-1.928,54.2003],[-1.9277,54.2003],[-1.9263,54.2003],[-1.9261,54.2003],[-1.9259,54.2003],[-1.9257,54.2003],[-1.9255,54.2003],[-1.9245,54.2001],[-1.9245,54.2002],[-1.9236,54.2006],[-1.9124,54.2046],[-1.9125,54.2046],[-1.9081,54.2061],[-1.9055,54.207],[-1.9028,54.2079],[-1.8982,54.2095],[-1.8981,54.2095],[-1.8956,54.2103],[-1.8887,54.2102],[-1.8864,54.21],[-1.8831,54.2157],[-1.8816,54.2186],[-1.8794,54.2203],[-1.8716,54.2214],[-1.8676,54.222],[-1.8622,54.2228],[-1.8577,54.2242],[-1.8534,54.2255],[-1.8489,54.2268],[-1.8481,54.227],[-1.8427,54.2288],[-1.8398,54.2301],[-1.8374,54.2314],[-1.828,54.2316],[-1.825,54.2337],[-1.8221,54.2358],[-1.8186,54.2391],[-1.8164,54.2408],[-1.8209,54.2449],[-1.8233,54.2475],[-1.8229,54.2497],[-1.8228,54.2507],[-1.8228,54.2508],[-1.8228,54.2509],[-1.8225,54.2509],[-1.8223,54.2509],[-1.8222,54.251],[-1.8219,54.2511],[-1.8203,54.2514],[-1.8192,54.252],[-1.817,54.2527],[-1.8118,54.2529],[-1.8101,54.2533],[-1.8078,54.2541],[-1.8068,54.255],[-1.8048,54.2556],[-1.8043,54.2557],[-1.8037,54.256],[-1.8004,54.2561],[-1.798,54.2555],[-1.7958,54.2554],[-1.7941,54.2547],[-1.7916,54.2544],[-1.7917,54.2545],[-1.7902,54.2545],[-1.7892,54.2538],[-1.7891,54.2538],[-1.7869,54.2537],[-1.7865,54.2538],[-1.7864,54.2538],[-1.7862,54.2538],[-1.7855,54.2538],[-1.7853,54.2539],[-1.7846,54.254],[-1.7846,54.2541],[-1.7842,54.2541],[-1.7834,54.2542],[-1.7828,54.2544],[-1.7818,54.2547],[-1.7819,54.2544],[-1.782,54.254],[-1.7819,54.2539],[-1.7819,54.2538],[-1.7818,54.2538],[-1.7816,54.2538],[-1.7815,54.2538],[-1.7815,54.2539],[-1.7814,54.2539],[-1.7812,54.2543],[-1.7811,54.2544],[-1.7811,54.2543],[-1.78,54.2541],[-1.7799,54.2541],[-1.7798,54.2541],[-1.7792,54.2542],[-1.7788,54.2542],[-1.7787,54.2542],[-1.7781,54.2544],[-1.7786,54.2548],[-1.7778,54.255],[-1.7777,54.255],[-1.7777,54.2551],[-1.7777,54.2553],[-1.7778,54.2553],[-1.7777,54.2554],[-1.7768,54.256],[-1.7762,54.2563],[-1.776,54.2564],[-1.7759,54.2564],[-1.7759,54.2565],[-1.7759,54.2566],[-1.776,54.2566],[-1.7761,54.2567],[-1.7761,54.2568],[-1.776,54.2568],[-1.7759,54.2568],[-1.7751,54.2574],[-1.7751,54.2581],[-1.7751,54.2582],[-1.7749,54.2587],[-1.7737,54.2584],[-1.7733,54.2583],[-1.773,54.2583],[-1.7716,54.2586],[-1.7716,54.2587],[-1.7714,54.2588],[-1.7711,54.2588],[-1.7707,54.2588],[-1.7706,54.2589],[-1.7704,54.259],[-1.7701,54.2591],[-1.7699,54.2592],[-1.7699,54.2593],[-1.7698,54.2594],[-1.7696,54.2593],[-1.7692,54.2593],[-1.7682,54.26],[-1.7682,54.2601],[-1.7678,54.2604],[-1.7678,54.2605],[-1.7668,54.2608],[-1.7667,54.2608],[-1.7666,54.2608],[-1.7665,54.2609],[-1.7664,54.2609],[-1.7663,54.261],[-1.7659,54.261],[-1.765,54.261],[-1.7649,54.261],[-1.7648,54.2611],[-1.7648,54.2612],[-1.7644,54.2612],[-1.7643,54.2611],[-1.7642,54.2611],[-1.7641,54.2611],[-1.7634,54.2617],[-1.7633,54.2619],[-1.7633,54.262],[-1.7634,54.262],[-1.7634,54.2621],[-1.7635,54.2621],[-1.7644,54.2623],[-1.7644,54.2624],[-1.7644,54.2625],[-1.7665,54.2635],[-1.7671,54.2643],[-1.7691,54.2644],[-1.7737,54.2656],[-1.7755,54.2674],[-1.7788,54.2677],[-1.7796,54.2693],[-1.7797,54.2714],[-1.7793,54.2747],[-1.7797,54.2786],[-1.7816,54.2782],[-1.7832,54.2763],[-1.7843,54.2762],[-1.7865,54.2768],[-1.7881,54.2766],[-1.7907,54.2757],[-1.7928,54.276],[-1.7953,54.276],[-1.797,54.2758],[-1.7979,54.276],[-1.7999,54.2751],[-1.8014,54.2752],[-1.803,54.275],[-1.8053,54.274],[-1.8071,54.2736],[-1.8078,54.2741],[-1.8103,54.275],[-1.8127,54.2745],[-1.815,54.2737],[-1.8194,54.2741],[-1.8229,54.2743],[-1.8258,54.2736],[-1.826,54.2742],[-1.8289,54.2741],[-1.8287,54.2747],[-1.8291,54.2768],[-1.8308,54.2773],[-1.8313,54.2791],[-1.8322,54.2797],[-1.8385,54.2797],[-1.8399,54.2802],[-1.8477,54.2797],[-1.8526,54.2799],[-1.857,54.2795],[-1.8589,54.2792],[-1.8594,54.2799],[-1.8618,54.2797],[-1.8652,54.2794],[-1.8657,54.2821],[-1.8667,54.2831],[-1.8681,54.2837],[-1.872,54.2827],[-1.873,54.2822],[-1.876,54.2824],[-1.877,54.2828],[-1.8759,54.2846],[-1.8758,54.2881],[-1.8755,54.2888],[-1.8771,54.2892],[-1.8806,54.2907],[-1.882,54.292],[-1.8795,54.2933],[-1.8807,54.2951],[-1.8812,54.2964],[-1.8799,54.2978],[-1.8876,54.2984],[-1.8895,54.2988],[-1.892,54.2989],[-1.8942,54.2993],[-1.8973,54.2996],[-1.9037,54.3036],[-1.9063,54.3047],[-1.9083,54.3044],[-1.9114,54.3041],[-1.9169,54.3046],[-1.9196,54.305],[-1.9199,54.3062],[-1.9212,54.3073],[-1.9264,54.3083],[-1.9284,54.3085],[-1.9309,54.3078],[-1.932,54.307],[-1.9331,54.3074],[-1.9327,54.3087],[-1.9332,54.3094],[-1.9333,54.311],[-1.9343,54.3116],[-1.9352,54.3131],[-1.9371,54.3138],[-1.9388,54.314],[-1.94,54.3148],[-1.9403,54.3158],[-1.9381,54.3184],[-1.9386,54.3197],[-1.9359,54.3196],[-1.9351,54.3201],[-1.9355,54.3209],[-1.935,54.3232],[-1.9357,54.3242],[-1.9351,54.3251],[-1.9348,54.3271],[-1.9354,54.329],[-1.9354,54.3325],[-1.9362,54.3335],[-1.9371,54.336],[-1.9391,54.3372],[-1.9434,54.339],[-1.9442,54.3391],[-1.9463,54.3401],[-1.9463,54.3405],[-1.9483,54.3422],[-1.9517,54.3427],[-1.9534,54.3426],[-1.9518,54.3443],[-1.9506,54.3449],[-1.9479,54.3456],[-1.9468,54.3462],[-1.9466,54.3474],[-1.9457,54.3495],[-1.9459,54.3505],[-1.9447,54.3525],[-1.942,54.3518],[-1.9393,54.3519],[-1.9382,54.3516],[-1.9321,54.3504],[-1.9262,54.3503],[-1.9246,54.3494],[-1.9212,54.3503],[-1.9182,54.3513],[-1.9099,54.3515],[-1.9051,54.3536],[-1.9004,54.3546],[-1.8979,54.3535],[-1.895,54.353],[-1.8921,54.3518],[-1.8889,54.3519],[-1.8828,54.3526],[-1.8818,54.3532],[-1.8805,54.3554],[-1.8791,54.3562],[-1.8769,54.3571],[-1.8738,54.3596],[-1.8705,54.3605],[-1.868,54.3626],[-1.8632,54.3669],[-1.8642,54.3679],[-1.8606,54.3698],[-1.8627,54.3728],[-1.8607,54.3735],[-1.8604,54.3751],[-1.8594,54.3757],[-1.8576,54.3756],[-1.8553,54.3762],[-1.8546,54.3766],[-1.8513,54.3754],[-1.8476,54.3749],[-1.8456,54.3737],[-1.8427,54.3737],[-1.8414,54.3728],[-1.8415,54.3719],[-1.8399,54.3716],[-1.8369,54.3736],[-1.8355,54.3743],[-1.8341,54.3744],[-1.8307,54.375],[-1.83,54.3758],[-1.8272,54.3766],[-1.8251,54.3771],[-1.8252,54.3802],[-1.8248,54.3811],[-1.8235,54.3827],[-1.8185,54.3877],[-1.8098,54.3934],[-1.8052,54.3953],[-1.7977,54.3979],[-1.7939,54.3982],[-1.7856,54.398],[-1.7806,54.3977],[-1.7784,54.3974],[-1.7746,54.3973],[-1.7735,54.3974],[-1.7664,54.397],[-1.7628,54.3971],[-1.7631,54.3987],[-1.7637,54.4004],[-1.7614,54.4012],[-1.7608,54.4016],[-1.7611,54.4026],[-1.7624,54.4024],[-1.7671,54.4009],[-1.7711,54.4002],[-1.7747,54.4002],[-1.7762,54.4014],[-1.776,54.404],[-1.7778,54.4048],[-1.7798,54.4041],[-1.7819,54.4044],[-1.7834,54.4051],[-1.7859,54.4074],[-1.7881,54.408],[-1.7911,54.4073],[-1.7941,54.4079],[-1.7964,54.4078],[-1.7997,54.4068],[-1.802,54.4065],[-1.8039,54.408],[-1.8043,54.4089],[-1.8057,54.4103],[-1.8033,54.4117],[-1.8043,54.4124],[-1.8053,54.4145],[-1.8044,54.4156],[-1.8032,54.416],[-1.802,54.4175],[-1.8142,54.4159],[-1.8154,54.4153],[-1.8178,54.4153],[-1.8193,54.415],[-1.826,54.4127],[-1.8275,54.4119],[-1.8297,54.4101],[-1.8322,54.407],[-1.8334,54.4047],[-1.8336,54.4036],[-1.8354,54.4024],[-1.8357,54.4014],[-1.837,54.4008],[-1.8389,54.4007],[-1.8403,54.3995],[-1.8425,54.3992],[-1.8469,54.3973],[-1.8494,54.3971],[-1.8541,54.3963],[-1.8559,54.3961],[-1.8572,54.3956],[-1.8594,54.3955],[-1.8738,54.3947],[-1.8782,54.3943],[-1.88,54.394],[-1.8831,54.393],[-1.8879,54.3904],[-1.8894,54.3899],[-1.8933,54.3887],[-1.8961,54.3878],[-1.899,54.3865],[-1.9008,54.385],[-1.9016,54.3846],[-1.9039,54.385],[-1.9058,54.385],[-1.9085,54.3845],[-1.9089,54.3863],[-1.9075,54.3887],[-1.9094,54.3898],[-1.9147,54.3915],[-1.9212,54.394],[-1.9245,54.3963],[-1.9318,54.4008],[-1.938,54.4042],[-1.9482,54.4093],[-1.9505,54.4126],[-1.9561,54.4173],[-1.9561,54.4178],[-1.9569,54.4277],[-1.9522,54.4315],[-1.9556,54.4335],[-1.9526,54.4358],[-1.9473,54.4388],[-1.9499,54.4392],[-1.9534,54.4405],[-1.9582,54.4417],[-1.9606,54.4431],[-1.962,54.4433],[-1.9644,54.4448],[-1.9655,54.445],[-1.9659,54.4457],[-1.9672,54.4461],[-1.9701,54.4515],[-1.9718,54.4541],[-1.9712,54.4548],[-1.9729,54.4562],[-1.9742,54.4579],[-1.9764,54.4598],[-1.9789,54.4602],[-1.9855,54.4599],[-1.9863,54.4603],[-1.9866,54.4616],[-1.9901,54.4636],[-1.9969,54.4669],[-2.0001,54.4677],[-2.0015,54.4681],[-2.0074,54.4696],[-2.0148,54.4716],[-2.0197,54.4721],[-2.0294,54.473],[-2.0347,54.4739],[-2.0371,54.4743],[-2.0421,54.4749],[-2.0447,54.4752],[-2.0443,54.4777],[-2.0441,54.4787],[-2.0432,54.4835],[-2.0456,54.4832],[-2.0486,54.4826],[-2.0505,54.4814],[-2.053,54.4807],[-2.0592,54.4812],[-2.0613,54.4806],[-2.0631,54.4797],[-2.0632,54.4789],[-2.0644,54.4785],[-2.065,54.4782],[-2.0663,54.4776],[-2.0679,54.477],[-2.07,54.4757],[-2.0704,54.4752],[-2.0712,54.4742],[-2.0758,54.4731],[-2.077,54.4725],[-2.0787,54.4717],[-2.0816,54.4699],[-2.0864,54.4684],[-2.0921,54.4676],[-2.0947,54.4673],[-2.0986,54.4664],[-2.1014,54.4655],[-2.1062,54.4647],[-2.109,54.4644],[-2.1143,54.4642],[-2.116,54.4628],[-2.1166,54.4623],[-2.1168,54.4621],[-2.1207,54.4614],[-2.1252,54.4586],[-2.1274,54.456],[-2.1294,54.4551],[-2.1329,54.4551],[-2.1314,54.4532],[-2.1352,54.452],[-2.1362,54.45],[-2.1383,54.4488],[-2.1368,54.4469],[-2.1372,54.4461],[-2.1428,54.4447],[-2.1458,54.4461],[-2.1483,54.4466],[-2.1501,54.4474],[-2.1529,54.4473],[-2.1533,54.4482],[-2.1549,54.4486],[-2.1546,54.4498],[-2.1571,54.4539],[-2.1601,54.4554],[-2.1647,54.4565],[-2.1673,54.4577],[-2.1702,54.4582],[-2.172,54.4584],[-2.1736,54.4586],[-2.1714,54.4599],[-2.1705,54.4612],[-2.1759,54.4616],[-2.1775,54.4616],[-2.1783,54.4607],[-2.1799,54.4585],[-2.1822,54.4573],[-2.1836,54.4557],[-2.1861,54.4522],[-2.1893,54.449],[-2.1924,54.4486],[-2.2107,54.4485],[-2.2355,54.4483],[-2.2357,54.4483],[-2.2386,54.4499],[-2.2398,54.4497],[-2.2416,54.45],[-2.244,54.45],[-2.2453,54.4508],[-2.2453,54.4514],[-2.2464,54.4518],[-2.2479,54.4515],[-2.2502,54.4519],[-2.2536,54.4505],[-2.2569,54.4501],[-2.2598,54.4485],[-2.2629,54.4486],[-2.2642,54.4483],[-2.2672,54.4471],[-2.2682,54.4472],[-2.2654,54.4429],[-2.2694,54.4421],[-2.2708,54.4416],[-2.2711,54.441],[-2.2738,54.4406],[-2.275,54.4406],[-2.2768,54.4402],[-2.2804,54.4389],[-2.2846,54.4385],[-2.2879,54.4389],[-2.2899,54.4389],[-2.2908,54.4393],[-2.2929,54.4393],[-2.2921,54.4385],[-2.2926,54.4376],[-2.2916,54.4362],[-2.2917,54.4349],[-2.2923,54.4326],[-2.2923,54.4325],[-2.2921,54.4319],[-2.2926,54.4324],[-2.2929,54.4325],[-2.2931,54.4325],[-2.2933,54.4326],[-2.296,54.4333],[-2.2967,54.4334],[-2.2978,54.4337],[-2.2984,54.4339],[-2.299,54.4342],[-2.2995,54.4344],[-2.2998,54.4345],[-2.3,54.4346],[-2.3005,54.4348],[-2.3008,54.4349],[-2.3012,54.4351],[-2.3022,54.4353],[-2.3025,54.4354],[-2.3031,54.4355],[-2.3035,54.4356],[-2.3037,54.4357],[-2.3038,54.4358],[-2.3039,54.4358],[-2.304,54.4359],[-2.3041,54.436],[-2.3043,54.4365],[-2.3044,54.4368],[-2.3045,54.437],[-2.3045,54.4372],[-2.3047,54.4374],[-2.3049,54.4376],[-2.305,54.4378],[-2.3053,54.4382],[-2.3056,54.4385],[-2.3058,54.4386],[-2.3062,54.4387],[-2.3063,54.4387],[-2.3092,54.4397],[-2.3099,54.4399],[-2.3103,54.44],[-2.3121,54.4406],[-2.3126,54.4408],[-2.3136,54.4411],[-2.3146,54.4413],[-2.3152,54.4414],[-2.3157,54.4415],[-2.3163,54.4417],[-2.3173,54.4422],[-2.3183,54.4427],[-2.319,54.443],[-2.3194,54.4433],[-2.3201,54.4435],[-2.3221,54.4443],[-2.3226,54.4446],[-2.3231,54.4448],[-2.3232,54.4448],[-2.3249,54.4456],[-2.3258,54.4461],[-2.3263,54.4465],[-2.3266,54.447],[-2.3269,54.4477],[-2.327,54.448],[-2.3283,54.4491],[-2.3284,54.4491],[-2.3284,54.4492],[-2.3285,54.4494],[-2.3286,54.4496],[-2.3287,54.4498],[-2.3289,54.45],[-2.3291,54.4503],[-2.3295,54.4507],[-2.3298,54.4509],[-2.3305,54.451],[-2.3306,54.4511],[-2.3307,54.4511],[-2.3311,54.4514],[-2.3317,54.4519],[-2.3321,54.4521],[-2.3323,54.4522],[-2.3324,54.4522],[-2.3325,54.4523],[-2.3326,54.4523],[-2.3327,54.4523],[-2.3328,54.4524],[-2.334,54.4525],[-2.3369,54.4527],[-2.3381,54.4527],[-2.3386,54.4527],[-2.3387,54.4528],[-2.339,54.4528],[-2.3392,54.4529],[-2.3393,54.4529],[-2.3394,54.4529],[-2.3395,54.4529],[-2.3396,54.4529],[-2.3396,54.453],[-2.3398,54.453],[-2.34,54.4531],[-2.3402,54.4532],[-2.3403,54.4532],[-2.3405,54.4534],[-2.3407,54.4535],[-2.3408,54.4536],[-2.341,54.4538],[-2.3419,54.4547],[-2.342,54.4548],[-2.3422,54.455],[-2.3424,54.4551],[-2.3425,54.4551],[-2.3426,54.4551],[-2.3429,54.4552],[-2.3433,54.4552],[-2.345,54.4554],[-2.3454,54.4554],[-2.3455,54.4555],[-2.3456,54.4555],[-2.3457,54.4555],[-2.3458,54.4556],[-2.3459,54.4556],[-2.3459,54.4557],[-2.3461,54.4558],[-2.3477,54.4563],[-2.3495,54.4567],[-2.3498,54.4571],[-2.3497,54.4575],[-2.3499,54.458],[-2.3499,54.4581],[-2.35,54.4582],[-2.35,54.4583],[-2.35,54.4584],[-2.3501,54.4585],[-2.3504,54.4589],[-2.3507,54.4594],[-2.351,54.4596],[-2.351,54.4597],[-2.3513,54.4601],[-2.3516,54.4608],[-2.352,54.4614],[-2.3537,54.4619],[-2.357,54.4621],[-2.3606,54.4627],[-2.3648,54.4646],[-2.3659,54.4653],[-2.3674,54.4671],[-2.371,54.4704],[-2.3713,54.471],[-2.3737,54.4729],[-2.3747,54.474],[-2.3765,54.4754],[-2.378,54.4772],[-2.3789,54.479],[-2.3803,54.4791],[-2.3834,54.4799],[-2.3873,54.48],[-2.3912,54.4793],[-2.3926,54.4792],[-2.3944,54.4817],[-2.3972,54.4832],[-2.3985,54.4835],[-2.3989,54.4841],[-2.4006,54.485],[-2.4038,54.4852],[-2.4062,54.4848],[-2.4059,54.4856],[-2.4046,54.4865],[-2.406,54.487],[-2.4083,54.4873],[-2.4119,54.4887],[-2.4152,54.4898],[-2.4162,54.4905],[-2.4174,54.4907],[-2.4204,54.4918],[-2.4243,54.4926],[-2.4276,54.4928],[-2.4272,54.4942],[-2.4284,54.4978],[-2.4308,54.5003],[-2.4382,54.5053],[-2.4399,54.5062],[-2.4415,54.5065],[-2.4429,54.5083],[-2.4483,54.5118],[-2.4511,54.5132],[-2.4544,54.5154],[-2.4581,54.5188],[-2.4591,54.5208],[-2.4614,54.5207],[-2.464,54.52],[-2.4644,54.5249],[-2.4698,54.5272],[-2.4743,54.5294],[-2.4753,54.5284],[-2.479,54.5281],[-2.4832,54.5287],[-2.4845,54.5285],[-2.4853,54.529],[-2.4872,54.5296],[-2.4869,54.5305],[-2.4878,54.5332],[-2.4887,54.5348],[-2.4896,54.5385],[-2.4894,54.539],[-2.492,54.541],[-2.4943,54.5425],[-2.4965,54.5435],[-2.4971,54.5432],[-2.4996,54.5455],[-2.5021,54.5465],[-2.5027,54.5461],[-2.5052,54.5457],[-2.5065,54.5458],[-2.5078,54.5454],[-2.511,54.5455],[-2.5134,54.5457],[-2.5149,54.5453],[-2.5171,54.547],[-2.519,54.5467],[-2.5316,54.5462],[-2.5318,54.547],[-2.5335,54.5497],[-2.5349,54.5524],[-2.5335,54.5528],[-2.5342,54.5543],[-2.5368,54.5576],[-2.537,54.5577],[-2.546,54.5557],[-2.5474,54.5569],[-2.5485,54.5571],[-2.5523,54.5589],[-2.5551,54.5605],[-2.5577,54.5612],[-2.5587,54.5628],[-2.5618,54.5654],[-2.5638,54.5668],[-2.5659,54.5678],[-2.5676,54.569],[-2.5702,54.5678],[-2.5721,54.5666],[-2.572,54.5656],[-2.5731,54.5656],[-2.5728,54.5647],[-2.5748,54.564],[-2.5771,54.5636],[-2.5774,54.5628],[-2.5788,54.5625],[-2.577,54.5613],[-2.5764,54.5605],[-2.5757,54.5586],[-2.5744,54.5575],[-2.5766,54.5565],[-2.578,54.5564],[-2.58,54.5557],[-2.5804,54.5561],[-2.5821,54.5558],[-2.5824,54.5542],[-2.5823,54.5523],[-2.5828,54.5513],[-2.5826,54.5492],[-2.5859,54.5479],[-2.5871,54.5476],[-2.5893,54.5466],[-2.5897,54.5453],[-2.5913,54.5448],[-2.5964,54.5441],[-2.597,54.5425],[-2.5991,54.5406],[-2.5992,54.5386],[-2.602,54.5382],[-2.6064,54.5369],[-2.6063,54.536],[-2.6069,54.5352],[-2.608,54.5347],[-2.6083,54.5339],[-2.6127,54.5332],[-2.6164,54.532],[-2.6189,54.5319],[-2.6211,54.5331],[-2.6222,54.5332],[-2.6301,54.5322],[-2.6317,54.5323],[-2.6362,54.5339],[-2.6336,54.5304],[-2.6329,54.5284],[-2.6321,54.5253],[-2.6309,54.5256],[-2.6299,54.5252],[-2.6293,54.5236],[-2.6286,54.5186],[-2.6294,54.5176],[-2.6313,54.5167],[-2.6317,54.5159],[-2.6316,54.5145],[-2.6321,54.5137],[-2.6334,54.5137],[-2.6355,54.5132],[-2.6376,54.5131],[-2.6394,54.5134],[-2.6409,54.5119],[-2.6426,54.5115],[-2.643,54.5121],[-2.6449,54.512],[-2.6457,54.5102],[-2.6471,54.5095],[-2.6478,54.5076],[-2.6467,54.5052],[-2.6445,54.5017],[-2.6441,54.5005],[-2.6429,54.4941],[-2.6421,54.4926],[-2.6405,54.4905],[-2.6382,54.4884],[-2.6361,54.4868],[-2.6341,54.485],[-2.6327,54.4828],[-2.6323,54.4817],[-2.6322,54.4804],[-2.6285,54.479],[-2.6236,54.4767],[-2.6194,54.4761],[-2.6179,54.4756],[-2.6179,54.4746],[-2.6156,54.4684],[-2.6145,54.4662],[-2.6135,54.4669],[-2.6117,54.4662],[-2.6101,54.4665],[-2.6071,54.4663],[-2.6048,54.4646],[-2.6055,54.4643],[-2.6038,54.4618],[-2.6026,54.4613],[-2.5973,54.464],[-2.5955,54.465],[-2.5932,54.4627],[-2.5915,54.4601],[-2.5905,54.4606],[-2.5887,54.4599],[-2.5877,54.4592],[-2.585,54.4589],[-2.5841,54.4583],[-2.5818,54.4575],[-2.5817,54.457],[-2.5824,54.4553],[-2.5843,54.4532],[-2.5821,54.4519],[-2.5815,54.4509],[-2.5805,54.4505],[-2.5758,54.4508],[-2.5749,54.451],[-2.565,54.4537],[-2.564,54.4538],[-2.5629,54.4525],[-2.5643,54.4502],[-2.5646,54.4493],[-2.5637,54.4475],[-2.5645,54.4462],[-2.564,54.4455],[-2.5623,54.4452],[-2.5588,54.4441],[-2.557,54.4428],[-2.5593,54.4429],[-2.5678,54.4424],[-2.5724,54.4418],[-2.5807,54.4404],[-2.5799,54.4388],[-2.5807,54.4385],[-2.5835,54.4366],[-2.5851,54.4362],[-2.5888,54.4343],[-2.5887,54.4335],[-2.5904,54.4329],[-2.5914,54.4319],[-2.5925,54.4316],[-2.5942,54.4299],[-2.5957,54.4275],[-2.5964,54.4268],[-2.5971,54.4254],[-2.5978,54.4225],[-2.5971,54.4198],[-2.5974,54.4188],[-2.599,54.4181],[-2.6001,54.4144],[-2.6015,54.4112],[-2.6024,54.4098],[-2.6014,54.4094],[-2.6026,54.4079],[-2.6027,54.407],[-2.6039,54.4069],[-2.6042,54.4058],[-2.604,54.4035],[-2.6028,54.4005],[-2.6017,54.3987],[-2.5998,54.3968],[-2.5982,54.3955],[-2.5921,54.3914],[-2.588,54.3888],[-2.5826,54.3857],[-2.5815,54.3847],[-2.5803,54.3823],[-2.5802,54.3804],[-2.5807,54.3787],[-2.5819,54.3762],[-2.5822,54.3748],[-2.5822,54.3708],[-2.5828,54.369],[-2.584,54.3677],[-2.5861,54.3664],[-2.5894,54.3648],[-2.5901,54.3653],[-2.5913,54.3652],[-2.5927,54.364],[-2.5922,54.3618],[-2.5947,54.3582],[-2.5948,54.3564],[-2.5942,54.3549],[-2.5936,54.3545],[-2.5941,54.3505],[-2.5951,54.3486],[-2.5948,54.3473],[-2.593,54.346],[-2.591,54.3439],[-2.5916,54.3422],[-2.5914,54.3411],[-2.5882,54.3385],[-2.5877,54.3377],[-2.5862,54.3318],[-2.589,54.3317],[-2.5909,54.3315],[-2.5925,54.3309],[-2.5952,54.3283],[-2.5965,54.3269],[-2.5995,54.3232],[-2.6049,54.3242],[-2.6069,54.3244],[-2.6061,54.323],[-2.6043,54.3228],[-2.6038,54.3219],[-2.6024,54.3207],[-2.601,54.3206],[-2.602,54.3194],[-2.6042,54.318],[-2.6015,54.3178],[-2.5989,54.3174],[-2.5978,54.3165],[-2.5959,54.3166],[-2.5953,54.3163],[-2.5935,54.3137],[-2.5938,54.3115],[-2.5944,54.3098],[-2.594,54.3081],[-2.5955,54.3078],[-2.5972,54.3068],[-2.5997,54.3052],[-2.6011,54.3047],[-2.5984,54.3037],[-2.5997,54.3019],[-2.6008,54.3021],[-2.6018,54.3011],[-2.6021,54.3002],[-2.6003,54.3],[-2.5992,54.2996],[-2.6004,54.2986],[-2.6011,54.2971],[-2.6041,54.2969],[-2.6056,54.2966],[-2.6087,54.2956],[-2.6092,54.2966],[-2.6155,54.2955],[-2.6158,54.2919],[-2.6166,54.2912],[-2.6189,54.2899],[-2.6197,54.2893],[-2.6219,54.2864],[-2.6227,54.2842],[-2.6216,54.2825],[-2.6218,54.2815],[-2.6228,54.2806],[-2.6235,54.2784],[-2.6232,54.2777],[-2.6238,54.2767],[-2.625,54.2762],[-2.6245,54.2754],[-2.624,54.2738],[-2.6223,54.2733],[-2.62,54.2718],[-2.6185,54.2717],[-2.6189,54.2681],[-2.6196,54.2669],[-2.6194,54.2643],[-2.6179,54.2602],[-2.6175,54.2567],[-2.618,54.2555],[-2.6189,54.2549],[-2.6198,54.253],[-2.6198,54.2511],[-2.6217,54.2472],[-2.6214,54.2447],[-2.622,54.2429],[-2.6256,54.2427],[-2.6253,54.2412],[-2.6265,54.2412],[-2.627,54.2402],[-2.6254,54.2387],[-2.6247,54.2375],[-2.6221,54.2375],[-2.6224,54.2361],[-2.6204,54.2323],[-2.6197,54.2306],[-2.6179,54.2278],[-2.6177,54.2264],[-2.6183,54.2244],[-2.6176,54.2237],[-2.6144,54.2192],[-2.6126,54.2184],[-2.6123,54.2168],[-2.6136,54.2153],[-2.6128,54.2113],[-2.6134,54.2106],[-2.6131,54.2073],[-2.6114,54.2068],[-2.6036,54.2075],[-2.6033,54.2098],[-2.6018,54.2107],[-2.6008,54.2101],[-2.5986,54.2095],[-2.5965,54.2093],[-2.5965,54.2083],[-2.5987,54.2068],[-2.5991,54.2061],[-2.5975,54.2048],[-2.5945,54.2035],[-2.5906,54.2026],[-2.5895,54.2022],[-2.59,54.2015],[-2.5899,54.1996],[-2.5914,54.1985],[-2.5939,54.1989],[-2.5927,54.1977],[-2.5917,54.1974],[-2.5873,54.1972],[-2.5858,54.1967],[-2.5825,54.1936],[-2.5799,54.1925],[-2.5758,54.1911],[-2.5711,54.1897],[-2.5692,54.1889],[-2.5662,54.1866],[-2.5646,54.1859],[-2.5637,54.1866],[-2.559,54.1829],[-2.5581,54.183],[-2.557,54.1818],[-2.5521,54.1778],[-2.5506,54.1771],[-2.5475,54.176],[-2.5445,54.1747],[-2.5427,54.1736],[-2.5402,54.1729],[-2.5353,54.171],[-2.5322,54.17],[-2.5302,54.1692],[-2.5248,54.1672],[-2.5225,54.1668],[-2.5175,54.165],[-2.5128,54.1638],[-2.5119,54.1632],[-2.5097,54.1626],[-2.5073,54.1623],[-2.5045,54.1614],[-2.5003,54.1588],[-2.4965,54.157],[-2.4919,54.1569],[-2.4874,54.1566],[-2.4807,54.1563],[-2.4767,54.1556],[-2.4747,54.155],[-2.4722,54.1539],[-2.4716,54.1543],[-2.4697,54.1541],[-2.4687,54.1557],[-2.4673,54.1561],[-2.4654,54.1557],[-2.4637,54.1562],[-2.462,54.1554],[-2.4585,54.1554],[-2.4581,54.154],[-2.4588,54.1528],[-2.46,54.1518],[-2.4591,54.1506],[-2.4563,54.1495],[-2.454,54.1479],[-2.4516,54.146],[-2.4468,54.1437],[-2.4445,54.1434],[-2.441,54.1426],[-2.4404,54.1422],[-2.4353,54.1405],[-2.4297,54.1382],[-2.427,54.1361],[-2.4214,54.1336],[-2.4195,54.133],[-2.4179,54.1327],[-2.415,54.1312],[-2.411,54.1298],[-2.4073,54.129],[-2.4041,54.1278],[-2.4019,54.126],[-2.3985,54.1247],[-2.3961,54.1232],[-2.3958,54.1225],[-2.3937,54.1214],[-2.3927,54.1201],[-2.3933,54.1179],[-2.3916,54.1173],[-2.3918,54.1169],[-2.3883,54.1161],[-2.3862,54.1143],[-2.3831,54.1133],[-2.3813,54.1124],[-2.3807,54.1115],[-2.3803,54.11],[-2.3788,54.1088],[-2.3771,54.108],[-2.3734,54.1076],[-2.3703,54.1067],[-2.3669,54.1063],[-2.3654,54.106],[-2.3628,54.1044],[-2.3601,54.1037],[-2.3556,54.1036],[-2.3543,54.1034],[-2.3493,54.1033],[-2.3454,54.103],[-2.3425,54.1024],[-2.3388,54.1026],[-2.3376,54.1021],[-2.3366,54.0998],[-2.3358,54.0989],[-2.3335,54.0961],[-2.3327,54.0953],[-2.3303,54.0934],[-2.33,54.0932],[-2.3299,54.0931],[-2.3298,54.0931],[-2.3297,54.093],[-2.3296,54.093],[-2.3295,54.093],[-2.3289,54.093],[-2.3286,54.0929],[-2.3251,54.0912],[-2.3211,54.0898],[-2.3183,54.0891],[-2.314,54.0883],[-2.3111,54.0876],[-2.3065,54.0865],[-2.3027,54.0848],[-2.2982,54.0822],[-2.2962,54.0806],[-2.2948,54.079],[-2.2936,54.0772],[-2.2906,54.0745],[-2.2872,54.0724],[-2.2857,54.0725],[-2.2851,54.0731],[-2.2845,54.0745],[-2.2844,54.0765],[-2.2851,54.0795],[-2.2864,54.0808],[-2.2861,54.082],[-2.2864,54.0836],[-2.2858,54.0846],[-2.2846,54.0849],[-2.2837,54.0857],[-2.2825,54.0854],[-2.2804,54.0844],[-2.2796,54.0844],[-2.2762,54.0838],[-2.2757,54.083],[-2.2758,54.0821],[-2.2752,54.0804],[-2.2756,54.0796],[-2.2747,54.0759],[-2.2754,54.0735],[-2.2752,54.0718],[-2.2745,54.0704],[-2.2746,54.0695],[-2.2753,54.0687],[-2.2748,54.067],[-2.2741,54.0662],[-2.2716,54.0654]]]},"properties":{"name":"Yorkshire Dales","kind":"national_park"},"id":10},
{"type":"Feature","geometry":{"type":"Polygon","coordinates":[[[-2.9478,50.7183],[-2.9488,50.7199],[-2.9489,50.7213],[-2.9508,50.7231],[-2.9527,50.7246],[-2.9531,50.7278],[-2.9529,50.7287],[-2.9505,50.7312],[-2.9496,50.7323],[-2.9477,50.7338],[-2.947,50.735],[-2.9463,50.7352],[-2.9466,50.7368],[-2.9456,50.738],[-2.9423,50.7412],[-2.9412,50.7418],[-2.9405,50.7428],[-2.9378,50.7441],[-2.9382,50.746],[-2.9406,50.7487],[-2.9399,50.7516],[-2.9388,50.7523],[-2.9364,50.753],[-2.9351,50.7543],[-2.937,50.7554],[-2.9386,50.7567],[-2.9472,50.7599],[-2.9492,50.7608],[-2.9516,50.7613],[-2.9529,50.7614],[-2.9578,50.7608],[-2.9584,50.7591],[-2.959,50.7565],[-2.9616,50.759],[-2.9666,50.7619],[-2.9698,50.7628],[-2.9717,50.7635],[-2.9736,50.7631],[-2.9755,50.7624],[-2.9808,50.7599],[-2.988,50.7568],[-2.9889,50.7568],[-2.9914,50.7574],[-2.9929,50.7581],[-2.9967,50.7593],[-2.998,50.7584],[-3.0002,50.7582],[-3.0011,50.7592],[-3.0027,50.7597],[-3.0049,50.7598],[-3.0072,50.7604],[-3.008,50.761],[-3.0088,50.7625],[-3.0086,50.7636],[-3.0068,50.7657],[-3.0066,50.7663],[-3.0062,50.7711],[-3.0062,50.7724],[-3.0081,50.774],[-3.0118,50.7746],[-3.016,50.7732],[-3.0162,50.7727],[-3.0181,50.773],[-3.0186,50.772],[-3.0181,50.7712],[-3.0185,50.7697],[-3.0195,50.7701],[-3.0195,50.771],[-3.0223,50.7713],[-3.0241,50.7712],[-3.0252,50.7707],[-3.033,50.7712],[-3.0326,50.7724],[-3.0329,50.7733],[-3.0324,50.7751],[-3.033,50.7761],[-3.0324,50.779],[-3.0371,50.7799],[-3.0419,50.782],[-3.0463,50.7838],[-3.0569,50.7865],[-3.0592,50.7869],[-3.0616,50.7861],[-3.0636,50.7843],[-3.0661,50.7832],[-3.069,50.7816],[-3.0744,50.7797],[-3.076,50.7794],[-3.0799,50.7799],[-3.0834,50.7808],[-3.0867,50.7807],[-3.089,50.7815],[-3.0904,50.7826],[-3.0939,50.7861],[-3.0965,50.7879],[-3.1076,50.7929],[-3.1092,50.7936],[-3.1129,50.7942],[-3.1153,50.7941],[-3.1173,50.7936],[-3.1196,50.7933],[-3.1226,50.7936],[-3.1281,50.7938],[-3.1291,50.794],[-3.1326,50.7953],[-3.1344,50.7955],[-3.1383,50.7956],[-3.148,50.7964],[-3.1517,50.7966],[-3.1543,50.797],[-3.1551,50.7973],[-3.1608,50.8008],[-3.1617,50.8009],[-3.1691,50.797],[-3.1711,50.7961],[-3.1737,50.7958],[-3.174,50.7951],[-3.1725,50.7943],[-3.1739,50.7926],[-3.1758,50.7911],[-3.1758,50.7904],[-3.1775,50.79],[-3.1785,50.7879],[-3.1799,50.7881],[-3.1837,50.788],[-3.186,50.7897],[-3.1875,50.7893],[-3.1906,50.7871],[-3.1924,50.7882],[-3.1968,50.7885],[-3.198,50.788],[-3.1995,50.7887],[-3.2014,50.7883],[-3.2034,50.7891],[-3.2077,50.7879],[-3.218,50.7851],[-3.2257,50.7831],[-3.2404,50.782],[-3.2404,50.7804],[-3.2401,50.7795],[-3.241,50.7791],[-3.2413,50.7771],[-3.2406,50.7765],[-3.2381,50.7754],[-3.2372,50.7744],[-3.2375,50.7725],[-3.24,50.7706],[-3.2427,50.7679],[-3.243,50.7669],[-3.2418,50.7654],[-3.2426,50.7643],[-3.242,50.7636],[-3.2431,50.7623],[-3.2433,50.7589],[-3.2431,50.7581],[-3.2431,50.7548],[-3.2436,50.7539],[-3.2444,50.7536],[-3.2453,50.7525],[-3.2464,50.7491],[-3.2463,50.748],[-3.2471,50.7474],[-3.2493,50.745],[-3.2496,50.7423],[-3.2514,50.7408],[-3.2521,50.739],[-3.2518,50.7379],[-3.253,50.7363],[-3.2546,50.7334],[-3.2546,50.7328],[-3.2553,50.7306],[-3.2573,50.7291],[-3.2574,50.7285],[-3.259,50.7266],[-3.2603,50.7267],[-3.2614,50.7252],[-3.2636,50.7239],[-3.2682,50.7235],[-3.2686,50.7231],[-3.2704,50.7228],[-3.2721,50.7214],[-3.275,50.7203],[-3.2777,50.7205],[-3.2812,50.7201],[-3.2838,50.7195],[-3.2852,50.7186],[-3.2869,50.7179],[-3.287,50.7154],[-3.288,50.7142],[-3.2884,50.7114],[-3.2907,50.7118],[-3.2904,50.7129],[-3.292,50.7132],[-3.2927,50.714],[-3.2936,50.7141],[-3.294,50.7152],[-3.2934,50.7155],[-3.293,50.7168],[-3.2939,50.7173],[-3.2953,50.7169],[-3.2979,50.7168],[-3.3002,50.7169],[-3.3037,50.7167],[-3.3064,50.7168],[-3.3086,50.7165],[-3.3111,50.717],[-3.3163,50.7175],[-3.3178,50.7191],[-3.318,50.7197],[-3.3192,50.7202],[-3.3207,50.7199],[-3.3232,50.7203],[-3.3263,50.7216],[-3.3291,50.7221],[-3.3304,50.7227],[-3.3327,50.7261],[-3.3353,50.7273],[-3.3359,50.7281],[-3.3372,50.7279],[-3.3388,50.7272],[-3.3416,50.7265],[-3.3438,50.7257],[-3.3467,50.7244],[-3.3452,50.7221],[-3.3429,50.7209],[-3.342,50.7194],[-3.3417,50.718],[-3.3433,50.7162],[-3.3451,50.7137],[-3.3457,50.7132],[-3.3471,50.7105],[-3.3484,50.7092],[-3.3494,50.7072],[-3.3497,50.7059],[-3.3491,50.7023],[-3.349,50.7006],[-3.3493,50.6978],[-3.3496,50.6962],[-3.3513,50.6937],[-3.3531,50.6925],[-3.3543,50.6914],[-3.3555,50.6898],[-3.357,50.6884],[-3.3569,50.6878],[-3.3709,50.6866],[-3.375,50.6859],[-3.376,50.6838],[-3.3824,50.6782],[-3.3853,50.6759],[-3.3859,50.6747],[-3.3887,50.6716],[-3.3888,50.6704],[-3.3867,50.6701],[-3.3855,50.6692],[-3.3854,50.6679],[-3.3857,50.6585],[-3.3829,50.6579],[-3.3841,50.6568],[-3.3852,50.6533],[-3.3848,50.6524],[-3.383,50.6509],[-3.382,50.6507],[-3.3797,50.6497],[-3.3772,50.65],[-3.3731,50.6496],[-3.3708,50.6488],[-3.3691,50.6477],[-3.3651,50.6444],[-3.3643,50.644],[-3.3654,50.6429],[-3.3629,50.6412],[-3.3622,50.6403],[-3.3605,50.6391],[-3.3577,50.6381],[-3.3591,50.6375],[-3.3584,50.6358],[-3.3567,50.6329],[-3.3607,50.6331],[-3.3627,50.633],[-3.3673,50.6323],[-3.3698,50.6321],[-3.3718,50.6317],[-3.3759,50.63],[-3.3783,50.6293],[-3.3775,50.6281],[-3.3772,50.6255],[-3.3764,50.6239],[-3.3737,50.6226],[-3.3735,50.6218],[-3.3748,50.6214],[-3.3753,50.6208],[-3.3794,50.6182],[-3.3813,50.6167],[-3.3829,50.6159],[-3.3851,50.6153],[-3.3877,50.6149],[-3.389,50.6141],[-3.3915,50.6133],[-3.3935,50.6132],[-3.3961,50.6119],[-3.4002,50.6108],[-3.3983,50.6103],[-3.3967,50.6104],[-3.3933,50.6099],[-3.3904,50.6094],[-3.388,50.6092],[-3.3879,50.6082],[-3.3871,50.6076],[-3.386,50.6074],[-3.3855,50.6068],[-3.3812,50.6076],[-3.3765,50.6079],[-3.3722,50.609],[-3.369,50.6097],[-3.3641,50.6099],[-3.3637,50.6088],[-3.3618,50.6071],[-3.3614,50.6076],[-3.3586,50.6074],[-3.3579,50.6086],[-3.3578,50.6103],[-3.3582,50.6111],[-3.3578,50.6124],[-3.3592,50.6139],[-3.3592,50.6149],[-3.3577,50.6162],[-3.3554,50.6174],[-3.3516,50.6192],[-3.3453,50.6216],[-3.334,50.6254],[-3.324,50.6281],[-3.3191,50.629],[-3.3148,50.6296],[-3.3101,50.6298],[-3.3075,50.6295],[-3.3051,50.6298],[-3.3038,50.6298],[-3.3026,50.6309],[-3.3009,50.6315],[-3.3006,50.6321],[-3.298,50.6342],[-3.2964,50.6353],[-3.2944,50.6358],[-3.293,50.6388],[-3.2894,50.641],[-3.289,50.6414],[-3.2887,50.6432],[-3.2874,50.6457],[-3.286,50.6467],[-3.2858,50.6479],[-3.2851,50.6485],[-3.2853,50.6523],[-3.2838,50.6541],[-3.2808,50.6554],[-3.2811,50.657],[-3.2797,50.6585],[-3.2781,50.6595],[-3.2759,50.6623],[-3.2737,50.6626],[-3.2722,50.6634],[-3.2712,50.6644],[-3.2695,50.6648],[-3.2671,50.6667],[-3.2675,50.6674],[-3.2673,50.6689],[-3.2665,50.6701],[-3.2636,50.6712],[-3.2605,50.6721],[-3.2601,50.6725],[-3.2539,50.6742],[-3.2498,50.6751],[-3.2476,50.6753],[-3.2464,50.6758],[-3.2482,50.6771],[-3.2504,50.6785],[-3.2501,50.6794],[-3.2518,50.6804],[-3.2525,50.6822],[-3.2545,50.6843],[-3.2558,50.6847],[-3.2567,50.6857],[-3.2564,50.6866],[-3.255,50.6859],[-3.2533,50.6858],[-3.2538,50.6869],[-3.2526,50.6876],[-3.2518,50.6857],[-3.2485,50.6857],[-3.2452,50.6867],[-3.2448,50.6886],[-3.246,50.6899],[-3.2466,50.6918],[-3.2481,50.6924],[-3.2477,50.6932],[-3.2494,50.6945],[-3.2526,50.6956],[-3.2546,50.6967],[-3.2525,50.6977],[-3.2525,50.6986],[-3.2501,50.6975],[-3.2497,50.6987],[-3.2453,50.6986],[-3.2398,50.6986],[-3.24,50.6996],[-3.242,50.7025],[-3.2404,50.7027],[-3.2409,50.7033],[-3.2403,50.7041],[-3.2379,50.7031],[-3.2379,50.7037],[-3.2359,50.7037],[-3.2358,50.7043],[-3.2336,50.7043],[-3.2336,50.706],[-3.2318,50.7066],[-3.2308,50.7058],[-3.2297,50.7064],[-3.2275,50.7061],[-3.2275,50.7052],[-3.2249,50.7047],[-3.2235,50.7042],[-3.2225,50.703],[-3.2214,50.7037],[-3.2179,50.7039],[-3.2184,50.7024],[-3.2168,50.7022],[-3.2174,50.701],[-3.219,50.7014],[-3.2211,50.7001],[-3.2225,50.6987],[-3.2236,50.6963],[-3.2243,50.6953],[-3.2258,50.6943],[-3.2273,50.6928],[-3.2287,50.691],[-3.2305,50.6904],[-3.2324,50.6879],[-3.2329,50.6867],[-3.2328,50.6861],[-3.2291,50.6857],[-3.2295,50.6841],[-3.2283,50.6839],[-3.2295,50.6818],[-3.2296,50.6807],[-3.231,50.6801],[-3.2306,50.6791],[-3.2244,50.6801],[-3.2144,50.6814],[-3.2075,50.6822],[-3.2006,50.6822],[-3.1955,50.6833],[-3.1929,50.6842],[-3.1858,50.6848],[-3.182,50.6851],[-3.1731,50.6847],[-3.1664,50.685],[-3.163,50.6854],[-3.159,50.686],[-3.1567,50.686],[-3.152,50.6854],[-3.1471,50.6853],[-3.1427,50.6857],[-3.1403,50.6862],[-3.137,50.6865],[-3.1334,50.6865],[-3.1285,50.6868],[-3.1217,50.6869],[-3.1151,50.6865],[-3.1083,50.6859],[-3.1064,50.6855],[-3.1039,50.6853],[-3.1016,50.6856],[-3.0987,50.6855],[-3.0956,50.6854],[-3.0956,50.6866],[-3.0946,50.6875],[-3.0949,50.6883],[-3.0947,50.6898],[-3.0932,50.6904],[-3.0931,50.6918],[-3.0924,50.6955],[-3.0908,50.6964],[-3.0967,50.6997],[-3.0993,50.7028],[-3.1014,50.7067],[-3.1009,50.7083],[-3.0999,50.7111],[-3.1004,50.7125],[-3.1001,50.7138],[-3.101,50.7146],[-3.1023,50.7153],[-3.1034,50.7164],[-3.1046,50.7169],[-3.1057,50.7181],[-3.1057,50.7193],[-3.1064,50.7203],[-3.1057,50.7215],[-3.1049,50.7219],[-3.1011,50.7246],[-3.0985,50.7303],[-3.0969,50.731],[-3.0916,50.732],[-3.0891,50.7338],[-3.0874,50.7355],[-3.085,50.7372],[-3.0829,50.7384],[-3.0802,50.7393],[-3.0813,50.7402],[-3.083,50.7406],[-3.0856,50.7416],[-3.0859,50.7419],[-3.084,50.7449],[-3.0832,50.7458],[-3.0806,50.7454],[-3.0796,50.7455],[-3.0781,50.7451],[-3.0767,50.7451],[-3.0745,50.7447],[-3.0737,50.7449],[-3.0718,50.7433],[-3.0716,50.7428],[-3.0678,50.7426],[-3.066,50.7428],[-3.0653,50.7425],[-3.0644,50.7407],[-3.0632,50.7401],[-3.0637,50.7391],[-3.0635,50.7377],[-3.0645,50.7365],[-3.0648,50.7348],[-3.0644,50.7341],[-3.0625,50.7337],[-3.0624,50.733],[-3.0614,50.7323],[-3.0613,50.7316],[-3.0602,50.731],[-3.059,50.7295],[-3.0587,50.7284],[-3.0578,50.7275],[-3.0579,50.7266],[-3.0589,50.7226],[-3.059,50.719],[-3.0582,50.7188],[-3.0574,50.7177],[-3.0563,50.7144],[-3.0558,50.714],[-3.0564,50.7115],[-3.0573,50.7095],[-3.0581,50.7066],[-3.0593,50.7029],[-3.0544,50.7024],[-3.0537,50.7019],[-3.049,50.7016],[-3.0455,50.7013],[-3.0394,50.7002],[-3.0318,50.6993],[-3.0307,50.699],[-3.0279,50.6986],[-3.0249,50.6986],[-3.0227,50.6984],[-3.018,50.699],[-3.0138,50.6994],[-3.0111,50.6999],[-3.007,50.7003],[-3.0025,50.7018],[-3.0007,50.7027],[-2.9978,50.7046],[-2.9954,50.7054],[-2.9924,50.7056],[-2.9853,50.7049],[-2.9845,50.7046],[-2.9821,50.7051],[-2.9794,50.7062],[-2.9777,50.7074],[-2.9757,50.7083],[-2.9735,50.7086],[-2.9711,50.7094],[-2.9694,50.7104],[-2.9672,50.7127],[-2.9654,50.7132],[-2.9619,50.7133],[-2.9591,50.7131],[-2.9574,50.7132],[-2.9531,50.7144],[-2.9521,50.7155],[-2.9489,50.7178],[-2.9478,50.7183]]]},"properties":{"name":"East Devon","kind":"national_landscape"},"id":1},
{"type":"Feature","geometry":{"type":"Polygon","coordinates":[[[-6.4623,49.8834],[-6.4614,49.8796],[-6.4603,49.8775],[-6.4592,49.8756],[-6.4575,49.8737],[-6.455,49.8714],[-6.4529,49.8698],[-6.4497,49.8678],[-6.4417,49.8632],[-6.4374,49.8612],[-6.4349,49.8601],[-6.4286,49.8581],[-6.4227,49.8567],[-6.4191,49.856],[-6.4145,49.8554],[-6.4103,49.8551],[-6.4045,49.8547],[-6.3982,49.8547],[-6.3926,49.8551],[-6.3849,49.8561],[-6.3766,49.8573],[-6.3679,49.8592],[-6.3646,49.8601],[-6.3542,49.8633],[-6.3491,49.8651],[-6.3422,49.8677],[-6.334,49.8709],[-6.3209,49.8766],[-6.3153,49.8789],[-6.3028,49.8844],[-6.2952,49.8881],[-6.2884,49.8917],[-6.2813,49.8955],[-6.2737,49.8998],[-6.2682,49.9032],[-6.2608,49.9075],[-6.2527,49.9123],[-6.2451,49.9168],[-6.232,49.9263],[-6.2299,49.928],[-6.227,49.9311],[-6.2242,49.9349],[-6.2225,49.9381],[-6.2217,49.94],[-6.2209,49.9433],[-6.2206,49.9463],[-6.2207,49.9479],[-6.2212,49.9504],[-6.2225,49.9548],[-6.2244,49.9592],[-6.2257,49.9615],[-6.2284,49.965],[-6.2307,49.9675],[-6.2355,49.9716],[-6.2403,49.975],[-6.2467,49.9783],[-6.2505,49.9802],[-6.2548,49.9822],[-6.2566,49.9829],[-6.2617,49.9845],[-6.2679,49.9862],[-6.2727,49.9871],[-6.2799,49.9883],[-6.2835,49.9888],[-6.2882,49.9893],[-6.2914,49.9895],[-6.297,49.9895],[-6.3015,49.9893],[-6.3085,49.9887],[-6.3211,49.9871],[-6.3279,49.9858],[-6.3385,49.9831],[-6.3521,49.9793],[-6.3592,49.977],[-6.3642,49.9753],[-6.3734,49.9713],[-6.3772,49.9695],[-6.3813,49.9672],[-6.3861,49.9643],[-6.3927,49.9606],[-6.4025,49.9546],[-6.4077,49.9512],[-6.4121,49.9481],[-6.4177,49.944],[-6.4233,49.9392],[-6.4271,49.9357],[-6.4347,49.9282],[-6.4406,49.9226],[-6.4445,49.9182],[-6.4487,49.9132],[-6.4517,49.9096],[-6.4545,49.9058],[-6.4582,49.9004],[-6.4606,49.8961],[-6.4617,49.8934],[-6.4624,49.8894],[-6.4626,49.8855],[-6.4623,49.8834]]]},"properties":{"name":"Isles Of Scilly","kind":"national_landscape"},"id":2},
{"type":"Feature","geometry":{"type":"Polygon","coordinates":[[[-2.951,51.3144],[-2.9493,51.3133],[-2.9488,51.3114],[-2.9475,51.3108],[-2.9478,51.3102],[-2.9472,51.3086],[-2.9436,51.3083],[-2.9402,51.3076],[-2.9401,51.307],[-2.9388,51.3065],[-2.9363,51.3061],[-2.9335,51.3064],[-2.9306,51.3056],[-2.9293,51.3048],[-2.9278,51.3043],[-2.924,51.3037],[-2.9218,51.3029],[-2.9206,51.3027],[-2.92,51.2998],[-2.9194,51.2994],[-2.9165,51.2984],[-2.9151,51.2975],[-2.9129,51.2971],[-2.9108,51.2962],[-2.9077,51.2955],[-2.9031,51.2954],[-2.8999,51.2956],[-2.8994,51.295],[-2.8967,51.2953],[-2.8957,51.2951],[-2.8945,51.2954],[-2.8916,51.2955],[-2.8909,51.295],[-2.8883,51.2957],[-2.8867,51.295],[-2.8842,51.2944],[-2.8794,51.2929],[-2.8729,51.2915],[-2.8658,51.2898],[-2.8642,51.2898],[-2.8632,51.2904],[-2.8577,51.2915],[-2.8545,51.2917],[-2.8514,51.2912],[-2.8491,51.2912],[-2.8475,51.2901],[-2.8471,51.2908],[-2.8457,51.2906],[-2.8453,51.2896],[-2.8431,51.2893],[-2.8412,51.2888],[-2.8363,51.2894],[-2.8347,51.29],[-2.8343,51.2898],[-2.8308,51.2893],[-2.828,51.2886],[-2.8253,51.2881],[-2.8235,51.2881],[-2.8234,51.2887],[-2.8193,51.2885],[-2.8134,51.2888],[-2.8087,51.2887],[-2.8043,51.2881],[-2.8007,51.2881],[-2.7976,51.2877],[-2.795,51.2877],[-2.7928,51.2879],[-2.7915,51.2877],[-2.7886,51.2869],[-2.7871,51.2867],[-2.7835,51.2855],[-2.7826,51.2844],[-2.7809,51.284],[-2.7791,51.2841],[-2.7783,51.2844],[-2.7777,51.2863],[-2.776,51.2878],[-2.7738,51.2879],[-2.7727,51.2867],[-2.773,51.2856],[-2.7727,51.2842],[-2.773,51.2826],[-2.7721,51.2821],[-2.7717,51.2812],[-2.772,51.2802],[-2.7706,51.2793],[-2.7708,51.2787],[-2.769,51.2775],[-2.7667,51.2769],[-2.7678,51.2764],[-2.7682,51.2756],[-2.768,51.2744],[-2.7709,51.2742],[-2.771,51.2738],[-2.7747,51.2737],[-2.7733,51.2716],[-2.7727,51.2697],[-2.7722,51.2694],[-2.7702,51.2693],[-2.7695,51.2688],[-2.7677,51.2667],[-2.7632,51.2643],[-2.762,51.2639],[-2.7593,51.2621],[-2.7567,51.2605],[-2.7541,51.2587],[-2.7526,51.2587],[-2.751,51.2591],[-2.7503,51.2568],[-2.7489,51.2552],[-2.7493,51.2548],[-2.7478,51.2536],[-2.7482,51.2533],[-2.7461,51.252],[-2.7413,51.2501],[-2.7401,51.2493],[-2.7383,51.2488],[-2.7365,51.2485],[-2.7368,51.2466],[-2.7365,51.2459],[-2.7332,51.2443],[-2.733,51.2435],[-2.7305,51.2417],[-2.7255,51.2394],[-2.7203,51.2384],[-2.7194,51.238],[-2.718,51.2379],[-2.7172,51.2374],[-2.7156,51.239],[-2.7151,51.2408],[-2.7166,51.2403],[-2.7182,51.2421],[-2.7148,51.2424],[-2.715,51.2415],[-2.7135,51.2414],[-2.7141,51.2404],[-2.7138,51.2396],[-2.7148,51.2393],[-2.7145,51.2384],[-2.7137,51.2383],[-2.7119,51.2369],[-2.7123,51.236],[-2.7137,51.2364],[-2.7126,51.235],[-2.7115,51.2346],[-2.7099,51.2333],[-2.7082,51.2329],[-2.7076,51.2323],[-2.7052,51.2311],[-2.7035,51.2296],[-2.6982,51.2276],[-2.6954,51.2286],[-2.6907,51.2293],[-2.6874,51.2292],[-2.6813,51.2284],[-2.6807,51.2281],[-2.6769,51.2275],[-2.6756,51.2276],[-2.6749,51.2269],[-2.6735,51.2266],[-2.6725,51.2267],[-2.6721,51.228],[-2.6699,51.2274],[-2.6708,51.2264],[-2.6702,51.2245],[-2.6683,51.2257],[-2.6671,51.2257],[-2.6698,51.2241],[-2.6706,51.223],[-2.6703,51.2222],[-2.669,51.221],[-2.6678,51.2213],[-2.6656,51.2209],[-2.6641,51.221],[-2.6622,51.2203],[-2.6609,51.2192],[-2.6579,51.2192],[-2.6564,51.2176],[-2.6558,51.2177],[-2.6545,51.2165],[-2.6529,51.2169],[-2.6517,51.2176],[-2.6509,51.2154],[-2.6463,51.2157],[-2.645,51.2149],[-2.6406,51.2154],[-2.6389,51.2151],[-2.6366,51.2171],[-2.6362,51.2166],[-2.6339,51.2169],[-2.6331,51.2166],[-2.6304,51.2173],[-2.6302,51.2168],[-2.6284,51.2159],[-2.6284,51.2149],[-2.6259,51.2141],[-2.625,51.214],[-2.6244,51.2128],[-2.6222,51.2127],[-2.621,51.2132],[-2.6201,51.2147],[-2.6176,51.2166],[-2.6155,51.2188],[-2.6132,51.2199],[-2.6119,51.2216],[-2.6109,51.2219],[-2.6096,51.2235],[-2.6055,51.2255],[-2.6022,51.2269],[-2.6,51.2276],[-2.5983,51.2285],[-2.5944,51.2299],[-2.5918,51.2306],[-2.5891,51.2345],[-2.5894,51.2347],[-2.5954,51.2355],[-2.6002,51.2351],[-2.6068,51.2351],[-2.6082,51.2353],[-2.6188,51.2371],[-2.6188,51.2373],[-2.6136,51.2421],[-2.5964,51.2576],[-2.5946,51.26],[-2.5923,51.2634],[-2.5897,51.266],[-2.5881,51.2672],[-2.5864,51.2696],[-2.5845,51.2712],[-2.5823,51.2719],[-2.5788,51.273],[-2.5784,51.2732],[-2.5769,51.2752],[-2.5761,51.2752],[-2.5759,51.2776],[-2.5768,51.2786],[-2.5806,51.2797],[-2.5819,51.2803],[-2.5845,51.2811],[-2.5864,51.2807],[-2.5875,51.2811],[-2.5876,51.282],[-2.5871,51.2828],[-2.5834,51.2845],[-2.5816,51.2862],[-2.5811,51.288],[-2.578,51.2889],[-2.5765,51.2901],[-2.5755,51.2919],[-2.5754,51.2926],[-2.5768,51.2942],[-2.5762,51.2946],[-2.5765,51.2956],[-2.5778,51.2957],[-2.5808,51.2963],[-2.581,51.2974],[-2.583,51.298],[-2.5832,51.2991],[-2.5842,51.2994],[-2.5861,51.3008],[-2.5868,51.3009],[-2.5878,51.302],[-2.588,51.3027],[-2.5877,51.3038],[-2.5882,51.305],[-2.5873,51.3065],[-2.5887,51.3067],[-2.5915,51.3084],[-2.5882,51.3099],[-2.5901,51.3112],[-2.591,51.3125],[-2.5895,51.3137],[-2.591,51.3144],[-2.5901,51.3148],[-2.5901,51.3156],[-2.5882,51.3183],[-2.5893,51.3198],[-2.5896,51.3207],[-2.5893,51.3216],[-2.5897,51.3252],[-2.5889,51.3265],[-2.5873,51.3275],[-2.5869,51.3288],[-2.5875,51.3305],[-2.5874,51.3314],[-2.5884,51.3322],[-2.5914,51.3328],[-2.5944,51.332],[-2.5984,51.3307],[-2.6004,51.3296],[-2.6024,51.3294],[-2.6035,51.3305],[-2.6028,51.3312],[-2.6038,51.3335],[-2.604,51.3346],[-2.6024,51.3347],[-2.5994,51.3354],[-2.5976,51.3353],[-2.5988,51.3365],[-2.5973,51.337],[-2.6002,51.3391],[-2.6003,51.3405],[-2.5997,51.3418],[-2.6009,51.3425],[-2.6052,51.3453],[-2.6072,51.3475],[-2.6081,51.348],[-2.6107,51.3486],[-2.6116,51.349],[-2.6136,51.351],[-2.6147,51.3512],[-2.6212,51.3512],[-2.6247,51.3521],[-2.6278,51.3517],[-2.6343,51.3518],[-2.6336,51.3506],[-2.6342,51.3493],[-2.6348,51.3489],[-2.6369,51.3483],[-2.638,51.3485],[-2.6404,51.3472],[-2.6419,51.3456],[-2.6439,51.3447],[-2.6455,51.3428],[-2.6477,51.3416],[-2.649,51.3405],[-2.65,51.3401],[-2.6518,51.3402],[-2.6532,51.3396],[-2.6554,51.3374],[-2.6583,51.336],[-2.661,51.3358],[-2.6642,51.3346],[-2.6662,51.3345],[-2.6693,51.3356],[-2.6726,51.3351],[-2.675,51.3353],[-2.6767,51.3358],[-2.6796,51.3369],[-2.6802,51.338],[-2.6822,51.3389],[-2.6834,51.3392],[-2.6841,51.3399],[-2.6853,51.3405],[-2.69,51.3407],[-2.6934,51.341],[-2.6919,51.3432],[-2.6919,51.3454],[-2.6917,51.3463],[-2.6935,51.347],[-2.6958,51.3475],[-2.6971,51.3493],[-2.6996,51.3498],[-2.7017,51.3488],[-2.7025,51.3481],[-2.7043,51.3475],[-2.7057,51.3473],[-2.7074,51.3467],[-2.7097,51.3453],[-2.7102,51.3438],[-2.7116,51.3414],[-2.7127,51.3404],[-2.713,51.3395],[-2.7141,51.3393],[-2.7162,51.3379],[-2.7178,51.3363],[-2.7195,51.3368],[-2.723,51.3375],[-2.7284,51.3375],[-2.7321,51.3367],[-2.7348,51.3357],[-2.7355,51.3352],[-2.7373,51.3356],[-2.7391,51.3356],[-2.7431,51.3349],[-2.7441,51.3348],[-2.75,51.3328],[-2.7519,51.3324],[-2.755,51.332],[-2.7577,51.3319],[-2.761,51.3316],[-2.7629,51.3318],[-2.7661,51.3318],[-2.7674,51.3316],[-2.7725,51.332],[-2.7781,51.3323],[-2.7814,51.3332],[-2.7837,51.3332],[-2.7865,51.3339],[-2.7858,51.3317],[-2.7906,51.3312],[-2.7912,51.3314],[-2.795,51.3316],[-2.7958,51.3324],[-2.7975,51.3329],[-2.7986,51.3341],[-2.8019,51.3335],[-2.8073,51.3332],[-2.8123,51.3327],[-2.8145,51.3333],[-2.8146,51.3326],[-2.8166,51.3325],[-2.8195,51.332],[-2.8224,51.3319],[-2.8252,51.3317],[-2.8279,51.3316],[-2.8297,51.3312],[-2.833,51.3303],[-2.8341,51.3294],[-2.8343,51.3274],[-2.8325,51.3263],[-2.8338,51.3245],[-2.8336,51.3232],[-2.8341,51.3226],[-2.8336,51.3215],[-2.8315,51.3192],[-2.8296,51.3194],[-2.8294,51.3185],[-2.8271,51.3186],[-2.8269,51.3177],[-2.8288,51.317],[-2.8295,51.3155],[-2.8267,51.3159],[-2.8231,51.3148],[-2.8254,51.3148],[-2.825,51.3135],[-2.8239,51.3129],[-2.8219,51.3144],[-2.8203,51.3143],[-2.8207,51.3125],[-2.8206,51.3112],[-2.8196,51.3096],[-2.8238,51.3088],[-2.8258,51.3089],[-2.8289,51.3083],[-2.83,51.3077],[-2.8323,51.3079],[-2.8325,51.3095],[-2.8339,51.3094],[-2.8345,51.3112],[-2.8386,51.3112],[-2.8398,51.3107],[-2.8401,51.3091],[-2.8424,51.3084],[-2.8433,51.3098],[-2.8426,51.3102],[-2.8416,51.3127],[-2.8408,51.314],[-2.8397,51.3144],[-2.8378,51.314],[-2.8371,51.315],[-2.8381,51.3164],[-2.836,51.3169],[-2.8367,51.3203],[-2.8383,51.3264],[-2.8396,51.3271],[-2.8402,51.328],[-2.8407,51.3302],[-2.8411,51.3308],[-2.8432,51.3321],[-2.8458,51.3312],[-2.8541,51.3297],[-2.8557,51.3289],[-2.8583,51.328],[-2.8606,51.3277],[-2.8606,51.3271],[-2.862,51.3254],[-2.8635,51.3268],[-2.8657,51.3269],[-2.8684,51.3262],[-2.8705,51.3261],[-2.8719,51.3265],[-2.8751,51.3267],[-2.876,51.3265],[-2.8792,51.3268],[-2.883,51.3264],[-2.8863,51.3265],[-2.8881,51.3263],[-2.8907,51.3264],[-2.892,51.3267],[-2.8927,51.3276],[-2.8938,51.3275],[-2.8938,51.3268],[-2.8968,51.3273],[-2.9082,51.3273],[-2.9081,51.3287],[-2.9106,51.3285],[-2.9146,51.3284],[-2.9181,51.3282],[-2.921,51.3274],[-2.9221,51.3265],[-2.9226,51.3254],[-2.93,51.3245],[-2.9305,51.324],[-2.9303,51.3231],[-2.9351,51.3224],[-2.9361,51.3237],[-2.9367,51.324],[-2.942,51.3235],[-2.9478,51.3226],[-2.9533,51.3212],[-2.952,51.3183],[-2.9518,51.3172],[-2.9507,51.315],[-2.951,51.3144]],[[-2.7982,51.3131],[-2.7996,51.3132],[-2.8001,51.3122],[-2.801,51.3124],[-2.8017,51.3132],[-2.8007,51.3134],[-2.8015,51.3156],[-2.8001,51.3157],[-2.7998,51.3168],[-2.7988,51.3163],[-2.7982,51.3173],[-2.7987,51.3184],[-2.7971,51.3183],[-2.7958,51.3177],[-2.7934,51.3171],[-2.7942,51.3161],[-2.7966,51.3159],[-2.7928,51.315],[-2.792,51.3144],[-2.7918,51.3136],[-2.7951,51.313],[-2.797,51.3133],[-2.7982,51.3131]]]},"properties":{"name":"Mendip Hills","kind":"national_landscape"},"id":3},
{"type":"Feature","geometry":{"type":"Polygon","coordinates":[[[-2.2059,51.5329],[-2.2072,51.536],[-2.2065,51.5369],[-2.2098,51.5386],[-2.2151,51.5402],[-2.2182,51.5416],[-2.2231,51.5433],[-2.2237,51.5439],[-2.2272,51.5464],[-2.227,51.5498],[-2.2267,51.5508],[-2.226,51.5509],[-2.225,51.5518],[-2.2239,51.5539],[-2.2227,51.5548],[-2.219,51.557],[-2.2162,51.5571],[-2.2153,51.5594],[-2.2151,51.5608],[-2.2145,51.5613],[-2.2138,51.5629],[-2.2131,51.5655],[-2.2124,51.5666],[-2.2083,51.5669],[-2.2036,51.5674],[-2.1988,51.5688],[-2.196,51.5702],[-2.1919,51.5709],[-2.1856,51.5721],[-2.1802,51.5723],[-2.1769,51.5729],[-2.1723,51.5734],[-2.1669,51.5744],[-2.164,51.5747],[-2.1577,51.5744],[-2.1563,51.5738],[-2.1553,51.5728],[-2.151,51.5721],[-2.1481,51.5722],[-2.1418,51.5723],[-2.1395,51.5726],[-2.1361,51.5735],[-2.1344,51.5736],[-2.1309,51.5744],[-2.1266,51.5763],[-2.1233,51.578],[-2.1189,51.5799],[-2.1148,51.5808],[-2.1122,51.5812],[-2.1076,51.5829],[-2.1052,51.5835],[-2.1053,51.5844],[-2.1079,51.5845],[-2.1095,51.5844],[-2.1108,51.5847],[-2.1122,51.5853],[-2.1144,51.5868],[-2.1187,51.5886],[-2.1169,51.5899],[-2.116,51.5901],[-2.1141,51.5927],[-2.1143,51.5937],[-2.1167,51.5979],[-2.1176,51.6004],[-2.1184,51.6012],[-2.12,51.6019],[-2.121,51.6032],[-2.121,51.6038],[-2.1195,51.6061],[-2.118,51.6071],[-2.1158,51.6091],[-2.1156,51.6096],[-2.1191,51.6122],[-2.1207,51.6139],[-2.1236,51.6153],[-2.1244,51.6171],[-2.124,51.6174],[-2.12,51.621],[-2.1177,51.6224],[-2.1168,51.6232],[-2.1171,51.6236],[-2.1201,51.6248],[-2.1185,51.6275],[-2.1183,51.6292],[-2.1174,51.6323],[-2.1129,51.6325],[-2.1059,51.6331],[-2.1053,51.6332],[-2.0989,51.6384],[-2.0959,51.6408],[-2.0951,51.6416],[-2.0891,51.6465],[-2.0782,51.6556],[-2.0784,51.656],[-2.0786,51.6645],[-2.079,51.6652],[-2.0808,51.6673],[-2.082,51.6691],[-2.083,51.6701],[-2.0744,51.6711],[-2.0694,51.6722],[-2.0645,51.6725],[-2.062,51.673],[-2.058,51.6742],[-2.0538,51.6751],[-2.0514,51.6768],[-2.0505,51.6772],[-2.0478,51.6774],[-2.0455,51.678],[-2.0314,51.6853],[-2.0226,51.6899],[-2.0195,51.6913],[-2.0068,51.6979],[-2.0028,51.6999],[-2.0005,51.7012],[-1.9952,51.704],[-1.9839,51.7099],[-1.9802,51.7119],[-1.9717,51.716],[-1.9713,51.7173],[-1.9724,51.7179],[-1.9765,51.718],[-1.9767,51.7212],[-1.9773,51.7221],[-1.9767,51.7238],[-1.9777,51.7246],[-1.9774,51.7266],[-1.9815,51.731],[-1.9838,51.7334],[-1.9824,51.7343],[-1.976,51.737],[-1.9743,51.7375],[-1.9697,51.7382],[-1.9684,51.738],[-1.9666,51.7385],[-1.9656,51.7393],[-1.9622,51.7385],[-1.9618,51.7372],[-1.9588,51.7375],[-1.9527,51.7355],[-1.9502,51.7357],[-1.9444,51.7359],[-1.9441,51.7257],[-1.943,51.7255],[-1.9358,51.7266],[-1.9291,51.7273],[-1.9266,51.7274],[-1.9252,51.7277],[-1.9212,51.729],[-1.9168,51.7299],[-1.9115,51.7304],[-1.9106,51.7306],[-1.908,51.7293],[-1.9056,51.7296],[-1.9039,51.7296],[-1.8944,51.7304],[-1.8892,51.7313],[-1.8843,51.732],[-1.883,51.7324],[-1.8792,51.7331],[-1.8717,51.7346],[-1.8622,51.7363],[-1.8569,51.7379],[-1.8516,51.7386],[-1.8498,51.7391],[-1.8461,51.7396],[-1.8317,51.7421],[-1.829,51.7424],[-1.8218,51.7419],[-1.8172,51.742],[-1.8098,51.7414],[-1.8061,51.7403],[-1.8021,51.7394],[-1.8003,51.7391],[-1.7967,51.7391],[-1.7902,51.7395],[-1.7883,51.7393],[-1.7867,51.7387],[-1.7836,51.7397],[-1.7818,51.739],[-1.7741,51.7376],[-1.7699,51.7367],[-1.7682,51.7362],[-1.7619,51.7347],[-1.759,51.7335],[-1.7527,51.7308],[-1.7513,51.7303],[-1.7451,51.7327],[-1.7432,51.7336],[-1.7397,51.7358],[-1.7366,51.7341],[-1.7339,51.7315],[-1.7316,51.7315],[-1.7281,51.7313],[-1.7256,51.7305],[-1.7192,51.7292],[-1.7173,51.7284],[-1.7156,51.7289],[-1.7148,51.7282],[-1.7139,51.7262],[-1.712,51.7237],[-1.7098,51.7222],[-1.7045,51.7231],[-1.7028,51.7226],[-1.6995,51.7214],[-1.6984,51.7208],[-1.698,51.7191],[-1.6946,51.7208],[-1.6939,51.7215],[-1.6958,51.7234],[-1.6958,51.7238],[-1.6933,51.7249],[-1.6951,51.7264],[-1.6959,51.7277],[-1.6956,51.729],[-1.7002,51.7296],[-1.7026,51.7297],[-1.705,51.7302],[-1.7046,51.7314],[-1.7046,51.7328],[-1.7042,51.7332],[-1.704,51.7348],[-1.7016,51.7352],[-1.6999,51.7361],[-1.6974,51.7379],[-1.6955,51.7397],[-1.695,51.7405],[-1.6953,51.7452],[-1.6962,51.7502],[-1.6972,51.7515],[-1.6937,51.7537],[-1.694,51.7544],[-1.6963,51.7571],[-1.6976,51.7595],[-1.6996,51.7645],[-1.6992,51.7646],[-1.7003,51.7696],[-1.7006,51.7706],[-1.7033,51.7729],[-1.7066,51.7761],[-1.7082,51.7773],[-1.7145,51.7802],[-1.7175,51.7815],[-1.7195,51.7832],[-1.7183,51.784],[-1.7149,51.7857],[-1.7108,51.7872],[-1.7051,51.7894],[-1.7054,51.7898],[-1.7093,51.7894],[-1.718,51.7887],[-1.7233,51.7888],[-1.7329,51.7891],[-1.7424,51.7893],[-1.7487,51.7896],[-1.7529,51.7896],[-1.7506,51.7919],[-1.7494,51.7952],[-1.7455,51.8015],[-1.7468,51.8018],[-1.7465,51.8048],[-1.7449,51.8062],[-1.7445,51.8071],[-1.7431,51.8094],[-1.7419,51.8086],[-1.7401,51.8098],[-1.7384,51.8074],[-1.7365,51.8073],[-1.735,51.8092],[-1.7379,51.81],[-1.7386,51.8104],[-1.7334,51.813],[-1.7318,51.8124],[-1.727,51.8112],[-1.7226,51.8099],[-1.7181,51.8087],[-1.7137,51.807],[-1.7121,51.8066],[-1.709,51.8064],[-1.7066,51.8065],[-1.7036,51.8069],[-1.7009,51.807],[-1.6962,51.807],[-1.6898,51.8075],[-1.6879,51.808],[-1.6862,51.8087],[-1.6833,51.8093],[-1.6794,51.8098],[-1.6726,51.8102],[-1.6696,51.8098],[-1.6654,51.8086],[-1.6602,51.8074],[-1.6531,51.8063],[-1.6477,51.805],[-1.6361,51.8031],[-1.6347,51.8024],[-1.6314,51.8014],[-1.6274,51.7999],[-1.6255,51.7991],[-1.6213,51.7978],[-1.618,51.7974],[-1.6108,51.7972],[-1.6071,51.7964],[-1.6032,51.795],[-1.6004,51.7936],[-1.5963,51.792],[-1.5896,51.7904],[-1.5833,51.7894],[-1.581,51.7896],[-1.5781,51.7894],[-1.5742,51.7895],[-1.5706,51.789],[-1.5685,51.7893],[-1.5676,51.7897],[-1.5657,51.7913],[-1.5611,51.793],[-1.5564,51.7949],[-1.5505,51.7966],[-1.5471,51.7971],[-1.5442,51.797],[-1.5428,51.7975],[-1.5395,51.7978],[-1.5362,51.7976],[-1.5353,51.7976],[-1.5332,51.7992],[-1.5321,51.799],[-1.5314,51.7993],[-1.5301,51.7992],[-1.5295,51.7999],[-1.5312,51.8017],[-1.5296,51.8025],[-1.526,51.8039],[-1.521,51.8054],[-1.5194,51.8061],[-1.5176,51.8073],[-1.5156,51.8084],[-1.5145,51.8098],[-1.5122,51.8102],[-1.5073,51.8104],[-1.5072,51.8125],[-1.5065,51.8147],[-1.5048,51.817],[-1.5029,51.8185],[-1.5013,51.8202],[-1.5021,51.8218],[-1.503,51.8232],[-1.5031,51.824],[-1.5024,51.826],[-1.5024,51.8269],[-1.5031,51.8299],[-1.502,51.8327],[-1.501,51.8342],[-1.4986,51.8364],[-1.4939,51.8403],[-1.4881,51.8442],[-1.4841,51.8449],[-1.4805,51.8462],[-1.4791,51.847],[-1.4768,51.8477],[-1.4753,51.8463],[-1.4758,51.8457],[-1.4752,51.8446],[-1.4765,51.8441],[-1.477,51.8431],[-1.4763,51.8428],[-1.4712,51.8426],[-1.4694,51.8423],[-1.4657,51.8419],[-1.4632,51.8409],[-1.4628,51.8404],[-1.4607,51.8394],[-1.4601,51.8388],[-1.4594,51.8371],[-1.4577,51.8372],[-1.4558,51.8368],[-1.452,51.8364],[-1.4477,51.8371],[-1.4457,51.8372],[-1.4416,51.837],[-1.4374,51.8355],[-1.4346,51.8353],[-1.4299,51.8334],[-1.4285,51.833],[-1.4258,51.8312],[-1.4207,51.8307],[-1.419,51.8295],[-1.4162,51.8295],[-1.4159,51.8276],[-1.4145,51.8279],[-1.4088,51.8279],[-1.4063,51.828],[-1.4059,51.8288],[-1.4008,51.8279],[-1.3981,51.8283],[-1.3972,51.8273],[-1.3962,51.8278],[-1.3953,51.8274],[-1.3929,51.8296],[-1.3914,51.8304],[-1.3892,51.8309],[-1.3871,51.8308],[-1.3829,51.8292],[-1.3799,51.828],[-1.3748,51.8257],[-1.3699,51.8262],[-1.3676,51.8281],[-1.369,51.8291],[-1.3712,51.8279],[-1.3733,51.828],[-1.3752,51.829],[-1.376,51.83],[-1.3767,51.8317],[-1.3798,51.8337],[-1.3801,51.8342],[-1.3796,51.8351],[-1.38,51.837],[-1.381,51.8381],[-1.3826,51.839],[-1.3866,51.8405],[-1.3881,51.8417],[-1.3874,51.844],[-1.3877,51.8443],[-1.3911,51.8449],[-1.3935,51.8459],[-1.3954,51.847],[-1.3969,51.8488],[-1.3972,51.8495],[-1.3966,51.8512],[-1.3957,51.8526],[-1.3952,51.8552],[-1.3966,51.8577],[-1.3988,51.8596],[-1.3993,51.8617],[-1.4006,51.8622],[-1.4074,51.8636],[-1.4094,51.864],[-1.4127,51.8651],[-1.414,51.8653],[-1.4148,51.8662],[-1.4168,51.8662],[-1.4179,51.8656],[-1.4204,51.8659],[-1.4245,51.8666],[-1.4266,51.8677],[-1.4312,51.8687],[-1.4329,51.8688],[-1.4332,51.8673],[-1.4344,51.8674],[-1.4364,51.8685],[-1.4387,51.8704],[-1.4407,51.8716],[-1.4455,51.8738],[-1.4471,51.8755],[-1.4477,51.8774],[-1.4479,51.8798],[-1.4493,51.8808],[-1.4494,51.8818],[-1.4501,51.8831],[-1.4527,51.8861],[-1.4544,51.8877],[-1.4564,51.8884],[-1.4596,51.8907],[-1.4617,51.8919],[-1.4624,51.8926],[-1.4657,51.8948],[-1.4681,51.8969],[-1.4705,51.8986],[-1.4717,51.9001],[-1.4732,51.9015],[-1.4747,51.9024],[-1.4758,51.9036],[-1.4772,51.9044],[-1.4828,51.9067],[-1.4897,51.9106],[-1.492,51.9127],[-1.4931,51.9141],[-1.4952,51.9158],[-1.4971,51.917],[-1.5,51.9183],[-1.5034,51.9192],[-1.5064,51.9198],[-1.5084,51.9199],[-1.5106,51.9202],[-1.5135,51.9205],[-1.5163,51.9211],[-1.5178,51.9213],[-1.5223,51.9215],[-1.5275,51.9212],[-1.5416,51.9218],[-1.542,51.9219],[-1.5414,51.924],[-1.5412,51.9261],[-1.5418,51.9309],[-1.541,51.9344],[-1.5413,51.9348],[-1.5444,51.937],[-1.5446,51.9373],[-1.5434,51.9387],[-1.5425,51.9393],[-1.5409,51.9392],[-1.5395,51.9415],[-1.5387,51.9413],[-1.5376,51.9429],[-1.5373,51.944],[-1.5399,51.9439],[-1.5396,51.9445],[-1.5402,51.9453],[-1.5367,51.9467],[-1.5352,51.9476],[-1.5318,51.9487],[-1.5308,51.9492],[-1.5256,51.9514],[-1.5255,51.9524],[-1.5228,51.9524],[-1.52,51.9534],[-1.5118,51.9633],[-1.5105,51.9652],[-1.5065,51.9685],[-1.5047,51.9697],[-1.5014,51.9724],[-1.5006,51.9741],[-1.5015,51.9753],[-1.5015,51.976],[-1.5007,51.9767],[-1.5,51.9804],[-1.5014,51.9817],[-1.5014,51.9836],[-1.5035,51.9848],[-1.5072,51.9853],[-1.5105,51.986],[-1.5134,51.9871],[-1.518,51.9896],[-1.5213,51.9929],[-1.523,51.9964],[-1.5217,52.0017],[-1.5213,52.0055],[-1.5209,52.0065],[-1.5194,52.0086],[-1.5184,52.0107],[-1.5163,52.0138],[-1.5157,52.0145],[-1.5141,52.0178],[-1.5114,52.0211],[-1.511,52.022],[-1.5105,52.0245],[-1.5112,52.0254],[-1.5105,52.026],[-1.5097,52.0279],[-1.509,52.0302],[-1.5074,52.0338],[-1.5075,52.035],[-1.5069,52.0375],[-1.5051,52.0414],[-1.5035,52.0438],[-1.5031,52.0462],[-1.5016,52.0502],[-1.5,52.0518],[-1.4988,52.052],[-1.4967,52.052],[-1.4912,52.0505],[-1.4883,52.05],[-1.4869,52.05],[-1.4894,52.0543],[-1.488,52.0551],[-1.4868,52.0587],[-1.4864,52.0594],[-1.4853,52.0596],[-1.4834,52.0612],[-1.4804,52.062],[-1.476,52.0617],[-1.4753,52.0617],[-1.4736,52.063],[-1.4709,52.0664],[-1.4726,52.0669],[-1.4761,52.0709],[-1.4769,52.0723],[-1.477,52.0737],[-1.4774,52.0749],[-1.4773,52.0789],[-1.4775,52.0804],[-1.4787,52.0829],[-1.4808,52.0851],[-1.4846,52.0853],[-1.4845,52.0873],[-1.4823,52.0892],[-1.4819,52.0905],[-1.4804,52.093],[-1.4798,52.0958],[-1.478,52.1014],[-1.4745,52.1012],[-1.4718,52.0995],[-1.4708,52.098],[-1.4681,52.0973],[-1.4671,52.0977],[-1.4657,52.0975],[-1.4598,52.0975],[-1.4582,52.098],[-1.4552,52.0982],[-1.4535,52.0986],[-1.4536,52.0973],[-1.4485,52.0975],[-1.4516,52.1031],[-1.4522,52.1047],[-1.4532,52.1062],[-1.4536,52.1074],[-1.4552,52.1091],[-1.4582,52.1112],[-1.4543,52.1122],[-1.4539,52.1127],[-1.4515,52.1145],[-1.449,52.1159],[-1.4479,52.1161],[-1.4451,52.1153],[-1.4421,52.1154],[-1.4393,52.116],[-1.4372,52.1167],[-1.4353,52.1167],[-1.4311,52.1173],[-1.4288,52.1179],[-1.4253,52.1183],[-1.4222,52.1178],[-1.4196,52.1176],[-1.4141,52.1153],[-1.4099,52.1179],[-1.4033,52.1224],[-1.4028,52.1237],[-1.3977,52.124],[-1.3948,52.1236],[-1.3939,52.1232],[-1.3902,52.1226],[-1.3884,52.1246],[-1.3878,52.1262],[-1.3914,52.1267],[-1.3959,52.1275],[-1.3991,52.128],[-1.4008,52.1284],[-1.4026,52.1283],[-1.4023,52.1299],[-1.4033,52.131],[-1.4061,52.1325],[-1.4076,52.1347],[-1.4094,52.136],[-1.4104,52.137],[-1.4121,52.1382],[-1.4158,52.1365],[-1.4177,52.136],[-1.4217,52.1353],[-1.4243,52.1347],[-1.4263,52.1355],[-1.43,52.1353],[-1.4313,52.1357],[-1.4357,52.1358],[-1.435,52.1374],[-1.4351,52.1381],[-1.4359,52.1392],[-1.4375,52.1405],[-1.4429,52.1382],[-1.4437,52.1385],[-1.4486,52.1368],[-1.4501,52.136],[-1.4512,52.1348],[-1.4523,52.1341],[-1.4539,52.1337],[-1.4549,52.1332],[-1.458,52.1338],[-1.4615,52.1324],[-1.4606,52.1319],[-1.4611,52.1301],[-1.4624,52.1299],[-1.4641,52.1299],[-1.4657,52.1277],[-1.4661,52.1265],[-1.4674,52.1256],[-1.4667,52.1246],[-1.4693,52.1229],[-1.4729,52.1216],[-1.4763,52.1192],[-1.4799,52.1175],[-1.4828,52.115],[-1.4839,52.1137],[-1.4984,52.1026],[-1.4996,52.1003],[-1.5005,52.0995],[-1.5022,52.0974],[-1.5026,52.0962],[-1.5014,52.0954],[-1.503,52.094],[-1.5051,52.0918],[-1.5046,52.0915],[-1.5059,52.09],[-1.5065,52.0902],[-1.5075,52.088],[-1.5098,52.088],[-1.5099,52.0884],[-1.5132,52.0889],[-1.5144,52.0888],[-1.5203,52.0877],[-1.5239,52.086],[-1.5276,52.0863],[-1.5298,52.0862],[-1.5334,52.0852],[-1.5362,52.0843],[-1.5364,52.0834],[-1.5339,52.0819],[-1.534,52.0809],[-1.5357,52.0769],[-1.5359,52.0757],[-1.5356,52.0721],[-1.5363,52.0703],[-1.5366,52.0652],[-1.537,52.0643],[-1.5391,52.0642],[-1.5414,52.0637],[-1.5426,52.0628],[-1.5449,52.0619],[-1.5466,52.0619],[-1.5479,52.0622],[-1.5486,52.0619],[-1.5535,52.0627],[-1.5559,52.0611],[-1.5586,52.0614],[-1.5596,52.0602],[-1.5634,52.0597],[-1.5662,52.0602],[-1.5683,52.0607],[-1.5708,52.061],[-1.5766,52.0622],[-1.5771,52.0619],[-1.5786,52.0602],[-1.5789,52.0589],[-1.58,52.0578],[-1.5843,52.055],[-1.5849,52.0551],[-1.5859,52.0535],[-1.5862,52.0523],[-1.5865,52.0482],[-1.5859,52.0462],[-1.5858,52.0447],[-1.5877,52.0419],[-1.5882,52.0404],[-1.5876,52.0368],[-1.5861,52.0347],[-1.5838,52.0333],[-1.5818,52.0327],[-1.5802,52.0328],[-1.5796,52.0317],[-1.5789,52.0298],[-1.5779,52.0291],[-1.5768,52.0271],[-1.5784,52.0269],[-1.5793,52.026],[-1.5793,52.0253],[-1.5833,52.0238],[-1.5848,52.0236],[-1.5885,52.0226],[-1.5933,52.0223],[-1.6003,52.0228],[-1.6037,52.0228],[-1.6087,52.0217],[-1.6121,52.0214],[-1.6152,52.0209],[-1.6154,52.0217],[-1.6182,52.0214],[-1.6226,52.0206],[-1.6236,52.0206],[-1.6246,52.0214],[-1.625,52.0178],[-1.6247,52.0159],[-1.6243,52.015],[-1.6245,52.0138],[-1.6255,52.013],[-1.627,52.0113],[-1.6271,52.01],[-1.6295,52.009],[-1.6311,52.0078],[-1.6329,52.0068],[-1.6349,52.0063],[-1.6342,52.0056],[-1.6329,52.0048],[-1.6322,52.0039],[-1.6324,52.0031],[-1.6296,52.0009],[-1.6287,51.9998],[-1.6299,51.999],[-1.6325,51.9988],[-1.6366,51.998],[-1.6374,51.9984],[-1.6385,51.9979],[-1.6416,51.9957],[-1.6432,51.9944],[-1.6438,51.9945],[-1.6454,51.9925],[-1.6458,51.9912],[-1.6458,51.9889],[-1.6447,51.9883],[-1.644,51.9873],[-1.6423,51.986],[-1.6431,51.9855],[-1.6435,51.9845],[-1.645,51.9836],[-1.6477,51.9806],[-1.6495,51.9811],[-1.6518,51.9778],[-1.651,51.9776],[-1.651,51.9734],[-1.6515,51.9708],[-1.6507,51.9699],[-1.6472,51.9687],[-1.645,51.9668],[-1.6442,51.9664],[-1.6415,51.9624],[-1.6416,51.962],[-1.6436,51.9616],[-1.6447,51.9612],[-1.6459,51.9616],[-1.6469,51.9605],[-1.6458,51.9603],[-1.6469,51.9589],[-1.6477,51.9591],[-1.65,51.9587],[-1.6521,51.9577],[-1.6542,51.9574],[-1.656,51.9575],[-1.6537,51.955],[-1.6569,51.9543],[-1.6585,51.9532],[-1.6595,51.9517],[-1.6561,51.9497],[-1.6565,51.9488],[-1.6556,51.9486],[-1.6552,51.9474],[-1.6548,51.9449],[-1.6539,51.9437],[-1.6539,51.9425],[-1.6563,51.9425],[-1.6571,51.9416],[-1.6585,51.9384],[-1.6572,51.9359],[-1.6574,51.9352],[-1.6595,51.9351],[-1.6629,51.9344],[-1.6675,51.9332],[-1.6684,51.9346],[-1.6709,51.9358],[-1.6747,51.938],[-1.6767,51.9385],[-1.6817,51.9402],[-1.6843,51.9416],[-1.687,51.9428],[-1.6896,51.9436],[-1.6942,51.9443],[-1.6955,51.9442],[-1.697,51.9451],[-1.6974,51.9457],[-1.6989,51.947],[-1.701,51.9503],[-1.6999,51.9508],[-1.7009,51.9526],[-1.7005,51.9532],[-1.7016,51.955],[-1.7,51.9554],[-1.7011,51.9563],[-1.7018,51.9576],[-1.703,51.9591],[-1.7043,51.9593],[-1.7059,51.9603],[-1.7104,51.9621],[-1.7116,51.962],[-1.7102,51.9665],[-1.7096,51.9689],[-1.7086,51.9709],[-1.7082,51.9721],[-1.708,51.9742],[-1.7071,51.9775],[-1.7064,51.9789],[-1.7057,51.9821],[-1.7049,51.9842],[-1.7035,51.984],[-1.6996,51.984],[-1.6982,51.9837],[-1.6957,51.9836],[-1.7007,51.9927],[-1.7016,51.9944],[-1.7021,51.9962],[-1.7025,51.9996],[-1.7036,52.0028],[-1.7051,52.0054],[-1.7058,52.0081],[-1.7069,52.0116],[-1.7078,52.0123],[-1.7085,52.0144],[-1.71,52.0174],[-1.711,52.0199],[-1.7124,52.0213],[-1.7151,52.0226],[-1.7166,52.0228],[-1.722,52.0252],[-1.7283,52.0281],[-1.7335,52.0306],[-1.7344,52.032],[-1.7344,52.0325],[-1.7321,52.034],[-1.7322,52.0347],[-1.7268,52.0368],[-1.7287,52.0382],[-1.7289,52.0389],[-1.7242,52.0399],[-1.7207,52.0408],[-1.7215,52.0412],[-1.7185,52.0425],[-1.7175,52.0433],[-1.7171,52.0447],[-1.7157,52.0458],[-1.7133,52.0465],[-1.711,52.0474],[-1.7099,52.0481],[-1.7089,52.0499],[-1.7041,52.0504],[-1.7,52.0512],[-1.6975,52.0521],[-1.6947,52.0545],[-1.6938,52.0544],[-1.6931,52.0555],[-1.6906,52.0575],[-1.6897,52.0602],[-1.6905,52.0637],[-1.6899,52.0637],[-1.6895,52.0659],[-1.6898,52.0677],[-1.6927,52.0676],[-1.6927,52.0688],[-1.6933,52.0715],[-1.6937,52.072],[-1.6926,52.0731],[-1.6915,52.0754],[-1.6899,52.0764],[-1.6875,52.077],[-1.686,52.0775],[-1.6838,52.0786],[-1.6837,52.079],[-1.6849,52.0805],[-1.6851,52.0824],[-1.687,52.0853],[-1.6878,52.0861],[-1.6883,52.0876],[-1.6891,52.0883],[-1.6914,52.0894],[-1.6903,52.0902],[-1.6898,52.0919],[-1.6884,52.0934],[-1.6892,52.094],[-1.692,52.093],[-1.6949,52.0942],[-1.6996,52.0951],[-1.7011,52.0957],[-1.7036,52.096],[-1.705,52.0959],[-1.7126,52.0962],[-1.7142,52.0972],[-1.715,52.0972],[-1.7159,52.0992],[-1.719,52.0994],[-1.7214,52.0998],[-1.7235,52.0998],[-1.7232,52.1022],[-1.7249,52.1027],[-1.7257,52.1039],[-1.728,52.1046],[-1.7308,52.1065],[-1.7307,52.1074],[-1.73,52.1082],[-1.7291,52.1119],[-1.7292,52.1132],[-1.7287,52.1145],[-1.7288,52.1151],[-1.7346,52.1148],[-1.736,52.1159],[-1.7385,52.1168],[-1.7404,52.1172],[-1.7426,52.1173],[-1.744,52.1167],[-1.7486,52.1167],[-1.7497,52.1166],[-1.7533,52.1157],[-1.757,52.116],[-1.7564,52.1143],[-1.7567,52.113],[-1.7564,52.1114],[-1.7575,52.108],[-1.7588,52.1061],[-1.7589,52.1055],[-1.7581,52.1049],[-1.7577,52.1032],[-1.7569,52.1025],[-1.7555,52.102],[-1.7542,52.1007],[-1.7547,52.1002],[-1.7543,52.0986],[-1.7536,52.0979],[-1.7544,52.0957],[-1.7543,52.0947],[-1.7572,52.0949],[-1.7577,52.0936],[-1.7629,52.0925],[-1.7647,52.0913],[-1.7649,52.0901],[-1.7663,52.0891],[-1.7679,52.0887],[-1.7676,52.0877],[-1.7691,52.0866],[-1.7711,52.0871],[-1.7735,52.0869],[-1.7774,52.0854],[-1.7785,52.0852],[-1.7805,52.0843],[-1.7838,52.0824],[-1.787,52.0808],[-1.79,52.0783],[-1.7923,52.0779],[-1.7942,52.0765],[-1.7983,52.0757],[-1.7996,52.0756],[-1.8009,52.0747],[-1.8034,52.0735],[-1.8049,52.0739],[-1.8099,52.0724],[-1.8136,52.0709],[-1.8172,52.0702],[-1.8194,52.0689],[-1.8187,52.0675],[-1.8194,52.0663],[-1.8218,52.0654],[-1.8216,52.0641],[-1.8237,52.0634],[-1.8262,52.0619],[-1.828,52.0612],[-1.8306,52.0606],[-1.8311,52.0603],[-1.8341,52.0598],[-1.8357,52.0593],[-1.8367,52.0587],[-1.8388,52.0578],[-1.8444,52.0572],[-1.8464,52.0574],[-1.8475,52.0572],[-1.8495,52.0561],[-1.8515,52.0552],[-1.8555,52.0541],[-1.8576,52.0539],[-1.8635,52.0493],[-1.8672,52.0464],[-1.8661,52.0408],[-1.8653,52.0395],[-1.8652,52.0386],[-1.8685,52.0374],[-1.8709,52.0363],[-1.8727,52.035],[-1.8745,52.0341],[-1.8803,52.0338],[-1.8824,52.0332],[-1.8845,52.0328],[-1.8866,52.0314],[-1.8886,52.0292],[-1.8899,52.0275],[-1.8912,52.0266],[-1.8934,52.0254],[-1.896,52.0231],[-1.8991,52.0214],[-1.8998,52.0209],[-1.9019,52.0185],[-1.9031,52.0175],[-1.905,52.0151],[-1.9072,52.0135],[-1.9086,52.0128],[-1.9117,52.0117],[-1.9158,52.0096],[-1.9198,52.0127],[-1.9206,52.013],[-1.9245,52.0138],[-1.9281,52.0151],[-1.9324,52.0164],[-1.9353,52.0168],[-1.9381,52.0179],[-1.941,52.0205],[-1.9427,52.0223],[-1.9416,52.0253],[-1.942,52.0257],[-1.9447,52.0258],[-1.9521,52.025],[-1.9601,52.0245],[-1.9609,52.0256],[-1.9614,52.0273],[-1.975,52.025],[-1.9752,52.0258],[-1.9775,52.0252],[-1.978,52.0246],[-1.9826,52.0239],[-1.9842,52.0248],[-1.9868,52.0247],[-1.9898,52.0239],[-1.992,52.0246],[-1.9953,52.0265],[-1.9962,52.0277],[-1.9975,52.03],[-1.9973,52.031],[-1.9992,52.0327],[-2.0016,52.0326],[-2.0039,52.0341],[-2.0034,52.0352],[-2.0043,52.0358],[-2.0043,52.0377],[-2.0038,52.0396],[-2.004,52.041],[-2.0045,52.0418],[-2.0035,52.0452],[-2.0018,52.0464],[-2.0008,52.0519],[-1.9993,52.0545],[-1.9976,52.0555],[-1.9965,52.0567],[-1.997,52.0575],[-1.9969,52.0591],[-1.9976,52.0603],[-1.9999,52.0623],[-2.0026,52.0623],[-2.0042,52.0612],[-2.0056,52.0606],[-2.0088,52.0584],[-2.0097,52.0589],[-2.0125,52.0609],[-2.0154,52.0615],[-2.021,52.0643],[-2.0224,52.0656],[-2.0216,52.0686],[-2.0226,52.0691],[-2.0214,52.0703],[-2.0227,52.0708],[-2.0249,52.0711],[-2.0245,52.0725],[-2.0264,52.0724],[-2.0264,52.0731],[-2.0287,52.0742],[-2.0297,52.0757],[-2.0325,52.0768],[-2.0315,52.0782],[-2.0306,52.0784],[-2.0314,52.0796],[-2.0338,52.0793],[-2.0366,52.0802],[-2.0395,52.0795],[-2.043,52.08],[-2.0457,52.081],[-2.0472,52.0818],[-2.0474,52.0825],[-2.0457,52.084],[-2.0489,52.0852],[-2.049,52.0863],[-2.0498,52.0878],[-2.0524,52.0891],[-2.0539,52.0881],[-2.056,52.0862],[-2.0595,52.0837],[-2.0604,52.0837],[-2.0631,52.0813],[-2.0645,52.0813],[-2.0652,52.0809],[-2.0683,52.0819],[-2.0703,52.0819],[-2.0718,52.0796],[-2.073,52.0789],[-2.0734,52.0781],[-2.0744,52.0773],[-2.0766,52.0763],[-2.0789,52.0759],[-2.0814,52.0757],[-2.083,52.076],[-2.0855,52.0754],[-2.0861,52.0747],[-2.0883,52.0746],[-2.0876,52.0736],[-2.0862,52.0734],[-2.0847,52.0713],[-2.0822,52.0688],[-2.0855,52.0676],[-2.0867,52.0669],[-2.0885,52.0666],[-2.0901,52.0658],[-2.0917,52.0656],[-2.0933,52.0657],[-2.0978,52.0655],[-2.1024,52.0649],[-2.1069,52.0641],[-2.1101,52.0632],[-2.1088,52.0583],[-2.1077,52.0557],[-2.1075,52.0549],[-2.1084,52.0523],[-2.1094,52.0502],[-2.1093,52.0479],[-2.1085,52.0446],[-2.1079,52.0438],[-2.1052,52.0421],[-2.1047,52.0413],[-2.1049,52.0391],[-2.1037,52.0383],[-2.101,52.0373],[-2.0984,52.0358],[-2.0984,52.0345],[-2.0969,52.0343],[-2.0933,52.0335],[-2.091,52.0333],[-2.088,52.0329],[-2.0843,52.0332],[-2.0825,52.0328],[-2.0837,52.0302],[-2.0843,52.0283],[-2.0853,52.0266],[-2.0839,52.0265],[-2.0835,52.0274],[-2.081,52.0286],[-2.0798,52.028],[-2.0735,52.0274],[-2.0669,52.0277],[-2.0614,52.0273],[-2.0619,52.0257],[-2.0586,52.0255],[-2.0551,52.0257],[-2.0518,52.0254],[-2.0477,52.0253],[-2.0434,52.0249],[-2.0381,52.0251],[-2.0368,52.0255],[-2.0361,52.0248],[-2.0317,52.0249],[-2.0293,52.0222],[-2.0291,52.0215],[-2.0279,52.0202],[-2.0271,52.018],[-2.027,52.0163],[-2.0257,52.0158],[-2.0234,52.0131],[-2.0214,52.0118],[-2.0205,52.0105],[-2.0192,52.0092],[-2.0194,52.0077],[-2.0176,52.0058],[-2.0141,52.0047],[-2.0124,52.004],[-2.0085,52.0012],[-2.0064,52],[-2.0045,51.9995],[-2.0041,52],[-2.002,51.9993],[-1.999,51.9989],[-1.9975,51.999],[-1.9954,51.9986],[-1.995,51.9978],[-1.9935,51.9973],[-1.9901,51.9965],[-1.9859,51.9949],[-1.9858,51.9931],[-1.9828,51.9938],[-1.9816,51.9935],[-1.9782,51.9918],[-1.976,51.9915],[-1.9742,51.9923],[-1.9727,51.9942],[-1.9714,51.9953],[-1.9685,51.9967],[-1.9629,51.9927],[-1.9585,51.9923],[-1.9542,51.9916],[-1.9503,51.9907],[-1.9479,51.9904],[-1.9444,51.9905],[-1.9395,51.9904],[-1.9379,51.9906],[-1.9351,51.9906],[-1.9277,51.9901],[-1.9283,51.9886],[-1.9288,51.9811],[-1.9297,51.9792],[-1.9321,51.9761],[-1.9342,51.9743],[-1.936,51.973],[-1.939,51.9716],[-1.9448,51.9693],[-1.9474,51.9682],[-1.9528,51.9662],[-1.9554,51.9655],[-1.9556,51.9641],[-1.9562,51.9628],[-1.9571,51.9615],[-1.958,51.9607],[-1.9601,51.9578],[-1.9634,51.9571],[-1.9647,51.9581],[-1.9657,51.9567],[-1.9664,51.9572],[-1.967,51.9592],[-1.9686,51.959],[-1.9689,51.9606],[-1.9702,51.9638],[-1.973,51.9676],[-1.9733,51.9694],[-1.9737,51.9702],[-1.9755,51.9716],[-1.9744,51.9722],[-1.9753,51.973],[-1.976,51.9729],[-1.9782,51.9735],[-1.9815,51.9738],[-1.9837,51.9733],[-1.9871,51.9731],[-1.9928,51.9724],[-1.996,51.9719],[-1.9999,51.9716],[-2.0094,51.9704],[-2.0164,51.9698],[-2.0167,51.9703],[-2.0154,51.9721],[-2.0152,51.9737],[-2.0166,51.9802],[-2.0175,51.9819],[-2.0188,51.9818],[-2.0204,51.9825],[-2.0223,51.9822],[-2.0229,51.9811],[-2.0251,51.9809],[-2.0252,51.9823],[-2.0257,51.9832],[-2.027,51.9849],[-2.0251,51.9861],[-2.0237,51.9877],[-2.0243,51.9893],[-2.0243,51.9903],[-2.0252,51.9903],[-2.0245,51.9922],[-2.0272,51.9921],[-2.0328,51.9926],[-2.0346,51.9924],[-2.0353,51.993],[-2.0371,51.9936],[-2.0404,51.994],[-2.043,51.994],[-2.0451,51.9945],[-2.0481,51.9943],[-2.0499,51.9951],[-2.0517,51.9951],[-2.0521,51.9942],[-2.0539,51.9945],[-2.0535,51.9954],[-2.0546,51.9959],[-2.0555,51.9955],[-2.0583,51.9958],[-2.0615,51.9953],[-2.0621,51.9951],[-2.0635,51.9936],[-2.0668,51.9907],[-2.0682,51.9874],[-2.0687,51.9852],[-2.0685,51.9845],[-2.069,51.9819],[-2.0689,51.9802],[-2.0695,51.9796],[-2.0694,51.9788],[-2.07,51.9766],[-2.0698,51.9758],[-2.0688,51.9756],[-2.0691,51.9749],[-2.0685,51.9744],[-2.0676,51.9728],[-2.0657,51.9716],[-2.0626,51.9707],[-2.0599,51.9689],[-2.0571,51.9685],[-2.0538,51.9677],[-2.0515,51.968],[-2.0487,51.9694],[-2.0473,51.9705],[-2.0446,51.9676],[-2.0421,51.9675],[-2.0419,51.9671],[-2.0388,51.9682],[-2.036,51.9688],[-2.0331,51.9686],[-2.0362,51.9678],[-2.0385,51.9669],[-2.041,51.9654],[-2.0431,51.9638],[-2.044,51.9628],[-2.045,51.9603],[-2.0453,51.9602],[-2.0472,51.9552],[-2.0463,51.9535],[-2.0451,51.9518],[-2.0444,51.9516],[-2.0439,51.95],[-2.0432,51.949],[-2.0426,51.9468],[-2.041,51.9463],[-2.0394,51.9455],[-2.0381,51.9435],[-2.0369,51.9428],[-2.0375,51.9423],[-2.0392,51.9416],[-2.0391,51.9412],[-2.0407,51.9406],[-2.0389,51.94],[-2.0396,51.9384],[-2.0384,51.9378],[-2.0366,51.9373],[-2.0375,51.9361],[-2.0383,51.9358],[-2.0384,51.9348],[-2.0377,51.9337],[-2.0395,51.9322],[-2.0398,51.93],[-2.0408,51.9293],[-2.0407,51.9281],[-2.0401,51.9275],[-2.0402,51.9267],[-2.0396,51.924],[-2.0399,51.9211],[-2.0396,51.9185],[-2.0399,51.9173],[-2.038,51.9172],[-2.0363,51.9166],[-2.0341,51.9145],[-2.0318,51.9131],[-2.0312,51.9117],[-2.0327,51.9117],[-2.0334,51.9113],[-2.0336,51.9101],[-2.0332,51.9093],[-2.0345,51.908],[-2.0364,51.9041],[-2.0367,51.903],[-2.0363,51.9025],[-2.0368,51.9006],[-2.0399,51.9005],[-2.0399,51.9011],[-2.0432,51.9013],[-2.0479,51.9013],[-2.0478,51.8991],[-2.0459,51.8988],[-2.043,51.8986],[-2.0433,51.8973],[-2.0457,51.8972],[-2.0465,51.8966],[-2.0458,51.8957],[-2.0473,51.8954],[-2.0471,51.8945],[-2.0488,51.8941],[-2.0456,51.8901],[-2.0437,51.8891],[-2.0424,51.8898],[-2.0406,51.8892],[-2.0402,51.8887],[-2.0419,51.8874],[-2.0399,51.8862],[-2.0409,51.8857],[-2.0366,51.8825],[-2.0377,51.8807],[-2.0387,51.8809],[-2.0393,51.8798],[-2.039,51.8792],[-2.0416,51.8774],[-2.0408,51.8767],[-2.0428,51.8766],[-2.0472,51.8757],[-2.0513,51.8754],[-2.0556,51.8757],[-2.0579,51.8761],[-2.0615,51.8772],[-2.0621,51.8767],[-2.0623,51.8754],[-2.0631,51.8754],[-2.0625,51.8738],[-2.0651,51.8732],[-2.0656,51.874],[-2.068,51.8739],[-2.0681,51.8736],[-2.0712,51.8739],[-2.0714,51.8731],[-2.071,51.8722],[-2.0733,51.8724],[-2.0732,51.8714],[-2.0741,51.8708],[-2.0747,51.869],[-2.0753,51.8685],[-2.0764,51.8692],[-2.0767,51.8703],[-2.0759,51.8727],[-2.0782,51.8731],[-2.0782,51.8739],[-2.0811,51.8735],[-2.0828,51.8742],[-2.0845,51.8739],[-2.0858,51.8731],[-2.0896,51.8723],[-2.0932,51.871],[-2.096,51.8705],[-2.0995,51.8687],[-2.1044,51.8675],[-2.1072,51.8672],[-2.108,51.8667],[-2.1103,51.8671],[-2.1124,51.8659],[-2.1133,51.8646],[-2.1151,51.8651],[-2.1162,51.8644],[-2.1157,51.8637],[-2.1168,51.863],[-2.1171,51.8621],[-2.118,51.8618],[-2.1195,51.8604],[-2.1217,51.8614],[-2.1232,51.8601],[-2.1265,51.8577],[-2.1322,51.8543],[-2.1381,51.85],[-2.1431,51.8467],[-2.1462,51.8443],[-2.1529,51.8398],[-2.1556,51.8399],[-2.1567,51.8394],[-2.16,51.8391],[-2.1607,51.8393],[-2.1612,51.8404],[-2.1643,51.8407],[-2.1637,51.8398],[-2.1651,51.8393],[-2.1664,51.8383],[-2.1677,51.8389],[-2.1688,51.8383],[-2.1715,51.8378],[-2.1737,51.8359],[-2.1744,51.836],[-2.1753,51.8369],[-2.1781,51.8374],[-2.1798,51.8384],[-2.1801,51.8398],[-2.1811,51.8391],[-2.1821,51.838],[-2.1831,51.8383],[-2.1846,51.8382],[-2.186,51.8391],[-2.1898,51.8365],[-2.1899,51.8355],[-2.1895,51.8343],[-2.1902,51.8336],[-2.1894,51.8319],[-2.1883,51.8308],[-2.1884,51.8302],[-2.1876,51.8288],[-2.1862,51.8274],[-2.1872,51.8264],[-2.1867,51.8259],[-2.1881,51.8249],[-2.1908,51.8259],[-2.193,51.8257],[-2.1942,51.8258],[-2.1952,51.8269],[-2.1968,51.8273],[-2.1979,51.8286],[-2.2004,51.8304],[-2.2027,51.8315],[-2.2063,51.8305],[-2.2083,51.8292],[-2.2096,51.8277],[-2.2108,51.827],[-2.219,51.8228],[-2.2191,51.8219],[-2.2209,51.8199],[-2.2211,51.818],[-2.2216,51.8172],[-2.2228,51.8164],[-2.2234,51.8155],[-2.2256,51.814],[-2.2257,51.8134],[-2.2276,51.8124],[-2.229,51.8113],[-2.2309,51.811],[-2.2316,51.8105],[-2.234,51.8098],[-2.2345,51.8082],[-2.2353,51.8071],[-2.2376,51.808],[-2.2382,51.808],[-2.2386,51.8066],[-2.2393,51.8058],[-2.2401,51.8042],[-2.2413,51.8033],[-2.2423,51.8018],[-2.245,51.8014],[-2.2467,51.8005],[-2.2462,51.7991],[-2.2464,51.798],[-2.2485,51.7963],[-2.25,51.7958],[-2.2523,51.7958],[-2.2549,51.796],[-2.2564,51.7958],[-2.2584,51.7942],[-2.2604,51.7932],[-2.2649,51.7922],[-2.2678,51.7921],[-2.2699,51.791],[-2.2706,51.7894],[-2.272,51.7882],[-2.2734,51.7876],[-2.2745,51.7857],[-2.2771,51.7798],[-2.2797,51.7752],[-2.2829,51.7708],[-2.2825,51.7694],[-2.2796,51.7682],[-2.2789,51.767],[-2.2789,51.7655],[-2.2795,51.7645],[-2.2827,51.762],[-2.2843,51.7603],[-2.2842,51.7594],[-2.283,51.7574],[-2.2818,51.7558],[-2.2805,51.7553],[-2.2784,51.755],[-2.2762,51.7548],[-2.274,51.7551],[-2.2748,51.7537],[-2.2739,51.7535],[-2.2738,51.7526],[-2.2747,51.7516],[-2.2755,51.7513],[-2.2747,51.7504],[-2.2758,51.7489],[-2.2768,51.7485],[-2.2776,51.7476],[-2.2761,51.7462],[-2.2755,51.7449],[-2.2756,51.7442],[-2.2718,51.7431],[-2.2688,51.7425],[-2.2681,51.7432],[-2.2668,51.7434],[-2.2652,51.7429],[-2.265,51.7421],[-2.2627,51.7421],[-2.2594,51.7424],[-2.2604,51.7442],[-2.2593,51.7448],[-2.2571,51.7454],[-2.2569,51.7477],[-2.2565,51.7481],[-2.2539,51.7492],[-2.2544,51.7503],[-2.2541,51.7522],[-2.2529,51.7526],[-2.2508,51.754],[-2.2488,51.7529],[-2.2477,51.7536],[-2.2452,51.7532],[-2.2445,51.7523],[-2.2419,51.7522],[-2.2397,51.7536],[-2.2391,51.7532],[-2.2347,51.7529],[-2.2344,51.7547],[-2.2333,51.756],[-2.2325,51.7556],[-2.232,51.7569],[-2.228,51.7566],[-2.2276,51.756],[-2.2237,51.7561],[-2.2225,51.7545],[-2.2226,51.7529],[-2.2199,51.7529],[-2.2203,51.7512],[-2.2214,51.7496],[-2.2214,51.7491],[-2.2186,51.7488],[-2.2183,51.7497],[-2.2163,51.7495],[-2.2158,51.7508],[-2.2145,51.7511],[-2.2127,51.7524],[-2.2099,51.7528],[-2.2093,51.7523],[-2.2071,51.7537],[-2.2049,51.7543],[-2.2029,51.7542],[-2.201,51.7547],[-2.1998,51.7544],[-2.2006,51.7535],[-2.1991,51.7522],[-2.1984,51.7526],[-2.1969,51.7517],[-2.1952,51.7495],[-2.1938,51.7492],[-2.1894,51.7471],[-2.1906,51.7464],[-2.191,51.7451],[-2.1905,51.7447],[-2.1922,51.7434],[-2.1931,51.7421],[-2.1961,51.7421],[-2.1963,51.7414],[-2.1991,51.7413],[-2.1986,51.7401],[-2.2007,51.7401],[-2.2029,51.7392],[-2.2037,51.7392],[-2.205,51.7383],[-2.2044,51.7372],[-2.2051,51.7367],[-2.2025,51.7351],[-2.2007,51.7338],[-2.2012,51.732],[-2.201,51.7307],[-2.2002,51.7295],[-2.1997,51.7275],[-2.1988,51.7265],[-2.1961,51.7254],[-2.1946,51.724],[-2.1936,51.7237],[-2.1932,51.7225],[-2.1924,51.7222],[-2.1904,51.7219],[-2.1894,51.721],[-2.1881,51.7204],[-2.1843,51.7197],[-2.1807,51.7201],[-2.1777,51.7197],[-2.1722,51.7195],[-2.1722,51.7184],[-2.1755,51.7183],[-2.1771,51.7182],[-2.178,51.7172],[-2.1797,51.7162],[-2.1817,51.7164],[-2.1839,51.7164],[-2.1853,51.7176],[-2.1865,51.7175],[-2.1909,51.7181],[-2.1932,51.7187],[-2.1995,51.7219],[-2.2024,51.7236],[-2.2054,51.7268],[-2.2061,51.7284],[-2.2061,51.7295],[-2.2069,51.7314],[-2.2071,51.7335],[-2.2087,51.7359],[-2.209,51.7367],[-2.2107,51.7382],[-2.2133,51.7398],[-2.2139,51.7406],[-2.2173,51.7417],[-2.2176,51.7411],[-2.2191,51.7394],[-2.2211,51.74],[-2.2225,51.7372],[-2.2235,51.738],[-2.2249,51.7383],[-2.2273,51.7377],[-2.2293,51.7375],[-2.2279,51.7366],[-2.2267,51.7352],[-2.227,51.7342],[-2.2261,51.7331],[-2.2276,51.7318],[-2.225,51.7311],[-2.2253,51.7301],[-2.2276,51.7289],[-2.2291,51.7287],[-2.2298,51.7297],[-2.2317,51.7302],[-2.2319,51.7308],[-2.2333,51.7307],[-2.2294,51.7256],[-2.228,51.7246],[-2.2278,51.723],[-2.2287,51.7213],[-2.2303,51.7191],[-2.2295,51.7173],[-2.2302,51.7162],[-2.2306,51.7147],[-2.2302,51.7131],[-2.2295,51.7117],[-2.227,51.7085],[-2.2267,51.7057],[-2.2259,51.7039],[-2.2245,51.7028],[-2.2237,51.7017],[-2.2215,51.6999],[-2.2198,51.6998],[-2.2181,51.6986],[-2.2171,51.6982],[-2.2165,51.6972],[-2.2134,51.6956],[-2.2138,51.695],[-2.2111,51.6941],[-2.213,51.6939],[-2.2146,51.6942],[-2.2157,51.6938],[-2.215,51.6924],[-2.2153,51.6919],[-2.2189,51.6914],[-2.2194,51.6917],[-2.2209,51.6909],[-2.2215,51.6913],[-2.2225,51.6898],[-2.2237,51.6902],[-2.2236,51.6916],[-2.2248,51.6921],[-2.2271,51.6917],[-2.2289,51.6919],[-2.2299,51.6909],[-2.2344,51.6923],[-2.235,51.6918],[-2.2364,51.6919],[-2.237,51.6925],[-2.237,51.6953],[-2.2366,51.6967],[-2.2371,51.6976],[-2.2392,51.6982],[-2.2386,51.6998],[-2.2372,51.7],[-2.2357,51.701],[-2.2355,51.702],[-2.2343,51.7024],[-2.2312,51.7037],[-2.2314,51.7049],[-2.2309,51.7058],[-2.2295,51.7062],[-2.2285,51.7068],[-2.2283,51.7075],[-2.2307,51.7114],[-2.2311,51.7129],[-2.2322,51.7144],[-2.2316,51.7171],[-2.2324,51.7171],[-2.2324,51.7187],[-2.2318,51.7196],[-2.2305,51.7211],[-2.2309,51.7218],[-2.234,51.7215],[-2.2344,51.7244],[-2.2319,51.724],[-2.2306,51.7242],[-2.2301,51.725],[-2.2311,51.7264],[-2.2338,51.7294],[-2.235,51.7311],[-2.2353,51.7326],[-2.2353,51.735],[-2.2369,51.7364],[-2.2381,51.737],[-2.243,51.7385],[-2.2455,51.7387],[-2.2542,51.7374],[-2.257,51.7374],[-2.2622,51.7379],[-2.2641,51.7377],[-2.2677,51.7377],[-2.2699,51.737],[-2.2732,51.7364],[-2.2733,51.7347],[-2.2722,51.7332],[-2.2698,51.7306],[-2.27,51.7284],[-2.2711,51.7281],[-2.2718,51.7275],[-2.2715,51.7269],[-2.2741,51.7264],[-2.2758,51.7266],[-2.2767,51.7274],[-2.2779,51.7266],[-2.2803,51.7242],[-2.2812,51.7237],[-2.2829,51.7236],[-2.2839,51.7242],[-2.2856,51.7245],[-2.2855,51.7249],[-2.2881,51.7247],[-2.2894,51.7242],[-2.2957,51.7241],[-2.2978,51.7245],[-2.298,51.7235],[-2.2977,51.7223],[-2.2987,51.7216],[-2.3015,51.722],[-2.3017,51.7216],[-2.3036,51.7195],[-2.3062,51.7176],[-2.3101,51.7158],[-2.3101,51.715],[-2.3109,51.7131],[-2.3092,51.7125],[-2.31,51.7116],[-2.3131,51.7112],[-2.3142,51.7082],[-2.3137,51.7077],[-2.3148,51.706],[-2.3141,51.7057],[-2.3154,51.7033],[-2.3166,51.7025],[-2.3189,51.7017],[-2.3198,51.7019],[-2.3206,51.7015],[-2.3259,51.701],[-2.3278,51.7006],[-2.3295,51.7006],[-2.3345,51.7001],[-2.3382,51.6979],[-2.3393,51.6968],[-2.338,51.6947],[-2.338,51.6934],[-2.3395,51.6918],[-2.3402,51.6906],[-2.341,51.6902],[-2.3428,51.6904],[-2.3436,51.688],[-2.3439,51.6875],[-2.3468,51.6856],[-2.3477,51.6848],[-2.3484,51.6834],[-2.3473,51.6822],[-2.3468,51.6824],[-2.3457,51.6813],[-2.3434,51.6807],[-2.3429,51.6799],[-2.3398,51.6798],[-2.339,51.6791],[-2.3364,51.6789],[-2.3355,51.6775],[-2.3364,51.6764],[-2.3336,51.6753],[-2.3362,51.6746],[-2.3371,51.6739],[-2.3397,51.6732],[-2.3432,51.6732],[-2.3448,51.6727],[-2.3457,51.6731],[-2.3485,51.6732],[-2.3495,51.6725],[-2.3513,51.6724],[-2.3512,51.6733],[-2.3513,51.6759],[-2.3509,51.6763],[-2.3516,51.6773],[-2.3529,51.6769],[-2.3545,51.6777],[-2.3558,51.678],[-2.3557,51.6786],[-2.3579,51.6792],[-2.3592,51.6784],[-2.3608,51.6791],[-2.3604,51.6806],[-2.3614,51.6816],[-2.3598,51.6822],[-2.3596,51.6826],[-2.3608,51.684],[-2.364,51.6854],[-2.3655,51.6856],[-2.3649,51.6867],[-2.3625,51.6896],[-2.3646,51.6915],[-2.3683,51.692],[-2.3711,51.693],[-2.3734,51.6932],[-2.3758,51.6929],[-2.379,51.6921],[-2.3816,51.6935],[-2.3839,51.694],[-2.3857,51.695],[-2.3852,51.6966],[-2.3856,51.6976],[-2.3865,51.6979],[-2.3886,51.6979],[-2.3911,51.6973],[-2.3923,51.6973],[-2.3945,51.6939],[-2.397,51.6899],[-2.3985,51.687],[-2.4016,51.6804],[-2.4013,51.6799],[-2.4019,51.6789],[-2.4013,51.678],[-2.3999,51.6765],[-2.4,51.6758],[-2.4008,51.6739],[-2.3968,51.6724],[-2.3939,51.6718],[-2.3918,51.6704],[-2.391,51.6702],[-2.3898,51.6685],[-2.3882,51.6672],[-2.3891,51.6669],[-2.3901,51.666],[-2.3907,51.6649],[-2.3915,51.6643],[-2.3917,51.6636],[-2.3928,51.6612],[-2.3924,51.6599],[-2.3905,51.6574],[-2.3888,51.6563],[-2.3872,51.6546],[-2.3843,51.6528],[-2.3837,51.6527],[-2.3832,51.6509],[-2.3833,51.6498],[-2.3824,51.6497],[-2.3795,51.6501],[-2.3779,51.65],[-2.3768,51.6483],[-2.3753,51.6473],[-2.3727,51.6466],[-2.3715,51.6457],[-2.371,51.6445],[-2.3708,51.6416],[-2.3702,51.6415],[-2.3669,51.6415],[-2.3666,51.6413],[-2.3676,51.6392],[-2.3658,51.6382],[-2.3653,51.6367],[-2.3646,51.6362],[-2.3614,51.6352],[-2.36,51.6353],[-2.3604,51.6333],[-2.3576,51.6315],[-2.3562,51.6302],[-2.3529,51.6281],[-2.3502,51.6266],[-2.3488,51.6252],[-2.3476,51.6245],[-2.3423,51.6229],[-2.3418,51.621],[-2.3419,51.6195],[-2.3433,51.6197],[-2.3455,51.6196],[-2.3457,51.6183],[-2.3473,51.6179],[-2.3478,51.6166],[-2.3462,51.6141],[-2.3454,51.6123],[-2.3456,51.6111],[-2.3448,51.6101],[-2.345,51.6079],[-2.3446,51.6056],[-2.3475,51.6051],[-2.3465,51.6038],[-2.3458,51.6016],[-2.3446,51.6002],[-2.3443,51.5981],[-2.3439,51.5974],[-2.3441,51.5956],[-2.3427,51.5948],[-2.343,51.5929],[-2.3436,51.5913],[-2.3433,51.5895],[-2.3434,51.5886],[-2.3449,51.5885],[-2.3465,51.5872],[-2.347,51.5864],[-2.3468,51.5856],[-2.3454,51.5847],[-2.3457,51.5833],[-2.3504,51.5774],[-2.3508,51.5757],[-2.3499,51.5753],[-2.3495,51.5744],[-2.3508,51.573],[-2.3535,51.5721],[-2.3544,51.5712],[-2.3564,51.57],[-2.3561,51.5691],[-2.3553,51.5686],[-2.3559,51.5657],[-2.3538,51.5649],[-2.3521,51.5633],[-2.3517,51.5624],[-2.3526,51.56],[-2.3525,51.5594],[-2.3536,51.5585],[-2.3552,51.5578],[-2.3549,51.5565],[-2.3542,51.5555],[-2.3538,51.5535],[-2.3544,51.5525],[-2.3556,51.5525],[-2.3559,51.5499],[-2.3585,51.5491],[-2.3597,51.5492],[-2.3597,51.5448],[-2.3601,51.5431],[-2.3608,51.5424],[-2.361,51.541],[-2.3607,51.5392],[-2.3615,51.5392],[-2.3612,51.5374],[-2.3626,51.5332],[-2.3625,51.5328],[-2.3578,51.5324],[-2.358,51.5316],[-2.3595,51.5297],[-2.3598,51.5282],[-2.3596,51.5264],[-2.3606,51.5257],[-2.3601,51.5247],[-2.3576,51.5225],[-2.3608,51.52],[-2.3626,51.518],[-2.3632,51.5168],[-2.3633,51.5156],[-2.3626,51.5131],[-2.365,51.5107],[-2.3679,51.5088],[-2.3689,51.5079],[-2.3695,51.5064],[-2.3705,51.5052],[-2.3708,51.5021],[-2.3726,51.5028],[-2.3728,51.502],[-2.3751,51.502],[-2.3743,51.5],[-2.375,51.4982],[-2.3779,51.4979],[-2.3784,51.4973],[-2.3792,51.4951],[-2.3808,51.4921],[-2.3821,51.4905],[-2.3816,51.4902],[-2.3824,51.4892],[-2.3857,51.4877],[-2.3864,51.4856],[-2.3832,51.4834],[-2.3813,51.4815],[-2.3812,51.4805],[-2.3795,51.4791],[-2.3806,51.4779],[-2.3857,51.4773],[-2.3892,51.4783],[-2.3902,51.4783],[-2.3919,51.4775],[-2.3946,51.4746],[-2.3987,51.4729],[-2.4,51.4719],[-2.4004,51.4705],[-2.4015,51.468],[-2.4018,51.4663],[-2.4043,51.4644],[-2.4061,51.4633],[-2.407,51.4617],[-2.4094,51.4605],[-2.4121,51.4589],[-2.413,51.4587],[-2.4138,51.4573],[-2.4157,51.456],[-2.4171,51.4546],[-2.4182,51.4523],[-2.4206,51.4513],[-2.4227,51.4493],[-2.4229,51.4485],[-2.4241,51.4473],[-2.4256,51.4464],[-2.4274,51.4462],[-2.4289,51.4448],[-2.4295,51.4434],[-2.4304,51.4426],[-2.4317,51.4402],[-2.4335,51.4385],[-2.434,51.4374],[-2.4361,51.4356],[-2.4385,51.4342],[-2.4396,51.4338],[-2.4409,51.4321],[-2.4409,51.4312],[-2.4426,51.4316],[-2.4432,51.4307],[-2.4454,51.4313],[-2.4476,51.4323],[-2.4486,51.4323],[-2.4502,51.4293],[-2.4503,51.4285],[-2.4493,51.4265],[-2.4487,51.4265],[-2.4473,51.4252],[-2.4476,51.4248],[-2.4464,51.4242],[-2.4468,51.4232],[-2.4463,51.4224],[-2.4464,51.4209],[-2.4457,51.4209],[-2.4448,51.4199],[-2.4449,51.4192],[-2.4435,51.4185],[-2.4439,51.4181],[-2.4415,51.416],[-2.4403,51.4156],[-2.4384,51.4142],[-2.4384,51.4131],[-2.4395,51.4117],[-2.4427,51.4096],[-2.4455,51.4085],[-2.4481,51.4071],[-2.4491,51.4062],[-2.4487,51.4053],[-2.4492,51.4044],[-2.4509,51.4033],[-2.4509,51.4019],[-2.4497,51.4007],[-2.4479,51.4],[-2.4468,51.399],[-2.4467,51.3981],[-2.4457,51.3969],[-2.4443,51.3961],[-2.4421,51.3952],[-2.4319,51.3908],[-2.4306,51.3905],[-2.4282,51.3907],[-2.4265,51.3919],[-2.4239,51.3922],[-2.4211,51.3932],[-2.4187,51.3931],[-2.4162,51.3933],[-2.4143,51.393],[-2.4111,51.3927],[-2.4089,51.3918],[-2.4084,51.3904],[-2.4077,51.3905],[-2.4058,51.3898],[-2.4028,51.3889],[-2.4036,51.3898],[-2.4026,51.3905],[-2.404,51.3912],[-2.4036,51.3916],[-2.4065,51.3928],[-2.4065,51.3941],[-2.4033,51.3934],[-2.4023,51.3929],[-2.4008,51.3929],[-2.3989,51.3936],[-2.3979,51.3942],[-2.3935,51.3952],[-2.3952,51.3961],[-2.3973,51.3965],[-2.3978,51.3962],[-2.4,51.3984],[-2.401,51.3992],[-2.401,51.3999],[-2.4,51.4002],[-2.4,51.4012],[-2.4007,51.4021],[-2.4028,51.4037],[-2.4034,51.4047],[-2.4023,51.4065],[-2.401,51.4061],[-2.3965,51.4055],[-2.3963,51.4045],[-2.3931,51.4037],[-2.3937,51.4022],[-2.3908,51.401],[-2.3885,51.4003],[-2.3876,51.3991],[-2.3881,51.398],[-2.3869,51.3971],[-2.3861,51.3975],[-2.3843,51.3958],[-2.3823,51.395],[-2.3799,51.3947],[-2.3786,51.3951],[-2.3778,51.3961],[-2.3766,51.3957],[-2.3775,51.3948],[-2.375,51.394],[-2.3745,51.3963],[-2.374,51.397],[-2.3757,51.3981],[-2.3748,51.3999],[-2.3716,51.3994],[-2.3696,51.3998],[-2.3709,51.4017],[-2.3718,51.401],[-2.3729,51.401],[-2.3745,51.4015],[-2.3752,51.4023],[-2.3742,51.4038],[-2.3743,51.4045],[-2.3806,51.4079],[-2.3786,51.4097],[-2.3684,51.4082],[-2.3706,51.4068],[-2.3716,51.4051],[-2.373,51.4045],[-2.3717,51.4042],[-2.3706,51.402],[-2.3694,51.4019],[-2.3682,51.4002],[-2.3667,51.4002],[-2.3645,51.4009],[-2.3631,51.3998],[-2.3618,51.3996],[-2.3607,51.4003],[-2.3585,51.4],[-2.3558,51.4007],[-2.3542,51.4009],[-2.3527,51.4007],[-2.3504,51.4013],[-2.3493,51.4022],[-2.3471,51.4018],[-2.3452,51.402],[-2.3438,51.4018],[-2.3432,51.4032],[-2.3404,51.4042],[-2.3387,51.4031],[-2.3381,51.4037],[-2.336,51.4031],[-2.3334,51.4029],[-2.3302,51.4035],[-2.3268,51.4037],[-2.3263,51.4033],[-2.3237,51.4046],[-2.3241,51.4049],[-2.3227,51.4058],[-2.321,51.406],[-2.322,51.407],[-2.3223,51.4079],[-2.3206,51.4082],[-2.3212,51.4091],[-2.3228,51.4098],[-2.3214,51.4104],[-2.3205,51.4118],[-2.3207,51.4124],[-2.3222,51.4127],[-2.3213,51.4147],[-2.3195,51.4144],[-2.318,51.4138],[-2.3169,51.4131],[-2.3153,51.4132],[-2.3138,51.4124],[-2.3165,51.4104],[-2.3168,51.4099],[-2.3141,51.4075],[-2.3121,51.4092],[-2.3059,51.412],[-2.3056,51.4108],[-2.3059,51.4096],[-2.3054,51.4086],[-2.3059,51.408],[-2.3058,51.4066],[-2.3053,51.4049],[-2.3026,51.4055],[-2.3025,51.4051],[-2.2998,51.4049],[-2.2997,51.4056],[-2.2984,51.4055],[-2.2968,51.406],[-2.2955,51.4047],[-2.2986,51.4046],[-2.3027,51.4041],[-2.3017,51.4018],[-2.2998,51.4007],[-2.2972,51.4015],[-2.2964,51.4011],[-2.2939,51.4015],[-2.2931,51.3993],[-2.2932,51.3983],[-2.2939,51.3977],[-2.2975,51.399],[-2.2973,51.3984],[-2.2989,51.3982],[-2.3004,51.3975],[-2.3014,51.3966],[-2.3042,51.3975],[-2.3048,51.3969],[-2.3074,51.3973],[-2.308,51.3995],[-2.3078,51.4011],[-2.309,51.402],[-2.3157,51.3998],[-2.3173,51.3994],[-2.3207,51.398],[-2.3201,51.3971],[-2.3212,51.3964],[-2.3209,51.395],[-2.3186,51.3947],[-2.3188,51.3924],[-2.3192,51.3914],[-2.3176,51.3909],[-2.3173,51.3898],[-2.3187,51.3888],[-2.3205,51.3891],[-2.32,51.3898],[-2.3223,51.39],[-2.3222,51.3909],[-2.3243,51.391],[-2.325,51.3915],[-2.3288,51.3915],[-2.3292,51.3909],[-2.3313,51.3913],[-2.3336,51.3913],[-2.3339,51.3907],[-2.335,51.3903],[-2.3364,51.3902],[-2.337,51.3906],[-2.3402,51.3884],[-2.3396,51.3876],[-2.3408,51.387],[-2.3418,51.3855],[-2.342,51.3831],[-2.3426,51.3816],[-2.3441,51.3806],[-2.3432,51.38],[-2.3401,51.3805],[-2.3406,51.3813],[-2.3406,51.3825],[-2.3394,51.3825],[-2.3392,51.3808],[-2.3383,51.38],[-2.3357,51.3794],[-2.3322,51.3816],[-2.3288,51.3818],[-2.3268,51.3817],[-2.3234,51.3823],[-2.321,51.3798],[-2.3236,51.3787],[-2.324,51.3771],[-2.324,51.3758],[-2.3257,51.3759],[-2.3273,51.3739],[-2.3293,51.3745],[-2.3297,51.374],[-2.3327,51.374],[-2.334,51.3744],[-2.3329,51.3762],[-2.3347,51.3769],[-2.3358,51.3767],[-2.3383,51.3774],[-2.3403,51.3775],[-2.3416,51.3789],[-2.3442,51.3796],[-2.346,51.3805],[-2.3477,51.3805],[-2.347,51.3782],[-2.3462,51.3775],[-2.3466,51.3755],[-2.3461,51.3738],[-2.3464,51.373],[-2.3484,51.3742],[-2.3489,51.3737],[-2.3505,51.373],[-2.3519,51.3748],[-2.3533,51.3743],[-2.3529,51.373],[-2.3543,51.371],[-2.3536,51.3703],[-2.3556,51.3703],[-2.3574,51.3697],[-2.3603,51.3693],[-2.3628,51.3693],[-2.3644,51.3682],[-2.3649,51.3672],[-2.3629,51.3675],[-2.3611,51.3668],[-2.3614,51.3659],[-2.3625,51.3648],[-2.3616,51.3641],[-2.3605,51.3655],[-2.3599,51.3659],[-2.3585,51.3657],[-2.3559,51.3641],[-2.3535,51.3647],[-2.3523,51.3655],[-2.3502,51.3664],[-2.3482,51.3666],[-2.3467,51.3662],[-2.3452,51.3636],[-2.345,51.3626],[-2.3431,51.3626],[-2.3348,51.3634],[-2.3339,51.3623],[-2.335,51.3618],[-2.334,51.3611],[-2.3375,51.3592],[-2.3369,51.3587],[-2.3396,51.3579],[-2.3422,51.358],[-2.3446,51.3576],[-2.3455,51.3572],[-2.35,51.3565],[-2.3503,51.3571],[-2.3518,51.3578],[-2.3533,51.3579],[-2.354,51.3574],[-2.3562,51.3578],[-2.3589,51.358],[-2.3611,51.3576],[-2.3632,51.356],[-2.362,51.3556],[-2.3613,51.3546],[-2.3591,51.3537],[-2.358,51.353],[-2.3587,51.3519],[-2.3607,51.352],[-2.3601,51.3535],[-2.3614,51.3536],[-2.3637,51.3543],[-2.3641,51.3553],[-2.3723,51.3549],[-2.3739,51.3547],[-2.3733,51.3529],[-2.3755,51.3524],[-2.3826,51.3516],[-2.3835,51.3514],[-2.3847,51.3496],[-2.3865,51.3496],[-2.3897,51.3486],[-2.3891,51.3478],[-2.3916,51.3466],[-2.3934,51.3446],[-2.3925,51.343],[-2.3916,51.3426],[-2.3913,51.3416],[-2.3904,51.3417],[-2.3894,51.3409],[-2.39,51.3385],[-2.3915,51.335],[-2.3901,51.3337],[-2.387,51.3316],[-2.3847,51.3305],[-2.3837,51.3297],[-2.3827,51.3283],[-2.3805,51.3259],[-2.38,51.3244],[-2.3806,51.323],[-2.3818,51.3212],[-2.3819,51.3197],[-2.3824,51.3175],[-2.3809,51.3174],[-2.3793,51.3168],[-2.378,51.3179],[-2.3781,51.3184],[-2.3757,51.3188],[-2.3746,51.3196],[-2.3724,51.3201],[-2.3712,51.3198],[-2.368,51.3201],[-2.3638,51.3195],[-2.3613,51.3189],[-2.3583,51.3178],[-2.3572,51.3171],[-2.3534,51.3154],[-2.3511,51.3151],[-2.3504,51.3155],[-2.348,51.3147],[-2.3453,51.3134],[-2.3448,51.3143],[-2.3437,51.3148],[-2.3425,51.3143],[-2.3418,51.313],[-2.3407,51.3128],[-2.3406,51.314],[-2.343,51.3157],[-2.3455,51.3169],[-2.3443,51.3178],[-2.3421,51.3189],[-2.3383,51.3202],[-2.3362,51.3208],[-2.3335,51.3213],[-2.3309,51.3216],[-2.3305,51.3223],[-2.3313,51.3236],[-2.3297,51.3234],[-2.3287,51.3226],[-2.3277,51.3224],[-2.325,51.3225],[-2.3219,51.3229],[-2.3201,51.3227],[-2.3179,51.3231],[-2.3164,51.323],[-2.3124,51.3241],[-2.3091,51.3244],[-2.3066,51.3248],[-2.3038,51.3246],[-2.3026,51.3247],[-2.2995,51.3256],[-2.2987,51.326],[-2.2961,51.326],[-2.295,51.3265],[-2.2917,51.3272],[-2.2882,51.3287],[-2.2873,51.3288],[-2.2886,51.3268],[-2.2883,51.326],[-2.2888,51.3252],[-2.2851,51.3244],[-2.2808,51.3258],[-2.2831,51.3294],[-2.2876,51.3316],[-2.2852,51.3328],[-2.2836,51.3341],[-2.2818,51.3347],[-2.2812,51.3342],[-2.2799,51.3348],[-2.2806,51.3354],[-2.2791,51.3361],[-2.2754,51.3371],[-2.2733,51.3369],[-2.2725,51.3373],[-2.2703,51.3374],[-2.2678,51.3379],[-2.265,51.3379],[-2.2633,51.3385],[-2.2598,51.3392],[-2.2569,51.3405],[-2.2539,51.3413],[-2.2528,51.342],[-2.2541,51.3423],[-2.2534,51.3434],[-2.2556,51.3442],[-2.2543,51.3454],[-2.256,51.3458],[-2.2566,51.3453],[-2.2579,51.3455],[-2.2597,51.3447],[-2.2627,51.3441],[-2.264,51.3469],[-2.2655,51.348],[-2.2705,51.3488],[-2.2717,51.3489],[-2.2753,51.3495],[-2.278,51.3495],[-2.2794,51.3483],[-2.2821,51.3481],[-2.2847,51.3475],[-2.286,51.3467],[-2.2875,51.3463],[-2.2912,51.3462],[-2.2922,51.3464],[-2.2943,51.3475],[-2.2955,51.3478],[-2.2997,51.3482],[-2.2999,51.3491],[-2.3011,51.3513],[-2.3004,51.3516],[-2.2999,51.3531],[-2.301,51.3536],[-2.3025,51.3551],[-2.3045,51.3568],[-2.3027,51.359],[-2.3018,51.3595],[-2.3007,51.3613],[-2.2999,51.3621],[-2.2972,51.3637],[-2.296,51.3647],[-2.2928,51.3689],[-2.292,51.3696],[-2.2907,51.3723],[-2.2903,51.3726],[-2.2904,51.3749],[-2.2893,51.3766],[-2.2883,51.3772],[-2.2852,51.381],[-2.284,51.3839],[-2.2816,51.3835],[-2.2802,51.3849],[-2.2781,51.3861],[-2.2775,51.3881],[-2.2765,51.3892],[-2.2758,51.3912],[-2.2741,51.393],[-2.2707,51.3962],[-2.2689,51.3972],[-2.2676,51.3986],[-2.2675,51.4002],[-2.266,51.3997],[-2.2619,51.4002],[-2.2589,51.4007],[-2.2597,51.4017],[-2.259,51.4026],[-2.2556,51.4032],[-2.2524,51.4033],[-2.2437,51.4045],[-2.2429,51.4044],[-2.24,51.4033],[-2.2363,51.4026],[-2.2332,51.4026],[-2.233,51.4029],[-2.2333,51.4061],[-2.2332,51.4068],[-2.2318,51.4094],[-2.2307,51.4111],[-2.2297,51.4142],[-2.2288,51.4155],[-2.2274,51.4197],[-2.2251,51.4234],[-2.2254,51.4235],[-2.2256,51.4259],[-2.2252,51.4268],[-2.2258,51.4281],[-2.2263,51.4304],[-2.2267,51.4307],[-2.2254,51.4317],[-2.2248,51.4351],[-2.2238,51.4366],[-2.2219,51.4379],[-2.2179,51.4392],[-2.216,51.4404],[-2.2146,51.4409],[-2.2073,51.4416],[-2.1975,51.4424],[-2.1961,51.4427],[-2.1971,51.4441],[-2.1975,51.446],[-2.1984,51.4477],[-2.1995,51.4487],[-2.1988,51.4504],[-2.1989,51.4522],[-2.2,51.4546],[-2.2011,51.4562],[-2.1997,51.4566],[-2.2003,51.4575],[-2.1946,51.4585],[-2.1925,51.4587],[-2.1902,51.4595],[-2.1942,51.4612],[-2.1974,51.4629],[-2.1987,51.4644],[-2.1962,51.4667],[-2.1953,51.4686],[-2.1956,51.4704],[-2.1971,51.4736],[-2.1981,51.4743],[-2.1958,51.4771],[-2.1958,51.4803],[-2.1964,51.4816],[-2.1959,51.4824],[-2.1916,51.4844],[-2.1908,51.4836],[-2.1901,51.4843],[-2.1888,51.4871],[-2.1894,51.4872],[-2.1895,51.4887],[-2.189,51.4904],[-2.1894,51.4919],[-2.1891,51.4926],[-2.1925,51.4919],[-2.1924,51.4928],[-2.1937,51.4958],[-2.1946,51.4971],[-2.195,51.4983],[-2.1953,51.5008],[-2.1977,51.5033],[-2.1991,51.5045],[-2.1997,51.5061],[-2.2001,51.509],[-2.2011,51.5113],[-2.2025,51.5135],[-2.1992,51.5139],[-2.1954,51.5153],[-2.1978,51.5212],[-2.1986,51.523],[-2.2001,51.5226],[-2.2009,51.524],[-2.2005,51.5247],[-2.2013,51.5261],[-2.2026,51.5258],[-2.2042,51.5294],[-2.2047,51.5293],[-2.2058,51.5315],[-2.2059,51.5329]]]},"properties":{"name":"Cotswolds","kind":"national_landscape"},"id":4},
{"type":"Feature","geometry":{"type":"Polygon","coordinates":[[[-0.2755,51.0451],[-0.2747,51.045],[-0.2711,51.0453],[-0.2692,51.0442],[-0.2688,51.0434],[-0.2646,51.042],[-0.2608,51.0419],[-0.2609,51.0432],[-0.2603,51.0447],[-0.2602,51.0461],[-0.257,51.0453],[-0.2541,51.0452],[-0.2512,51.0457],[-0.2454,51.0457],[-0.2436,51.0454],[-0.2411,51.0454],[-0.2373,51.045],[-0.235,51.0443],[-0.2335,51.0426],[-0.2382,51.0399],[-0.2402,51.0391],[-0.2498,51.0367],[-0.2558,51.0344],[-0.2558,51.0337],[-0.2584,51.0328],[-0.2588,51.0317],[-0.2614,51.0316],[-0.2622,51.0237],[-0.2631,51.0195],[-0.2622,51.0172],[-0.2608,51.0166],[-0.2585,51.0162],[-0.2591,51.0151],[-0.2602,51.0152],[-0.2603,51.0141],[-0.2573,51.0137],[-0.2557,51.0132],[-0.2554,51.0126],[-0.2609,51.0141],[-0.2612,51.0132],[-0.262,51.0126],[-0.2603,51.0118],[-0.2617,51.0113],[-0.2628,51.0103],[-0.2635,51.0088],[-0.2651,51.0071],[-0.2668,51.006],[-0.2674,51.0047],[-0.2662,51.0036],[-0.265,51.0038],[-0.2626,51.0033],[-0.2614,51.0026],[-0.2598,51.0031],[-0.2595,51.0015],[-0.2587,51.0009],[-0.2563,51.001],[-0.2552,50.9997],[-0.2537,50.9989],[-0.2516,50.9969],[-0.2504,50.9963],[-0.2486,50.9964],[-0.2417,50.998],[-0.2383,50.9978],[-0.2371,50.9979],[-0.2352,50.9974],[-0.2315,50.9973],[-0.2303,50.9997],[-0.2304,51.0011],[-0.2318,51.0035],[-0.2314,51.0042],[-0.2299,51.0046],[-0.225,51.0035],[-0.2232,51.0026],[-0.2222,51.0014],[-0.2214,51.0015],[-0.219,51.0013],[-0.2165,51.0013],[-0.214,51.0004],[-0.212,50.9993],[-0.2103,50.9993],[-0.209,50.9985],[-0.2066,50.9981],[-0.2039,50.9986],[-0.199,50.9984],[-0.1989,50.9975],[-0.1958,50.9974],[-0.1963,50.9962],[-0.1979,50.9935],[-0.1985,50.9912],[-0.198,50.9897],[-0.1974,50.989],[-0.1965,50.9872],[-0.1944,50.9869],[-0.1923,50.9871],[-0.1891,50.9878],[-0.1784,50.9897],[-0.1763,50.9902],[-0.1727,50.9917],[-0.1696,50.9921],[-0.1699,50.9932],[-0.1684,50.9934],[-0.1684,50.9939],[-0.1667,50.9946],[-0.1655,50.996],[-0.165,50.9975],[-0.1663,50.9983],[-0.1656,50.9988],[-0.1626,50.9982],[-0.1619,50.9972],[-0.1586,50.997],[-0.1569,50.9983],[-0.1519,51.0009],[-0.1485,51.0034],[-0.147,51.0043],[-0.1452,51.0049],[-0.1476,51.0056],[-0.1469,51.0069],[-0.1451,51.0084],[-0.144,51.0085],[-0.143,51.0092],[-0.1443,51.0107],[-0.1447,51.0119],[-0.1447,51.0136],[-0.1464,51.0142],[-0.146,51.0152],[-0.1453,51.0157],[-0.145,51.0171],[-0.1436,51.0183],[-0.1426,51.0182],[-0.1431,51.0172],[-0.1419,51.0147],[-0.1395,51.0143],[-0.1376,51.0148],[-0.1381,51.0169],[-0.1377,51.0177],[-0.1359,51.0178],[-0.1334,51.0176],[-0.1326,51.0173],[-0.1332,51.0156],[-0.1323,51.0155],[-0.1289,51.016],[-0.1257,51.0162],[-0.1247,51.0158],[-0.1217,51.0151],[-0.1181,51.0158],[-0.1143,51.0155],[-0.113,51.0161],[-0.1136,51.0168],[-0.1132,51.0199],[-0.1127,51.0211],[-0.1128,51.0226],[-0.1119,51.0239],[-0.1072,51.0237],[-0.1039,51.0245],[-0.1024,51.0258],[-0.1013,51.0259],[-0.0981,51.0268],[-0.0944,51.0272],[-0.0914,51.0264],[-0.0903,51.0273],[-0.0898,51.0286],[-0.0876,51.0289],[-0.0868,51.0285],[-0.0844,51.0289],[-0.0815,51.0279],[-0.0826,51.0255],[-0.0822,51.0247],[-0.0811,51.0242],[-0.0789,51.0248],[-0.078,51.0248],[-0.0757,51.0242],[-0.0749,51.0232],[-0.0752,51.0222],[-0.0749,51.021],[-0.0736,51.02],[-0.0718,51.0194],[-0.0699,51.0192],[-0.0677,51.0178],[-0.0665,51.0175],[-0.0654,51.0156],[-0.0635,51.0139],[-0.061,51.0139],[-0.0568,51.013],[-0.0557,51.0124],[-0.0513,51.0107],[-0.0495,51.0097],[-0.0485,51.0098],[-0.0471,51.0091],[-0.0474,51.0066],[-0.0465,51.0056],[-0.0455,51.0054],[-0.0426,51.0032],[-0.0415,51.0032],[-0.0386,51.0041],[-0.0379,51.005],[-0.0369,51.0052],[-0.0355,51.0047],[-0.0348,51.0051],[-0.0336,51.0046],[-0.0313,51.005],[-0.0289,51.0042],[-0.0279,51.0042],[-0.0282,51.003],[-0.0241,51.0033],[-0.0216,51.0028],[-0.0196,51.0034],[-0.0156,51.0029],[-0.0161,51.0022],[-0.0147,51.0019],[-0.0149,51.0011],[-0.0126,51.0007],[-0.011,51.0012],[-0.01,51.0018],[-0.0073,51.0002],[-0.0081,50.9993],[-0.0075,50.9981],[-0.0059,50.9975],[-0.0043,50.9974],[-0.0025,50.997],[-0.0003,50.9955],[0.0004,50.9956],[0.002,50.9948],[0.0022,50.9941],[0.0037,50.9937],[0.0039,50.9929],[0.0031,50.9904],[0.0044,50.9897],[0.0053,50.9888],[0.0051,50.9883],[0.0071,50.9866],[0.0078,50.9871],[0.0094,50.9873],[0.013,50.9884],[0.0156,50.9875],[0.0181,50.9898],[0.0192,50.9898],[0.0215,50.9908],[0.0226,50.9905],[0.0236,50.9909],[0.0252,50.9907],[0.0272,50.9893],[0.0275,50.9879],[0.0288,50.9882],[0.0297,50.9894],[0.031,50.9899],[0.0327,50.9914],[0.0343,50.9908],[0.0349,50.991],[0.0392,50.9891],[0.0402,50.9897],[0.0384,50.9915],[0.0384,50.9921],[0.0362,50.9922],[0.0366,50.9929],[0.0379,50.9934],[0.0357,50.9939],[0.0376,50.9969],[0.0359,50.997],[0.035,50.9974],[0.033,51.0001],[0.0322,51.0009],[0.0304,51.0017],[0.0296,51.0025],[0.0291,51.0043],[0.0307,51.004],[0.0332,51.004],[0.0355,51.0048],[0.0367,51.0055],[0.0393,51.0061],[0.0422,51.0057],[0.0444,51.0071],[0.0451,51.0079],[0.047,51.0091],[0.0499,51.0103],[0.051,51.0104],[0.0549,51.0101],[0.0582,51.011],[0.0605,51.0093],[0.0626,51.0101],[0.0639,51.0121],[0.0665,51.0126],[0.0702,51.0152],[0.0709,51.0148],[0.072,51.0151],[0.0737,51.0141],[0.0726,51.0133],[0.0742,51.0125],[0.0757,51.0126],[0.0758,51.012],[0.0782,51.0119],[0.0778,51.0132],[0.0802,51.0143],[0.0797,51.0147],[0.0834,51.0168],[0.0855,51.0162],[0.0869,51.0162],[0.0877,51.0186],[0.0888,51.0179],[0.0908,51.0173],[0.0907,51.0154],[0.0934,51.0163],[0.0954,51.0155],[0.0955,51.014],[0.0983,51.0133],[0.0999,51.0127],[0.0998,51.0123],[0.1012,51.0115],[0.1017,51.0108],[0.1049,51.0105],[0.1089,51.0096],[0.1105,51.0087],[0.1113,51.0075],[0.1113,51.0049],[0.1122,51.0053],[0.1154,51.0057],[0.1185,51.0054],[0.1237,51.0056],[0.125,51.006],[0.1275,51.0058],[0.1278,51.0053],[0.1271,51.0043],[0.1275,51.0034],[0.1312,51.0044],[0.1336,51.0048],[0.1361,51.0043],[0.1379,51.0052],[0.141,51.006],[0.1427,51.0066],[0.1419,51.003],[0.1428,51.0018],[0.1394,51.0003],[0.141,50.999],[0.143,50.998],[0.1444,50.9986],[0.1458,50.9983],[0.147,50.9985],[0.1489,50.9998],[0.1515,51.0004],[0.1514,50.9991],[0.1527,50.9987],[0.1559,50.9992],[0.154,50.9977],[0.1548,50.9956],[0.1555,50.9953],[0.1539,50.9941],[0.1528,50.9925],[0.1531,50.9915],[0.1531,50.9902],[0.1541,50.9889],[0.1543,50.9874],[0.1539,50.9856],[0.1543,50.9845],[0.1551,50.9837],[0.1572,50.9821],[0.1564,50.9808],[0.1563,50.9795],[0.1577,50.9787],[0.1609,50.9777],[0.1631,50.9766],[0.1626,50.9756],[0.1645,50.9723],[0.1638,50.9705],[0.1661,50.9693],[0.167,50.9679],[0.1664,50.9671],[0.1684,50.9675],[0.1693,50.9663],[0.1703,50.9658],[0.1718,50.9659],[0.1723,50.9671],[0.174,50.9667],[0.1748,50.966],[0.1717,50.9648],[0.1671,50.9635],[0.1663,50.9625],[0.1653,50.9608],[0.1673,50.9601],[0.1683,50.96],[0.1697,50.9589],[0.1721,50.9562],[0.1745,50.9557],[0.175,50.9559],[0.1778,50.9578],[0.1796,50.9597],[0.1805,50.9602],[0.1816,50.9598],[0.1827,50.9606],[0.1873,50.9609],[0.1884,50.9605],[0.1896,50.9606],[0.1918,50.9595],[0.1926,50.9586],[0.1953,50.9573],[0.1963,50.9563],[0.1988,50.9555],[0.2017,50.9541],[0.2013,50.9538],[0.2028,50.9529],[0.2021,50.9517],[0.2036,50.9515],[0.2045,50.9505],[0.2053,50.9481],[0.2089,50.9462],[0.2105,50.9457],[0.2132,50.9441],[0.2143,50.9437],[0.2157,50.9437],[0.218,50.9443],[0.2219,50.9434],[0.2235,50.9424],[0.2259,50.9404],[0.2279,50.9395],[0.2342,50.9383],[0.2359,50.9384],[0.2355,50.9394],[0.2356,50.9403],[0.2348,50.9408],[0.2343,50.9418],[0.2353,50.9425],[0.2368,50.9415],[0.2375,50.9401],[0.2382,50.9394],[0.2391,50.9395],[0.2398,50.9384],[0.2415,50.9374],[0.2432,50.9382],[0.2442,50.937],[0.2469,50.9377],[0.2482,50.9374],[0.2488,50.9366],[0.2499,50.9376],[0.253,50.9368],[0.2542,50.9362],[0.2539,50.9347],[0.2563,50.9347],[0.2598,50.9343],[0.2628,50.9346],[0.2641,50.9342],[0.2649,50.9359],[0.2664,50.9374],[0.2651,50.938],[0.2657,50.9386],[0.2674,50.9385],[0.2689,50.9377],[0.2704,50.9373],[0.2714,50.9359],[0.2726,50.9336],[0.2734,50.9305],[0.2739,50.9292],[0.2767,50.9266],[0.2793,50.926],[0.2819,50.9257],[0.2837,50.9259],[0.2842,50.9238],[0.2842,50.9228],[0.2852,50.9226],[0.2873,50.9213],[0.2907,50.9215],[0.2922,50.9236],[0.2939,50.9238],[0.3024,50.9235],[0.3029,50.9212],[0.3044,50.9149],[0.3057,50.9137],[0.3035,50.9096],[0.3044,50.9089],[0.3044,50.9079],[0.3033,50.9077],[0.302,50.9069],[0.3007,50.904],[0.2996,50.9041],[0.2992,50.903],[0.2996,50.9003],[0.2994,50.8995],[0.2986,50.8981],[0.299,50.8977],[0.3017,50.8972],[0.3023,50.8974],[0.3046,50.8971],[0.3072,50.896],[0.3065,50.8952],[0.3085,50.8945],[0.3091,50.8949],[0.3112,50.8946],[0.3126,50.894],[0.3126,50.8932],[0.3137,50.8923],[0.3166,50.8917],[0.3172,50.8925],[0.3194,50.8919],[0.3204,50.8929],[0.3221,50.8921],[0.3241,50.8909],[0.325,50.8899],[0.3262,50.8902],[0.3282,50.8888],[0.3294,50.8882],[0.3313,50.8891],[0.3331,50.8881],[0.3325,50.8873],[0.3352,50.8873],[0.336,50.8869],[0.3383,50.8894],[0.3396,50.8891],[0.34,50.8876],[0.342,50.8879],[0.3423,50.8869],[0.3446,50.8845],[0.3457,50.8847],[0.3471,50.8855],[0.3475,50.8848],[0.3465,50.8839],[0.3478,50.8835],[0.352,50.8831],[0.3576,50.8812],[0.3591,50.8804],[0.361,50.879],[0.3624,50.8786],[0.3636,50.8788],[0.3639,50.878],[0.3649,50.8774],[0.3684,50.8778],[0.3696,50.8777],[0.372,50.8785],[0.3725,50.8782],[0.3748,50.879],[0.3776,50.8809],[0.3808,50.8827],[0.3843,50.8849],[0.3869,50.8858],[0.3909,50.8864],[0.3949,50.8875],[0.3964,50.8878],[0.3999,50.8879],[0.4034,50.8889],[0.4067,50.8896],[0.4089,50.8897],[0.4117,50.8889],[0.4121,50.8891],[0.4155,50.8905],[0.4157,50.8916],[0.4178,50.8927],[0.4238,50.8934],[0.4268,50.8942],[0.4282,50.8952],[0.433,50.8957],[0.4361,50.8954],[0.4383,50.8957],[0.4394,50.8954],[0.4422,50.8957],[0.4422,50.8961],[0.4449,50.8965],[0.4469,50.8961],[0.4487,50.8973],[0.4492,50.8986],[0.4502,50.8994],[0.451,50.8991],[0.4522,50.897],[0.4534,50.8967],[0.4543,50.897],[0.4551,50.8965],[0.4544,50.8958],[0.4558,50.894],[0.4595,50.8915],[0.4629,50.8887],[0.4626,50.8878],[0.4641,50.8856],[0.4648,50.8854],[0.4684,50.8853],[0.469,50.8855],[0.4722,50.8851],[0.4752,50.8844],[0.4787,50.884],[0.4802,50.8829],[0.4814,50.8824],[0.4829,50.8823],[0.4839,50.8813],[0.4851,50.8808],[0.4922,50.8793],[0.4959,50.8795],[0.4971,50.8804],[0.5001,50.878],[0.502,50.878],[0.5037,50.8762],[0.5041,50.8739],[0.5052,50.8736],[0.5058,50.8745],[0.5071,50.8752],[0.507,50.8771],[0.5087,50.8776],[0.5092,50.8783],[0.5114,50.8789],[0.5121,50.8796],[0.5145,50.8801],[0.5167,50.881],[0.521,50.8825],[0.5243,50.8832],[0.5244,50.8837],[0.5261,50.8859],[0.5272,50.8877],[0.529,50.8901],[0.5293,50.8919],[0.5283,50.8931],[0.528,50.8947],[0.5314,50.8957],[0.5337,50.8947],[0.536,50.8942],[0.5393,50.8929],[0.5459,50.8913],[0.5516,50.8915],[0.5527,50.8915],[0.5552,50.8908],[0.5563,50.8931],[0.5606,50.8947],[0.5619,50.8949],[0.5621,50.8984],[0.564,50.8981],[0.5647,50.8966],[0.5672,50.8971],[0.5666,50.8958],[0.5676,50.8956],[0.5685,50.8964],[0.5713,50.8953],[0.5694,50.8953],[0.5698,50.8939],[0.5684,50.8936],[0.5655,50.8924],[0.5642,50.8922],[0.5601,50.8923],[0.5593,50.8913],[0.5577,50.8906],[0.5592,50.8898],[0.559,50.889],[0.5614,50.8882],[0.5635,50.888],[0.5645,50.8886],[0.5684,50.8883],[0.5684,50.8877],[0.5701,50.888],[0.5691,50.8865],[0.5725,50.8854],[0.5751,50.8848],[0.5755,50.8863],[0.5769,50.8864],[0.58,50.8872],[0.5806,50.8866],[0.5818,50.8866],[0.5814,50.8856],[0.5827,50.8848],[0.5826,50.8839],[0.5831,50.8833],[0.585,50.8835],[0.5865,50.8834],[0.587,50.8845],[0.5884,50.8841],[0.5884,50.8834],[0.5894,50.8832],[0.5904,50.8838],[0.5914,50.8839],[0.589,50.882],[0.5936,50.8794],[0.5948,50.8802],[0.5977,50.8808],[0.5996,50.8802],[0.5999,50.8796],[0.6017,50.8803],[0.6025,50.8793],[0.6045,50.8777],[0.6091,50.8774],[0.6085,50.8786],[0.6092,50.8802],[0.6081,50.8803],[0.6087,50.8818],[0.6103,50.8822],[0.613,50.8808],[0.6142,50.8813],[0.615,50.883],[0.6164,50.8836],[0.6176,50.8831],[0.6203,50.884],[0.6209,50.8834],[0.622,50.8839],[0.6241,50.8859],[0.6225,50.8862],[0.6238,50.8876],[0.6252,50.8881],[0.6273,50.8879],[0.628,50.8875],[0.6266,50.8868],[0.6249,50.885],[0.6229,50.8834],[0.6225,50.8827],[0.6235,50.8817],[0.6204,50.8805],[0.6196,50.8816],[0.617,50.8812],[0.6169,50.8801],[0.616,50.8786],[0.615,50.8776],[0.6167,50.8768],[0.6177,50.8758],[0.6191,50.8755],[0.6217,50.8738],[0.6214,50.873],[0.6206,50.8726],[0.6189,50.8731],[0.6173,50.8739],[0.6152,50.8737],[0.6147,50.8731],[0.6113,50.8712],[0.6116,50.8705],[0.6138,50.8688],[0.6124,50.8665],[0.6129,50.8661],[0.6097,50.8643],[0.6082,50.8637],[0.608,50.8633],[0.6055,50.8618],[0.6032,50.8609],[0.6019,50.8608],[0.6002,50.8603],[0.5986,50.8604],[0.5989,50.8619],[0.5971,50.8611],[0.5977,50.8607],[0.5968,50.8595],[0.5976,50.8591],[0.596,50.8582],[0.5941,50.8565],[0.5946,50.8562],[0.597,50.8563],[0.5986,50.8566],[0.5996,50.8563],[0.6021,50.8568],[0.6043,50.8567],[0.6056,50.8581],[0.6089,50.8591],[0.6095,50.8588],[0.6117,50.8591],[0.6128,50.8598],[0.6148,50.8599],[0.6168,50.8604],[0.6203,50.8603],[0.6218,50.8606],[0.6232,50.8605],[0.6258,50.8609],[0.626,50.8612],[0.628,50.8615],[0.6302,50.8626],[0.6308,50.8635],[0.6325,50.8644],[0.6375,50.8655],[0.6414,50.8666],[0.6429,50.8663],[0.6452,50.8672],[0.6483,50.8673],[0.6505,50.8668],[0.6515,50.867],[0.6515,50.8677],[0.6547,50.8689],[0.6583,50.8693],[0.6614,50.87],[0.6629,50.87],[0.6631,50.8707],[0.667,50.8717],[0.6687,50.8719],[0.6707,50.8726],[0.6716,50.8747],[0.6733,50.8759],[0.6736,50.8765],[0.6752,50.8775],[0.6761,50.8785],[0.678,50.8796],[0.6803,50.8806],[0.6821,50.8822],[0.6832,50.8829],[0.6856,50.8848],[0.6881,50.8864],[0.6883,50.887],[0.6904,50.8886],[0.6919,50.8893],[0.6957,50.8915],[0.7009,50.8948],[0.7036,50.8961],[0.7045,50.8969],[0.712,50.9012],[0.7146,50.9028],[0.7165,50.9033],[0.7188,50.9047],[0.7207,50.9055],[0.7183,50.9076],[0.7187,50.9088],[0.7184,50.9093],[0.7198,50.9106],[0.7181,50.9126],[0.7183,50.9135],[0.7193,50.9141],[0.7194,50.9165],[0.72,50.9167],[0.7236,50.9164],[0.724,50.9184],[0.7244,50.9192],[0.7255,50.9242],[0.7243,50.9242],[0.7231,50.9234],[0.7214,50.9231],[0.7204,50.9233],[0.72,50.924],[0.7188,50.9246],[0.7167,50.9247],[0.7155,50.9239],[0.7154,50.9252],[0.7144,50.9256],[0.7158,50.9267],[0.7244,50.931],[0.7248,50.9315],[0.7255,50.9387],[0.7279,50.942],[0.7301,50.946],[0.7289,50.9461],[0.729,50.9472],[0.7275,50.9486],[0.726,50.949],[0.7244,50.9487],[0.723,50.9492],[0.7223,50.9486],[0.7211,50.949],[0.72,50.9487],[0.7166,50.9457],[0.7148,50.9452],[0.7138,50.9458],[0.7123,50.945],[0.7115,50.9455],[0.7176,50.9516],[0.7182,50.9522],[0.7193,50.9521],[0.7205,50.9541],[0.7225,50.955],[0.7252,50.9553],[0.7259,50.955],[0.726,50.9538],[0.7271,50.9535],[0.7278,50.954],[0.7276,50.9553],[0.7288,50.9558],[0.7303,50.9577],[0.7309,50.9594],[0.7289,50.9597],[0.7304,50.9606],[0.7298,50.9609],[0.7287,50.9627],[0.7299,50.9627],[0.7299,50.9635],[0.7287,50.9643],[0.7306,50.9647],[0.7303,50.966],[0.7296,50.9671],[0.7313,50.9682],[0.7355,50.9686],[0.7358,50.9692],[0.7374,50.97],[0.7367,50.9706],[0.738,50.9709],[0.7394,50.972],[0.7408,50.9715],[0.7415,50.9722],[0.7432,50.9715],[0.7434,50.9704],[0.7482,50.9686],[0.7512,50.9711],[0.7518,50.9713],[0.7529,50.9732],[0.7567,50.98],[0.7571,50.981],[0.7577,50.9859],[0.7575,50.9865],[0.7619,50.9911],[0.7621,50.9918],[0.7658,50.9959],[0.7661,50.9966],[0.7697,51.0005],[0.7698,51.001],[0.7731,51.0046],[0.7754,51.0097],[0.776,51.0102],[0.7778,51.0146],[0.7784,51.0151],[0.7805,51.0197],[0.7811,51.0203],[0.7823,51.0227],[0.781,51.023],[0.7796,51.0243],[0.7769,51.0249],[0.7763,51.0259],[0.7767,51.0271],[0.7754,51.0273],[0.7726,51.0273],[0.7694,51.0261],[0.7669,51.0268],[0.764,51.0272],[0.7601,51.0291],[0.7593,51.0299],[0.7582,51.0315],[0.7579,51.0331],[0.7573,51.0342],[0.7575,51.0367],[0.7592,51.0374],[0.7593,51.038],[0.7582,51.0382],[0.7566,51.038],[0.7548,51.0384],[0.7537,51.0394],[0.751,51.0381],[0.7488,51.0394],[0.7479,51.0409],[0.7465,51.041],[0.7458,51.0421],[0.7462,51.0444],[0.7478,51.0486],[0.7481,51.0501],[0.7479,51.0527],[0.7458,51.0543],[0.7457,51.0547],[0.7425,51.0582],[0.7415,51.0588],[0.7408,51.0597],[0.7355,51.0649],[0.7317,51.0675],[0.7306,51.0685],[0.7304,51.0699],[0.7308,51.0709],[0.7292,51.0724],[0.7284,51.0739],[0.7259,51.0739],[0.7221,51.0736],[0.72,51.0731],[0.719,51.0732],[0.7157,51.0729],[0.7112,51.0729],[0.7097,51.0728],[0.7078,51.0714],[0.7081,51.0696],[0.7074,51.0688],[0.708,51.0684],[0.7073,51.0675],[0.7077,51.0671],[0.7046,51.0655],[0.7025,51.0653],[0.7009,51.0647],[0.6968,51.0616],[0.6956,51.061],[0.6915,51.0602],[0.689,51.0621],[0.6853,51.0642],[0.6833,51.0647],[0.6815,51.0655],[0.6809,51.0663],[0.6776,51.0657],[0.6749,51.0662],[0.6737,51.0663],[0.6705,51.066],[0.666,51.0661],[0.6631,51.0658],[0.6609,51.0651],[0.6596,51.0643],[0.6587,51.0656],[0.6592,51.0668],[0.6613,51.068],[0.6669,51.069],[0.6728,51.0695],[0.6762,51.0702],[0.6781,51.0701],[0.6801,51.0695],[0.6824,51.0695],[0.6846,51.0701],[0.6863,51.0709],[0.6878,51.0719],[0.6884,51.0729],[0.6886,51.0744],[0.6879,51.0768],[0.689,51.0784],[0.6907,51.0788],[0.691,51.0794],[0.6907,51.081],[0.6913,51.082],[0.6897,51.0833],[0.6885,51.0831],[0.6876,51.0849],[0.685,51.0848],[0.6838,51.0842],[0.6815,51.0841],[0.6812,51.0846],[0.6775,51.0842],[0.6709,51.0836],[0.6678,51.0826],[0.6663,51.083],[0.6659,51.0826],[0.6643,51.0826],[0.6612,51.083],[0.659,51.0838],[0.654,51.0832],[0.6526,51.0836],[0.6515,51.0816],[0.6477,51.0836],[0.6467,51.0844],[0.6432,51.0865],[0.6397,51.087],[0.639,51.0861],[0.637,51.0861],[0.635,51.0857],[0.6311,51.0865],[0.6297,51.0867],[0.6279,51.0873],[0.6254,51.0887],[0.6234,51.0888],[0.6199,51.088],[0.6216,51.087],[0.622,51.086],[0.6203,51.0853],[0.6171,51.0856],[0.6164,51.0852],[0.6147,51.0857],[0.6138,51.0864],[0.6146,51.0871],[0.6145,51.088],[0.615,51.089],[0.6165,51.0896],[0.6152,51.0908],[0.6143,51.0924],[0.6147,51.0937],[0.6147,51.0956],[0.6149,51.0963],[0.6167,51.0986],[0.614,51.0991],[0.611,51.0993],[0.6078,51.1005],[0.6033,51.1025],[0.6019,51.1035],[0.5967,51.1044],[0.5957,51.1045],[0.5939,51.1041],[0.5906,51.1042],[0.5886,51.1036],[0.5869,51.102],[0.5809,51.101],[0.5793,51.1009],[0.5746,51.1003],[0.5713,51.1001],[0.5686,51.1002],[0.5662,51.0999],[0.5657,51.1018],[0.5661,51.103],[0.5662,51.1055],[0.5653,51.1068],[0.5631,51.1079],[0.5618,51.1074],[0.5601,51.1079],[0.5585,51.1074],[0.5564,51.107],[0.5542,51.1068],[0.5536,51.1074],[0.5536,51.1085],[0.5516,51.1084],[0.549,51.1086],[0.5449,51.108],[0.5443,51.1089],[0.5434,51.1095],[0.5391,51.1108],[0.537,51.1112],[0.5322,51.1129],[0.5284,51.1137],[0.5254,51.1138],[0.5208,51.1124],[0.5156,51.1117],[0.513,51.1116],[0.5098,51.1108],[0.5059,51.1106],[0.5038,51.1107],[0.496,51.1099],[0.4923,51.1098],[0.4907,51.11],[0.4881,51.1107],[0.4843,51.1115],[0.4851,51.1123],[0.4819,51.1136],[0.4813,51.1151],[0.4813,51.1172],[0.481,51.1185],[0.4821,51.1211],[0.482,51.123],[0.4829,51.1243],[0.4846,51.1258],[0.4861,51.1283],[0.4875,51.1304],[0.4859,51.1327],[0.4854,51.1348],[0.4855,51.1358],[0.485,51.1373],[0.4838,51.1384],[0.4823,51.1391],[0.482,51.1397],[0.4737,51.1371],[0.4718,51.1364],[0.4693,51.135],[0.4675,51.1343],[0.4662,51.1343],[0.4645,51.1327],[0.4632,51.1321],[0.4609,51.1308],[0.4572,51.1317],[0.4546,51.1322],[0.4531,51.1322],[0.4509,51.1309],[0.4484,51.1309],[0.4477,51.1295],[0.4463,51.1284],[0.4451,51.128],[0.442,51.1275],[0.4395,51.1267],[0.4385,51.1261],[0.4363,51.1253],[0.4349,51.1291],[0.4301,51.1294],[0.4282,51.1289],[0.4267,51.1282],[0.4251,51.1287],[0.4232,51.1299],[0.4222,51.1299],[0.4219,51.1314],[0.4191,51.1323],[0.4197,51.1339],[0.4195,51.1359],[0.4199,51.1363],[0.4205,51.1382],[0.4221,51.1386],[0.4215,51.1397],[0.4213,51.1412],[0.4217,51.143],[0.421,51.1434],[0.4224,51.1445],[0.4231,51.1456],[0.4232,51.1476],[0.4239,51.1495],[0.4237,51.1502],[0.4225,51.1511],[0.4218,51.1522],[0.4214,51.1535],[0.4202,51.1552],[0.4179,51.1557],[0.4151,51.1551],[0.4121,51.1552],[0.4065,51.1551],[0.4047,51.1549],[0.4009,51.1551],[0.3988,51.154],[0.3974,51.1535],[0.3968,51.1527],[0.3947,51.1533],[0.391,51.1549],[0.389,51.1556],[0.3864,51.1559],[0.381,51.1571],[0.3781,51.1576],[0.3767,51.1583],[0.3746,51.1584],[0.372,51.1597],[0.3734,51.1615],[0.3724,51.1622],[0.371,51.1623],[0.3688,51.162],[0.3697,51.1648],[0.3693,51.1658],[0.3685,51.1662],[0.3668,51.1663],[0.3658,51.1667],[0.3639,51.1683],[0.3627,51.1688],[0.3611,51.1697],[0.3589,51.1698],[0.3575,51.1701],[0.3532,51.1701],[0.3516,51.1703],[0.3493,51.1711],[0.3491,51.1725],[0.3483,51.1734],[0.3469,51.1741],[0.3438,51.1749],[0.3401,51.176],[0.3369,51.1766],[0.3361,51.1771],[0.3339,51.1776],[0.3317,51.1774],[0.33,51.1784],[0.3255,51.1797],[0.321,51.1799],[0.3203,51.1801],[0.3198,51.1811],[0.3178,51.1832],[0.3173,51.1841],[0.3172,51.1858],[0.3144,51.1864],[0.3069,51.186],[0.3024,51.186],[0.2982,51.1847],[0.2926,51.1856],[0.2913,51.185],[0.2897,51.1853],[0.2867,51.1848],[0.2843,51.1848],[0.2846,51.1818],[0.2837,51.1816],[0.288,51.1794],[0.2877,51.1792],[0.2855,51.1799],[0.283,51.1804],[0.2824,51.1793],[0.2812,51.1789],[0.2798,51.179],[0.2788,51.1803],[0.2773,51.1806],[0.2713,51.1804],[0.2687,51.1805],[0.2638,51.1816],[0.2626,51.1809],[0.2593,51.1824],[0.2563,51.183],[0.2512,51.1833],[0.2489,51.1817],[0.2456,51.182],[0.2427,51.182],[0.2401,51.1813],[0.2377,51.1809],[0.2344,51.1805],[0.2338,51.1803],[0.2323,51.1788],[0.2322,51.1778],[0.2313,51.1776],[0.2279,51.1773],[0.2268,51.1768],[0.2215,51.1781],[0.2206,51.1787],[0.2203,51.1797],[0.2184,51.1811],[0.217,51.1835],[0.2156,51.1842],[0.2125,51.1862],[0.2115,51.1874],[0.2102,51.1882],[0.2092,51.1907],[0.2083,51.1917],[0.2116,51.1958],[0.208,51.1965],[0.2061,51.1962],[0.2032,51.1955],[0.2009,51.1956],[0.1989,51.1962],[0.1968,51.1964],[0.1929,51.1961],[0.1902,51.1963],[0.1899,51.1957],[0.1885,51.1954],[0.1861,51.1944],[0.1825,51.1938],[0.1798,51.1944],[0.1778,51.1952],[0.1743,51.1929],[0.172,51.1917],[0.1707,51.1919],[0.1684,51.1928],[0.1673,51.1934],[0.1625,51.1934],[0.1622,51.1942],[0.16,51.1948],[0.1581,51.1958],[0.1558,51.1964],[0.1549,51.1957],[0.153,51.196],[0.1473,51.1958],[0.1451,51.1959],[0.1397,51.1954],[0.1391,51.1953],[0.1369,51.1963],[0.1338,51.1965],[0.1326,51.1978],[0.1304,51.1984],[0.1292,51.1982],[0.1292,51.197],[0.1274,51.1967],[0.1261,51.1961],[0.1222,51.1955],[0.1181,51.1953],[0.1107,51.1955],[0.11,51.1953],[0.1092,51.1933],[0.1107,51.1906],[0.1111,51.1884],[0.111,51.1868],[0.1106,51.186],[0.1109,51.1852],[0.1107,51.1835],[0.1067,51.184],[0.1047,51.1832],[0.1031,51.1841],[0.1029,51.1849],[0.1013,51.1858],[0.0995,51.1849],[0.098,51.1835],[0.0967,51.1828],[0.0951,51.1836],[0.0946,51.1851],[0.0934,51.1856],[0.0894,51.1859],[0.0893,51.1863],[0.0866,51.1857],[0.0853,51.185],[0.0843,51.1833],[0.0846,51.1827],[0.0835,51.1818],[0.082,51.1819],[0.0788,51.1812],[0.0778,51.1807],[0.0773,51.1797],[0.0744,51.1817],[0.0714,51.1804],[0.0696,51.18],[0.0674,51.1791],[0.0665,51.1793],[0.0635,51.1787],[0.0617,51.1787],[0.0572,51.1797],[0.0562,51.1786],[0.0541,51.1774],[0.0479,51.1755],[0.0456,51.1747],[0.0404,51.1725],[0.0375,51.1722],[0.0348,51.1726],[0.0325,51.1724],[0.03,51.1718],[0.0295,51.1708],[0.0278,51.1707],[0.0259,51.171],[0.0244,51.1708],[0.0191,51.1715],[0.017,51.1709],[0.0147,51.1707],[0.014,51.17],[0.0123,51.1692],[0.0125,51.1683],[0.0132,51.1682],[0.0138,51.1668],[0.012,51.1664],[0.012,51.1656],[0.0114,51.165],[0.012,51.1639],[0.013,51.1635],[0.0098,51.1622],[0.0107,51.1609],[0.0118,51.1568],[0.0136,51.1559],[0.0144,51.1552],[0.0109,51.1551],[0.009,51.1549],[0.0043,51.1551],[0.0038,51.155],[0.0022,51.1533],[0.0021,51.1528],[0.0032,51.1508],[0.0025,51.1496],[0.0041,51.1474],[0.004,51.1462],[0.006,51.1441],[0.0067,51.1426],[0.0074,51.1418],[0.0087,51.1411],[0.009,51.1399],[0.0083,51.139],[0.0072,51.139],[0.0072,51.1379],[0.0124,51.1371],[0.0134,51.1342],[0.01,51.1332],[0.0097,51.1342],[0.007,51.134],[0.0065,51.1352],[0.0072,51.1356],[0.0066,51.1363],[0.0053,51.135],[0.0052,51.1337],[0.0032,51.1338],[0.0019,51.1332],[0.0026,51.1324],[0.0042,51.1323],[0.0061,51.1302],[0.0065,51.1292],[0.0086,51.1307],[0.0099,51.1288],[0.0107,51.1273],[0.0124,51.1268],[0.0104,51.1239],[0.0085,51.1228],[0.0076,51.1218],[0.0097,51.121],[0.013,51.12],[0.0127,51.1192],[0.013,51.1182],[0.0115,51.118],[0.0105,51.1191],[0.0078,51.1204],[0.0061,51.1218],[0.0018,51.1194],[-0.0008,51.1195],[-0.0011,51.119],[-0.0026,51.1185],[-0.0029,51.1178],[-0.0041,51.1169],[-0.0053,51.1169],[-0.006,51.1159],[-0.0059,51.115],[-0.0046,51.1132],[-0.0053,51.1119],[-0.0079,51.1122],[-0.0096,51.1128],[-0.0123,51.1143],[-0.0127,51.1152],[-0.0142,51.116],[-0.0145,51.1166],[-0.0165,51.1185],[-0.0181,51.1197],[-0.0184,51.1209],[-0.0194,51.1217],[-0.0215,51.1209],[-0.0241,51.1193],[-0.0265,51.1183],[-0.0293,51.1164],[-0.0302,51.1151],[-0.0312,51.1142],[-0.0351,51.1127],[-0.0365,51.1116],[-0.0407,51.1092],[-0.042,51.1078],[-0.0451,51.1071],[-0.0459,51.1067],[-0.0477,51.1085],[-0.0501,51.1096],[-0.0529,51.109],[-0.0547,51.1092],[-0.0583,51.1074],[-0.0591,51.1073],[-0.0615,51.1076],[-0.0661,51.1073],[-0.0701,51.1068],[-0.0758,51.1056],[-0.0782,51.1049],[-0.0798,51.1049],[-0.0824,51.1041],[-0.082,51.1036],[-0.0833,51.103],[-0.0822,51.1017],[-0.0842,51.101],[-0.0848,51.1004],[-0.0866,51.1009],[-0.0861,51.1019],[-0.0863,51.1027],[-0.0904,51.1023],[-0.096,51.1029],[-0.099,51.1035],[-0.103,51.104],[-0.1055,51.1048],[-0.1088,51.1066],[-0.1106,51.1085],[-0.1126,51.11],[-0.1142,51.1119],[-0.1157,51.1128],[-0.1175,51.1132],[-0.1224,51.1128],[-0.1238,51.1142],[-0.1252,51.115],[-0.129,51.1156],[-0.1338,51.1159],[-0.137,51.1158],[-0.1373,51.1134],[-0.1378,51.1116],[-0.1387,51.1097],[-0.1407,51.107],[-0.1424,51.1054],[-0.1445,51.1039],[-0.1535,51.0973],[-0.1556,51.096],[-0.1598,51.0939],[-0.1631,51.0926],[-0.1659,51.0917],[-0.1708,51.0905],[-0.1737,51.0898],[-0.1794,51.0889],[-0.1844,51.0884],[-0.1887,51.0882],[-0.1907,51.088],[-0.1936,51.0872],[-0.1957,51.0864],[-0.196,51.0858],[-0.1975,51.0855],[-0.1991,51.0848],[-0.201,51.083],[-0.2026,51.0805],[-0.2035,51.0805],[-0.2028,51.0827],[-0.2046,51.0822],[-0.2095,51.0813],[-0.2111,51.0814],[-0.2112,51.0822],[-0.2082,51.0827],[-0.2073,51.0835],[-0.2051,51.0842],[-0.2044,51.0858],[-0.2012,51.0852],[-0.1993,51.0868],[-0.2019,51.0874],[-0.2054,51.0878],[-0.208,51.0888],[-0.2094,51.0897],[-0.2144,51.0936],[-0.2163,51.0949],[-0.2187,51.0957],[-0.2268,51.0967],[-0.2285,51.0976],[-0.2304,51.0976],[-0.2387,51.097],[-0.2461,51.0963],[-0.2549,51.095],[-0.2576,51.0942],[-0.2616,51.0924],[-0.2627,51.0917],[-0.2636,51.0917],[-0.2664,51.0909],[-0.2694,51.0897],[-0.2724,51.0883],[-0.2748,51.0876],[-0.2786,51.0867],[-0.2804,51.0859],[-0.2842,51.0855],[-0.2848,51.0852],[-0.2866,51.0833],[-0.2884,51.0825],[-0.2886,51.0816],[-0.2871,51.0811],[-0.2865,51.0805],[-0.2847,51.0798],[-0.2855,51.0789],[-0.285,51.0784],[-0.2829,51.0783],[-0.286,51.0765],[-0.2861,51.0755],[-0.2857,51.0735],[-0.2882,51.0706],[-0.2911,51.0719],[-0.2922,51.0701],[-0.2945,51.0708],[-0.2959,51.07],[-0.3003,51.0691],[-0.3,51.0675],[-0.2988,51.066],[-0.298,51.0659],[-0.2981,51.0646],[-0.2986,51.0644],[-0.2979,51.0632],[-0.298,51.0619],[-0.2966,51.0607],[-0.296,51.059],[-0.2956,51.0587],[-0.2966,51.0569],[-0.2978,51.0559],[-0.2988,51.0557],[-0.3008,51.0561],[-0.3014,51.0558],[-0.3022,51.0545],[-0.3034,51.0533],[-0.3007,51.0526],[-0.2995,51.0517],[-0.2991,51.0502],[-0.2965,51.0483],[-0.2934,51.047],[-0.2901,51.0452],[-0.2887,51.0449],[-0.2858,51.0455],[-0.2865,51.0469],[-0.2857,51.0475],[-0.2861,51.0489],[-0.2817,51.0488],[-0.2805,51.049],[-0.2807,51.048],[-0.2795,51.0472],[-0.2801,51.046],[-0.2785,51.0457],[-0.2773,51.0466],[-0.2769,51.0456],[-0.2755,51.0451]]]},"properties":{"name":"High Weald","kind":"national_landscape"},"id":5},
{"type":"Feature","geometry":{"type":"Polygon","coordinates":[[[-0.9679,50.7872],[-0.9668,50.7874],[-0.9664,50.7882],[-0.9652,50.7884],[-0.9622,50.7882],[-0.9606,50.789],[-0.9596,50.7879],[-0.9581,50.7876],[-0.9575,50.7872],[-0.956,50.7873],[-0.9552,50.7878],[-0.9537,50.7876],[-0.9532,50.7872],[-0.9522,50.7832],[-0.9513,50.7823],[-0.9491,50.7824],[-0.9468,50.7831],[-0.9462,50.7839],[-0.9441,50.7838],[-0.944,50.7835],[-0.9407,50.7849],[-0.9387,50.7836],[-0.9384,50.7822],[-0.9398,50.782],[-0.9414,50.7807],[-0.9431,50.7805],[-0.9428,50.7761],[-0.9434,50.7747],[-0.944,50.7743],[-0.9461,50.7741],[-0.9444,50.7733],[-0.9442,50.7727],[-0.9455,50.7724],[-0.9439,50.7712],[-0.943,50.7712],[-0.9417,50.7724],[-0.9397,50.7736],[-0.9377,50.7752],[-0.9366,50.7771],[-0.9275,50.7768],[-0.9275,50.7762],[-0.9265,50.775],[-0.9256,50.7731],[-0.924,50.7733],[-0.924,50.7744],[-0.9253,50.7763],[-0.9241,50.7767],[-0.9229,50.7743],[-0.9214,50.7743],[-0.9215,50.7751],[-0.9199,50.775],[-0.9182,50.7744],[-0.9177,50.7752],[-0.9167,50.7745],[-0.9143,50.7734],[-0.9122,50.772],[-0.9118,50.7739],[-0.91,50.7729],[-0.9062,50.7755],[-0.9055,50.7757],[-0.9007,50.7791],[-0.8998,50.7796],[-0.8984,50.7808],[-0.8972,50.7809],[-0.8954,50.7808],[-0.8923,50.7819],[-0.8907,50.783],[-0.8888,50.7851],[-0.8859,50.7873],[-0.8847,50.7869],[-0.8806,50.7867],[-0.8781,50.7864],[-0.8757,50.7869],[-0.8732,50.7876],[-0.8604,50.7868],[-0.8486,50.7876],[-0.8401,50.7891],[-0.8395,50.7892],[-0.8196,50.7976],[-0.8131,50.8004],[-0.8099,50.8015],[-0.8083,50.8028],[-0.8047,50.8076],[-0.8032,50.8084],[-0.8029,50.8094],[-0.8033,50.8106],[-0.8034,50.8135],[-0.804,50.8167],[-0.8039,50.8176],[-0.8056,50.8179],[-0.8053,50.8215],[-0.8057,50.8221],[-0.8035,50.8225],[-0.8024,50.8253],[-0.8018,50.8262],[-0.804,50.8276],[-0.804,50.829],[-0.8035,50.8298],[-0.803,50.8324],[-0.8032,50.8341],[-0.8062,50.8356],[-0.8069,50.8357],[-0.8122,50.8353],[-0.8144,50.8355],[-0.8168,50.836],[-0.8248,50.837],[-0.8296,50.8372],[-0.8341,50.8376],[-0.8376,50.8385],[-0.8409,50.8383],[-0.8471,50.8399],[-0.8499,50.8413],[-0.8521,50.8417],[-0.8545,50.8418],[-0.858,50.8416],[-0.8631,50.8426],[-0.8648,50.8426],[-0.8669,50.8415],[-0.8682,50.8412],[-0.8715,50.8417],[-0.8767,50.8423],[-0.881,50.8427],[-0.883,50.8431],[-0.8885,50.8436],[-0.8924,50.8434],[-0.8964,50.8437],[-0.8973,50.844],[-0.9042,50.8447],[-0.9068,50.8447],[-0.9086,50.8451],[-0.9149,50.8453],[-0.9277,50.8464],[-0.9295,50.8463],[-0.9315,50.8466],[-0.9342,50.8473],[-0.9359,50.8476],[-0.9397,50.8475],[-0.9392,50.8437],[-0.9386,50.8434],[-0.9394,50.8422],[-0.9423,50.8424],[-0.9435,50.8423],[-0.9451,50.8428],[-0.9476,50.8428],[-0.9509,50.843],[-0.9512,50.8438],[-0.952,50.8443],[-0.9529,50.8458],[-0.9534,50.8475],[-0.953,50.8485],[-0.9635,50.8493],[-0.9695,50.8473],[-0.9734,50.8466],[-0.9778,50.8466],[-0.9782,50.8456],[-0.9792,50.8445],[-0.9832,50.8412],[-0.9835,50.8408],[-0.9819,50.8385],[-0.9792,50.8357],[-0.9777,50.833],[-0.9775,50.8317],[-0.9782,50.8307],[-0.975,50.8307],[-0.9745,50.8309],[-0.9717,50.8309],[-0.9703,50.8294],[-0.9696,50.8297],[-0.9677,50.8295],[-0.9669,50.8291],[-0.9638,50.8289],[-0.9596,50.8294],[-0.9597,50.8286],[-0.955,50.8287],[-0.9552,50.828],[-0.9567,50.8279],[-0.9568,50.827],[-0.9534,50.827],[-0.954,50.8257],[-0.9537,50.8239],[-0.953,50.8236],[-0.9526,50.822],[-0.9544,50.8215],[-0.957,50.8209],[-0.9588,50.821],[-0.9585,50.82],[-0.9584,50.8173],[-0.9603,50.8172],[-0.96,50.816],[-0.9583,50.8152],[-0.9575,50.8124],[-0.9573,50.8103],[-0.9576,50.8096],[-0.9587,50.8095],[-0.9601,50.811],[-0.9608,50.8114],[-0.9653,50.811],[-0.9664,50.8112],[-0.9681,50.8106],[-0.97,50.8108],[-0.9715,50.8119],[-0.9724,50.8114],[-0.9717,50.8107],[-0.9735,50.809],[-0.9759,50.8091],[-0.9774,50.8088],[-0.9755,50.8066],[-0.9746,50.8068],[-0.9734,50.8053],[-0.9743,50.8052],[-0.9733,50.8036],[-0.9727,50.8009],[-0.9718,50.8005],[-0.9699,50.8003],[-0.9672,50.801],[-0.9661,50.8025],[-0.9652,50.8025],[-0.9644,50.8033],[-0.9621,50.8032],[-0.961,50.8015],[-0.9617,50.8014],[-0.9616,50.8001],[-0.9611,50.799],[-0.9614,50.798],[-0.9607,50.7967],[-0.9654,50.7952],[-0.9688,50.7945],[-0.9683,50.7924],[-0.971,50.7923],[-0.9712,50.7907],[-0.9708,50.7905],[-0.9711,50.7886],[-0.9696,50.7887],[-0.9679,50.7872]]]},"properties":{"name":"Chichester Harbour","kind":"national_landscape"},"id":6},
{"type":"Feature","geometry":{"type":"MultiPolygon","coordinates":[[[[-1.7373,55.6063],[-1.7361,55.6067],[-1.7252,55.6071],[-1.7248,55.6057],[-1.7238,55.6059],[-1.7239,55.6046],[-1.7205,55.6036],[-1.7215,55.6028],[-1.7172,55.601],[-1.7143,55.6022],[-1.7126,55.6011],[-1.7097,55.5998],[-1.7079,55.598],[-1.7068,55.5965],[-1.7067,55.5944],[-1.7046,55.5905],[-1.7017,55.589],[-1.701,55.5883],[-1.6995,55.5877],[-1.6967,55.585],[-1.6942,55.5845],[-1.6843,55.5787],[-1.681,55.5792],[-1.6798,55.5798],[-1.6702,55.578],[-1.668,55.5779],[-1.6679,55.5766],[-1.6701,55.575],[-1.6708,55.5738],[-1.6697,55.5724],[-1.6772,55.5696],[-1.6775,55.5685],[-1.6823,55.5675],[-1.6824,55.5671],[-1.6804,55.5636],[-1.675,55.5585],[-1.6741,55.5575],[-1.6743,55.5568],[-1.6719,55.556],[-1.6698,55.5548],[-1.6666,55.5527],[-1.6656,55.5515],[-1.665,55.5502],[-1.6644,55.5469],[-1.664,55.546],[-1.6632,55.5432],[-1.6633,55.5424],[-1.6611,55.54],[-1.6592,55.5387],[-1.6586,55.5376],[-1.6571,55.5364],[-1.6574,55.5331],[-1.6605,55.5321],[-1.6612,55.5314],[-1.6588,55.5301],[-1.6579,55.5285],[-1.6562,55.5267],[-1.6579,55.5256],[-1.6574,55.5247],[-1.6555,55.5239],[-1.6526,55.5235],[-1.6486,55.5199],[-1.6487,55.5186],[-1.6466,55.5163],[-1.6436,55.5111],[-1.6425,55.5097],[-1.6416,55.5081],[-1.6416,55.5067],[-1.6399,55.5054],[-1.6383,55.5034],[-1.6369,55.4992],[-1.636,55.4983],[-1.634,55.4971],[-1.633,55.4951],[-1.6319,55.4936],[-1.6324,55.4912],[-1.6317,55.4893],[-1.632,55.4888],[-1.6295,55.4856],[-1.627,55.4831],[-1.6187,55.4738],[-1.6132,55.4704],[-1.6157,55.4696],[-1.6127,55.467],[-1.6214,55.4632],[-1.6278,55.4614],[-1.6284,55.461],[-1.6278,55.4594],[-1.6282,55.459],[-1.6319,55.4573],[-1.6339,55.4571],[-1.6352,55.4565],[-1.6356,55.4558],[-1.6298,55.4531],[-1.6284,55.4527],[-1.6246,55.4525],[-1.6227,55.4508],[-1.6212,55.4489],[-1.6214,55.4473],[-1.6208,55.4456],[-1.62,55.4441],[-1.6211,55.4425],[-1.6202,55.4414],[-1.6244,55.4397],[-1.6215,55.4375],[-1.6197,55.4358],[-1.6177,55.4355],[-1.6167,55.433],[-1.6165,55.4305],[-1.6169,55.4287],[-1.6189,55.4278],[-1.6177,55.4263],[-1.6172,55.4245],[-1.6171,55.4161],[-1.6225,55.4117],[-1.6252,55.4097],[-1.6275,55.4056],[-1.6276,55.404],[-1.6263,55.4014],[-1.6261,55.4003],[-1.6249,55.3978],[-1.6285,55.3928],[-1.6296,55.3926],[-1.6286,55.3907],[-1.6285,55.3896],[-1.627,55.3862],[-1.6261,55.3854],[-1.6252,55.3836],[-1.625,55.3826],[-1.6241,55.3811],[-1.6241,55.3801],[-1.6232,55.378],[-1.6224,55.3774],[-1.6204,55.3744],[-1.6199,55.3727],[-1.6176,55.3703],[-1.6143,55.3649],[-1.6139,55.3628],[-1.6126,55.3612],[-1.6113,55.3604],[-1.6094,55.3587],[-1.6082,55.3579],[-1.6084,55.3555],[-1.609,55.3542],[-1.6086,55.3521],[-1.6095,55.35],[-1.6132,55.3495],[-1.6142,55.3485],[-1.6131,55.3457],[-1.6144,55.3446],[-1.6162,55.3441],[-1.6175,55.3441],[-1.6195,55.3448],[-1.6205,55.3463],[-1.6218,55.3455],[-1.6227,55.344],[-1.6224,55.3423],[-1.6213,55.3408],[-1.6181,55.3417],[-1.6136,55.3422],[-1.6103,55.3429],[-1.6099,55.3436],[-1.6075,55.3439],[-1.6004,55.3418],[-1.5963,55.3401],[-1.5932,55.3383],[-1.5916,55.3382],[-1.586,55.3368],[-1.5822,55.3363],[-1.5795,55.3363],[-1.5777,55.3367],[-1.5722,55.3388],[-1.5708,55.339],[-1.5705,55.3398],[-1.5776,55.34],[-1.5792,55.341],[-1.5802,55.3423],[-1.5856,55.3457],[-1.5889,55.3486],[-1.5905,55.3497],[-1.592,55.3518],[-1.5937,55.3532],[-1.594,55.3543],[-1.5951,55.3555],[-1.5956,55.3566],[-1.5975,55.3586],[-1.5989,55.3604],[-1.5995,55.3608],[-1.5987,55.3615],[-1.5988,55.3636],[-1.6002,55.365],[-1.5991,55.3657],[-1.6,55.3661],[-1.6025,55.3699],[-1.6022,55.3713],[-1.6024,55.3733],[-1.6033,55.3755],[-1.6038,55.3782],[-1.605,55.3795],[-1.605,55.3813],[-1.6046,55.3822],[-1.6036,55.3823],[-1.6038,55.3838],[-1.6023,55.3864],[-1.6012,55.3871],[-1.6009,55.3885],[-1.6002,55.3897],[-1.5986,55.3911],[-1.5964,55.3903],[-1.5931,55.391],[-1.5919,55.3928],[-1.5897,55.3942],[-1.5892,55.3957],[-1.5884,55.397],[-1.591,55.3984],[-1.5916,55.3991],[-1.5913,55.3997],[-1.5921,55.4003],[-1.5914,55.4017],[-1.5905,55.4025],[-1.5895,55.4027],[-1.5869,55.4046],[-1.5853,55.4049],[-1.5839,55.4048],[-1.5818,55.4039],[-1.5809,55.4043],[-1.5787,55.4036],[-1.5774,55.4036],[-1.5762,55.4052],[-1.5735,55.4054],[-1.5727,55.4067],[-1.574,55.4079],[-1.5731,55.408],[-1.5737,55.4092],[-1.572,55.4099],[-1.5709,55.409],[-1.5698,55.4091],[-1.5702,55.4102],[-1.5688,55.4103],[-1.5693,55.4124],[-1.5705,55.4118],[-1.5721,55.4116],[-1.5721,55.4129],[-1.5701,55.4134],[-1.5708,55.4145],[-1.5718,55.4152],[-1.5719,55.4158],[-1.5738,55.4154],[-1.5735,55.4135],[-1.5741,55.412],[-1.5764,55.412],[-1.5775,55.4133],[-1.5779,55.4146],[-1.5776,55.4155],[-1.5783,55.4168],[-1.5776,55.4189],[-1.5763,55.4192],[-1.5749,55.4179],[-1.5763,55.4175],[-1.5761,55.4163],[-1.5737,55.4159],[-1.5713,55.4166],[-1.5726,55.4189],[-1.5732,55.419],[-1.5739,55.4205],[-1.5756,55.4214],[-1.5753,55.4221],[-1.5733,55.4229],[-1.5733,55.4238],[-1.5744,55.424],[-1.5753,55.4247],[-1.5746,55.4264],[-1.5725,55.4277],[-1.5704,55.4271],[-1.5702,55.426],[-1.5692,55.4259],[-1.5689,55.4273],[-1.5702,55.4284],[-1.5718,55.4291],[-1.5708,55.4299],[-1.5708,55.4313],[-1.5727,55.4337],[-1.5759,55.4344],[-1.5771,55.4343],[-1.5784,55.4337],[-1.5782,55.4351],[-1.5797,55.4351],[-1.5816,55.4347],[-1.5829,55.4348],[-1.5836,55.4343],[-1.5852,55.4341],[-1.5866,55.4348],[-1.585,55.4368],[-1.5863,55.4382],[-1.5882,55.4376],[-1.5897,55.4388],[-1.589,55.4396],[-1.591,55.4403],[-1.5902,55.441],[-1.5874,55.4422],[-1.5868,55.4437],[-1.5853,55.4447],[-1.5846,55.4462],[-1.5857,55.4468],[-1.5856,55.4482],[-1.5858,55.4501],[-1.5863,55.4503],[-1.5877,55.4529],[-1.5912,55.4553],[-1.5905,55.4557],[-1.5908,55.4583],[-1.5901,55.4586],[-1.5897,55.4601],[-1.5904,55.4607],[-1.5878,55.462],[-1.5889,55.4648],[-1.5898,55.4654],[-1.5893,55.466],[-1.5899,55.4678],[-1.5906,55.4681],[-1.5912,55.4705],[-1.5902,55.4711],[-1.5891,55.4709],[-1.5883,55.4717],[-1.5885,55.4725],[-1.591,55.4721],[-1.5909,55.473],[-1.592,55.4732],[-1.592,55.4759],[-1.5914,55.4771],[-1.5918,55.4775],[-1.5912,55.4802],[-1.5916,55.4814],[-1.5928,55.484],[-1.5908,55.4841],[-1.5905,55.4869],[-1.5912,55.4876],[-1.5906,55.4883],[-1.5907,55.4892],[-1.5917,55.4897],[-1.5916,55.4926],[-1.5949,55.4915],[-1.5976,55.4925],[-1.5999,55.4943],[-1.6,55.4949],[-1.6016,55.496],[-1.6036,55.4962],[-1.6052,55.496],[-1.6063,55.4954],[-1.6075,55.4955],[-1.6095,55.4961],[-1.6105,55.4968],[-1.6127,55.4989],[-1.6134,55.5012],[-1.6143,55.5027],[-1.6137,55.5043],[-1.6126,55.506],[-1.6117,55.5062],[-1.6102,55.5056],[-1.6094,55.5066],[-1.6084,55.5067],[-1.608,55.5074],[-1.6113,55.5067],[-1.6119,55.5078],[-1.6111,55.5093],[-1.6088,55.5089],[-1.6076,55.5091],[-1.6061,55.5103],[-1.6044,55.5125],[-1.6061,55.5124],[-1.6066,55.5115],[-1.6076,55.5111],[-1.609,55.5098],[-1.611,55.5099],[-1.6106,55.5108],[-1.612,55.5115],[-1.614,55.5122],[-1.6166,55.5139],[-1.6133,55.5167],[-1.6142,55.5172],[-1.6117,55.5186],[-1.6115,55.5192],[-1.6091,55.5208],[-1.6074,55.5211],[-1.6097,55.5226],[-1.6122,55.522],[-1.6147,55.5223],[-1.6154,55.5232],[-1.6181,55.5234],[-1.6182,55.5253],[-1.6173,55.5262],[-1.6151,55.5267],[-1.615,55.5282],[-1.6167,55.5272],[-1.6189,55.5271],[-1.6193,55.5274],[-1.6213,55.5278],[-1.6221,55.5284],[-1.6236,55.5288],[-1.6249,55.5302],[-1.6294,55.5333],[-1.6306,55.5355],[-1.6321,55.5365],[-1.6323,55.5388],[-1.633,55.5413],[-1.6313,55.5433],[-1.632,55.5441],[-1.6323,55.5454],[-1.6314,55.547],[-1.6315,55.5483],[-1.6291,55.5499],[-1.6275,55.5502],[-1.6263,55.5491],[-1.6245,55.5491],[-1.6222,55.5506],[-1.6197,55.5514],[-1.6195,55.552],[-1.6208,55.5524],[-1.6213,55.5533],[-1.6244,55.5529],[-1.6245,55.5532],[-1.6215,55.5538],[-1.6226,55.5547],[-1.625,55.5543],[-1.6255,55.5557],[-1.6246,55.5575],[-1.6234,55.5583],[-1.6257,55.5586],[-1.6265,55.5591],[-1.629,55.5596],[-1.6301,55.5606],[-1.6313,55.5612],[-1.6299,55.5619],[-1.6314,55.5623],[-1.6324,55.5631],[-1.6311,55.5633],[-1.63,55.5642],[-1.6316,55.5651],[-1.6329,55.565],[-1.6335,55.5658],[-1.6361,55.5675],[-1.6362,55.5684],[-1.6384,55.5694],[-1.639,55.5702],[-1.6421,55.5712],[-1.6416,55.5719],[-1.6415,55.5738],[-1.6406,55.5753],[-1.639,55.5754],[-1.6372,55.5759],[-1.637,55.5769],[-1.6378,55.5777],[-1.6373,55.5787],[-1.6384,55.5791],[-1.6389,55.5798],[-1.6415,55.5801],[-1.6419,55.5806],[-1.6434,55.581],[-1.6445,55.5818],[-1.6437,55.5826],[-1.6422,55.5833],[-1.6427,55.5842],[-1.6447,55.5837],[-1.6454,55.5845],[-1.6464,55.5845],[-1.6499,55.5837],[-1.652,55.5841],[-1.653,55.584],[-1.6537,55.5849],[-1.6553,55.5855],[-1.657,55.5858],[-1.6599,55.5866],[-1.661,55.5865],[-1.6644,55.5884],[-1.6656,55.5896],[-1.666,55.5911],[-1.6671,55.5918],[-1.6693,55.5926],[-1.6691,55.5933],[-1.6703,55.5939],[-1.6709,55.5947],[-1.6721,55.5956],[-1.674,55.5961],[-1.6792,55.5995],[-1.6813,55.5999],[-1.6834,55.601],[-1.6857,55.6036],[-1.6876,55.6054],[-1.6882,55.6075],[-1.6876,55.6082],[-1.6901,55.6086],[-1.6912,55.6081],[-1.696,55.6094],[-1.6974,55.61],[-1.6989,55.6101],[-1.699,55.6108],[-1.7019,55.6116],[-1.7052,55.6124],[-1.7095,55.6132],[-1.7137,55.6138],[-1.7189,55.6156],[-1.7206,55.6167],[-1.7223,55.6171],[-1.7239,55.617],[-1.7311,55.6188],[-1.7324,55.618],[-1.7327,55.619],[-1.7362,55.6201],[-1.7392,55.6216],[-1.7425,55.6228],[-1.7461,55.6228],[-1.7487,55.6246],[-1.7509,55.6256],[-1.7519,55.6257],[-1.7523,55.6265],[-1.7538,55.6269],[-1.7579,55.6286],[-1.7595,55.6295],[-1.7625,55.631],[-1.7646,55.6326],[-1.7683,55.6342],[-1.7708,55.6365],[-1.7718,55.638],[-1.7734,55.6387],[-1.7763,55.641],[-1.7775,55.6425],[-1.7795,55.6459],[-1.7821,55.6496],[-1.7836,55.6524],[-1.7835,55.6534],[-1.7852,55.6568],[-1.7806,55.6547],[-1.7784,55.6547],[-1.7778,55.6558],[-1.7779,55.6597],[-1.7782,55.665],[-1.7782,55.6666],[-1.7767,55.6671],[-1.7765,55.6681],[-1.7773,55.6694],[-1.7774,55.6709],[-1.7779,55.6724],[-1.7773,55.6731],[-1.7774,55.6739],[-1.7784,55.6745],[-1.7794,55.676],[-1.7808,55.6765],[-1.7792,55.677],[-1.779,55.6791],[-1.7783,55.68],[-1.7776,55.6837],[-1.7768,55.6855],[-1.7778,55.6865],[-1.7804,55.6874],[-1.7829,55.6867],[-1.7848,55.686],[-1.7886,55.686],[-1.7876,55.6877],[-1.7883,55.6877],[-1.7892,55.6862],[-1.7903,55.6862],[-1.7911,55.6868],[-1.7903,55.6896],[-1.7918,55.6898],[-1.7932,55.6887],[-1.7949,55.6883],[-1.7961,55.6888],[-1.7973,55.6882],[-1.7996,55.6884],[-1.8001,55.6889],[-1.7978,55.6898],[-1.7984,55.6905],[-1.8,55.6904],[-1.8019,55.6895],[-1.8041,55.6895],[-1.8053,55.6888],[-1.8081,55.6889],[-1.8102,55.6879],[-1.8114,55.6868],[-1.8136,55.6861],[-1.8151,55.6861],[-1.8185,55.6855],[-1.8189,55.6857],[-1.8135,55.6867],[-1.811,55.6875],[-1.8091,55.6891],[-1.8129,55.6885],[-1.8185,55.6888],[-1.8216,55.6895],[-1.8258,55.6908],[-1.8292,55.6916],[-1.8335,55.6934],[-1.8353,55.6942],[-1.8365,55.694],[-1.8376,55.695],[-1.8394,55.6948],[-1.8455,55.6969],[-1.8489,55.6984],[-1.8515,55.699],[-1.8545,55.6995],[-1.8581,55.6998],[-1.8613,55.6998],[-1.866,55.7003],[-1.8693,55.701],[-1.8707,55.7011],[-1.8727,55.7019],[-1.8773,55.7028],[-1.8801,55.7033],[-1.8842,55.7042],[-1.8861,55.7044],[-1.8953,55.7066],[-1.8965,55.7064],[-1.8983,55.7066],[-1.902,55.7076],[-1.9029,55.7086],[-1.9073,55.7099],[-1.9096,55.7104],[-1.9142,55.7116],[-1.921,55.7143],[-1.922,55.7145],[-1.9268,55.7162],[-1.9317,55.7184],[-1.936,55.7204],[-1.9371,55.7212],[-1.9388,55.7219],[-1.9409,55.7235],[-1.9427,55.7241],[-1.9423,55.7251],[-1.9427,55.7257],[-1.9446,55.7259],[-1.9444,55.727],[-1.945,55.7279],[-1.9465,55.7278],[-1.9476,55.7284],[-1.9489,55.7287],[-1.9496,55.7298],[-1.9512,55.7299],[-1.9546,55.7324],[-1.9575,55.7333],[-1.9594,55.7345],[-1.9592,55.7355],[-1.9606,55.7381],[-1.9627,55.7397],[-1.9638,55.7395],[-1.9652,55.7412],[-1.9671,55.7414],[-1.9675,55.7423],[-1.9685,55.7421],[-1.97,55.7431],[-1.9706,55.7441],[-1.9722,55.7448],[-1.9727,55.7458],[-1.9745,55.7463],[-1.976,55.7482],[-1.9773,55.7487],[-1.9795,55.7478],[-1.9785,55.7467],[-1.9761,55.7449],[-1.9724,55.7415],[-1.9667,55.7359],[-1.9646,55.7335],[-1.9629,55.7318],[-1.9621,55.7316],[-1.9611,55.7303],[-1.9586,55.7288],[-1.9478,55.721],[-1.9432,55.7176],[-1.9325,55.7099],[-1.93,55.7079],[-1.9279,55.7059],[-1.9062,55.6806],[-1.9053,55.6795],[-1.9031,55.6774],[-1.9009,55.676],[-1.8978,55.6743],[-1.8951,55.6732],[-1.8911,55.6719],[-1.8872,55.671],[-1.8833,55.6698],[-1.8804,55.6684],[-1.8771,55.6665],[-1.8735,55.6631],[-1.8716,55.6606],[-1.8695,55.6575],[-1.864,55.65],[-1.8627,55.6479],[-1.8549,55.6372],[-1.8535,55.6351],[-1.8492,55.635],[-1.8488,55.6351],[-1.8425,55.633],[-1.8403,55.6321],[-1.8375,55.6319],[-1.8324,55.6295],[-1.8264,55.6277],[-1.8172,55.6252],[-1.8169,55.6241],[-1.8124,55.623],[-1.8122,55.6207],[-1.8126,55.6179],[-1.8148,55.6148],[-1.8157,55.6124],[-1.8143,55.6111],[-1.813,55.6093],[-1.8109,55.6083],[-1.8074,55.6086],[-1.8052,55.6083],[-1.8028,55.6074],[-1.8009,55.6074],[-1.7983,55.6069],[-1.7962,55.6067],[-1.7892,55.6068],[-1.7788,55.6053],[-1.7727,55.6049],[-1.7714,55.6041],[-1.7707,55.603],[-1.7712,55.6013],[-1.7715,55.5988],[-1.7739,55.5968],[-1.773,55.5958],[-1.7715,55.5953],[-1.7689,55.595],[-1.767,55.5955],[-1.7663,55.5949],[-1.7631,55.5941],[-1.7632,55.5925],[-1.7619,55.5924],[-1.7599,55.5928],[-1.7562,55.5942],[-1.752,55.5948],[-1.7486,55.5942],[-1.749,55.5951],[-1.7511,55.5976],[-1.7537,55.5994],[-1.7544,55.6005],[-1.7505,55.6017],[-1.7507,55.602],[-1.7431,55.6044],[-1.7415,55.6045],[-1.7373,55.6063]]],[[[-1.6583,55.6166],[-1.6558,55.6151],[-1.6543,55.6151],[-1.6523,55.6159],[-1.6527,55.6166],[-1.652,55.6173],[-1.6504,55.6169],[-1.6487,55.616],[-1.646,55.6157],[-1.6453,55.6164],[-1.6428,55.6156],[-1.6418,55.6159],[-1.6417,55.6166],[-1.6442,55.6177],[-1.6454,55.6172],[-1.6468,55.6172],[-1.6492,55.6194],[-1.647,55.6208],[-1.6448,55.621],[-1.6433,55.6222],[-1.6473,55.6219],[-1.6495,55.6214],[-1.6515,55.6216],[-1.6538,55.6207],[-1.6532,55.6196],[-1.6507,55.6197],[-1.6503,55.6187],[-1.6506,55.618],[-1.6538,55.6173],[-1.6549,55.6178],[-1.6579,55.6172],[-1.6583,55.6166]]],[[[-1.6078,55.6411],[-1.6066,55.6405],[-1.6051,55.6403],[-1.6034,55.6408],[-1.6051,55.6413],[-1.6039,55.6422],[-1.6089,55.6455],[-1.6088,55.6466],[-1.6095,55.647],[-1.6123,55.6464],[-1.614,55.6473],[-1.6128,55.6442],[-1.6114,55.6436],[-1.6095,55.6419],[-1.6078,55.6411]]],[[[-1.6223,55.6314],[-1.6223,55.6323],[-1.6202,55.6325],[-1.6193,55.633],[-1.6225,55.6339],[-1.6235,55.6345],[-1.6263,55.6351],[-1.6282,55.6351],[-1.6277,55.6341],[-1.626,55.6336],[-1.6254,55.6329],[-1.6262,55.6318],[-1.6251,55.6301],[-1.6254,55.6294],[-1.6242,55.6289],[-1.6229,55.6297],[-1.6223,55.6314]]],[[[-1.6311,55.64],[-1.6312,55.6391],[-1.6295,55.6376],[-1.6293,55.637],[-1.6263,55.6364],[-1.6259,55.6378],[-1.6281,55.6381],[-1.6277,55.6386],[-1.6291,55.6405],[-1.6309,55.6406],[-1.6311,55.64]]],[[[-1.6213,55.6404],[-1.623,55.6397],[-1.6237,55.6387],[-1.6214,55.6387],[-1.6198,55.6389],[-1.619,55.6395],[-1.6168,55.64],[-1.6167,55.6409],[-1.6187,55.6412],[-1.6202,55.6405],[-1.6213,55.6404]]],[[[-1.614,55.6415],[-1.6163,55.6414],[-1.6162,55.6408],[-1.6133,55.6401],[-1.6118,55.64],[-1.6103,55.6404],[-1.6113,55.6414],[-1.614,55.6415]]],[[[-1.6755,55.6295],[-1.6761,55.629],[-1.6753,55.6278],[-1.6743,55.6279],[-1.6735,55.6286],[-1.6749,55.6299],[-1.6755,55.6295]]],[[[-1.6075,55.5142],[-1.6087,55.5133],[-1.6074,55.5126],[-1.6054,55.5135],[-1.6063,55.5143],[-1.6075,55.5142]]],[[[-1.6047,55.516],[-1.6068,55.5156],[-1.608,55.515],[-1.6065,55.5146],[-1.6048,55.5154],[-1.6047,55.516]]],[[[-1.9009,55.7082],[-1.9004,55.7073],[-1.8985,55.7067],[-1.8974,55.7071],[-1.9009,55.7082]]],[[[-1.6242,55.6371],[-1.6251,55.6371],[-1.6258,55.6362],[-1.6225,55.6364],[-1.6242,55.6371]]],[[[-1.5983,55.6281],[-1.5991,55.6276],[-1.5985,55.6269],[-1.5971,55.6273],[-1.5983,55.6281]]]]},"properties":{"name":"Northumberland Coast","kind":"national_landscape"},"id":7},
{"type":"Feature","geometry":{"type":"MultiPolygon","coordinates":[[[[-2.3299,54.0931],[-2.3303,54.0932],[-2.3307,54.0935],[-2.3338,54.0962],[-2.3355,54.0984],[-2.3365,54.0995],[-2.3371,54.1005],[-2.3378,54.1021],[-2.3391,54.1026],[-2.3424,54.1023],[-2.3455,54.103],[-2.3495,54.1032],[-2.354,54.1033],[-2.3557,54.1035],[-2.36,54.1036],[-2.363,54.1044],[-2.3673,54.1062],[-2.3705,54.1066],[-2.3735,54.1076],[-2.376,54.1077],[-2.3775,54.108],[-2.3795,54.1089],[-2.3803,54.1099],[-2.3808,54.1114],[-2.3816,54.1124],[-2.3833,54.1133],[-2.3862,54.1142],[-2.3883,54.1159],[-2.3921,54.1169],[-2.3935,54.1179],[-2.3971,54.1187],[-2.3986,54.1192],[-2.4007,54.1185],[-2.4048,54.1174],[-2.4109,54.1187],[-2.4146,54.1188],[-2.4169,54.1193],[-2.4189,54.1192],[-2.4206,54.1187],[-2.421,54.1169],[-2.4206,54.1158],[-2.4191,54.1138],[-2.4178,54.1114],[-2.4147,54.1084],[-2.4101,54.1057],[-2.4135,54.1064],[-2.4211,54.1067],[-2.4247,54.1065],[-2.4267,54.1061],[-2.4307,54.1049],[-2.4342,54.1045],[-2.4371,54.1047],[-2.4439,54.1055],[-2.4467,54.106],[-2.4548,54.1077],[-2.4571,54.1081],[-2.4603,54.1082],[-2.4661,54.1079],[-2.472,54.1084],[-2.4731,54.107],[-2.4755,54.1051],[-2.4793,54.1048],[-2.4823,54.1049],[-2.4848,54.1051],[-2.4894,54.1045],[-2.4916,54.1045],[-2.4964,54.1043],[-2.4996,54.1034],[-2.5038,54.1032],[-2.5096,54.1025],[-2.5109,54.1024],[-2.5159,54.1025],[-2.5215,54.103],[-2.5301,54.1035],[-2.5339,54.104],[-2.5377,54.1052],[-2.5381,54.1058],[-2.5368,54.1065],[-2.5369,54.1072],[-2.5363,54.1087],[-2.539,54.1099],[-2.5431,54.1125],[-2.5438,54.1126],[-2.5448,54.1141],[-2.5459,54.1145],[-2.546,54.1152],[-2.5446,54.1168],[-2.5462,54.1179],[-2.5494,54.1189],[-2.5504,54.1195],[-2.553,54.1205],[-2.5564,54.1206],[-2.561,54.1214],[-2.5617,54.1225],[-2.5709,54.1244],[-2.574,54.1247],[-2.5756,54.1246],[-2.5865,54.1238],[-2.5881,54.1236],[-2.5906,54.1229],[-2.5922,54.1222],[-2.5942,54.121],[-2.5963,54.1188],[-2.5977,54.1179],[-2.5993,54.1187],[-2.6015,54.1191],[-2.6035,54.1188],[-2.6055,54.1199],[-2.6079,54.1207],[-2.6093,54.1205],[-2.6105,54.1196],[-2.6111,54.1198],[-2.6152,54.1191],[-2.6168,54.119],[-2.6185,54.1192],[-2.6198,54.1187],[-2.6243,54.1183],[-2.6249,54.1187],[-2.6327,54.1184],[-2.6348,54.1178],[-2.6357,54.118],[-2.6375,54.1174],[-2.6384,54.1166],[-2.6399,54.1188],[-2.6399,54.1199],[-2.6404,54.1214],[-2.641,54.1218],[-2.6431,54.1219],[-2.6459,54.1215],[-2.646,54.1223],[-2.648,54.1225],[-2.6498,54.1231],[-2.6571,54.1236],[-2.6594,54.1242],[-2.6638,54.1237],[-2.6657,54.1243],[-2.6671,54.1244],[-2.6697,54.1252],[-2.6719,54.127],[-2.6767,54.1299],[-2.6783,54.1297],[-2.6845,54.1273],[-2.6869,54.1263],[-2.6894,54.1249],[-2.6937,54.1238],[-2.6964,54.1209],[-2.701,54.1176],[-2.7025,54.116],[-2.7065,54.11],[-2.7107,54.1071],[-2.7166,54.104],[-2.7186,54.1024],[-2.7188,54.1011],[-2.7229,54.098],[-2.7239,54.097],[-2.7252,54.0962],[-2.7279,54.0954],[-2.7296,54.0946],[-2.7327,54.0936],[-2.7412,54.0882],[-2.7423,54.0871],[-2.7406,54.0846],[-2.7407,54.0829],[-2.7413,54.0816],[-2.7409,54.0809],[-2.7439,54.0807],[-2.7464,54.0796],[-2.7469,54.076],[-2.7478,54.073],[-2.749,54.0708],[-2.7501,54.0682],[-2.7516,54.0661],[-2.7538,54.0636],[-2.7542,54.0627],[-2.7574,54.0587],[-2.7593,54.0541],[-2.7594,54.0518],[-2.7592,54.0465],[-2.7583,54.044],[-2.7537,54.0385],[-2.7518,54.0354],[-2.7517,54.0346],[-2.7569,54.029],[-2.7579,54.0266],[-2.7586,54.0239],[-2.7587,54.022],[-2.7585,54.0195],[-2.7578,54.0184],[-2.7552,54.0168],[-2.7538,54.0156],[-2.7518,54.0127],[-2.7488,54.0087],[-2.7487,54.0061],[-2.7463,54.0047],[-2.7451,54.0043],[-2.7455,54.003],[-2.7437,54.0016],[-2.7415,54.0009],[-2.7397,54.0012],[-2.7364,54.0009],[-2.7348,54.0003],[-2.7313,53.9995],[-2.7281,54.0001],[-2.7271,53.9999],[-2.7264,53.9982],[-2.7254,53.9947],[-2.7242,53.991],[-2.7233,53.989],[-2.7215,53.9873],[-2.72,53.9846],[-2.7176,53.9851],[-2.714,53.9845],[-2.7136,53.9839],[-2.7147,53.9828],[-2.7157,53.9802],[-2.7145,53.9781],[-2.7125,53.9761],[-2.711,53.9732],[-2.7104,53.9702],[-2.711,53.9677],[-2.7118,53.9658],[-2.7103,53.9633],[-2.7125,53.9622],[-2.7148,53.9616],[-2.7166,53.962],[-2.7179,53.9611],[-2.7191,53.9611],[-2.7207,53.96],[-2.722,53.9597],[-2.7229,53.9587],[-2.7258,53.9565],[-2.7275,53.9554],[-2.7314,53.9532],[-2.734,53.952],[-2.7383,53.9495],[-2.7409,53.9487],[-2.7449,53.9459],[-2.7466,53.9465],[-2.7498,53.9465],[-2.7516,53.9458],[-2.7523,53.9444],[-2.7533,53.9431],[-2.7536,53.9423],[-2.7524,53.9406],[-2.7558,53.9389],[-2.7579,53.9384],[-2.7594,53.9361],[-2.7595,53.9348],[-2.7591,53.9343],[-2.7597,53.9331],[-2.7583,53.9332],[-2.7561,53.9325],[-2.7536,53.9327],[-2.7519,53.9333],[-2.7506,53.9348],[-2.7485,53.935],[-2.7457,53.9342],[-2.7471,53.9335],[-2.7484,53.9323],[-2.7488,53.9308],[-2.7487,53.927],[-2.7467,53.9258],[-2.7447,53.9255],[-2.7411,53.9262],[-2.7384,53.9271],[-2.7365,53.927],[-2.7325,53.9277],[-2.7301,53.9283],[-2.7292,53.9267],[-2.7269,53.9268],[-2.7267,53.9251],[-2.7278,53.9248],[-2.7241,53.921],[-2.723,53.9211],[-2.7224,53.9192],[-2.7219,53.915],[-2.7219,53.9117],[-2.7213,53.9108],[-2.722,53.9087],[-2.722,53.9074],[-2.7226,53.9059],[-2.7259,53.8987],[-2.7261,53.8977],[-2.7273,53.8964],[-2.7273,53.895],[-2.7292,53.8936],[-2.7297,53.8921],[-2.7278,53.8903],[-2.7338,53.8874],[-2.7332,53.8866],[-2.7333,53.8855],[-2.7316,53.8861],[-2.7293,53.8865],[-2.7271,53.8863],[-2.7264,53.8866],[-2.7239,53.8867],[-2.7231,53.8862],[-2.7192,53.8871],[-2.715,53.888],[-2.7141,53.8873],[-2.7141,53.8854],[-2.7109,53.8832],[-2.7062,53.8824],[-2.7047,53.8819],[-2.6994,53.8819],[-2.6971,53.8816],[-2.6975,53.8804],[-2.6963,53.8794],[-2.6942,53.8794],[-2.6926,53.8788],[-2.6927,53.8775],[-2.6912,53.8757],[-2.6913,53.8748],[-2.6935,53.8726],[-2.6936,53.8716],[-2.6905,53.8721],[-2.6883,53.8721],[-2.6857,53.871],[-2.6834,53.871],[-2.6813,53.8715],[-2.6798,53.8681],[-2.6781,53.8678],[-2.6768,53.868],[-2.6713,53.8653],[-2.668,53.8639],[-2.6652,53.8629],[-2.6636,53.862],[-2.6624,53.8615],[-2.66,53.8596],[-2.6586,53.8598],[-2.6553,53.8606],[-2.6527,53.8615],[-2.6509,53.8607],[-2.6483,53.8605],[-2.6469,53.8601],[-2.6443,53.8601],[-2.6408,53.8594],[-2.6373,53.8581],[-2.6276,53.8536],[-2.624,53.8524],[-2.6144,53.8511],[-2.6131,53.8506],[-2.6117,53.8505],[-2.61,53.85],[-2.6065,53.8492],[-2.6033,53.8492],[-2.6005,53.8481],[-2.5993,53.8485],[-2.5978,53.8473],[-2.596,53.8473],[-2.5954,53.8469],[-2.5907,53.8449],[-2.5892,53.8452],[-2.5865,53.8438],[-2.5853,53.8435],[-2.5818,53.8413],[-2.583,53.8409],[-2.582,53.8403],[-2.5827,53.8393],[-2.5811,53.8391],[-2.5787,53.8383],[-2.5762,53.8383],[-2.5735,53.8382],[-2.5721,53.8373],[-2.5706,53.8373],[-2.5694,53.836],[-2.5672,53.8346],[-2.5565,53.837],[-2.553,53.8378],[-2.5512,53.8379],[-2.547,53.8388],[-2.5363,53.8384],[-2.5335,53.8381],[-2.5311,53.8375],[-2.5285,53.8353],[-2.5263,53.835],[-2.524,53.8352],[-2.5215,53.8352],[-2.5204,53.8355],[-2.5184,53.8355],[-2.5148,53.8333],[-2.511,53.8332],[-2.508,53.8341],[-2.5035,53.8344],[-2.5019,53.8354],[-2.5002,53.8358],[-2.4962,53.8362],[-2.4945,53.8361],[-2.4913,53.8363],[-2.4877,53.8359],[-2.4827,53.8354],[-2.4805,53.8361],[-2.4794,53.8367],[-2.4769,53.837],[-2.472,53.8383],[-2.4639,53.839],[-2.461,53.8399],[-2.4572,53.8415],[-2.4567,53.8419],[-2.4563,53.8432],[-2.4566,53.8444],[-2.4564,53.8461],[-2.4561,53.8465],[-2.4531,53.8482],[-2.4514,53.8483],[-2.4503,53.848],[-2.4475,53.8485],[-2.4458,53.8495],[-2.4417,53.85],[-2.4405,53.8512],[-2.4388,53.8517],[-2.439,53.8525],[-2.4401,53.8535],[-2.4403,53.8552],[-2.4419,53.8569],[-2.444,53.858],[-2.4466,53.8604],[-2.4477,53.8609],[-2.4506,53.8613],[-2.4517,53.8619],[-2.4521,53.8631],[-2.4513,53.8643],[-2.4525,53.8666],[-2.4536,53.8682],[-2.4511,53.8685],[-2.4494,53.869],[-2.4441,53.8724],[-2.4439,53.8736],[-2.4408,53.8743],[-2.4397,53.8751],[-2.4339,53.8778],[-2.4308,53.8796],[-2.4294,53.8805],[-2.4278,53.8811],[-2.4258,53.882],[-2.424,53.8837],[-2.4237,53.8851],[-2.4204,53.8858],[-2.4191,53.8868],[-2.417,53.8878],[-2.4152,53.8885],[-2.4156,53.8897],[-2.4144,53.8902],[-2.4141,53.8913],[-2.4115,53.8917],[-2.4061,53.8916],[-2.4038,53.8922],[-2.4022,53.8936],[-2.4003,53.8946],[-2.3971,53.8958],[-2.3951,53.8953],[-2.3933,53.8955],[-2.3918,53.8963],[-2.3905,53.8963],[-2.3872,53.8974],[-2.3837,53.8993],[-2.3802,53.9001],[-2.3767,53.9004],[-2.3751,53.9003],[-2.3725,53.9009],[-2.3679,53.9018],[-2.3676,53.9029],[-2.3687,53.9044],[-2.3684,53.9049],[-2.3628,53.907],[-2.3606,53.9074],[-2.3564,53.9094],[-2.3553,53.9095],[-2.3513,53.9115],[-2.3482,53.9136],[-2.3467,53.9118],[-2.3453,53.9106],[-2.3421,53.9098],[-2.3415,53.9102],[-2.342,53.9111],[-2.34,53.9116],[-2.331,53.9129],[-2.3287,53.9141],[-2.3265,53.9151],[-2.3195,53.9169],[-2.3185,53.9174],[-2.3147,53.9194],[-2.3111,53.9205],[-2.3053,53.921],[-2.3024,53.9214],[-2.3014,53.9245],[-2.3008,53.9256],[-2.2992,53.927],[-2.2969,53.9284],[-2.2886,53.9323],[-2.2863,53.9332],[-2.2835,53.934],[-2.2789,53.9344],[-2.2756,53.9343],[-2.274,53.9344],[-2.271,53.9349],[-2.2713,53.9367],[-2.2728,53.9382],[-2.2731,53.9394],[-2.2725,53.9403],[-2.273,53.9416],[-2.2739,53.9424],[-2.2771,53.9442],[-2.2769,53.9451],[-2.2779,53.9475],[-2.281,53.9498],[-2.2831,53.9509],[-2.2854,53.9529],[-2.2879,53.9559],[-2.289,53.9569],[-2.2888,53.9582],[-2.2882,53.9592],[-2.2878,53.9614],[-2.2929,53.9626],[-2.2942,53.9635],[-2.2956,53.9639],[-2.2988,53.9664],[-2.2989,53.9666],[-2.3017,53.9695],[-2.3025,53.9702],[-2.3027,53.9726],[-2.3056,53.973],[-2.3061,53.9736],[-2.3089,53.9742],[-2.3095,53.9752],[-2.3142,53.9776],[-2.3152,53.9785],[-2.3167,53.9792],[-2.3187,53.9808],[-2.3238,53.9816],[-2.3264,53.9812],[-2.3333,53.9824],[-2.3343,53.9822],[-2.3366,53.9835],[-2.3416,53.9841],[-2.3433,53.9853],[-2.3452,53.9875],[-2.3479,53.989],[-2.3501,53.9894],[-2.3524,53.9945],[-2.3534,53.9995],[-2.3536,54.0042],[-2.3529,54.0061],[-2.3528,54.0085],[-2.3524,54.0104],[-2.3506,54.012],[-2.3501,54.0133],[-2.3471,54.0142],[-2.3458,54.0157],[-2.3439,54.0159],[-2.3414,54.0166],[-2.3382,54.0188],[-2.3372,54.0204],[-2.3313,54.0211],[-2.3302,54.0217],[-2.3308,54.0231],[-2.3315,54.0236],[-2.3324,54.025],[-2.332,54.0261],[-2.3312,54.0271],[-2.3318,54.0284],[-2.3288,54.0305],[-2.3293,54.0323],[-2.3283,54.0328],[-2.3246,54.0334],[-2.3268,54.0361],[-2.3301,54.0371],[-2.3323,54.0385],[-2.334,54.0403],[-2.3371,54.0416],[-2.34,54.0449],[-2.3425,54.0459],[-2.3434,54.0464],[-2.3431,54.0472],[-2.3417,54.0474],[-2.3415,54.0483],[-2.3408,54.0488],[-2.3428,54.0498],[-2.3446,54.0515],[-2.3472,54.0523],[-2.3476,54.0535],[-2.35,54.0561],[-2.3515,54.0568],[-2.3548,54.0581],[-2.3566,54.0595],[-2.3585,54.0612],[-2.3597,54.0635],[-2.3566,54.065],[-2.3552,54.0663],[-2.3536,54.0691],[-2.351,54.0698],[-2.349,54.0706],[-2.3481,54.0726],[-2.3473,54.0732],[-2.3467,54.075],[-2.343,54.078],[-2.3414,54.0785],[-2.3363,54.0774],[-2.3348,54.0775],[-2.3308,54.0765],[-2.3296,54.0764],[-2.327,54.0767],[-2.3255,54.0762],[-2.3215,54.0774],[-2.3163,54.0768],[-2.3144,54.0763],[-2.3132,54.0768],[-2.304,54.0742],[-2.2987,54.0731],[-2.2964,54.0723],[-2.2951,54.0716],[-2.2926,54.0719],[-2.2931,54.0736],[-2.2951,54.0758],[-2.2954,54.0775],[-2.2948,54.0787],[-2.2963,54.0806],[-2.2997,54.083],[-2.3028,54.0848],[-2.3059,54.0862],[-2.3111,54.0875],[-2.3147,54.0884],[-2.3185,54.0891],[-2.3235,54.0903],[-2.326,54.0916],[-2.3286,54.0927],[-2.3291,54.0929],[-2.3295,54.0929],[-2.3296,54.093],[-2.3297,54.093],[-2.3298,54.0931],[-2.3299,54.0931]]],[[[-2.37,53.8508],[-2.3721,53.8484],[-2.374,53.8444],[-2.3748,53.8418],[-2.3763,53.8408],[-2.3779,53.8393],[-2.3807,53.8371],[-2.3788,53.8367],[-2.3763,53.8359],[-2.3771,53.8344],[-2.377,53.832],[-2.3778,53.8304],[-2.377,53.8277],[-2.3755,53.8267],[-2.3738,53.8259],[-2.3714,53.8257],[-2.3691,53.8264],[-2.3685,53.8261],[-2.3645,53.8261],[-2.3643,53.8254],[-2.363,53.8243],[-2.3646,53.8237],[-2.3689,53.8215],[-2.3699,53.8207],[-2.3714,53.8201],[-2.3761,53.819],[-2.3787,53.8186],[-2.3798,53.8181],[-2.3818,53.8167],[-2.3798,53.8164],[-2.3782,53.8153],[-2.3778,53.8147],[-2.3763,53.8135],[-2.3736,53.8135],[-2.3732,53.8131],[-2.371,53.8127],[-2.3694,53.813],[-2.3646,53.8132],[-2.3601,53.8153],[-2.3578,53.8171],[-2.3535,53.8189],[-2.3507,53.8195],[-2.3487,53.8209],[-2.3435,53.8228],[-2.3416,53.8231],[-2.3401,53.8237],[-2.3376,53.8244],[-2.3354,53.8245],[-2.3276,53.8262],[-2.3201,53.8273],[-2.3167,53.8279],[-2.3152,53.8285],[-2.3091,53.829],[-2.3081,53.8289],[-2.3059,53.8296],[-2.3041,53.8298],[-2.3027,53.8303],[-2.3009,53.8305],[-2.2933,53.8318],[-2.2911,53.8318],[-2.287,53.833],[-2.2856,53.833],[-2.2859,53.834],[-2.2827,53.8347],[-2.2802,53.8349],[-2.2788,53.8342],[-2.2755,53.834],[-2.2727,53.8345],[-2.2688,53.8347],[-2.2673,53.8351],[-2.2627,53.8371],[-2.2622,53.8379],[-2.2609,53.8388],[-2.2577,53.8404],[-2.2566,53.842],[-2.2546,53.8432],[-2.2523,53.8449],[-2.2488,53.8481],[-2.2462,53.8502],[-2.2439,53.8513],[-2.2386,53.8544],[-2.2372,53.8556],[-2.236,53.856],[-2.2333,53.8581],[-2.2306,53.8601],[-2.2289,53.8611],[-2.2244,53.8636],[-2.2231,53.8648],[-2.2241,53.8656],[-2.2242,53.868],[-2.2291,53.8686],[-2.23,53.87],[-2.2299,53.872],[-2.2318,53.8731],[-2.2321,53.8744],[-2.2328,53.8751],[-2.2332,53.8763],[-2.2342,53.8774],[-2.2347,53.8786],[-2.236,53.8791],[-2.2363,53.8801],[-2.2357,53.8807],[-2.2367,53.8823],[-2.2384,53.8868],[-2.242,53.8868],[-2.2452,53.8862],[-2.2508,53.8848],[-2.2529,53.8838],[-2.2535,53.8831],[-2.2551,53.883],[-2.256,53.8824],[-2.2591,53.882],[-2.2605,53.8834],[-2.262,53.8844],[-2.2644,53.8855],[-2.2658,53.8858],[-2.267,53.8869],[-2.2717,53.8885],[-2.2727,53.8898],[-2.2731,53.8917],[-2.2751,53.8924],[-2.2764,53.8938],[-2.2775,53.8942],[-2.2797,53.8982],[-2.2811,53.8984],[-2.2822,53.8993],[-2.2838,53.9],[-2.2861,53.9004],[-2.2891,53.9012],[-2.2918,53.9014],[-2.2954,53.9011],[-2.2964,53.9013],[-2.3,53.9003],[-2.3016,53.9002],[-2.3038,53.9005],[-2.3041,53.9009],[-2.3062,53.9013],[-2.3074,53.9006],[-2.3087,53.9007],[-2.3113,53.9012],[-2.3145,53.9012],[-2.3166,53.9017],[-2.3186,53.9016],[-2.321,53.9021],[-2.3214,53.9017],[-2.3235,53.9023],[-2.3284,53.9016],[-2.3314,53.9009],[-2.3341,53.9],[-2.3384,53.8983],[-2.3429,53.8957],[-2.3444,53.8938],[-2.3466,53.8915],[-2.3467,53.891],[-2.344,53.8912],[-2.3427,53.89],[-2.3408,53.8899],[-2.3406,53.8889],[-2.3389,53.889],[-2.3373,53.8877],[-2.3359,53.886],[-2.335,53.8838],[-2.3355,53.8834],[-2.3354,53.8815],[-2.3367,53.8808],[-2.3359,53.8797],[-2.3379,53.8785],[-2.34,53.8786],[-2.343,53.878],[-2.3423,53.8764],[-2.3433,53.8759],[-2.345,53.872],[-2.3477,53.8692],[-2.3487,53.868],[-2.3515,53.8656],[-2.3513,53.8646],[-2.3524,53.8633],[-2.3524,53.8628],[-2.3561,53.8614],[-2.3582,53.8601],[-2.361,53.8579],[-2.3628,53.8561],[-2.3636,53.8548],[-2.3657,53.8533],[-2.3663,53.8525],[-2.3683,53.8518],[-2.3699,53.8516],[-2.37,53.8508]]]]},"properties":{"name":"Forest Of Bowland","kind":"national_landscape"},"id":8},
{"type":"Feature","geometry":{"type":"Polygon","coordinates":[[[0.9072,51.9608],[0.9093,51.9613],[0.9117,51.9616],[0.9123,51.961],[0.9149,51.96],[0.9174,51.9601],[0.9184,51.9584],[0.9193,51.9581],[0.9205,51.9571],[0.9222,51.956],[0.9235,51.9565],[0.925,51.9562],[0.9275,51.9564],[0.9327,51.9554],[0.9318,51.9543],[0.9318,51.9537],[0.9344,51.9537],[0.9401,51.9532],[0.9413,51.9535],[0.9422,51.9551],[0.9418,51.9562],[0.9448,51.959],[0.9507,51.957],[0.9523,51.9588],[0.9534,51.9613],[0.9535,51.9622],[0.9567,51.9617],[0.9616,51.9614],[0.965,51.96],[0.9642,51.9591],[0.9622,51.9556],[0.9619,51.9536],[0.9603,51.95],[0.9591,51.9482],[0.9584,51.9466],[0.9564,51.944],[0.9568,51.9435],[0.9585,51.9436],[0.9634,51.9433],[0.9655,51.9437],[0.9722,51.9441],[0.9725,51.9437],[0.9765,51.9437],[0.9768,51.9436],[0.9893,51.9434],[1.0062,51.9432],[1.0089,51.9439],[1.0095,51.9422],[1.0105,51.941],[1.0109,51.9399],[1.0106,51.9394],[1.0116,51.9379],[1.0131,51.9368],[1.0195,51.9371],[1.0242,51.938],[1.0288,51.9391],[1.0316,51.9401],[1.0355,51.94],[1.0399,51.9386],[1.0424,51.9383],[1.0449,51.9386],[1.0453,51.9389],[1.0459,51.9418],[1.0476,51.9447],[1.0475,51.9462],[1.0481,51.9488],[1.0492,51.9513],[1.0501,51.9523],[1.0529,51.9529],[1.0544,51.9537],[1.0559,51.9549],[1.0564,51.9558],[1.057,51.9595],[1.0569,51.96],[1.0576,51.9624],[1.0584,51.9641],[1.0575,51.966],[1.0587,51.9666],[1.0586,51.9674],[1.0549,51.9679],[1.0525,51.9684],[1.0509,51.969],[1.0483,51.9691],[1.0467,51.9696],[1.0453,51.9703],[1.0435,51.9719],[1.0452,51.9723],[1.0441,51.974],[1.0335,51.9722],[1.0293,51.9719],[1.0271,51.9713],[1.0258,51.9725],[1.026,51.9735],[1.0239,51.975],[1.0218,51.976],[1.0199,51.9763],[1.0183,51.976],[1.0169,51.9764],[1.0153,51.9754],[1.0123,51.9724],[1.0113,51.9733],[1.01,51.9755],[1.0099,51.9771],[1.0088,51.9784],[1.007,51.9796],[1.0052,51.98],[1.0021,51.98],[1.0001,51.981],[0.9989,51.9821],[0.9997,51.9828],[0.9952,51.9827],[0.9936,51.9831],[0.9906,51.9853],[0.9899,51.9856],[0.9873,51.9859],[0.9842,51.986],[0.9798,51.9872],[0.9765,51.9872],[0.9766,51.9885],[0.9779,51.9907],[0.9803,51.9913],[0.9822,51.9927],[0.9807,51.9932],[0.982,51.9946],[0.9832,51.9952],[0.9816,51.9964],[0.9788,51.9983],[0.9742,52.0007],[0.9716,52.0026],[0.9738,52.0043],[0.9757,52.0041],[0.9765,52.0056],[0.9773,52.0055],[0.9799,52.0059],[0.9813,52.0077],[0.9799,52.0087],[0.9808,52.01],[0.9827,52.0105],[0.9835,52.0115],[0.9816,52.0128],[0.9778,52.0123],[0.9753,52.0116],[0.9732,52.0114],[0.9718,52.0109],[0.9695,52.0106],[0.9674,52.01],[0.967,52.0111],[0.9657,52.0114],[0.9613,52.0111],[0.9585,52.0108],[0.957,52.0098],[0.9512,52.009],[0.9504,52.0092],[0.9477,52.0088],[0.9396,52.0093],[0.9396,52.008],[0.9366,52.0077],[0.9346,52.0077],[0.9334,52.0081],[0.9288,52.0084],[0.9277,52.0077],[0.9246,52.0072],[0.9224,52.0077],[0.9195,52.0081],[0.9172,52.008],[0.9161,52.0092],[0.9155,52.0104],[0.9159,52.0114],[0.9141,52.0117],[0.9127,52.0126],[0.9134,52.0133],[0.9128,52.0146],[0.91,52.0131],[0.9048,52.0135],[0.9043,52.013],[0.902,52.0138],[0.9016,52.015],[0.9019,52.016],[0.899,52.0165],[0.8994,52.018],[0.8985,52.0184],[0.8967,52.0178],[0.8972,52.0164],[0.8942,52.016],[0.8941,52.0144],[0.8938,52.0134],[0.8924,52.0113],[0.8913,52.0114],[0.8882,52.0137],[0.8844,52.0154],[0.88,52.0163],[0.8793,52.0167],[0.8778,52.0187],[0.8785,52.02],[0.8783,52.0208],[0.8754,52.0225],[0.8745,52.0223],[0.8734,52.0211],[0.872,52.0208],[0.8711,52.0197],[0.8682,52.0199],[0.8667,52.0188],[0.865,52.0199],[0.862,52.0192],[0.8608,52.0197],[0.8569,52.017],[0.8562,52.0153],[0.8546,52.0131],[0.8534,52.0111],[0.8545,52.01],[0.8552,52.0081],[0.8564,52.0068],[0.8564,52.0052],[0.8599,52.0039],[0.8616,52.0031],[0.8648,52.0021],[0.8645,52.0009],[0.8629,51.998],[0.8631,51.9972],[0.8643,51.9962],[0.8641,51.995],[0.8619,51.9947],[0.8544,51.9933],[0.8556,51.9916],[0.8569,51.9877],[0.8542,51.9882],[0.8539,51.9867],[0.8524,51.986],[0.8468,51.9864],[0.8462,51.9854],[0.8474,51.9843],[0.85,51.983],[0.8516,51.9825],[0.851,51.9818],[0.8489,51.9819],[0.8477,51.9816],[0.8428,51.9813],[0.8402,51.9809],[0.8398,51.9814],[0.8378,51.9809],[0.8323,51.9805],[0.8317,51.9809],[0.8299,51.9808],[0.8267,51.9809],[0.824,51.9806],[0.8202,51.9798],[0.8152,51.9793],[0.8133,51.9792],[0.8096,51.9795],[0.8092,51.9805],[0.8093,51.9819],[0.811,51.982],[0.8111,51.9813],[0.8124,51.9813],[0.8136,51.9817],[0.8142,51.9829],[0.8183,51.9836],[0.8173,51.985],[0.8179,51.9862],[0.817,51.9874],[0.8181,51.9889],[0.8196,51.9885],[0.8197,51.9902],[0.8211,51.9925],[0.8196,51.9936],[0.8176,51.9937],[0.817,51.9929],[0.8161,51.99],[0.8139,51.9905],[0.8125,51.9905],[0.8098,51.991],[0.8094,51.9888],[0.8049,51.988],[0.8048,51.9893],[0.8042,51.9894],[0.8036,51.9871],[0.8035,51.9847],[0.804,51.9834],[0.8034,51.9828],[0.8,51.9825],[0.7975,51.9817],[0.7951,51.9806],[0.7951,51.9787],[0.7957,51.9774],[0.7976,51.9745],[0.7971,51.9744],[0.7963,51.971],[0.7973,51.9703],[0.799,51.9682],[0.7993,51.9668],[0.801,51.9646],[0.799,51.9636],[0.7998,51.9624],[0.8035,51.9621],[0.8031,51.9612],[0.8016,51.9615],[0.8003,51.9613],[0.7996,51.9593],[0.7978,51.9568],[0.7975,51.9555],[0.7978,51.9548],[0.8001,51.9535],[0.8013,51.9531],[0.8027,51.9523],[0.803,51.9515],[0.8053,51.9516],[0.8094,51.9513],[0.8096,51.9511],[0.8123,51.9509],[0.8149,51.9505],[0.8152,51.952],[0.8174,51.9506],[0.8169,51.9498],[0.8171,51.9488],[0.8204,51.9491],[0.8217,51.949],[0.826,51.9493],[0.8297,51.949],[0.8346,51.9491],[0.8369,51.9499],[0.8394,51.9501],[0.8415,51.9501],[0.8473,51.9493],[0.8498,51.9486],[0.8509,51.9486],[0.8532,51.9476],[0.8545,51.9476],[0.8545,51.9458],[0.8568,51.9454],[0.8581,51.9453],[0.858,51.9465],[0.8592,51.9464],[0.8612,51.9457],[0.8619,51.946],[0.8631,51.9474],[0.8632,51.9496],[0.8661,51.9497],[0.8666,51.9511],[0.8648,51.9517],[0.8659,51.9532],[0.8682,51.955],[0.8715,51.9556],[0.8718,51.955],[0.8713,51.9536],[0.872,51.9519],[0.8747,51.9499],[0.8755,51.9476],[0.8768,51.9485],[0.8825,51.9516],[0.8836,51.9527],[0.8874,51.955],[0.8879,51.9547],[0.8898,51.9525],[0.8926,51.9521],[0.8938,51.9521],[0.8953,51.957],[0.8957,51.958],[0.8985,51.9584],[0.9029,51.9597],[0.9054,51.9602],[0.9072,51.9608]]]},"properties":{"name":"Dedham Vale","kind":"national_landscape"},"id":9},
{"type":"Feature","geometry":{"type":"Polygon","coordinates":[[[-1.9607,52.7679],[-1.9599,52.7683],[-1.9651,52.7705],[-1.965,52.7713],[-1.9663,52.7737],[-1.9654,52.7743],[-1.9655,52.7758],[-1.9637,52.7766],[-1.9665,52.7768],[-1.9672,52.7774],[-1.9669,52.779],[-1.9707,52.78],[-1.9718,52.7823],[-1.9731,52.7819],[-1.9752,52.782],[-1.9763,52.7822],[-1.9787,52.7833],[-1.9794,52.7848],[-1.9803,52.7856],[-1.9817,52.7862],[-1.9873,52.7872],[-1.9884,52.7877],[-1.9954,52.7892],[-1.9942,52.791],[-1.9957,52.7913],[-1.9989,52.7928],[-2.0003,52.7939],[-2.0011,52.7959],[-2.0035,52.7991],[-2.0053,52.8012],[-2.006,52.8016],[-2.0073,52.8011],[-2.0076,52.8019],[-2.0088,52.803],[-2.009,52.8039],[-2.0109,52.8042],[-2.0181,52.8046],[-2.0182,52.8062],[-2.0203,52.807],[-2.0233,52.8066],[-2.0244,52.8063],[-2.0272,52.8043],[-2.0297,52.8035],[-2.0312,52.8045],[-2.0323,52.8062],[-2.0351,52.8056],[-2.0359,52.8052],[-2.0344,52.804],[-2.0369,52.8035],[-2.0383,52.803],[-2.0415,52.8026],[-2.0412,52.8008],[-2.0393,52.8011],[-2.039,52.7986],[-2.0378,52.7985],[-2.0378,52.7969],[-2.0382,52.7946],[-2.0385,52.7915],[-2.039,52.7908],[-2.039,52.7898],[-2.0414,52.7894],[-2.0445,52.7891],[-2.048,52.7892],[-2.0505,52.7895],[-2.0536,52.7901],[-2.0539,52.7889],[-2.0575,52.7895],[-2.0584,52.7882],[-2.0574,52.7879],[-2.0581,52.7865],[-2.0568,52.7863],[-2.055,52.7855],[-2.0558,52.7847],[-2.0577,52.7819],[-2.0588,52.7807],[-2.059,52.7798],[-2.0582,52.7788],[-2.0583,52.778],[-2.0592,52.7769],[-2.0593,52.7754],[-2.0569,52.7751],[-2.0549,52.7733],[-2.0545,52.7723],[-2.0526,52.7717],[-2.0552,52.7683],[-2.0556,52.768],[-2.0532,52.7659],[-2.0525,52.7644],[-2.052,52.7615],[-2.052,52.7598],[-2.0525,52.7545],[-2.0517,52.7517],[-2.0517,52.7508],[-2.0521,52.7473],[-2.0518,52.7432],[-2.0493,52.7328],[-2.0487,52.7321],[-2.0463,52.7309],[-2.0434,52.7272],[-2.0404,52.7251],[-2.039,52.7235],[-2.0349,52.7228],[-2.035,52.7225],[-2.0323,52.7223],[-2.033,52.72],[-2.0325,52.7192],[-2.0356,52.7184],[-2.0348,52.7167],[-2.0346,52.7141],[-2.0339,52.7141],[-2.0337,52.7109],[-2.0351,52.7108],[-2.0352,52.7094],[-2.0341,52.7074],[-2.0405,52.706],[-2.0414,52.7078],[-2.0414,52.7085],[-2.0428,52.7101],[-2.0439,52.7099],[-2.0438,52.709],[-2.0444,52.7079],[-2.0454,52.7074],[-2.0466,52.708],[-2.0461,52.7085],[-2.0468,52.7091],[-2.0486,52.7086],[-2.0499,52.7075],[-2.0533,52.7079],[-2.0548,52.7058],[-2.0578,52.7032],[-2.0611,52.6994],[-2.0623,52.6988],[-2.0632,52.6977],[-2.0652,52.6957],[-2.0625,52.6939],[-2.0614,52.6937],[-2.0622,52.6913],[-2.0582,52.6914],[-2.0562,52.6911],[-2.0544,52.6903],[-2.052,52.6913],[-2.0476,52.6943],[-2.0451,52.698],[-2.0426,52.7],[-2.041,52.7016],[-2.0365,52.7037],[-2.0327,52.7046],[-2.0311,52.7051],[-2.0308,52.7071],[-2.0309,52.7095],[-2.0306,52.7125],[-2.0293,52.7154],[-2.0282,52.7194],[-2.0263,52.7247],[-2.0268,52.7259],[-2.0185,52.7256],[-2.0174,52.7281],[-2.0152,52.7263],[-2.0059,52.7216],[-2.0009,52.7194],[-1.9977,52.7186],[-1.9949,52.7214],[-1.993,52.7209],[-1.9922,52.7215],[-1.9918,52.7224],[-1.9931,52.7251],[-1.9924,52.7253],[-1.9921,52.7264],[-1.9928,52.7291],[-1.9914,52.7296],[-1.9898,52.7285],[-1.9879,52.7274],[-1.9867,52.7275],[-1.9802,52.7299],[-1.9774,52.7271],[-1.9881,52.7224],[-1.9918,52.7203],[-1.9917,52.719],[-1.9928,52.7169],[-1.9912,52.7168],[-1.9889,52.7171],[-1.9869,52.717],[-1.9839,52.7163],[-1.9826,52.7158],[-1.9765,52.7128],[-1.9744,52.7122],[-1.9707,52.7119],[-1.9678,52.7113],[-1.9649,52.71],[-1.963,52.71],[-1.9586,52.712],[-1.9574,52.7121],[-1.9564,52.7131],[-1.9556,52.7133],[-1.953,52.7128],[-1.951,52.712],[-1.9462,52.7114],[-1.9479,52.7093],[-1.9512,52.7074],[-1.9516,52.7069],[-1.9515,52.7053],[-1.9484,52.7041],[-1.9459,52.7029],[-1.9445,52.7014],[-1.9442,52.7003],[-1.9446,52.6981],[-1.9413,52.6968],[-1.9386,52.6961],[-1.9363,52.6958],[-1.9336,52.6962],[-1.933,52.6972],[-1.9299,52.695],[-1.9278,52.6944],[-1.9255,52.6942],[-1.9235,52.6934],[-1.9193,52.6939],[-1.9172,52.6939],[-1.9133,52.6945],[-1.9118,52.6952],[-1.9134,52.6969],[-1.915,52.7002],[-1.9164,52.7017],[-1.9165,52.7028],[-1.9159,52.7039],[-1.9149,52.7044],[-1.9158,52.7054],[-1.9171,52.7055],[-1.9192,52.7063],[-1.9209,52.7078],[-1.9176,52.7091],[-1.9166,52.7092],[-1.9155,52.7107],[-1.911,52.7109],[-1.9093,52.7117],[-1.904,52.7135],[-1.9025,52.7141],[-1.9016,52.7163],[-1.9017,52.7176],[-1.9026,52.7196],[-1.9037,52.7209],[-1.9083,52.7207],[-1.9099,52.721],[-1.91,52.722],[-1.9088,52.724],[-1.909,52.7248],[-1.9077,52.7251],[-1.9069,52.7268],[-1.9067,52.7287],[-1.9085,52.7304],[-1.9112,52.7299],[-1.9132,52.7291],[-1.9153,52.7293],[-1.9168,52.7291],[-1.9167,52.7283],[-1.919,52.7284],[-1.9189,52.7291],[-1.9196,52.73],[-1.9195,52.7314],[-1.9206,52.7322],[-1.9244,52.7308],[-1.9266,52.7336],[-1.9272,52.7348],[-1.9255,52.7357],[-1.9258,52.7369],[-1.9269,52.7375],[-1.928,52.7376],[-1.9295,52.7404],[-1.9297,52.7412],[-1.9307,52.7416],[-1.9305,52.7422],[-1.9327,52.744],[-1.9337,52.7437],[-1.9343,52.7445],[-1.9334,52.7458],[-1.9341,52.7471],[-1.9354,52.747],[-1.9432,52.7456],[-1.9455,52.7457],[-1.9482,52.747],[-1.9499,52.7482],[-1.9527,52.7492],[-1.9551,52.7509],[-1.9571,52.7513],[-1.9585,52.7529],[-1.9576,52.7554],[-1.9553,52.7577],[-1.953,52.7589],[-1.9508,52.7598],[-1.9526,52.7602],[-1.9566,52.7607],[-1.957,52.761],[-1.9569,52.7629],[-1.9585,52.7632],[-1.9589,52.7658],[-1.9589,52.7667],[-1.9607,52.7679]]]},"properties":{"name":"Cannock Chase","kind":"national_landscape"},"id":10},
{"type":"Feature","geometry":{"type":"Polygon","coordinates":[[[-0.089,53.4572],[-0.0933,53.46],[-0.0952,53.4614],[-0.099,53.4633],[-0.1031,53.4657],[-0.1048,53.467],[-0.1068,53.4689],[-0.1093,53.4711],[-0.1125,53.4735],[-0.1151,53.4752],[-0.1185,53.4771],[-0.1206,53.4789],[-0.1222,53.481],[-0.1263,53.4844],[-0.128,53.4863],[-0.1312,53.4889],[-0.1354,53.4912],[-0.1368,53.4921],[-0.1392,53.4949],[-0.1409,53.4983],[-0.1433,53.5004],[-0.1471,53.5042],[-0.1477,53.5051],[-0.1501,53.5064],[-0.1541,53.5092],[-0.1551,53.5101],[-0.1567,53.512],[-0.1584,53.5137],[-0.162,53.5186],[-0.1621,53.5205],[-0.1631,53.5233],[-0.1645,53.5249],[-0.1675,53.5262],[-0.1699,53.528],[-0.1709,53.5277],[-0.1718,53.5284],[-0.1741,53.5279],[-0.1758,53.5297],[-0.1767,53.5293],[-0.1778,53.5302],[-0.1787,53.5298],[-0.1814,53.5315],[-0.1826,53.532],[-0.1832,53.5317],[-0.1845,53.532],[-0.1868,53.5333],[-0.1881,53.5327],[-0.1884,53.532],[-0.1897,53.5307],[-0.1935,53.5297],[-0.195,53.5286],[-0.1961,53.5284],[-0.1983,53.5274],[-0.1984,53.5266],[-0.1969,53.5246],[-0.2021,53.5235],[-0.2074,53.522],[-0.2113,53.5208],[-0.2159,53.5186],[-0.2171,53.5176],[-0.2236,53.512],[-0.2264,53.5109],[-0.2281,53.5106],[-0.236,53.5102],[-0.2389,53.5091],[-0.2484,53.5058],[-0.2532,53.5052],[-0.2627,53.5034],[-0.2757,53.5008],[-0.2774,53.5008],[-0.2816,53.5016],[-0.2826,53.5015],[-0.2838,53.5008],[-0.2855,53.5003],[-0.2881,53.4999],[-0.3038,53.4979],[-0.305,53.4969],[-0.3051,53.4952],[-0.3048,53.493],[-0.304,53.491],[-0.3036,53.4882],[-0.3028,53.4866],[-0.3073,53.4859],[-0.3113,53.4857],[-0.316,53.4858],[-0.3226,53.4869],[-0.3242,53.4868],[-0.3255,53.486],[-0.3273,53.4867],[-0.3295,53.4866],[-0.3313,53.4856],[-0.3338,53.4849],[-0.3366,53.4838],[-0.3379,53.4828],[-0.34,53.4807],[-0.3444,53.4769],[-0.3465,53.4753],[-0.3481,53.4657],[-0.3495,53.46],[-0.3501,53.4575],[-0.3536,53.4569],[-0.3504,53.4496],[-0.3497,53.4484],[-0.348,53.448],[-0.3452,53.4466],[-0.338,53.4456],[-0.3364,53.4451],[-0.3328,53.4427],[-0.3307,53.4402],[-0.3289,53.4384],[-0.3282,53.4364],[-0.3286,53.4354],[-0.328,53.4338],[-0.3259,53.4325],[-0.3279,53.4311],[-0.3315,53.4289],[-0.333,53.4264],[-0.331,53.4259],[-0.3288,53.4246],[-0.3283,53.4237],[-0.3268,53.4229],[-0.3244,53.4222],[-0.3231,53.4215],[-0.3217,53.4215],[-0.3207,53.421],[-0.3161,53.4203],[-0.3119,53.4199],[-0.3085,53.4194],[-0.307,53.4195],[-0.3043,53.4202],[-0.3017,53.4183],[-0.3014,53.4165],[-0.2988,53.4165],[-0.2956,53.4161],[-0.2956,53.4155],[-0.2986,53.4146],[-0.2977,53.4134],[-0.2941,53.4124],[-0.2927,53.4122],[-0.2879,53.4104],[-0.284,53.4097],[-0.2826,53.4078],[-0.2789,53.4056],[-0.2782,53.4037],[-0.2756,53.4021],[-0.2744,53.3991],[-0.2764,53.3988],[-0.2763,53.3983],[-0.2735,53.3953],[-0.2733,53.3949],[-0.2719,53.3944],[-0.2707,53.3929],[-0.2718,53.3922],[-0.2717,53.3914],[-0.2723,53.3892],[-0.2715,53.3869],[-0.27,53.3804],[-0.2658,53.3802],[-0.2604,53.3803],[-0.2561,53.3799],[-0.2543,53.3789],[-0.2535,53.3765],[-0.2537,53.374],[-0.2526,53.3722],[-0.2514,53.3696],[-0.2509,53.3691],[-0.2474,53.3685],[-0.2451,53.3676],[-0.2425,53.3673],[-0.2405,53.3661],[-0.2403,53.3655],[-0.2412,53.3638],[-0.2399,53.3623],[-0.238,53.3586],[-0.237,53.356],[-0.2334,53.3535],[-0.2319,53.3514],[-0.2339,53.3511],[-0.2352,53.3505],[-0.2408,53.3491],[-0.2426,53.3482],[-0.2434,53.3473],[-0.2445,53.3474],[-0.2457,53.3467],[-0.2476,53.3461],[-0.2508,53.3454],[-0.251,53.3448],[-0.2538,53.3442],[-0.2559,53.3441],[-0.2556,53.3417],[-0.2557,53.3405],[-0.2539,53.3379],[-0.2531,53.3372],[-0.2506,53.3342],[-0.2498,53.3336],[-0.2512,53.3328],[-0.249,53.3318],[-0.245,53.3294],[-0.2424,53.3272],[-0.241,53.3269],[-0.2376,53.328],[-0.2363,53.3282],[-0.2342,53.3294],[-0.2336,53.3303],[-0.2287,53.3329],[-0.2235,53.3353],[-0.2203,53.3375],[-0.2191,53.3387],[-0.2171,53.3398],[-0.2156,53.3392],[-0.2089,53.3355],[-0.2079,53.3344],[-0.2069,53.3341],[-0.2045,53.3322],[-0.2006,53.3293],[-0.1982,53.3271],[-0.1951,53.3254],[-0.1928,53.3238],[-0.1901,53.3211],[-0.1891,53.3199],[-0.1873,53.3187],[-0.1865,53.3176],[-0.1855,53.3171],[-0.1836,53.3174],[-0.1808,53.3161],[-0.1773,53.3142],[-0.1735,53.3144],[-0.1724,53.3116],[-0.1696,53.3073],[-0.1687,53.3049],[-0.167,53.3033],[-0.1659,53.2999],[-0.1645,53.2975],[-0.1622,53.2943],[-0.1622,53.2933],[-0.1631,53.292],[-0.1637,53.2897],[-0.1637,53.2881],[-0.1629,53.2867],[-0.1624,53.2832],[-0.1636,53.2802],[-0.1626,53.2801],[-0.1568,53.2788],[-0.1521,53.2782],[-0.1492,53.2777],[-0.146,53.277],[-0.1432,53.276],[-0.1339,53.2747],[-0.1234,53.2725],[-0.1169,53.2713],[-0.1146,53.271],[-0.1115,53.2705],[-0.1038,53.2688],[-0.0992,53.268],[-0.0973,53.2675],[-0.0931,53.267],[-0.0914,53.2652],[-0.0907,53.264],[-0.0903,53.262],[-0.0904,53.2606],[-0.0899,53.2584],[-0.0902,53.2568],[-0.0915,53.2524],[-0.0919,53.2516],[-0.0951,53.2472],[-0.095,53.2467],[-0.084,53.2442],[-0.0861,53.2427],[-0.0836,53.2411],[-0.0814,53.2384],[-0.0809,53.2369],[-0.0818,53.2356],[-0.0799,53.2342],[-0.0821,53.2328],[-0.0831,53.2319],[-0.0797,53.2316],[-0.0765,53.2318],[-0.0756,53.2317],[-0.0742,53.23],[-0.0723,53.2287],[-0.0734,53.2271],[-0.0702,53.2272],[-0.0697,53.2265],[-0.0671,53.2265],[-0.0641,53.2232],[-0.0612,53.2188],[-0.0594,53.2152],[-0.0572,53.2155],[-0.0552,53.2162],[-0.0534,53.2171],[-0.0518,53.2187],[-0.049,53.2205],[-0.0477,53.2209],[-0.044,53.2215],[-0.0427,53.2195],[-0.0418,53.2169],[-0.0426,53.2163],[-0.0412,53.2137],[-0.0409,53.2112],[-0.0404,53.2097],[-0.0403,53.2077],[-0.04,53.2075],[-0.036,53.2071],[-0.0324,53.2072],[-0.0275,53.2077],[-0.0171,53.2092],[-0.0151,53.2091],[-0.0105,53.2078],[-0.0056,53.2068],[-0.0011,53.2062],[0.0021,53.2062],[0.0037,53.2064],[0.0052,53.207],[0.0071,53.2068],[0.01,53.2068],[0.0171,53.2061],[0.0216,53.2045],[0.0263,53.2026],[0.0285,53.2018],[0.0308,53.2017],[0.0349,53.2025],[0.0374,53.2026],[0.0405,53.2024],[0.0424,53.2021],[0.0446,53.2023],[0.0483,53.2035],[0.0522,53.2045],[0.0554,53.2046],[0.0587,53.2043],[0.0601,53.204],[0.0645,53.2028],[0.067,53.202],[0.0729,53.1989],[0.0763,53.1979],[0.0792,53.1973],[0.0823,53.1963],[0.0858,53.1957],[0.0874,53.1978],[0.0896,53.1987],[0.0927,53.2016],[0.0957,53.2048],[0.0972,53.2062],[0.0995,53.2051],[0.1004,53.2035],[0.1012,53.2017],[0.1026,53.2008],[0.1054,53.1993],[0.1076,53.1975],[0.1093,53.1953],[0.1119,53.1951],[0.1134,53.1954],[0.1153,53.1951],[0.1183,53.1959],[0.1187,53.1954],[0.1202,53.1949],[0.1203,53.1945],[0.1239,53.1941],[0.1281,53.1945],[0.1309,53.1944],[0.1309,53.1928],[0.1299,53.1907],[0.1338,53.1902],[0.1376,53.189],[0.1425,53.1887],[0.1457,53.1877],[0.1491,53.1862],[0.1507,53.1857],[0.152,53.1857],[0.1554,53.1849],[0.1608,53.1845],[0.163,53.185],[0.1642,53.1848],[0.1669,53.1841],[0.1687,53.184],[0.1722,53.184],[0.1757,53.1845],[0.1765,53.1841],[0.1789,53.1837],[0.1879,53.1832],[0.1919,53.1829],[0.1939,53.1836],[0.1945,53.1842],[0.1951,53.1871],[0.1978,53.1914],[0.1993,53.1928],[0.1992,53.1949],[0.2002,53.1953],[0.2029,53.195],[0.2042,53.1951],[0.2045,53.1963],[0.2054,53.1967],[0.2052,53.1977],[0.2043,53.1991],[0.2033,53.199],[0.203,53.1999],[0.2036,53.2022],[0.2035,53.2042],[0.2013,53.2081],[0.2011,53.2098],[0.1994,53.2115],[0.1998,53.212],[0.1997,53.2131],[0.2012,53.2137],[0.2015,53.2149],[0.1974,53.2205],[0.1969,53.2213],[0.1911,53.2204],[0.19,53.2225],[0.1884,53.2222],[0.1878,53.2234],[0.1858,53.2234],[0.1831,53.2229],[0.1816,53.2249],[0.1801,53.2262],[0.1793,53.2276],[0.178,53.2284],[0.1756,53.2281],[0.1749,53.2287],[0.1731,53.2282],[0.1725,53.2288],[0.1723,53.2306],[0.1716,53.2314],[0.1707,53.2319],[0.1697,53.2329],[0.1681,53.2339],[0.1667,53.2343],[0.1649,53.236],[0.1625,53.2376],[0.1612,53.2394],[0.1585,53.2424],[0.1577,53.2435],[0.155,53.2462],[0.152,53.2485],[0.1496,53.2501],[0.1476,53.2517],[0.1463,53.2531],[0.1436,53.2555],[0.1357,53.2594],[0.1303,53.2617],[0.1275,53.263],[0.1248,53.2627],[0.1204,53.2633],[0.1187,53.2639],[0.1145,53.2668],[0.1136,53.268],[0.1108,53.2692],[0.1082,53.2707],[0.1052,53.2718],[0.1037,53.2727],[0.1047,53.2746],[0.1065,53.2754],[0.1073,53.2761],[0.1058,53.2771],[0.1025,53.2785],[0.0994,53.2791],[0.0991,53.2801],[0.0981,53.2812],[0.0959,53.2852],[0.0929,53.2874],[0.092,53.2879],[0.0862,53.2893],[0.0877,53.292],[0.0861,53.293],[0.0847,53.2944],[0.0828,53.2957],[0.0813,53.2975],[0.0779,53.2997],[0.0754,53.302],[0.0705,53.3054],[0.0672,53.307],[0.0664,53.3083],[0.0652,53.3095],[0.0643,53.3108],[0.0627,53.3118],[0.0617,53.3118],[0.0603,53.313],[0.0591,53.3127],[0.0567,53.3128],[0.0552,53.3134],[0.054,53.316],[0.0512,53.3187],[0.0505,53.3196],[0.0484,53.3195],[0.0477,53.3201],[0.0466,53.3218],[0.0451,53.323],[0.0441,53.325],[0.0415,53.3271],[0.0396,53.3303],[0.0388,53.3307],[0.0365,53.3324],[0.0361,53.3331],[0.0342,53.3344],[0.0328,53.3351],[0.0334,53.3356],[0.0365,53.3371],[0.0357,53.3384],[0.0333,53.3406],[0.0292,53.3447],[0.0291,53.3456],[0.027,53.3473],[0.0256,53.3483],[0.0247,53.3484],[0.0174,53.346],[0.0135,53.345],[0.0106,53.3446],[0.0104,53.3442],[0.0072,53.3417],[0.0054,53.3432],[0.0034,53.3442],[0.0027,53.3451],[0.0014,53.3457],[0.0009,53.3471],[0.0006,53.3499],[0.0002,53.3509],[-0.0018,53.3529],[-0.0024,53.3543],[-0.0023,53.3562],[-0.0055,53.3562],[-0.0078,53.3591],[-0.0089,53.3586],[-0.0115,53.3582],[-0.0127,53.3578],[-0.0144,53.3596],[-0.0132,53.3605],[-0.0138,53.3622],[-0.0151,53.364],[-0.0168,53.3635],[-0.0186,53.3626],[-0.0208,53.363],[-0.022,53.3641],[-0.0242,53.3639],[-0.0247,53.3646],[-0.0232,53.3648],[-0.0184,53.3664],[-0.0193,53.3681],[-0.0189,53.3693],[-0.0191,53.3707],[-0.0215,53.3738],[-0.0221,53.3749],[-0.0246,53.3747],[-0.025,53.3758],[-0.0294,53.3757],[-0.0291,53.377],[-0.0289,53.3809],[-0.0269,53.3832],[-0.0258,53.3846],[-0.0236,53.3847],[-0.0235,53.3855],[-0.024,53.3869],[-0.0211,53.3875],[-0.0184,53.3882],[-0.0195,53.3895],[-0.0201,53.3909],[-0.0207,53.3949],[-0.022,53.3975],[-0.022,53.4001],[-0.0227,53.4022],[-0.0218,53.4047],[-0.0219,53.4069],[-0.0229,53.4087],[-0.0254,53.4102],[-0.0265,53.4115],[-0.0267,53.4135],[-0.0277,53.416],[-0.0297,53.4185],[-0.0312,53.42],[-0.0317,53.421],[-0.0357,53.4199],[-0.0371,53.4193],[-0.0383,53.4194],[-0.0394,53.4189],[-0.0433,53.4181],[-0.0451,53.4176],[-0.0463,53.4192],[-0.0474,53.4194],[-0.0484,53.4205],[-0.0524,53.4234],[-0.0545,53.4257],[-0.0573,53.4282],[-0.0587,53.4298],[-0.0616,53.4321],[-0.065,53.4341],[-0.0671,53.4337],[-0.0676,53.4339],[-0.0703,53.4366],[-0.0706,53.4373],[-0.0728,53.4395],[-0.0737,53.441],[-0.0788,53.4468],[-0.0802,53.448],[-0.082,53.4503],[-0.0829,53.4523],[-0.0848,53.4546],[-0.0864,53.4558],[-0.089,53.4572]]]},"properties":{"name":"Lincolnshire Wolds","kind":"national_landscape"},"id":11},
{"type":"Feature","geometry":{"type":"MultiPolygon","coordinates":[[[[-1.1342,51.5651],[-1.1348,51.5645],[-1.1385,51.5635],[-1.1416,51.561],[-1.1423,51.5596],[-1.1421,51.5591],[-1.1428,51.5575],[-1.1448,51.556],[-1.1458,51.555],[-1.1469,51.5529],[-1.147,51.5514],[-1.1463,51.5497],[-1.1452,51.5486],[-1.1418,51.5438],[-1.1388,51.5419],[-1.1363,51.5399],[-1.1348,51.5368],[-1.1345,51.5357],[-1.1346,51.533],[-1.1352,51.5325],[-1.1366,51.5302],[-1.1375,51.5293],[-1.1381,51.5274],[-1.14,51.5258],[-1.1435,51.5234],[-1.1439,51.5219],[-1.1438,51.5209],[-1.1432,51.52],[-1.1423,51.5166],[-1.141,51.5152],[-1.1389,51.5143],[-1.1347,51.5116],[-1.1338,51.5113],[-1.1277,51.5119],[-1.126,51.5117],[-1.1229,51.512],[-1.1193,51.5118],[-1.118,51.5116],[-1.1148,51.5105],[-1.1122,51.5088],[-1.1094,51.5053],[-1.1076,51.502],[-1.107,51.5011],[-1.108,51.5007],[-1.1073,51.4996],[-1.1064,51.4969],[-1.1045,51.4928],[-1.1035,51.4911],[-1.1022,51.4898],[-1.1007,51.4891],[-1.0952,51.4875],[-1.091,51.4864],[-1.0898,51.4858],[-1.0879,51.4858],[-1.0823,51.4872],[-1.0777,51.4878],[-1.0765,51.4881],[-1.0731,51.4895],[-1.0685,51.49],[-1.0671,51.4905],[-1.0592,51.4919],[-1.0552,51.4921],[-1.0523,51.492],[-1.0501,51.4915],[-1.0486,51.4908],[-1.0441,51.4896],[-1.0426,51.4889],[-1.041,51.4878],[-1.0397,51.4866],[-1.0396,51.4861],[-1.0395,51.4851],[-1.038,51.4845],[-1.0374,51.4838],[-1.0359,51.483],[-1.0318,51.4807],[-1.0298,51.4801],[-1.0281,51.4782],[-1.0257,51.4794],[-1.0227,51.4778],[-1.0221,51.4781],[-1.018,51.4769],[-1.0154,51.476],[-1.0139,51.4757],[-1.0093,51.4742],[-1.0073,51.4739],[-1.0068,51.4735],[-1.0038,51.4733],[-1.0032,51.4744],[-1.0024,51.4742],[-1.0001,51.475],[-0.9982,51.4776],[-0.9987,51.4803],[-1.0006,51.4808],[-0.9999,51.4815],[-0.998,51.4817],[-0.9983,51.4833],[-0.9975,51.4835],[-0.9995,51.4857],[-1.0007,51.4888],[-1.0016,51.4919],[-1.0015,51.493],[-0.9977,51.4931],[-0.9971,51.4938],[-0.9954,51.4933],[-0.9945,51.4941],[-0.9934,51.4973],[-0.9926,51.4955],[-0.9914,51.4939],[-0.9889,51.4948],[-0.9848,51.4938],[-0.9839,51.494],[-0.9843,51.496],[-0.9842,51.4979],[-0.9839,51.4985],[-0.9826,51.4989],[-0.9817,51.4987],[-0.9812,51.4975],[-0.9791,51.4973],[-0.9775,51.4981],[-0.9768,51.4995],[-0.9768,51.5005],[-0.9774,51.5014],[-0.9774,51.5035],[-0.9784,51.5048],[-0.9798,51.506],[-0.9815,51.509],[-0.9828,51.5108],[-0.9853,51.5122],[-0.9867,51.5127],[-0.9879,51.5126],[-0.9907,51.5116],[-0.9917,51.5125],[-0.9933,51.5134],[-0.9928,51.514],[-0.9888,51.5144],[-0.9894,51.5153],[-0.9879,51.5166],[-0.9899,51.5174],[-0.9865,51.5195],[-0.9884,51.521],[-0.9875,51.5222],[-0.9853,51.5229],[-0.9877,51.5245],[-0.991,51.5249],[-0.9922,51.524],[-0.9927,51.5255],[-0.9907,51.527],[-0.9903,51.5267],[-0.9887,51.5278],[-0.9865,51.5264],[-0.9855,51.5255],[-0.9844,51.5259],[-0.9836,51.5251],[-0.9785,51.5234],[-0.9799,51.5219],[-0.978,51.5215],[-0.9754,51.5205],[-0.9745,51.5185],[-0.976,51.5181],[-0.9747,51.5165],[-0.976,51.5159],[-0.9748,51.5151],[-0.9757,51.5143],[-0.9748,51.5127],[-0.9734,51.5112],[-0.9709,51.5081],[-0.9693,51.5069],[-0.9687,51.5068],[-0.9651,51.5051],[-0.9628,51.5036],[-0.9557,51.5027],[-0.9534,51.5014],[-0.9504,51.5004],[-0.9458,51.4999],[-0.9439,51.4992],[-0.9405,51.5012],[-0.9349,51.5038],[-0.9334,51.5049],[-0.9298,51.5031],[-0.9279,51.502],[-0.9271,51.5023],[-0.9235,51.5026],[-0.9231,51.503],[-0.9202,51.5031],[-0.9189,51.503],[-0.9159,51.5035],[-0.9145,51.5035],[-0.9119,51.5029],[-0.9086,51.5033],[-0.9089,51.5053],[-0.9061,51.505],[-0.9049,51.5053],[-0.9042,51.507],[-0.9026,51.5084],[-0.9028,51.5102],[-0.9035,51.5123],[-0.9005,51.5131],[-0.9009,51.5139],[-0.9011,51.5161],[-0.9018,51.5172],[-0.9018,51.5185],[-0.903,51.519],[-0.9032,51.5198],[-0.9002,51.5208],[-0.8989,51.5216],[-0.9,51.5224],[-0.9025,51.5217],[-0.9072,51.5212],[-0.9113,51.5217],[-0.9153,51.5211],[-0.9188,51.5208],[-0.9196,51.5211],[-0.9185,51.5231],[-0.9209,51.5236],[-0.9224,51.5245],[-0.9233,51.5255],[-0.9239,51.5269],[-0.9275,51.5283],[-0.9291,51.5286],[-0.9281,51.5322],[-0.9268,51.5322],[-0.925,51.5315],[-0.9234,51.5315],[-0.9233,51.5309],[-0.9209,51.5313],[-0.9201,51.5318],[-0.9171,51.5325],[-0.9156,51.5338],[-0.9173,51.534],[-0.9209,51.5357],[-0.9221,51.5365],[-0.9191,51.5363],[-0.9175,51.5361],[-0.9147,51.5386],[-0.9164,51.539],[-0.9188,51.5404],[-0.9167,51.5418],[-0.9151,51.5418],[-0.9151,51.5424],[-0.9165,51.544],[-0.9189,51.5458],[-0.921,51.5464],[-0.9219,51.5464],[-0.9253,51.5479],[-0.9238,51.549],[-0.9228,51.5484],[-0.92,51.5481],[-0.918,51.5489],[-0.9118,51.5447],[-0.9082,51.5432],[-0.9076,51.5443],[-0.9044,51.5433],[-0.8986,51.5428],[-0.8974,51.5441],[-0.8953,51.5473],[-0.8937,51.5493],[-0.8917,51.5528],[-0.8896,51.556],[-0.8881,51.5586],[-0.887,51.5597],[-0.8852,51.5607],[-0.8826,51.5617],[-0.8811,51.5621],[-0.8775,51.562],[-0.8755,51.5617],[-0.8728,51.5603],[-0.8729,51.56],[-0.8709,51.5586],[-0.8699,51.5571],[-0.8676,51.5559],[-0.8647,51.5528],[-0.8632,51.5494],[-0.8617,51.5487],[-0.8605,51.5484],[-0.8556,51.5483],[-0.8532,51.5475],[-0.8507,51.5465],[-0.8465,51.5451],[-0.843,51.5448],[-0.8411,51.5451],[-0.8384,51.5469],[-0.8369,51.547],[-0.8356,51.5467],[-0.8344,51.5455],[-0.8319,51.545],[-0.8283,51.5459],[-0.8275,51.5469],[-0.8265,51.549],[-0.8253,51.55],[-0.8235,51.5506],[-0.8235,51.551],[-0.8267,51.5513],[-0.8288,51.5521],[-0.8293,51.5527],[-0.8279,51.5534],[-0.8246,51.5565],[-0.8245,51.5574],[-0.8253,51.5588],[-0.8252,51.5601],[-0.8215,51.5613],[-0.8205,51.5608],[-0.8189,51.5611],[-0.8177,51.5611],[-0.8159,51.5582],[-0.8167,51.5576],[-0.8161,51.557],[-0.8152,51.5546],[-0.8133,51.5521],[-0.8107,51.5528],[-0.8087,51.5529],[-0.8088,51.5537],[-0.8073,51.5546],[-0.8067,51.5546],[-0.804,51.5556],[-0.7996,51.5583],[-0.7966,51.5598],[-0.795,51.561],[-0.7933,51.5631],[-0.7966,51.5646],[-0.7942,51.5662],[-0.7928,51.5658],[-0.7911,51.5665],[-0.793,51.568],[-0.7915,51.5685],[-0.795,51.5705],[-0.795,51.5711],[-0.7966,51.5719],[-0.7987,51.5742],[-0.8001,51.5748],[-0.8016,51.5752],[-0.8001,51.576],[-0.8011,51.5765],[-0.8015,51.5772],[-0.7995,51.5769],[-0.7972,51.5758],[-0.7965,51.5758],[-0.7941,51.5762],[-0.7913,51.5761],[-0.7879,51.5748],[-0.7861,51.5746],[-0.7847,51.5761],[-0.7853,51.5767],[-0.7834,51.5777],[-0.7851,51.5789],[-0.7824,51.5797],[-0.7836,51.5816],[-0.7798,51.5829],[-0.7789,51.5814],[-0.7762,51.5823],[-0.7745,51.5826],[-0.7711,51.584],[-0.7696,51.5844],[-0.7675,51.584],[-0.7672,51.5834],[-0.7655,51.583],[-0.7641,51.5846],[-0.7617,51.5839],[-0.7599,51.5827],[-0.7585,51.581],[-0.7579,51.5816],[-0.7555,51.5816],[-0.752,51.5827],[-0.7472,51.5846],[-0.7455,51.5851],[-0.7423,51.5857],[-0.7396,51.586],[-0.737,51.586],[-0.7332,51.5867],[-0.7302,51.5867],[-0.7264,51.5862],[-0.7238,51.5853],[-0.7198,51.5848],[-0.7196,51.5855],[-0.718,51.5886],[-0.7156,51.5882],[-0.7147,51.5907],[-0.7125,51.5903],[-0.7117,51.5914],[-0.7101,51.593],[-0.7083,51.5935],[-0.7067,51.5955],[-0.7067,51.5961],[-0.7081,51.5969],[-0.7101,51.5959],[-0.7129,51.5973],[-0.7153,51.5992],[-0.7145,51.5998],[-0.7142,51.6008],[-0.7133,51.6007],[-0.713,51.6017],[-0.7152,51.6029],[-0.7166,51.6039],[-0.7196,51.6054],[-0.7244,51.6063],[-0.7246,51.6066],[-0.7269,51.6069],[-0.7298,51.608],[-0.7316,51.6085],[-0.7369,51.6095],[-0.7398,51.6103],[-0.7436,51.6115],[-0.7451,51.6123],[-0.7479,51.6141],[-0.7497,51.6141],[-0.7516,51.6143],[-0.7545,51.6142],[-0.7577,51.6135],[-0.7609,51.6132],[-0.7653,51.6123],[-0.7672,51.6116],[-0.7701,51.6116],[-0.7782,51.6105],[-0.7795,51.6101],[-0.7808,51.6101],[-0.7864,51.6095],[-0.7892,51.6098],[-0.7939,51.611],[-0.7966,51.6119],[-0.7973,51.611],[-0.7973,51.6097],[-0.7954,51.6093],[-0.7962,51.6074],[-0.8005,51.6071],[-0.804,51.6063],[-0.8056,51.6046],[-0.8062,51.6047],[-0.8086,51.6061],[-0.8124,51.6073],[-0.816,51.6087],[-0.8176,51.6106],[-0.8165,51.6118],[-0.8162,51.6135],[-0.8163,51.615],[-0.8124,51.6145],[-0.811,51.6142],[-0.8055,51.614],[-0.8024,51.6138],[-0.8022,51.6145],[-0.7998,51.6144],[-0.7977,51.6155],[-0.7955,51.6156],[-0.7958,51.6167],[-0.7951,51.6175],[-0.7923,51.6196],[-0.7917,51.6223],[-0.7917,51.6235],[-0.7939,51.6236],[-0.7929,51.6263],[-0.7926,51.628],[-0.795,51.6281],[-0.7955,51.6295],[-0.7992,51.6298],[-0.7985,51.6326],[-0.7929,51.632],[-0.7927,51.6325],[-0.7889,51.6324],[-0.7889,51.633],[-0.7899,51.6333],[-0.793,51.6331],[-0.7939,51.6346],[-0.7911,51.6345],[-0.7884,51.635],[-0.7845,51.6367],[-0.7835,51.6387],[-0.7836,51.6393],[-0.7857,51.6402],[-0.7887,51.6411],[-0.7906,51.6416],[-0.7923,51.6423],[-0.7967,51.6446],[-0.7945,51.6456],[-0.7937,51.6456],[-0.7918,51.6442],[-0.7891,51.643],[-0.7853,51.6418],[-0.7842,51.6426],[-0.7845,51.6442],[-0.7851,51.6448],[-0.7873,51.6442],[-0.7883,51.6449],[-0.7847,51.6457],[-0.7838,51.6457],[-0.782,51.6462],[-0.7814,51.6475],[-0.7796,51.6473],[-0.7786,51.6481],[-0.7764,51.6488],[-0.7761,51.6494],[-0.775,51.6494],[-0.7723,51.6491],[-0.769,51.649],[-0.7689,51.6495],[-0.7672,51.6492],[-0.7676,51.6476],[-0.7697,51.6454],[-0.7692,51.6444],[-0.7671,51.6431],[-0.7649,51.6414],[-0.7627,51.6403],[-0.7601,51.6399],[-0.7594,51.6406],[-0.7576,51.6402],[-0.7575,51.6408],[-0.7599,51.6412],[-0.7612,51.6425],[-0.7611,51.6437],[-0.7583,51.6445],[-0.7568,51.6424],[-0.7533,51.6418],[-0.7508,51.6421],[-0.751,51.6432],[-0.7499,51.6434],[-0.7497,51.6421],[-0.7476,51.6422],[-0.7459,51.6425],[-0.7448,51.6422],[-0.7421,51.6427],[-0.7416,51.6433],[-0.7414,51.6449],[-0.7399,51.6469],[-0.7382,51.6487],[-0.7375,51.649],[-0.7339,51.6484],[-0.7331,51.6479],[-0.7314,51.6492],[-0.7292,51.6502],[-0.7277,51.6506],[-0.7205,51.6513],[-0.7192,51.6518],[-0.7184,51.6529],[-0.7171,51.6534],[-0.7163,51.6565],[-0.7177,51.6587],[-0.7186,51.6587],[-0.7187,51.6603],[-0.7235,51.6605],[-0.7239,51.6613],[-0.7218,51.6631],[-0.7214,51.6645],[-0.7204,51.6656],[-0.7183,51.6669],[-0.7173,51.6678],[-0.7147,51.6707],[-0.7132,51.67],[-0.701,51.6683],[-0.7005,51.6691],[-0.6978,51.6687],[-0.6974,51.6682],[-0.6958,51.6682],[-0.6921,51.6689],[-0.6886,51.6689],[-0.6861,51.6695],[-0.685,51.6676],[-0.6854,51.6663],[-0.6848,51.6652],[-0.6879,51.6664],[-0.6887,51.6663],[-0.689,51.6647],[-0.6906,51.6647],[-0.6903,51.6637],[-0.6879,51.6635],[-0.6882,51.6631],[-0.6908,51.6615],[-0.6888,51.6589],[-0.697,51.6571],[-0.7003,51.6561],[-0.7021,51.656],[-0.7047,51.6545],[-0.7092,51.6529],[-0.7091,51.6527],[-0.7064,51.6509],[-0.6998,51.6482],[-0.6994,51.6487],[-0.6969,51.6477],[-0.6953,51.6453],[-0.6947,51.6454],[-0.6939,51.6442],[-0.6941,51.6433],[-0.6932,51.6428],[-0.6934,51.6422],[-0.6927,51.6411],[-0.6918,51.6412],[-0.6914,51.6399],[-0.6928,51.6395],[-0.6918,51.6378],[-0.6909,51.638],[-0.6901,51.6366],[-0.6897,51.6349],[-0.6886,51.6345],[-0.6882,51.6332],[-0.6897,51.6325],[-0.6907,51.6331],[-0.692,51.6346],[-0.6932,51.6343],[-0.6955,51.6343],[-0.6954,51.6337],[-0.6962,51.6307],[-0.6975,51.6289],[-0.6993,51.6277],[-0.6995,51.6272],[-0.7018,51.6246],[-0.7027,51.621],[-0.7047,51.6197],[-0.7015,51.6186],[-0.7015,51.6177],[-0.7006,51.6175],[-0.7009,51.6155],[-0.6982,51.6146],[-0.6996,51.6129],[-0.7002,51.6125],[-0.6984,51.6114],[-0.6969,51.6119],[-0.696,51.6111],[-0.6948,51.6123],[-0.6927,51.614],[-0.6901,51.6128],[-0.6903,51.6121],[-0.6917,51.6098],[-0.692,51.6089],[-0.6908,51.6084],[-0.6887,51.6081],[-0.6872,51.6076],[-0.6848,51.6076],[-0.6845,51.6073],[-0.6814,51.6072],[-0.6812,51.6075],[-0.6774,51.6076],[-0.6758,51.6082],[-0.6751,51.6077],[-0.6745,51.6064],[-0.6734,51.6064],[-0.6697,51.6077],[-0.6675,51.608],[-0.6645,51.6094],[-0.6625,51.6098],[-0.6633,51.6104],[-0.6608,51.6108],[-0.66,51.6119],[-0.659,51.6126],[-0.6594,51.6138],[-0.6609,51.6141],[-0.6595,51.6176],[-0.6621,51.6174],[-0.6653,51.6168],[-0.6661,51.6171],[-0.6654,51.6186],[-0.6626,51.6187],[-0.6598,51.6198],[-0.659,51.6206],[-0.6602,51.6228],[-0.6603,51.624],[-0.6611,51.6253],[-0.6604,51.6261],[-0.6591,51.6257],[-0.6587,51.6263],[-0.6588,51.628],[-0.6608,51.6278],[-0.6609,51.629],[-0.6587,51.6294],[-0.6562,51.6293],[-0.6545,51.6296],[-0.654,51.6285],[-0.6532,51.6286],[-0.6527,51.6267],[-0.6513,51.6266],[-0.6524,51.6251],[-0.6506,51.6238],[-0.6463,51.6262],[-0.6453,51.6254],[-0.645,51.6242],[-0.6455,51.623],[-0.6465,51.6225],[-0.6453,51.622],[-0.6422,51.6219],[-0.6413,51.6215],[-0.6399,51.6192],[-0.6402,51.6174],[-0.6379,51.6173],[-0.6381,51.6158],[-0.6352,51.616],[-0.634,51.6163],[-0.6312,51.6165],[-0.6308,51.6168],[-0.6286,51.6164],[-0.6246,51.6143],[-0.6232,51.6142],[-0.6207,51.6144],[-0.617,51.614],[-0.6164,51.6141],[-0.6168,51.616],[-0.615,51.6171],[-0.6119,51.6205],[-0.6116,51.6218],[-0.6127,51.6236],[-0.6128,51.6253],[-0.6117,51.6268],[-0.6078,51.6295],[-0.6069,51.63],[-0.604,51.6294],[-0.6013,51.6281],[-0.6003,51.6291],[-0.5995,51.6292],[-0.5983,51.6286],[-0.5966,51.6298],[-0.5941,51.6319],[-0.5929,51.6342],[-0.5914,51.6359],[-0.5921,51.6365],[-0.5918,51.638],[-0.5904,51.6406],[-0.5882,51.6392],[-0.5854,51.6381],[-0.5846,51.6382],[-0.5827,51.6376],[-0.5817,51.6363],[-0.5795,51.6348],[-0.577,51.634],[-0.5732,51.6326],[-0.5691,51.6339],[-0.5686,51.6334],[-0.5663,51.6342],[-0.5644,51.6352],[-0.559,51.6387],[-0.5563,51.6402],[-0.5543,51.6378],[-0.5543,51.6367],[-0.5553,51.6356],[-0.5535,51.6343],[-0.5521,51.6336],[-0.5506,51.6334],[-0.5487,51.6328],[-0.5452,51.6319],[-0.5438,51.6305],[-0.5404,51.6293],[-0.5388,51.6294],[-0.5364,51.6299],[-0.5347,51.6305],[-0.5358,51.6353],[-0.5355,51.636],[-0.5346,51.6365],[-0.5344,51.6373],[-0.5393,51.638],[-0.539,51.6401],[-0.5379,51.6424],[-0.5349,51.6457],[-0.5318,51.6478],[-0.5307,51.649],[-0.5339,51.6507],[-0.5367,51.6524],[-0.5345,51.6529],[-0.536,51.6545],[-0.5338,51.6554],[-0.5322,51.6559],[-0.5329,51.6565],[-0.5268,51.6575],[-0.5308,51.6604],[-0.5295,51.6615],[-0.5241,51.658],[-0.5229,51.6584],[-0.5222,51.66],[-0.5176,51.6578],[-0.5162,51.6589],[-0.5148,51.6607],[-0.5151,51.6627],[-0.515,51.6645],[-0.5148,51.6653],[-0.5134,51.6647],[-0.5122,51.6639],[-0.5122,51.6623],[-0.5085,51.6625],[-0.509,51.6617],[-0.5092,51.6602],[-0.5062,51.6594],[-0.5061,51.6599],[-0.5046,51.6603],[-0.5042,51.6598],[-0.5016,51.6588],[-0.5008,51.659],[-0.4994,51.6608],[-0.4985,51.6606],[-0.4967,51.6627],[-0.4949,51.6628],[-0.4937,51.6632],[-0.4921,51.6612],[-0.492,51.6599],[-0.4899,51.6596],[-0.4874,51.661],[-0.4821,51.6628],[-0.4848,51.6643],[-0.4864,51.6659],[-0.4848,51.667],[-0.486,51.6685],[-0.4879,51.6697],[-0.4913,51.6724],[-0.491,51.6731],[-0.4937,51.6743],[-0.4962,51.6749],[-0.4955,51.6762],[-0.4974,51.6766],[-0.4972,51.6773],[-0.4963,51.6782],[-0.4989,51.6793],[-0.4983,51.6796],[-0.4992,51.6812],[-0.4999,51.6814],[-0.5001,51.6834],[-0.5017,51.6848],[-0.5002,51.6856],[-0.5019,51.6868],[-0.5031,51.6864],[-0.5065,51.6889],[-0.5082,51.6898],[-0.5089,51.689],[-0.5133,51.6896],[-0.5161,51.6896],[-0.519,51.6898],[-0.5194,51.6889],[-0.521,51.689],[-0.5214,51.688],[-0.526,51.6885],[-0.5273,51.6883],[-0.5271,51.6876],[-0.5304,51.6865],[-0.5344,51.6858],[-0.5369,51.6858],[-0.5416,51.6861],[-0.5436,51.6854],[-0.5442,51.6847],[-0.5454,51.685],[-0.5436,51.6893],[-0.5416,51.6907],[-0.5412,51.6923],[-0.5405,51.6937],[-0.5405,51.6947],[-0.5412,51.6956],[-0.5431,51.6949],[-0.5441,51.697],[-0.546,51.6979],[-0.547,51.6992],[-0.5468,51.7016],[-0.5477,51.7032],[-0.5485,51.7036],[-0.5526,51.7041],[-0.5555,51.7056],[-0.5572,51.7071],[-0.5581,51.7085],[-0.559,51.7075],[-0.561,51.7063],[-0.5618,51.7049],[-0.5641,51.7035],[-0.5661,51.7026],[-0.5646,51.7007],[-0.5647,51.6995],[-0.5654,51.6988],[-0.5705,51.6968],[-0.5708,51.6987],[-0.5744,51.7001],[-0.5753,51.7025],[-0.5752,51.7033],[-0.5729,51.704],[-0.5737,51.7063],[-0.5748,51.7067],[-0.5752,51.7078],[-0.5766,51.7082],[-0.5777,51.7081],[-0.5803,51.7062],[-0.5818,51.7061],[-0.5833,51.7073],[-0.5843,51.7077],[-0.5853,51.7072],[-0.5868,51.7093],[-0.5895,51.7097],[-0.5907,51.7095],[-0.5918,51.7085],[-0.5928,51.7071],[-0.5954,51.7076],[-0.5961,51.7068],[-0.5983,51.7071],[-0.6008,51.7064],[-0.6019,51.7067],[-0.6036,51.7085],[-0.605,51.7086],[-0.6078,51.708],[-0.6097,51.7057],[-0.6109,51.7048],[-0.6109,51.7035],[-0.6093,51.7019],[-0.6087,51.7024],[-0.6072,51.7014],[-0.6058,51.7017],[-0.6045,51.7013],[-0.605,51.6998],[-0.6038,51.6993],[-0.6027,51.6997],[-0.6011,51.6992],[-0.6006,51.6996],[-0.6005,51.7011],[-0.6,51.7021],[-0.5971,51.7012],[-0.597,51.699],[-0.5991,51.6988],[-0.5993,51.6979],[-0.6008,51.6959],[-0.5987,51.6952],[-0.5959,51.6946],[-0.5956,51.6942],[-0.5925,51.6937],[-0.5907,51.6921],[-0.5891,51.6917],[-0.5874,51.6908],[-0.5883,51.6892],[-0.5902,51.6899],[-0.5927,51.6886],[-0.5911,51.6872],[-0.59,51.685],[-0.5905,51.6833],[-0.592,51.6816],[-0.5896,51.6811],[-0.5903,51.6805],[-0.5877,51.6792],[-0.587,51.6797],[-0.5861,51.6791],[-0.5848,51.6773],[-0.5836,51.6783],[-0.5825,51.6777],[-0.5814,51.6767],[-0.5792,51.6774],[-0.5771,51.6777],[-0.5749,51.6783],[-0.5743,51.6779],[-0.573,51.678],[-0.5709,51.6775],[-0.5702,51.6776],[-0.5683,51.6772],[-0.5686,51.6763],[-0.5673,51.6761],[-0.568,51.6752],[-0.5673,51.6745],[-0.5657,51.6749],[-0.5618,51.674],[-0.5598,51.6732],[-0.5608,51.6716],[-0.5584,51.6713],[-0.5521,51.6717],[-0.5504,51.6716],[-0.5479,51.6712],[-0.5477,51.6705],[-0.5489,51.6688],[-0.5484,51.666],[-0.5475,51.6648],[-0.5477,51.6638],[-0.5472,51.6625],[-0.5491,51.6619],[-0.5503,51.6612],[-0.5514,51.6612],[-0.552,51.6605],[-0.5559,51.6594],[-0.5559,51.6586],[-0.5545,51.6572],[-0.5561,51.6564],[-0.5579,51.6581],[-0.5588,51.6587],[-0.5597,51.6583],[-0.5607,51.659],[-0.5631,51.6604],[-0.5647,51.66],[-0.5653,51.6594],[-0.5641,51.6587],[-0.5663,51.6572],[-0.5683,51.6563],[-0.57,51.657],[-0.5706,51.6564],[-0.5733,51.658],[-0.5733,51.6592],[-0.5745,51.6603],[-0.5744,51.6607],[-0.5755,51.6635],[-0.5775,51.665],[-0.5798,51.6631],[-0.5829,51.6614],[-0.5848,51.6597],[-0.5882,51.6579],[-0.5885,51.6574],[-0.5913,51.6591],[-0.5945,51.6604],[-0.5978,51.6619],[-0.5996,51.663],[-0.6024,51.6637],[-0.6066,51.6642],[-0.6077,51.6632],[-0.6101,51.6642],[-0.6126,51.6643],[-0.6129,51.6635],[-0.6142,51.6635],[-0.6171,51.6645],[-0.6183,51.6633],[-0.6191,51.6636],[-0.6218,51.6613],[-0.6237,51.6613],[-0.6244,51.662],[-0.6225,51.664],[-0.6202,51.6647],[-0.6196,51.6654],[-0.6241,51.6668],[-0.6243,51.6678],[-0.6274,51.6688],[-0.6266,51.6697],[-0.6251,51.669],[-0.6242,51.6691],[-0.6229,51.6705],[-0.6211,51.6698],[-0.6208,51.6702],[-0.6181,51.6693],[-0.6169,51.6683],[-0.6151,51.6678],[-0.6139,51.6672],[-0.6118,51.6669],[-0.6091,51.666],[-0.6083,51.6672],[-0.6086,51.6715],[-0.6081,51.6723],[-0.6097,51.6741],[-0.6102,51.6744],[-0.6134,51.6748],[-0.6163,51.6756],[-0.6208,51.6774],[-0.622,51.6781],[-0.6234,51.6784],[-0.626,51.6797],[-0.6288,51.6802],[-0.6282,51.6812],[-0.6264,51.6827],[-0.6254,51.6841],[-0.6228,51.6835],[-0.6219,51.6846],[-0.6248,51.6866],[-0.6243,51.6876],[-0.622,51.6861],[-0.6215,51.6868],[-0.6192,51.6863],[-0.6187,51.6877],[-0.6198,51.6881],[-0.6173,51.6899],[-0.6174,51.6906],[-0.6153,51.6931],[-0.6126,51.6925],[-0.6131,51.6913],[-0.6096,51.6912],[-0.6078,51.6906],[-0.6084,51.6892],[-0.6096,51.6879],[-0.6111,51.687],[-0.6095,51.6861],[-0.6087,51.6866],[-0.6077,51.6864],[-0.6054,51.6872],[-0.6028,51.6893],[-0.6018,51.6903],[-0.6017,51.6914],[-0.6029,51.6919],[-0.608,51.6953],[-0.6092,51.6966],[-0.6093,51.6973],[-0.6105,51.6988],[-0.6114,51.6994],[-0.6141,51.6982],[-0.6205,51.7005],[-0.6214,51.6996],[-0.6228,51.7006],[-0.6189,51.7021],[-0.6204,51.7021],[-0.6231,51.7039],[-0.6219,51.7044],[-0.6194,51.7034],[-0.6188,51.7053],[-0.6229,51.707],[-0.6255,51.7077],[-0.6236,51.7094],[-0.6262,51.7109],[-0.6276,51.7102],[-0.6337,51.7156],[-0.6331,51.7161],[-0.6346,51.7169],[-0.6342,51.7172],[-0.6369,51.7186],[-0.6385,51.719],[-0.6383,51.7202],[-0.6443,51.7221],[-0.6443,51.7228],[-0.6433,51.7232],[-0.6387,51.7218],[-0.6385,51.7219],[-0.6319,51.7192],[-0.632,51.7186],[-0.6283,51.7179],[-0.6275,51.7173],[-0.6267,51.716],[-0.6231,51.718],[-0.6206,51.7191],[-0.6201,51.7205],[-0.6202,51.7211],[-0.6239,51.7222],[-0.6255,51.7232],[-0.6264,51.7246],[-0.6259,51.7254],[-0.6264,51.7269],[-0.6265,51.7292],[-0.6275,51.7299],[-0.6286,51.7303],[-0.6263,51.731],[-0.6259,51.7307],[-0.624,51.7312],[-0.6236,51.7292],[-0.6235,51.7274],[-0.6227,51.7256],[-0.6194,51.7266],[-0.6184,51.7245],[-0.6174,51.7244],[-0.6173,51.7236],[-0.6151,51.7219],[-0.6131,51.7221],[-0.6094,51.7217],[-0.6077,51.7219],[-0.608,51.7205],[-0.6075,51.7191],[-0.6065,51.7178],[-0.6061,51.717],[-0.6049,51.7171],[-0.6011,51.7184],[-0.6004,51.7188],[-0.5989,51.7204],[-0.6007,51.721],[-0.5999,51.7224],[-0.6041,51.7222],[-0.6039,51.7236],[-0.6034,51.7249],[-0.6039,51.7259],[-0.6034,51.7264],[-0.6004,51.7255],[-0.5988,51.7286],[-0.597,51.7281],[-0.5954,51.7297],[-0.5949,51.7305],[-0.596,51.7309],[-0.5943,51.7328],[-0.5965,51.7333],[-0.5943,51.7357],[-0.596,51.7367],[-0.5964,51.7375],[-0.6,51.7397],[-0.5986,51.7412],[-0.6005,51.7419],[-0.6011,51.7424],[-0.6038,51.7433],[-0.6053,51.7445],[-0.6061,51.7461],[-0.6064,51.7483],[-0.6062,51.7498],[-0.6051,51.7499],[-0.6035,51.7506],[-0.6008,51.7514],[-0.6027,51.7537],[-0.6034,51.7537],[-0.6044,51.7552],[-0.6038,51.7555],[-0.603,51.7571],[-0.6045,51.7577],[-0.6035,51.7594],[-0.6014,51.7607],[-0.602,51.7612],[-0.6013,51.7622],[-0.5993,51.7636],[-0.5985,51.7635],[-0.5967,51.765],[-0.5964,51.7664],[-0.595,51.7681],[-0.5986,51.7709],[-0.6011,51.7723],[-0.602,51.7731],[-0.6053,51.7742],[-0.6035,51.7759],[-0.6034,51.7762],[-0.6018,51.7779],[-0.6032,51.7785],[-0.6031,51.779],[-0.6049,51.78],[-0.6057,51.7808],[-0.6048,51.7813],[-0.6021,51.7799],[-0.598,51.7781],[-0.5938,51.7762],[-0.5885,51.7735],[-0.586,51.7725],[-0.5828,51.7746],[-0.5814,51.7736],[-0.5807,51.7741],[-0.5761,51.7722],[-0.5653,51.7694],[-0.5637,51.7687],[-0.5631,51.7677],[-0.5597,51.7662],[-0.5601,51.7658],[-0.5612,51.7636],[-0.5596,51.7629],[-0.5576,51.7627],[-0.5567,51.7623],[-0.5549,51.7626],[-0.5542,51.763],[-0.5542,51.7643],[-0.5533,51.7642],[-0.5525,51.7658],[-0.5519,51.7681],[-0.5485,51.77],[-0.545,51.771],[-0.5452,51.7674],[-0.5468,51.7666],[-0.5454,51.7662],[-0.5433,51.7662],[-0.5434,51.7657],[-0.5452,51.763],[-0.548,51.7597],[-0.5507,51.7583],[-0.5482,51.7572],[-0.5444,51.7558],[-0.539,51.754],[-0.5282,51.7512],[-0.5266,51.7529],[-0.5267,51.755],[-0.5245,51.7597],[-0.5278,51.7605],[-0.5261,51.7634],[-0.525,51.7659],[-0.5262,51.766],[-0.5258,51.7669],[-0.5289,51.7673],[-0.53,51.7694],[-0.5314,51.7699],[-0.5335,51.7704],[-0.5328,51.7719],[-0.5355,51.7724],[-0.5357,51.7728],[-0.5311,51.7742],[-0.5288,51.7733],[-0.5231,51.7722],[-0.5209,51.7741],[-0.5195,51.7735],[-0.5185,51.7741],[-0.5192,51.7748],[-0.5175,51.7753],[-0.5161,51.7738],[-0.5134,51.7746],[-0.5126,51.7743],[-0.5095,51.7753],[-0.5085,51.7743],[-0.5031,51.7765],[-0.4995,51.7785],[-0.4943,51.7821],[-0.4926,51.7815],[-0.4911,51.7804],[-0.4887,51.781],[-0.4871,51.7812],[-0.4841,51.7819],[-0.4817,51.7833],[-0.4789,51.7841],[-0.4777,51.7851],[-0.474,51.7859],[-0.4715,51.7868],[-0.4687,51.7873],[-0.4663,51.7881],[-0.4639,51.7893],[-0.4629,51.7895],[-0.4602,51.7908],[-0.4569,51.7928],[-0.456,51.7936],[-0.4534,51.7951],[-0.4512,51.7956],[-0.4474,51.795],[-0.444,51.7955],[-0.4416,51.7951],[-0.4409,51.7963],[-0.4409,51.801],[-0.44,51.8024],[-0.44,51.8048],[-0.4368,51.8057],[-0.4359,51.8064],[-0.4368,51.8072],[-0.4393,51.8086],[-0.4394,51.81],[-0.4404,51.8118],[-0.4397,51.8124],[-0.4408,51.8134],[-0.4422,51.814],[-0.4428,51.8146],[-0.4419,51.8153],[-0.4404,51.8146],[-0.4393,51.816],[-0.4396,51.818],[-0.442,51.8206],[-0.4421,51.8224],[-0.4441,51.8232],[-0.4455,51.8244],[-0.4486,51.8261],[-0.4495,51.8257],[-0.4547,51.8287],[-0.4568,51.8302],[-0.4595,51.8332],[-0.4604,51.8339],[-0.4624,51.8335],[-0.4633,51.8341],[-0.4675,51.8318],[-0.4669,51.8315],[-0.4694,51.8301],[-0.472,51.8315],[-0.4691,51.8326],[-0.4683,51.8336],[-0.4676,51.8359],[-0.4682,51.836],[-0.4684,51.8384],[-0.4694,51.8398],[-0.4704,51.8406],[-0.4691,51.8417],[-0.4679,51.8409],[-0.4662,51.8393],[-0.4644,51.84],[-0.4633,51.8399],[-0.4547,51.8443],[-0.4598,51.8481],[-0.4612,51.8494],[-0.4626,51.8493],[-0.466,51.8508],[-0.4683,51.8532],[-0.4696,51.8559],[-0.4701,51.8572],[-0.4721,51.8602],[-0.474,51.8615],[-0.4722,51.8622],[-0.4697,51.8628],[-0.4681,51.8629],[-0.4636,51.8641],[-0.467,51.8654],[-0.4684,51.8663],[-0.4696,51.868],[-0.4674,51.8688],[-0.4665,51.8679],[-0.4653,51.8688],[-0.4636,51.8683],[-0.4613,51.8694],[-0.4624,51.8702],[-0.4611,51.8711],[-0.463,51.8727],[-0.4633,51.8743],[-0.4649,51.876],[-0.4662,51.8768],[-0.4672,51.8784],[-0.4679,51.8813],[-0.4677,51.8826],[-0.4707,51.8831],[-0.4711,51.8852],[-0.4706,51.8863],[-0.4729,51.8876],[-0.4812,51.8883],[-0.4825,51.888],[-0.4885,51.888],[-0.4922,51.8876],[-0.5002,51.8848],[-0.5051,51.8826],[-0.5035,51.8814],[-0.4996,51.8794],[-0.4973,51.8781],[-0.4974,51.8775],[-0.4954,51.8758],[-0.4967,51.8751],[-0.49,51.87],[-0.4934,51.8688],[-0.4949,51.8697],[-0.5015,51.8731],[-0.5046,51.8705],[-0.5069,51.8717],[-0.5084,51.872],[-0.5097,51.8727],[-0.5145,51.8708],[-0.5157,51.8717],[-0.5159,51.8723],[-0.5171,51.8732],[-0.5207,51.8723],[-0.5219,51.8728],[-0.5195,51.8735],[-0.5216,51.8763],[-0.5261,51.8744],[-0.5291,51.8749],[-0.5307,51.8769],[-0.5317,51.8776],[-0.5333,51.8775],[-0.5354,51.8764],[-0.5372,51.8766],[-0.537,51.879],[-0.5387,51.8791],[-0.5393,51.8803],[-0.5405,51.8796],[-0.5412,51.8789],[-0.5415,51.8764],[-0.5433,51.8766],[-0.5455,51.8772],[-0.5494,51.873],[-0.5515,51.8718],[-0.5532,51.8701],[-0.554,51.8686],[-0.5561,51.8663],[-0.558,51.863],[-0.5599,51.8613],[-0.5626,51.8594],[-0.5652,51.8587],[-0.5672,51.8572],[-0.5701,51.8554],[-0.5718,51.8542],[-0.5776,51.8513],[-0.5825,51.8496],[-0.5857,51.8483],[-0.5928,51.8461],[-0.5958,51.845],[-0.5967,51.8458],[-0.5972,51.8474],[-0.5991,51.8486],[-0.6002,51.8507],[-0.6017,51.852],[-0.6024,51.852],[-0.6029,51.8533],[-0.6024,51.8541],[-0.6027,51.855],[-0.6034,51.8554],[-0.6133,51.8514],[-0.615,51.8488],[-0.6191,51.8468],[-0.6239,51.844],[-0.6254,51.8421],[-0.6275,51.8407],[-0.629,51.8386],[-0.6261,51.8376],[-0.6278,51.8364],[-0.6267,51.8356],[-0.6259,51.8343],[-0.6266,51.8327],[-0.6262,51.8322],[-0.6226,51.8297],[-0.6249,51.828],[-0.6269,51.8256],[-0.6299,51.8229],[-0.6313,51.8213],[-0.6339,51.8193],[-0.636,51.8183],[-0.641,51.8164],[-0.643,51.8161],[-0.6455,51.8151],[-0.6477,51.8136],[-0.6448,51.8117],[-0.6426,51.8106],[-0.6395,51.8068],[-0.635,51.8023],[-0.6333,51.8011],[-0.6298,51.7999],[-0.6294,51.7994],[-0.6318,51.7993],[-0.6431,51.7986],[-0.6462,51.7983],[-0.6426,51.7972],[-0.6413,51.7964],[-0.6389,51.7918],[-0.6429,51.7916],[-0.6455,51.7913],[-0.6493,51.7912],[-0.6525,51.7931],[-0.6544,51.7933],[-0.6554,51.7939],[-0.6582,51.7938],[-0.6598,51.7933],[-0.658,51.7908],[-0.663,51.7903],[-0.6662,51.7902],[-0.6675,51.7904],[-0.6696,51.7901],[-0.6692,51.7894],[-0.6694,51.7884],[-0.6718,51.7876],[-0.6735,51.7899],[-0.6776,51.7897],[-0.6821,51.7906],[-0.6821,51.7926],[-0.6818,51.7934],[-0.6822,51.7946],[-0.684,51.7963],[-0.6826,51.7972],[-0.6858,51.8006],[-0.686,51.8014],[-0.6834,51.8024],[-0.6826,51.8032],[-0.6805,51.8016],[-0.6792,51.8022],[-0.6747,51.8062],[-0.673,51.8063],[-0.6702,51.8077],[-0.6669,51.8073],[-0.6645,51.8068],[-0.6623,51.8069],[-0.6611,51.8076],[-0.6616,51.8087],[-0.6612,51.8092],[-0.6593,51.8082],[-0.6576,51.8092],[-0.6554,51.8091],[-0.6517,51.8107],[-0.6505,51.8115],[-0.649,51.8129],[-0.6479,51.8136],[-0.649,51.8145],[-0.6514,51.8154],[-0.6536,51.8156],[-0.6552,51.816],[-0.6573,51.816],[-0.6594,51.8156],[-0.661,51.8167],[-0.6627,51.8169],[-0.666,51.8161],[-0.6668,51.8164],[-0.6666,51.8178],[-0.667,51.8185],[-0.6735,51.8152],[-0.6763,51.814],[-0.6782,51.8122],[-0.6791,51.8117],[-0.68,51.8097],[-0.6832,51.8079],[-0.6843,51.8076],[-0.6847,51.807],[-0.6864,51.8057],[-0.6907,51.8063],[-0.6913,51.806],[-0.6934,51.8072],[-0.694,51.8058],[-0.6972,51.8038],[-0.696,51.8031],[-0.6954,51.8019],[-0.6921,51.7999],[-0.6915,51.799],[-0.6932,51.7979],[-0.6952,51.7976],[-0.7019,51.7957],[-0.7031,51.7946],[-0.7055,51.7942],[-0.7071,51.7942],[-0.7096,51.7951],[-0.7122,51.795],[-0.716,51.7939],[-0.7177,51.793],[-0.7234,51.7897],[-0.7246,51.7885],[-0.7237,51.7878],[-0.7223,51.7872],[-0.7216,51.7859],[-0.7222,51.7854],[-0.7189,51.7851],[-0.7201,51.7834],[-0.7238,51.7799],[-0.7199,51.7789],[-0.7181,51.7788],[-0.7178,51.777],[-0.7172,51.7762],[-0.7206,51.7742],[-0.7218,51.7723],[-0.7237,51.7705],[-0.7212,51.7696],[-0.7234,51.7669],[-0.7243,51.7663],[-0.7324,51.7653],[-0.7318,51.7637],[-0.7373,51.7626],[-0.7388,51.7622],[-0.7378,51.761],[-0.7379,51.7604],[-0.7373,51.7594],[-0.7353,51.7573],[-0.7351,51.7562],[-0.7358,51.7549],[-0.7361,51.7533],[-0.7366,51.7532],[-0.7393,51.7562],[-0.7431,51.7584],[-0.7444,51.7597],[-0.7462,51.7611],[-0.7466,51.7608],[-0.7489,51.7622],[-0.7536,51.7644],[-0.7538,51.7656],[-0.7532,51.7674],[-0.7514,51.769],[-0.7478,51.771],[-0.7488,51.7718],[-0.7521,51.7736],[-0.7548,51.7745],[-0.756,51.7747],[-0.7571,51.7743],[-0.7576,51.7734],[-0.7595,51.7728],[-0.7647,51.773],[-0.7696,51.7712],[-0.7707,51.7704],[-0.774,51.7705],[-0.7797,51.7687],[-0.7814,51.7675],[-0.7832,51.7665],[-0.785,51.7659],[-0.7868,51.7651],[-0.7884,51.7636],[-0.7904,51.7625],[-0.7952,51.7611],[-0.7975,51.76],[-0.8028,51.7578],[-0.805,51.7574],[-0.8064,51.7569],[-0.8077,51.756],[-0.8084,51.7546],[-0.808,51.7519],[-0.8097,51.7493],[-0.8115,51.7474],[-0.8149,51.7451],[-0.8234,51.7409],[-0.8253,51.7397],[-0.827,51.7383],[-0.8254,51.7376],[-0.825,51.737],[-0.8282,51.7359],[-0.8288,51.7351],[-0.8263,51.7343],[-0.8254,51.7351],[-0.8233,51.7343],[-0.8217,51.7334],[-0.8207,51.7331],[-0.8212,51.7323],[-0.8235,51.7308],[-0.8224,51.7302],[-0.8235,51.7293],[-0.8231,51.7284],[-0.8239,51.7273],[-0.8201,51.7252],[-0.8218,51.7237],[-0.8234,51.7229],[-0.8221,51.7219],[-0.8234,51.7217],[-0.8249,51.721],[-0.8257,51.7199],[-0.8277,51.7191],[-0.8285,51.7183],[-0.83,51.7175],[-0.8329,51.7196],[-0.8337,51.7196],[-0.8357,51.7183],[-0.8329,51.7162],[-0.8362,51.7152],[-0.8368,51.7159],[-0.8387,51.7152],[-0.8398,51.7161],[-0.841,51.7161],[-0.8424,51.715],[-0.8444,51.714],[-0.8455,51.7115],[-0.8468,51.7094],[-0.8472,51.7072],[-0.8466,51.7054],[-0.862,51.7037],[-0.8645,51.7038],[-0.8668,51.7037],[-0.8675,51.7064],[-0.8693,51.7089],[-0.8701,51.7116],[-0.8724,51.711],[-0.8737,51.7123],[-0.8748,51.7125],[-0.8771,51.7116],[-0.8776,51.7098],[-0.88,51.7094],[-0.8808,51.7087],[-0.8834,51.7075],[-0.886,51.7055],[-0.8871,51.7043],[-0.8882,51.7047],[-0.8901,51.7036],[-0.8928,51.7014],[-0.9012,51.6959],[-0.9108,51.6891],[-0.9122,51.6882],[-0.9142,51.6876],[-0.9158,51.6866],[-0.9169,51.6863],[-0.9207,51.6843],[-0.9235,51.6835],[-0.9314,51.6809],[-0.9347,51.679],[-0.9384,51.6773],[-0.9403,51.6766],[-0.9435,51.6751],[-0.9465,51.6742],[-0.9501,51.6726],[-0.9527,51.6721],[-0.9539,51.6717],[-0.9548,51.6709],[-0.9558,51.6694],[-0.9573,51.6678],[-0.9602,51.6704],[-0.961,51.6709],[-0.9627,51.6709],[-0.9641,51.6703],[-0.9657,51.6705],[-0.9671,51.6702],[-0.9717,51.6696],[-0.9739,51.6687],[-0.9766,51.667],[-0.9793,51.6659],[-0.9836,51.6634],[-0.9857,51.6626],[-0.9881,51.6607],[-0.9888,51.6594],[-0.9904,51.6581],[-0.991,51.6572],[-0.9946,51.6545],[-0.9984,51.6509],[-1.0014,51.6477],[-0.9969,51.6462],[-0.9998,51.6433],[-0.998,51.6426],[-0.9998,51.6413],[-1,51.6408],[-1.0036,51.6388],[-1.0043,51.6393],[-1.0052,51.6407],[-1.0072,51.6417],[-1.0102,51.6403],[-1.0117,51.6419],[-1.0117,51.6434],[-1.0141,51.6432],[-1.0151,51.6429],[-1.016,51.6419],[-1.0186,51.6407],[-1.0204,51.6394],[-1.0211,51.6386],[-1.0224,51.6377],[-1.0237,51.6373],[-1.0264,51.6355],[-1.0289,51.635],[-1.0322,51.6339],[-1.0346,51.6321],[-1.0356,51.6315],[-1.0371,51.6311],[-1.0404,51.6305],[-1.0481,51.6269],[-1.0538,51.6275],[-1.0602,51.6292],[-1.0668,51.6304],[-1.0689,51.6306],[-1.0694,51.6303],[-1.0718,51.628],[-1.0724,51.6268],[-1.0734,51.626],[-1.0773,51.6239],[-1.0782,51.6232],[-1.0789,51.6215],[-1.0805,51.6194],[-1.0812,51.6183],[-1.077,51.6166],[-1.0783,51.6151],[-1.077,51.6143],[-1.0756,51.6128],[-1.0788,51.6097],[-1.0766,51.6091],[-1.0779,51.6072],[-1.0746,51.6062],[-1.0764,51.6046],[-1.0783,51.6046],[-1.0909,51.6026],[-1.0942,51.6023],[-1.1004,51.6017],[-1.103,51.5993],[-1.1062,51.5973],[-1.1071,51.597],[-1.1099,51.5972],[-1.1098,51.5963],[-1.1116,51.5969],[-1.114,51.5973],[-1.1153,51.5966],[-1.1164,51.597],[-1.1172,51.5993],[-1.1168,51.5998],[-1.12,51.6005],[-1.1222,51.5965],[-1.1225,51.5948],[-1.1232,51.5931],[-1.1241,51.5915],[-1.1243,51.5907],[-1.1239,51.5889],[-1.124,51.5877],[-1.1246,51.5869],[-1.1261,51.5834],[-1.1264,51.5818],[-1.1261,51.5798],[-1.1263,51.5765],[-1.1259,51.5716],[-1.1257,51.571],[-1.1264,51.5701],[-1.1284,51.5692],[-1.1294,51.5676],[-1.1342,51.5651]]],[[[-0.4476,51.9305],[-0.4447,51.9308],[-0.4416,51.9315],[-0.4398,51.932],[-0.4393,51.9325],[-0.4396,51.9336],[-0.4341,51.9347],[-0.4309,51.933],[-0.4285,51.9313],[-0.4272,51.9301],[-0.4243,51.9263],[-0.4236,51.9244],[-0.4222,51.9225],[-0.4221,51.9198],[-0.4213,51.9179],[-0.42,51.9161],[-0.417,51.9144],[-0.4143,51.9134],[-0.4128,51.9131],[-0.4094,51.9126],[-0.407,51.9127],[-0.4079,51.9099],[-0.4075,51.9085],[-0.4072,51.9056],[-0.4059,51.9057],[-0.4054,51.907],[-0.4027,51.9092],[-0.4014,51.9124],[-0.3988,51.9117],[-0.3966,51.9113],[-0.3963,51.9122],[-0.3944,51.9137],[-0.3944,51.915],[-0.3981,51.9178],[-0.3957,51.9183],[-0.3931,51.9186],[-0.3872,51.921],[-0.3844,51.9196],[-0.3836,51.9183],[-0.3845,51.9173],[-0.3857,51.9142],[-0.3849,51.9118],[-0.3822,51.914],[-0.3786,51.9174],[-0.3771,51.9186],[-0.3755,51.9192],[-0.3733,51.9197],[-0.3708,51.9206],[-0.369,51.9219],[-0.3684,51.9228],[-0.367,51.9226],[-0.3644,51.9242],[-0.3609,51.9259],[-0.3566,51.9284],[-0.3531,51.9301],[-0.3496,51.9314],[-0.3462,51.9327],[-0.3433,51.9337],[-0.3407,51.9343],[-0.334,51.9348],[-0.3293,51.9349],[-0.3236,51.9358],[-0.3214,51.9363],[-0.3176,51.9376],[-0.3112,51.9403],[-0.3065,51.9421],[-0.3071,51.9433],[-0.3079,51.9442],[-0.3084,51.9462],[-0.3109,51.95],[-0.3119,51.9517],[-0.3159,51.9551],[-0.3178,51.957],[-0.3306,51.968],[-0.3333,51.9694],[-0.3345,51.9698],[-0.3364,51.9709],[-0.3391,51.9719],[-0.3409,51.9734],[-0.3428,51.9735],[-0.3433,51.974],[-0.3465,51.9744],[-0.3501,51.9743],[-0.3559,51.9749],[-0.3589,51.9747],[-0.3589,51.9739],[-0.3608,51.9693],[-0.3647,51.9689],[-0.365,51.9685],[-0.3693,51.9686],[-0.3699,51.9676],[-0.3702,51.9654],[-0.3706,51.964],[-0.3729,51.9651],[-0.3741,51.9639],[-0.3748,51.9638],[-0.3772,51.9655],[-0.3771,51.9665],[-0.3793,51.9666],[-0.3848,51.9674],[-0.3861,51.967],[-0.3881,51.9675],[-0.3888,51.967],[-0.3915,51.9668],[-0.3919,51.9652],[-0.3951,51.9647],[-0.3953,51.9638],[-0.3969,51.9619],[-0.396,51.9606],[-0.4011,51.9615],[-0.4035,51.9613],[-0.4054,51.9613],[-0.4114,51.9622],[-0.4142,51.9623],[-0.4173,51.9626],[-0.4177,51.9612],[-0.4185,51.9609],[-0.4218,51.9607],[-0.4218,51.9593],[-0.4231,51.9592],[-0.4267,51.9599],[-0.4297,51.961],[-0.4305,51.9603],[-0.4335,51.9616],[-0.4347,51.962],[-0.4352,51.9631],[-0.4351,51.965],[-0.4376,51.965],[-0.4427,51.964],[-0.4461,51.965],[-0.4474,51.9644],[-0.4492,51.9639],[-0.4517,51.9674],[-0.4537,51.9679],[-0.4562,51.9675],[-0.457,51.967],[-0.4584,51.9657],[-0.4613,51.9685],[-0.4647,51.9695],[-0.4656,51.9695],[-0.468,51.9704],[-0.47,51.9708],[-0.4716,51.97],[-0.4723,51.968],[-0.4744,51.9663],[-0.4767,51.9669],[-0.4796,51.9668],[-0.4817,51.966],[-0.4832,51.9651],[-0.485,51.9646],[-0.4872,51.9637],[-0.488,51.9629],[-0.4868,51.9622],[-0.4879,51.9616],[-0.49,51.9612],[-0.4875,51.9584],[-0.4859,51.9577],[-0.4846,51.9567],[-0.4802,51.9546],[-0.4842,51.9523],[-0.4867,51.9495],[-0.4886,51.9488],[-0.4891,51.9482],[-0.4877,51.947],[-0.4887,51.9465],[-0.4883,51.9452],[-0.4864,51.9442],[-0.4857,51.9434],[-0.4815,51.9396],[-0.4799,51.9408],[-0.4783,51.9415],[-0.4765,51.9399],[-0.475,51.9392],[-0.4732,51.9375],[-0.4711,51.9382],[-0.4686,51.9386],[-0.4654,51.9387],[-0.4647,51.9386],[-0.4668,51.9374],[-0.4702,51.9336],[-0.4726,51.9323],[-0.4711,51.9313],[-0.4673,51.9299],[-0.4665,51.9306],[-0.4652,51.9305],[-0.4634,51.9319],[-0.461,51.9301],[-0.4551,51.9302],[-0.4522,51.9305],[-0.4515,51.9297],[-0.4476,51.9305]]]]},"properties":{"name":"Chilterns","kind":"national_landscape"},"id":12},
{"type":"Feature","geometry":{"type":"Polygon","coordinates":[[[-2.9478,50.7183],[-2.9471,50.7181],[-2.9452,50.7186],[-2.944,50.7185],[-2.9433,50.719],[-2.94,50.7197],[-2.939,50.7195],[-2.9382,50.7188],[-2.9366,50.7194],[-2.9377,50.7199],[-2.9367,50.7204],[-2.9373,50.7213],[-2.9372,50.7222],[-2.9362,50.7229],[-2.9338,50.7239],[-2.9301,50.7248],[-2.9292,50.7235],[-2.9275,50.7241],[-2.9277,50.725],[-2.9288,50.726],[-2.9287,50.7268],[-2.927,50.7277],[-2.928,50.7283],[-2.9261,50.7294],[-2.9237,50.7298],[-2.9201,50.7316],[-2.9166,50.7319],[-2.9153,50.7322],[-2.9139,50.7321],[-2.9126,50.733],[-2.9107,50.7326],[-2.9096,50.7333],[-2.9061,50.733],[-2.9038,50.733],[-2.9024,50.7326],[-2.8994,50.7324],[-2.8967,50.7324],[-2.8916,50.7319],[-2.8885,50.7317],[-2.885,50.7311],[-2.8842,50.7307],[-2.883,50.7308],[-2.8806,50.7305],[-2.8746,50.7295],[-2.8722,50.7287],[-2.8697,50.7285],[-2.8633,50.7275],[-2.8614,50.7272],[-2.8572,50.7261],[-2.8518,50.7248],[-2.8475,50.7237],[-2.8459,50.7229],[-2.8447,50.723],[-2.842,50.7219],[-2.8372,50.7234],[-2.8319,50.723],[-2.8253,50.7221],[-2.8222,50.7212],[-2.8198,50.7207],[-2.8166,50.7196],[-2.8147,50.7185],[-2.8114,50.7174],[-2.808,50.7181],[-2.8067,50.7185],[-2.8041,50.7184],[-2.8003,50.7173],[-2.7946,50.7178],[-2.7935,50.7177],[-2.7876,50.7164],[-2.7837,50.7157],[-2.7793,50.7147],[-2.7747,50.7131],[-2.7738,50.7126],[-2.7722,50.7124],[-2.7706,50.7115],[-2.7696,50.7114],[-2.7639,50.7101],[-2.7642,50.7093],[-2.7631,50.7092],[-2.7447,50.704],[-2.739,50.702],[-2.7353,50.7002],[-2.7324,50.699],[-2.7252,50.6966],[-2.7143,50.6928],[-2.7049,50.6894],[-2.7007,50.688],[-2.6878,50.6835],[-2.6808,50.6809],[-2.6727,50.6778],[-2.6613,50.6733],[-2.6542,50.6705],[-2.6404,50.665],[-2.6255,50.6587],[-2.6192,50.6557],[-2.6144,50.6537],[-2.6021,50.648],[-2.5963,50.6453],[-2.5897,50.6421],[-2.5688,50.6316],[-2.5522,50.623],[-2.5443,50.619],[-2.538,50.6156],[-2.5312,50.612],[-2.5274,50.6099],[-2.5175,50.6042],[-2.5085,50.6113],[-2.5068,50.6128],[-2.506,50.6144],[-2.5052,50.6176],[-2.5074,50.6202],[-2.5082,50.6214],[-2.5095,50.6228],[-2.5101,50.625],[-2.5124,50.6266],[-2.5225,50.6326],[-2.5275,50.6349],[-2.5287,50.6354],[-2.5318,50.6388],[-2.5329,50.6406],[-2.5343,50.6454],[-2.5349,50.6471],[-2.5367,50.649],[-2.539,50.652],[-2.5385,50.6526],[-2.5362,50.6547],[-2.535,50.6563],[-2.5329,50.6577],[-2.5328,50.6592],[-2.5323,50.6602],[-2.5294,50.6605],[-2.5271,50.661],[-2.5224,50.6602],[-2.5201,50.6601],[-2.5184,50.6598],[-2.4977,50.6578],[-2.4934,50.6571],[-2.4919,50.6571],[-2.4891,50.6565],[-2.4863,50.6564],[-2.4851,50.6559],[-2.4794,50.6531],[-2.4739,50.6518],[-2.4746,50.653],[-2.4755,50.6533],[-2.4749,50.6544],[-2.4745,50.6563],[-2.4732,50.6577],[-2.4748,50.6606],[-2.4748,50.6619],[-2.4727,50.6621],[-2.4696,50.6629],[-2.4679,50.6629],[-2.4658,50.6642],[-2.4647,50.6645],[-2.4644,50.6634],[-2.4649,50.6618],[-2.4652,50.6597],[-2.4664,50.6557],[-2.4666,50.6543],[-2.4663,50.6518],[-2.4609,50.6516],[-2.46,50.6505],[-2.4576,50.6497],[-2.4568,50.65],[-2.4557,50.6492],[-2.453,50.6484],[-2.453,50.6477],[-2.4476,50.6461],[-2.4305,50.6441],[-2.4299,50.6441],[-2.4226,50.6463],[-2.4202,50.6467],[-2.4182,50.6467],[-2.4164,50.6463],[-2.4136,50.6465],[-2.4107,50.6473],[-2.4093,50.6475],[-2.4063,50.6473],[-2.4066,50.6459],[-2.4063,50.6453],[-2.4067,50.6429],[-2.4082,50.6407],[-2.4088,50.6395],[-2.41,50.6356],[-2.4113,50.6338],[-2.4103,50.6329],[-2.4078,50.6327],[-2.408,50.6334],[-2.4072,50.6341],[-2.4038,50.635],[-2.4,50.6358],[-2.3957,50.6366],[-2.3939,50.6366],[-2.3843,50.6353],[-2.3813,50.6355],[-2.3787,50.6352],[-2.3785,50.6342],[-2.376,50.6333],[-2.375,50.6336],[-2.3737,50.6334],[-2.3727,50.6328],[-2.3709,50.6322],[-2.3681,50.6317],[-2.3668,50.6312],[-2.3642,50.6306],[-2.363,50.6311],[-2.3599,50.6314],[-2.3574,50.6313],[-2.3554,50.6308],[-2.3526,50.6311],[-2.3492,50.6308],[-2.3463,50.6315],[-2.3433,50.632],[-2.3414,50.6321],[-2.3378,50.6318],[-2.3348,50.631],[-2.3341,50.6296],[-2.3309,50.6276],[-2.3301,50.6268],[-2.3256,50.6256],[-2.3235,50.6247],[-2.3201,50.6255],[-2.3172,50.6251],[-2.316,50.6254],[-2.3141,50.6253],[-2.3133,50.6256],[-2.3107,50.6256],[-2.3062,50.6253],[-2.3026,50.6249],[-2.2998,50.6242],[-2.2979,50.624],[-2.2936,50.623],[-2.2907,50.6227],[-2.2886,50.6228],[-2.2849,50.6224],[-2.2815,50.6222],[-2.2796,50.6219],[-2.2772,50.6218],[-2.2759,50.621],[-2.2745,50.6213],[-2.2733,50.622],[-2.2719,50.6215],[-2.2702,50.6215],[-2.2676,50.6211],[-2.2656,50.6206],[-2.2601,50.6181],[-2.2587,50.6183],[-2.2564,50.6178],[-2.255,50.6179],[-2.2518,50.6176],[-2.2499,50.617],[-2.2437,50.6163],[-2.24,50.6161],[-2.2372,50.616],[-2.2289,50.616],[-2.2281,50.6168],[-2.2267,50.617],[-2.2249,50.6165],[-2.2231,50.6169],[-2.2233,50.6177],[-2.2229,50.6186],[-2.2217,50.6195],[-2.2203,50.6201],[-2.2158,50.6206],[-2.2132,50.6206],[-2.2119,50.6209],[-2.21,50.621],[-2.2087,50.6219],[-2.2068,50.6223],[-2.2053,50.6221],[-2.204,50.6215],[-2.2024,50.6221],[-2.1988,50.6228],[-2.196,50.6224],[-2.1896,50.6206],[-2.1872,50.6197],[-2.1851,50.6183],[-2.1848,50.6169],[-2.1865,50.6163],[-2.1869,50.6147],[-2.1844,50.6152],[-2.1833,50.6158],[-2.1827,50.6153],[-2.1792,50.6146],[-2.1762,50.6145],[-2.1753,50.6147],[-2.1733,50.6142],[-2.1711,50.6142],[-2.1701,50.6137],[-2.1659,50.6147],[-2.1626,50.6146],[-2.1594,50.6152],[-2.1561,50.6146],[-2.1535,50.6132],[-2.153,50.6126],[-2.1529,50.6116],[-2.1516,50.6109],[-2.1491,50.6111],[-2.1474,50.6105],[-2.1471,50.6085],[-2.1477,50.608],[-2.1456,50.6078],[-2.1456,50.6085],[-2.1444,50.6093],[-2.1434,50.6106],[-2.1422,50.6101],[-2.139,50.61],[-2.1378,50.6118],[-2.1365,50.6118],[-2.1344,50.6125],[-2.1334,50.6123],[-2.13,50.6105],[-2.1294,50.6095],[-2.1319,50.6081],[-2.1302,50.6062],[-2.1301,50.6055],[-2.1293,50.6052],[-2.1277,50.6039],[-2.1266,50.6038],[-2.1248,50.6029],[-2.1241,50.6034],[-2.123,50.6031],[-2.1225,50.6024],[-2.1215,50.6025],[-2.1191,50.6014],[-2.1182,50.6002],[-2.1139,50.5988],[-2.1134,50.5991],[-2.1117,50.5988],[-2.1109,50.5981],[-2.1096,50.5982],[-2.1078,50.5969],[-2.1058,50.5968],[-2.1032,50.5957],[-2.1039,50.597],[-2.1018,50.5973],[-2.0995,50.5981],[-2.0984,50.5981],[-2.0969,50.5977],[-2.0943,50.5974],[-2.0921,50.5968],[-2.0894,50.5966],[-2.088,50.5954],[-2.0875,50.5959],[-2.0837,50.5948],[-2.0822,50.5946],[-2.0787,50.5953],[-2.0764,50.5952],[-2.0762,50.5944],[-2.0748,50.5926],[-2.0729,50.5916],[-2.071,50.5927],[-2.0681,50.5921],[-2.0661,50.593],[-2.0663,50.5936],[-2.0643,50.5936],[-2.0631,50.5926],[-2.0633,50.5914],[-2.0648,50.5913],[-2.0644,50.5877],[-2.0638,50.5868],[-2.0636,50.5856],[-2.0624,50.5847],[-2.0618,50.5828],[-2.0622,50.5816],[-2.0603,50.5796],[-2.0592,50.5787],[-2.0586,50.5777],[-2.0573,50.5768],[-2.056,50.5764],[-2.0542,50.5766],[-2.0525,50.5776],[-2.0516,50.5776],[-2.0471,50.5786],[-2.0461,50.5785],[-2.0422,50.5793],[-2.0394,50.5802],[-2.0386,50.5811],[-2.0374,50.5816],[-2.033,50.5842],[-2.032,50.5844],[-2.0303,50.5862],[-2.0276,50.5884],[-2.0264,50.589],[-2.0238,50.5888],[-2.0223,50.5889],[-2.0196,50.5895],[-2.0182,50.5895],[-2.0171,50.59],[-2.0148,50.5901],[-2.0135,50.5906],[-2.0123,50.5905],[-2.0106,50.5909],[-2.0091,50.5908],[-2.0056,50.5917],[-2.0043,50.5913],[-2.0032,50.5917],[-2.0024,50.5914],[-1.9938,50.591],[-1.9918,50.591],[-1.9908,50.5905],[-1.987,50.5911],[-1.9845,50.5905],[-1.9805,50.5906],[-1.979,50.591],[-1.977,50.5908],[-1.9743,50.591],[-1.9703,50.5911],[-1.9692,50.5914],[-1.966,50.5915],[-1.9608,50.591],[-1.9596,50.5911],[-1.9573,50.5921],[-1.9555,50.5933],[-1.9536,50.5941],[-1.9509,50.5944],[-1.9505,50.5949],[-1.952,50.5964],[-1.9531,50.5995],[-1.9525,50.601],[-1.9515,50.6021],[-1.9507,50.6037],[-1.9497,50.6049],[-1.9446,50.6068],[-1.9443,50.6077],[-1.9461,50.6075],[-1.9482,50.6078],[-1.95,50.6076],[-1.951,50.6081],[-1.9526,50.6075],[-1.9541,50.6083],[-1.9554,50.6087],[-1.9572,50.6121],[-1.9573,50.6144],[-1.9567,50.6165],[-1.9554,50.6189],[-1.9537,50.6215],[-1.9518,50.6241],[-1.9487,50.6266],[-1.9461,50.6282],[-1.9443,50.629],[-1.9387,50.6299],[-1.9356,50.6307],[-1.9332,50.6309],[-1.9321,50.6322],[-1.9309,50.6345],[-1.9292,50.6366],[-1.9277,50.6374],[-1.9272,50.6382],[-1.9261,50.6391],[-1.9252,50.6402],[-1.9243,50.641],[-1.9243,50.642],[-1.9258,50.6425],[-1.9282,50.6419],[-1.9297,50.6424],[-1.9314,50.6423],[-1.9345,50.6418],[-1.9405,50.6412],[-1.9432,50.6423],[-1.9458,50.6445],[-1.9476,50.6458],[-1.9494,50.6464],[-1.9496,50.6476],[-1.9505,50.6493],[-1.9512,50.65],[-1.9525,50.6527],[-1.9526,50.6538],[-1.9521,50.6565],[-1.9511,50.6585],[-1.9492,50.6611],[-1.9474,50.664],[-1.9466,50.6647],[-1.9454,50.6667],[-1.942,50.6699],[-1.9411,50.6718],[-1.9407,50.6738],[-1.9416,50.6743],[-1.9452,50.6751],[-1.9473,50.6761],[-1.9483,50.6785],[-1.9498,50.6803],[-1.9517,50.6808],[-1.9529,50.6823],[-1.956,50.6841],[-1.9573,50.6868],[-1.957,50.6884],[-1.9563,50.6889],[-1.956,50.6902],[-1.9548,50.6922],[-1.9546,50.6933],[-1.9535,50.6967],[-1.9533,50.698],[-1.9542,50.6992],[-1.9561,50.6996],[-1.9683,50.7016],[-1.9698,50.7021],[-1.9717,50.7023],[-1.9762,50.7034],[-1.9801,50.7038],[-1.9815,50.7044],[-1.9834,50.7046],[-1.9847,50.705],[-1.9873,50.7052],[-1.9987,50.7038],[-2.0015,50.7033],[-2.0037,50.7027],[-2.0065,50.7024],[-2.0089,50.7024],[-2.012,50.7029],[-2.0137,50.7034],[-2.0156,50.7049],[-2.0165,50.7062],[-2.0181,50.7075],[-2.0194,50.709],[-2.0229,50.711],[-2.0262,50.7115],[-2.0281,50.7116],[-2.0292,50.7113],[-2.0292,50.7133],[-2.0334,50.7138],[-2.0353,50.7138],[-2.0412,50.7159],[-2.0432,50.7174],[-2.0432,50.7183],[-2.0426,50.7195],[-2.0447,50.7189],[-2.0482,50.7182],[-2.0566,50.7178],[-2.0605,50.7174],[-2.0658,50.7165],[-2.0685,50.7158],[-2.071,50.7148],[-2.092,50.7043],[-2.1049,50.6977],[-2.1038,50.6969],[-2.1025,50.6952],[-2.1022,50.6944],[-2.1036,50.6943],[-2.1034,50.6935],[-2.1046,50.6924],[-2.1074,50.6924],[-2.1073,50.6913],[-2.1081,50.6909],[-2.1066,50.69],[-2.1065,50.6892],[-2.1052,50.6868],[-2.1024,50.6868],[-2.1002,50.6872],[-2.0991,50.6854],[-2.1044,50.6844],[-2.1039,50.6832],[-2.1072,50.6835],[-2.1104,50.684],[-2.1123,50.6827],[-2.1131,50.6832],[-2.1142,50.6822],[-2.1158,50.6813],[-2.1167,50.6812],[-2.1212,50.6796],[-2.1239,50.6819],[-2.1247,50.6833],[-2.1263,50.6833],[-2.1338,50.6827],[-2.1423,50.6819],[-2.1438,50.6819],[-2.154,50.6825],[-2.1707,50.6831],[-2.1792,50.683],[-2.182,50.6832],[-2.1825,50.6824],[-2.1915,50.6823],[-2.2102,50.6819],[-2.2099,50.6798],[-2.2081,50.6783],[-2.2047,50.6778],[-2.206,50.6727],[-2.2059,50.672],[-2.2078,50.6713],[-2.2101,50.6711],[-2.2158,50.6697],[-2.2186,50.6696],[-2.2212,50.6693],[-2.2243,50.6694],[-2.2286,50.67],[-2.2333,50.6697],[-2.2353,50.6705],[-2.2384,50.6707],[-2.2405,50.6706],[-2.2431,50.6706],[-2.2431,50.6686],[-2.2442,50.6656],[-2.2438,50.6644],[-2.2437,50.6627],[-2.2456,50.6623],[-2.2493,50.6623],[-2.2548,50.6628],[-2.26,50.6646],[-2.2616,50.666],[-2.2621,50.666],[-2.2633,50.6673],[-2.2645,50.6694],[-2.2693,50.6696],[-2.272,50.6692],[-2.2784,50.6671],[-2.2804,50.6664],[-2.2852,50.6651],[-2.2883,50.6637],[-2.2899,50.6635],[-2.2936,50.6634],[-2.2974,50.6631],[-2.2998,50.6632],[-2.3047,50.663],[-2.3079,50.6632],[-2.3147,50.6633],[-2.3159,50.6632],[-2.3176,50.6635],[-2.3212,50.6654],[-2.3226,50.6656],[-2.3249,50.6655],[-2.3267,50.6651],[-2.329,50.6649],[-2.3344,50.6639],[-2.3369,50.6639],[-2.3405,50.6643],[-2.3425,50.6634],[-2.3475,50.6618],[-2.3513,50.6609],[-2.3539,50.6612],[-2.3567,50.6614],[-2.3623,50.6633],[-2.3632,50.6635],[-2.3661,50.6635],[-2.3687,50.6632],[-2.3704,50.6625],[-2.3729,50.6641],[-2.3736,50.6663],[-2.376,50.6683],[-2.3773,50.6705],[-2.3779,50.6721],[-2.3792,50.6736],[-2.3835,50.6746],[-2.3838,50.6742],[-2.3857,50.6747],[-2.3897,50.6749],[-2.3912,50.6756],[-2.3904,50.676],[-2.3932,50.6775],[-2.3974,50.6822],[-2.3958,50.683],[-2.3969,50.6841],[-2.3994,50.6884],[-2.4019,50.692],[-2.4033,50.6932],[-2.4035,50.6939],[-2.4032,50.6961],[-2.4043,50.6971],[-2.4083,50.6979],[-2.4101,50.6985],[-2.4116,50.6998],[-2.4138,50.7024],[-2.4177,50.7014],[-2.4197,50.701],[-2.4233,50.6998],[-2.4258,50.6994],[-2.4289,50.6992],[-2.4306,50.6993],[-2.4358,50.6986],[-2.4478,50.6993],[-2.455,50.6997],[-2.4614,50.7021],[-2.4631,50.7087],[-2.4633,50.709],[-2.4631,50.7123],[-2.4634,50.7151],[-2.4627,50.7173],[-2.4609,50.7203],[-2.4605,50.7219],[-2.4611,50.7233],[-2.4622,50.7238],[-2.4626,50.7246],[-2.4644,50.7262],[-2.4677,50.7283],[-2.472,50.7305],[-2.4742,50.7314],[-2.4772,50.7328],[-2.4788,50.7337],[-2.4815,50.7358],[-2.4833,50.7376],[-2.4853,50.7393],[-2.4885,50.7414],[-2.4895,50.7418],[-2.4791,50.7457],[-2.4778,50.7467],[-2.4751,50.7473],[-2.4704,50.749],[-2.4598,50.7532],[-2.4578,50.7546],[-2.4563,50.7586],[-2.4557,50.7595],[-2.4543,50.7609],[-2.4518,50.7625],[-2.4507,50.7629],[-2.4478,50.7632],[-2.4475,50.7629],[-2.4436,50.7643],[-2.4217,50.77],[-2.4185,50.7706],[-2.4141,50.771],[-2.4119,50.7714],[-2.4098,50.772],[-2.4052,50.7737],[-2.3955,50.7781],[-2.3886,50.7798],[-2.3867,50.7801],[-2.3734,50.7816],[-2.372,50.7826],[-2.3711,50.7839],[-2.3711,50.7847],[-2.3685,50.7856],[-2.3673,50.7857],[-2.3643,50.7855],[-2.3619,50.7836],[-2.3579,50.781],[-2.3543,50.7792],[-2.3513,50.7783],[-2.3491,50.7778],[-2.3465,50.7776],[-2.3424,50.7765],[-2.34,50.7753],[-2.3369,50.7735],[-2.3337,50.7736],[-2.33,50.7727],[-2.3281,50.7725],[-2.3264,50.7705],[-2.3248,50.7708],[-2.3242,50.7705],[-2.3219,50.7708],[-2.3191,50.7707],[-2.3172,50.7703],[-2.3168,50.768],[-2.3133,50.7701],[-2.3108,50.7725],[-2.3099,50.7739],[-2.3102,50.7749],[-2.3079,50.7777],[-2.3074,50.7795],[-2.3058,50.7813],[-2.3057,50.7827],[-2.3052,50.7836],[-2.3028,50.7858],[-2.3003,50.7875],[-2.2995,50.7887],[-2.3006,50.7892],[-2.3027,50.7921],[-2.3057,50.7944],[-2.3065,50.7946],[-2.3083,50.7962],[-2.3108,50.7996],[-2.3041,50.8036],[-2.3036,50.8041],[-2.2992,50.8067],[-2.2981,50.8076],[-2.2959,50.8064],[-2.2936,50.8056],[-2.2919,50.8054],[-2.2884,50.8046],[-2.2862,50.8033],[-2.2846,50.802],[-2.2834,50.8008],[-2.2818,50.8002],[-2.2774,50.8007],[-2.2779,50.8023],[-2.2757,50.802],[-2.2738,50.8023],[-2.2704,50.8024],[-2.2617,50.8031],[-2.2613,50.8026],[-2.258,50.8027],[-2.2546,50.8043],[-2.2515,50.8036],[-2.2498,50.8024],[-2.2467,50.8011],[-2.244,50.8005],[-2.2415,50.8002],[-2.2376,50.8002],[-2.2333,50.8007],[-2.2339,50.8013],[-2.2275,50.8037],[-2.2255,50.8057],[-2.2232,50.8083],[-2.2196,50.8121],[-2.2172,50.8138],[-2.2154,50.8145],[-2.2107,50.8159],[-2.2102,50.8164],[-2.2076,50.8176],[-2.2049,50.8192],[-2.2066,50.8219],[-2.2086,50.8227],[-2.2084,50.8238],[-2.2068,50.8271],[-2.2064,50.8283],[-2.2035,50.8287],[-2.1993,50.8296],[-2.1976,50.8297],[-2.1954,50.8309],[-2.1935,50.8326],[-2.1924,50.8354],[-2.1919,50.8359],[-2.1922,50.8367],[-2.1916,50.8381],[-2.1884,50.8428],[-2.1834,50.8448],[-2.182,50.8467],[-2.1819,50.8475],[-2.1781,50.8477],[-2.1759,50.8481],[-2.1699,50.8497],[-2.1682,50.8504],[-2.1668,50.8515],[-2.1668,50.853],[-2.1696,50.8534],[-2.1727,50.8541],[-2.1743,50.8551],[-2.1755,50.8583],[-2.1761,50.8615],[-2.1761,50.8623],[-2.1753,50.8638],[-2.172,50.8667],[-2.1715,50.8682],[-2.1709,50.8688],[-2.1712,50.8699],[-2.1723,50.8707],[-2.1739,50.8715],[-2.1768,50.8719],[-2.1777,50.8723],[-2.1794,50.8724],[-2.184,50.8734],[-2.1886,50.8736],[-2.1917,50.8741],[-2.1936,50.8753],[-2.195,50.877],[-2.1957,50.88],[-2.197,50.8814],[-2.1977,50.8834],[-2.198,50.8847],[-2.1976,50.8859],[-2.1979,50.8867],[-2.1976,50.8876],[-2.1961,50.8895],[-2.1949,50.8905],[-2.1945,50.8917],[-2.1934,50.8935],[-2.1936,50.8953],[-2.1932,50.8962],[-2.1934,50.8974],[-2.1942,50.8973],[-2.1948,50.8974],[-2.1968,50.8977],[-2.198,50.8985],[-2.1996,50.899],[-2.2,50.8993],[-2.2003,50.9],[-2.2002,50.901],[-2.1987,50.9016],[-2.1981,50.9033],[-2.1978,50.9035],[-2.1924,50.9042],[-2.1921,50.9044],[-2.1933,50.9063],[-2.1944,50.9087],[-2.1946,50.9105],[-2.199,50.9102],[-2.1998,50.9105],[-2.2004,50.912],[-2.2013,50.912],[-2.2025,50.9133],[-2.2058,50.9135],[-2.213,50.9153],[-2.2154,50.9165],[-2.2174,50.9183],[-2.2193,50.919],[-2.2226,50.9215],[-2.227,50.9235],[-2.2272,50.9217],[-2.2279,50.9208],[-2.2293,50.9202],[-2.2301,50.9194],[-2.2301,50.9173],[-2.2311,50.9165],[-2.2329,50.9155],[-2.2353,50.9149],[-2.2361,50.9144],[-2.2368,50.9133],[-2.2364,50.912],[-2.2359,50.9112],[-2.2373,50.9105],[-2.2365,50.9091],[-2.2348,50.9076],[-2.2339,50.9056],[-2.2319,50.9037],[-2.2312,50.9033],[-2.232,50.9025],[-2.2316,50.9012],[-2.2304,50.901],[-2.2291,50.9001],[-2.2291,50.8987],[-2.2296,50.8966],[-2.2301,50.8955],[-2.2312,50.8946],[-2.2335,50.8949],[-2.2341,50.8946],[-2.2367,50.8943],[-2.2399,50.8945],[-2.2401,50.8943],[-2.238,50.8927],[-2.2388,50.8923],[-2.2422,50.8925],[-2.2436,50.8921],[-2.2449,50.893],[-2.2478,50.8943],[-2.2516,50.8949],[-2.256,50.8958],[-2.2602,50.896],[-2.2643,50.8957],[-2.2676,50.895],[-2.2744,50.8961],[-2.275,50.8968],[-2.277,50.8973],[-2.2799,50.8919],[-2.281,50.8909],[-2.2842,50.8892],[-2.2855,50.8871],[-2.287,50.8856],[-2.2882,50.8848],[-2.2887,50.8836],[-2.2896,50.8831],[-2.292,50.8808],[-2.2945,50.8797],[-2.2956,50.8788],[-2.2974,50.8787],[-2.3001,50.8777],[-2.3012,50.877],[-2.3025,50.8747],[-2.3029,50.8737],[-2.3028,50.8722],[-2.3037,50.8702],[-2.3033,50.869],[-2.3069,50.8688],[-2.309,50.8673],[-2.312,50.8666],[-2.3167,50.8647],[-2.319,50.867],[-2.32,50.8678],[-2.3212,50.868],[-2.3232,50.8675],[-2.3279,50.8681],[-2.3302,50.8678],[-2.3343,50.8667],[-2.3349,50.867],[-2.3364,50.8667],[-2.3376,50.8667],[-2.339,50.8664],[-2.3404,50.8675],[-2.3421,50.8696],[-2.3434,50.8707],[-2.3451,50.8714],[-2.3503,50.8707],[-2.3502,50.87],[-2.3523,50.8686],[-2.3562,50.8663],[-2.3581,50.8648],[-2.3585,50.8651],[-2.3618,50.8637],[-2.3659,50.8624],[-2.3651,50.8611],[-2.3646,50.8587],[-2.3621,50.8566],[-2.361,50.8553],[-2.3614,50.8548],[-2.3612,50.8526],[-2.3647,50.8523],[-2.3656,50.8512],[-2.3673,50.8501],[-2.3675,50.8478],[-2.3681,50.8469],[-2.37,50.8466],[-2.3705,50.8462],[-2.3744,50.8451],[-2.3751,50.8453],[-2.3761,50.8464],[-2.377,50.8462],[-2.3771,50.8474],[-2.3795,50.8474],[-2.3807,50.8468],[-2.3826,50.8464],[-2.3856,50.8447],[-2.3877,50.8445],[-2.3914,50.8434],[-2.3957,50.8426],[-2.401,50.8424],[-2.4035,50.8426],[-2.4088,50.845],[-2.4113,50.8452],[-2.4133,50.8461],[-2.4151,50.8447],[-2.4162,50.8451],[-2.4142,50.8469],[-2.4133,50.8481],[-2.4147,50.8484],[-2.4177,50.8496],[-2.4203,50.8502],[-2.4225,50.851],[-2.4239,50.8506],[-2.425,50.8517],[-2.4247,50.8528],[-2.4233,50.8548],[-2.4244,50.8561],[-2.4233,50.8572],[-2.4238,50.8584],[-2.4236,50.8602],[-2.4243,50.8623],[-2.4256,50.8628],[-2.4235,50.8638],[-2.4234,50.8657],[-2.4238,50.8669],[-2.426,50.868],[-2.4263,50.8684],[-2.4282,50.8693],[-2.4307,50.8685],[-2.4327,50.8675],[-2.4347,50.867],[-2.4357,50.8676],[-2.4358,50.8692],[-2.4384,50.8685],[-2.4403,50.8673],[-2.4417,50.8673],[-2.4428,50.8665],[-2.4459,50.8658],[-2.446,50.8648],[-2.4467,50.8634],[-2.4481,50.8634],[-2.4485,50.8627],[-2.4504,50.8619],[-2.4519,50.8615],[-2.4545,50.8615],[-2.4553,50.8623],[-2.4589,50.8617],[-2.4621,50.8615],[-2.4637,50.8629],[-2.4638,50.8637],[-2.4671,50.8635],[-2.4685,50.863],[-2.4706,50.8642],[-2.4722,50.8655],[-2.4755,50.8666],[-2.4772,50.8677],[-2.4811,50.8677],[-2.4855,50.8651],[-2.4871,50.8644],[-2.4873,50.8635],[-2.4919,50.8636],[-2.4961,50.8623],[-2.4978,50.8616],[-2.4997,50.8612],[-2.5007,50.8606],[-2.5015,50.8605],[-2.5026,50.8598],[-2.5037,50.8581],[-2.5055,50.858],[-2.5077,50.8572],[-2.5102,50.8566],[-2.5113,50.8577],[-2.5117,50.859],[-2.5189,50.8585],[-2.5227,50.858],[-2.5269,50.8566],[-2.5276,50.856],[-2.5312,50.8543],[-2.5321,50.8537],[-2.5321,50.8522],[-2.5329,50.8515],[-2.5335,50.8502],[-2.5354,50.8499],[-2.5365,50.8485],[-2.5399,50.8474],[-2.5436,50.8464],[-2.5465,50.8453],[-2.5515,50.845],[-2.5533,50.8457],[-2.5548,50.8467],[-2.5569,50.8478],[-2.5582,50.8493],[-2.5584,50.8508],[-2.5588,50.851],[-2.559,50.853],[-2.5581,50.8536],[-2.5581,50.8549],[-2.557,50.8582],[-2.5578,50.8588],[-2.5587,50.8606],[-2.5602,50.8608],[-2.5601,50.8614],[-2.5615,50.8625],[-2.5625,50.8622],[-2.5633,50.8629],[-2.5626,50.8636],[-2.5634,50.8639],[-2.5669,50.8633],[-2.5675,50.8629],[-2.5716,50.8634],[-2.5746,50.8626],[-2.5759,50.8619],[-2.5782,50.8625],[-2.5795,50.8635],[-2.5813,50.8635],[-2.5825,50.8647],[-2.584,50.8655],[-2.5855,50.8656],[-2.5895,50.8651],[-2.5919,50.8674],[-2.5942,50.8678],[-2.5959,50.8683],[-2.5965,50.8708],[-2.597,50.8721],[-2.5977,50.8726],[-2.6006,50.8728],[-2.6034,50.8739],[-2.6043,50.8732],[-2.6065,50.874],[-2.6084,50.8744],[-2.6096,50.8743],[-2.6101,50.8754],[-2.6113,50.8766],[-2.613,50.8773],[-2.613,50.8783],[-2.6124,50.8791],[-2.6112,50.8812],[-2.6122,50.8832],[-2.6112,50.8847],[-2.6128,50.885],[-2.6144,50.8837],[-2.6155,50.8819],[-2.6175,50.881],[-2.6205,50.8812],[-2.6221,50.8808],[-2.6245,50.8794],[-2.6272,50.8799],[-2.6274,50.8824],[-2.628,50.8842],[-2.6279,50.8863],[-2.631,50.8858],[-2.6341,50.8864],[-2.6377,50.8869],[-2.6409,50.8869],[-2.6424,50.8867],[-2.643,50.8873],[-2.6471,50.8884],[-2.6461,50.8874],[-2.6464,50.8865],[-2.6473,50.8856],[-2.6473,50.8847],[-2.6489,50.884],[-2.6496,50.8842],[-2.6504,50.8833],[-2.654,50.8847],[-2.6546,50.8851],[-2.6589,50.8868],[-2.6607,50.8871],[-2.6612,50.8866],[-2.664,50.8853],[-2.6662,50.8837],[-2.6685,50.8827],[-2.6707,50.8813],[-2.6747,50.8792],[-2.6788,50.8775],[-2.6823,50.877],[-2.6862,50.8769],[-2.6877,50.8766],[-2.6917,50.8764],[-2.6959,50.8759],[-2.6965,50.8755],[-2.6956,50.8747],[-2.6967,50.8737],[-2.6995,50.8728],[-2.7029,50.8733],[-2.7041,50.8725],[-2.7052,50.8714],[-2.7068,50.8703],[-2.7071,50.8697],[-2.7112,50.87],[-2.7117,50.8708],[-2.7144,50.8712],[-2.7142,50.8703],[-2.7143,50.8682],[-2.7138,50.867],[-2.7144,50.8655],[-2.7145,50.8639],[-2.7173,50.8639],[-2.7205,50.8649],[-2.7214,50.865],[-2.7231,50.8662],[-2.7247,50.8655],[-2.73,50.8647],[-2.7335,50.865],[-2.7367,50.8643],[-2.7375,50.8646],[-2.7394,50.8647],[-2.7422,50.8643],[-2.7453,50.8642],[-2.7505,50.8638],[-2.7535,50.8642],[-2.7545,50.8648],[-2.7552,50.8664],[-2.7544,50.8679],[-2.7553,50.8692],[-2.755,50.8706],[-2.7554,50.8711],[-2.755,50.873],[-2.7551,50.8741],[-2.7556,50.8747],[-2.7567,50.8746],[-2.7576,50.8739],[-2.7583,50.8723],[-2.7596,50.8707],[-2.7608,50.8699],[-2.7604,50.8679],[-2.76,50.8676],[-2.7599,50.8661],[-2.7608,50.8636],[-2.7609,50.8615],[-2.7617,50.8608],[-2.7628,50.8606],[-2.7675,50.8607],[-2.7698,50.8603],[-2.7723,50.8604],[-2.7741,50.8606],[-2.7786,50.8605],[-2.7823,50.8597],[-2.7842,50.8568],[-2.7849,50.8562],[-2.7862,50.8545],[-2.7878,50.8537],[-2.7923,50.8528],[-2.7936,50.8533],[-2.7942,50.8541],[-2.7954,50.8548],[-2.7991,50.8555],[-2.8003,50.8562],[-2.8029,50.8573],[-2.8075,50.8586],[-2.8057,50.8612],[-2.8056,50.8619],[-2.8065,50.8621],[-2.8084,50.8633],[-2.8114,50.862],[-2.8131,50.8605],[-2.8151,50.8578],[-2.8176,50.8557],[-2.8207,50.8539],[-2.8222,50.8535],[-2.8232,50.8525],[-2.8245,50.8521],[-2.8258,50.8509],[-2.8272,50.8506],[-2.8284,50.8518],[-2.8297,50.8522],[-2.8315,50.8532],[-2.8333,50.853],[-2.8364,50.8532],[-2.8385,50.8541],[-2.8447,50.8524],[-2.8453,50.8519],[-2.8449,50.8506],[-2.8435,50.8496],[-2.8428,50.8477],[-2.842,50.8466],[-2.8418,50.8456],[-2.8424,50.8448],[-2.8415,50.8445],[-2.8408,50.8432],[-2.8401,50.8427],[-2.8394,50.8414],[-2.8391,50.8395],[-2.8385,50.8384],[-2.8396,50.8369],[-2.84,50.835],[-2.843,50.8337],[-2.8444,50.8342],[-2.846,50.8343],[-2.8479,50.8335],[-2.8495,50.8332],[-2.8528,50.8328],[-2.8544,50.8328],[-2.8566,50.8322],[-2.8598,50.8333],[-2.8651,50.8331],[-2.8672,50.8337],[-2.8707,50.8331],[-2.873,50.8338],[-2.874,50.8348],[-2.8737,50.8361],[-2.8729,50.8377],[-2.8709,50.8385],[-2.8694,50.8384],[-2.8688,50.8396],[-2.869,50.8409],[-2.8703,50.8409],[-2.8704,50.8418],[-2.87,50.8436],[-2.8713,50.846],[-2.8722,50.8469],[-2.8728,50.8484],[-2.8738,50.8489],[-2.8757,50.8489],[-2.8763,50.8492],[-2.8774,50.8486],[-2.8789,50.8483],[-2.8779,50.8474],[-2.8788,50.8472],[-2.8793,50.8464],[-2.8807,50.8467],[-2.8813,50.848],[-2.8829,50.8483],[-2.8826,50.8492],[-2.8848,50.8496],[-2.8851,50.8503],[-2.8861,50.8506],[-2.8893,50.85],[-2.8902,50.8491],[-2.8925,50.8483],[-2.8934,50.8468],[-2.895,50.8467],[-2.8959,50.8472],[-2.8974,50.8475],[-2.8984,50.8469],[-2.9009,50.8466],[-2.9023,50.845],[-2.9019,50.8441],[-2.9047,50.8437],[-2.9066,50.8437],[-2.9088,50.8445],[-2.9124,50.8439],[-2.913,50.8426],[-2.9141,50.8421],[-2.9164,50.8418],[-2.918,50.8418],[-2.9202,50.8414],[-2.9213,50.8403],[-2.9254,50.8395],[-2.9278,50.84],[-2.928,50.8408],[-2.9292,50.8405],[-2.9307,50.841],[-2.9326,50.8407],[-2.933,50.8402],[-2.9346,50.8398],[-2.9354,50.8389],[-2.9363,50.8385],[-2.9372,50.8373],[-2.9392,50.8371],[-2.9418,50.8358],[-2.9421,50.835],[-2.943,50.8348],[-2.9442,50.8332],[-2.9438,50.8327],[-2.9444,50.8309],[-2.9438,50.8303],[-2.9448,50.8286],[-2.946,50.8289],[-2.9458,50.8273],[-2.9462,50.8261],[-2.9474,50.8259],[-2.9478,50.8253],[-2.9473,50.8238],[-2.9483,50.8234],[-2.9497,50.8236],[-2.9494,50.8226],[-2.9515,50.8229],[-2.9529,50.8224],[-2.9539,50.8208],[-2.9554,50.8202],[-2.9574,50.8204],[-2.9584,50.8197],[-2.9588,50.8185],[-2.9581,50.818],[-2.9605,50.8162],[-2.9563,50.8158],[-2.9526,50.8151],[-2.9499,50.815],[-2.9491,50.8154],[-2.9479,50.8154],[-2.9471,50.8143],[-2.9457,50.8141],[-2.9442,50.8134],[-2.9426,50.8119],[-2.9415,50.8116],[-2.9408,50.811],[-2.9382,50.8098],[-2.9368,50.8101],[-2.9345,50.8092],[-2.9297,50.8091],[-2.9286,50.8083],[-2.9259,50.8083],[-2.9234,50.8078],[-2.922,50.8069],[-2.9211,50.8069],[-2.9192,50.8061],[-2.9171,50.8059],[-2.915,50.8052],[-2.9121,50.8053],[-2.9114,50.8046],[-2.909,50.8048],[-2.9075,50.8047],[-2.9054,50.8053],[-2.9027,50.8047],[-2.9007,50.8047],[-2.9001,50.8051],[-2.8972,50.8045],[-2.8957,50.805],[-2.8927,50.8047],[-2.8916,50.8052],[-2.8913,50.8059],[-2.89,50.8063],[-2.889,50.8071],[-2.8872,50.8076],[-2.8856,50.8084],[-2.8827,50.8084],[-2.8814,50.8103],[-2.8801,50.8098],[-2.8781,50.8107],[-2.8737,50.8087],[-2.8713,50.8065],[-2.8686,50.8058],[-2.8678,50.8037],[-2.8681,50.8032],[-2.8705,50.8035],[-2.871,50.804],[-2.8743,50.8029],[-2.8753,50.8023],[-2.8756,50.8013],[-2.8766,50.8012],[-2.8778,50.8003],[-2.8787,50.8012],[-2.8795,50.8014],[-2.8843,50.8013],[-2.885,50.8009],[-2.8855,50.7991],[-2.8851,50.7977],[-2.8842,50.7974],[-2.8832,50.7951],[-2.8828,50.7936],[-2.8855,50.7933],[-2.8858,50.7917],[-2.8864,50.7907],[-2.8873,50.7909],[-2.8891,50.7905],[-2.8888,50.7886],[-2.8906,50.7848],[-2.8903,50.7837],[-2.8896,50.783],[-2.8913,50.7827],[-2.892,50.7817],[-2.8936,50.7805],[-2.8947,50.7805],[-2.8959,50.7814],[-2.8983,50.7824],[-2.9002,50.7828],[-2.9016,50.7829],[-2.9047,50.7822],[-2.9059,50.7812],[-2.9072,50.7792],[-2.9085,50.7781],[-2.9101,50.7765],[-2.9115,50.7762],[-2.9142,50.7763],[-2.9153,50.7769],[-2.9165,50.7788],[-2.9162,50.7802],[-2.9175,50.7825],[-2.9179,50.7828],[-2.9208,50.7822],[-2.9236,50.7825],[-2.9242,50.7813],[-2.9253,50.7816],[-2.929,50.781],[-2.9349,50.7793],[-2.9408,50.7773],[-2.9414,50.7781],[-2.9426,50.7772],[-2.9458,50.7745],[-2.9522,50.7697],[-2.9544,50.7678],[-2.9561,50.7648],[-2.9561,50.7638],[-2.9575,50.762],[-2.9578,50.7608],[-2.9529,50.7614],[-2.9516,50.7613],[-2.9492,50.7608],[-2.9472,50.7599],[-2.9386,50.7567],[-2.937,50.7554],[-2.9351,50.7543],[-2.9364,50.753],[-2.9388,50.7523],[-2.9399,50.7516],[-2.9406,50.7487],[-2.9382,50.746],[-2.9378,50.7441],[-2.9405,50.7428],[-2.9412,50.7418],[-2.9423,50.7412],[-2.9456,50.738],[-2.9466,50.7368],[-2.9463,50.7352],[-2.947,50.735],[-2.9477,50.7338],[-2.9496,50.7323],[-2.9505,50.7312],[-2.9529,50.7287],[-2.9531,50.7278],[-2.9527,50.7246],[-2.9508,50.7231],[-2.9489,50.7213],[-2.9488,50.7199],[-2.9478,50.7183]]]},"properties":{"name":"Dorset","kind":"national_landscape"},"id":13},
{"type":"Feature","geometry":{"type":"Polygon","coordinates":[[[-1.1342,51.5651],[-1.1358,51.5661],[-1.138,51.5672],[-1.1432,51.5686],[-1.1488,51.5694],[-1.157,51.5707],[-1.1576,51.5694],[-1.1622,51.573],[-1.1615,51.5733],[-1.1613,51.5745],[-1.1606,51.5754],[-1.1573,51.5778],[-1.1557,51.5791],[-1.1507,51.5841],[-1.1513,51.5846],[-1.1517,51.5865],[-1.1518,51.5881],[-1.1514,51.5904],[-1.1503,51.592],[-1.1495,51.5925],[-1.1496,51.5941],[-1.1522,51.5951],[-1.1561,51.5952],[-1.1607,51.5947],[-1.1635,51.5942],[-1.1695,51.5925],[-1.17,51.5933],[-1.1737,51.5943],[-1.1745,51.5952],[-1.177,51.597],[-1.1775,51.5976],[-1.1783,51.5995],[-1.1786,51.6013],[-1.1791,51.602],[-1.1813,51.6034],[-1.1819,51.604],[-1.1819,51.6073],[-1.1874,51.6078],[-1.1876,51.6085],[-1.1869,51.61],[-1.1846,51.6119],[-1.183,51.6128],[-1.1786,51.6146],[-1.175,51.6143],[-1.174,51.6158],[-1.1717,51.6158],[-1.1703,51.6187],[-1.1671,51.618],[-1.1642,51.6172],[-1.1602,51.6165],[-1.157,51.6161],[-1.1537,51.6154],[-1.1509,51.6138],[-1.149,51.6125],[-1.1457,51.6111],[-1.1407,51.6122],[-1.1382,51.613],[-1.1383,51.6136],[-1.1357,51.6144],[-1.1344,51.6146],[-1.1336,51.6141],[-1.1296,51.6154],[-1.128,51.6138],[-1.1268,51.612],[-1.1255,51.6091],[-1.1232,51.6058],[-1.12,51.6058],[-1.1179,51.6076],[-1.1153,51.6072],[-1.1143,51.6099],[-1.114,51.6119],[-1.1144,51.6136],[-1.114,51.6138],[-1.1141,51.6153],[-1.1153,51.6169],[-1.1152,51.619],[-1.1161,51.6198],[-1.1197,51.621],[-1.1236,51.622],[-1.1252,51.6222],[-1.1287,51.6221],[-1.1304,51.6228],[-1.1332,51.6231],[-1.1393,51.6241],[-1.1411,51.6242],[-1.1436,51.6251],[-1.1442,51.6257],[-1.1432,51.627],[-1.1437,51.6278],[-1.1468,51.6276],[-1.148,51.6281],[-1.1486,51.6288],[-1.1487,51.6306],[-1.1476,51.6323],[-1.1481,51.6332],[-1.149,51.634],[-1.1527,51.6346],[-1.1536,51.6354],[-1.1551,51.6361],[-1.1585,51.6361],[-1.161,51.6352],[-1.1643,51.6347],[-1.1676,51.6344],[-1.1724,51.6342],[-1.1755,51.6346],[-1.1772,51.635],[-1.1794,51.6353],[-1.1811,51.6358],[-1.1814,51.637],[-1.1785,51.6399],[-1.1775,51.6436],[-1.1777,51.6449],[-1.177,51.6468],[-1.1796,51.6468],[-1.1828,51.6466],[-1.1886,51.6464],[-1.1898,51.6466],[-1.1931,51.6466],[-1.1935,51.6436],[-1.1933,51.6421],[-1.1924,51.6397],[-1.1911,51.6374],[-1.1891,51.6355],[-1.1954,51.6331],[-1.1939,51.6318],[-1.1964,51.6308],[-1.1996,51.6301],[-1.2017,51.6298],[-1.2019,51.6274],[-1.1994,51.6239],[-1.2009,51.6235],[-1.2025,51.6224],[-1.2051,51.6215],[-1.2075,51.6201],[-1.2107,51.6195],[-1.2145,51.6193],[-1.2152,51.6188],[-1.2174,51.6184],[-1.2175,51.6178],[-1.216,51.6133],[-1.2144,51.6098],[-1.2121,51.6076],[-1.2163,51.6067],[-1.2185,51.606],[-1.2199,51.6035],[-1.2227,51.5998],[-1.2234,51.5984],[-1.2228,51.5981],[-1.2234,51.5963],[-1.2218,51.5962],[-1.222,51.5932],[-1.2219,51.5925],[-1.2163,51.5922],[-1.2105,51.5928],[-1.2081,51.5926],[-1.207,51.5921],[-1.2091,51.5905],[-1.2086,51.5899],[-1.2134,51.5887],[-1.217,51.5875],[-1.2203,51.5856],[-1.2202,51.5846],[-1.2217,51.5845],[-1.2235,51.5832],[-1.2249,51.5813],[-1.2268,51.5823],[-1.2269,51.5815],[-1.2279,51.5807],[-1.2293,51.5801],[-1.2312,51.5789],[-1.2367,51.5781],[-1.2449,51.5775],[-1.2471,51.5759],[-1.2498,51.5769],[-1.2492,51.5775],[-1.2513,51.578],[-1.2561,51.5756],[-1.2584,51.574],[-1.2607,51.5757],[-1.2627,51.5765],[-1.2634,51.5773],[-1.2666,51.5821],[-1.266,51.5844],[-1.2664,51.5847],[-1.2709,51.5849],[-1.2716,51.5846],[-1.2745,51.5862],[-1.2754,51.5871],[-1.2778,51.5899],[-1.2792,51.5911],[-1.2838,51.5932],[-1.2888,51.5946],[-1.2937,51.595],[-1.2955,51.5955],[-1.2997,51.5974],[-1.3016,51.5981],[-1.3033,51.5985],[-1.3066,51.5988],[-1.3106,51.5995],[-1.3134,51.5998],[-1.3148,51.5997],[-1.3225,51.6],[-1.3241,51.5999],[-1.3271,51.6005],[-1.3338,51.6008],[-1.3365,51.6006],[-1.3397,51.6008],[-1.3418,51.6007],[-1.3439,51.6002],[-1.3468,51.5999],[-1.3516,51.6001],[-1.3545,51.5993],[-1.3584,51.5985],[-1.3601,51.5983],[-1.3633,51.5982],[-1.367,51.5976],[-1.3722,51.597],[-1.3747,51.5971],[-1.3804,51.5966],[-1.3842,51.596],[-1.387,51.5954],[-1.3936,51.5945],[-1.3962,51.5938],[-1.4004,51.5933],[-1.4075,51.5909],[-1.4103,51.5903],[-1.4095,51.5866],[-1.4154,51.5857],[-1.4214,51.5845],[-1.4182,51.5823],[-1.4191,51.5818],[-1.4209,51.5815],[-1.4207,51.5811],[-1.4248,51.5806],[-1.4282,51.5811],[-1.4273,51.5836],[-1.426,51.5849],[-1.4261,51.5862],[-1.4268,51.5863],[-1.432,51.5862],[-1.4332,51.5863],[-1.4361,51.587],[-1.4389,51.5868],[-1.4419,51.5864],[-1.4447,51.5864],[-1.4499,51.5859],[-1.4536,51.585],[-1.4639,51.5838],[-1.4677,51.583],[-1.4716,51.5829],[-1.4744,51.5823],[-1.4779,51.5806],[-1.4789,51.5805],[-1.4818,51.5806],[-1.4856,51.5803],[-1.4891,51.5807],[-1.4908,51.5812],[-1.495,51.5812],[-1.4995,51.5819],[-1.5039,51.5816],[-1.5096,51.5819],[-1.5137,51.582],[-1.516,51.5826],[-1.5188,51.5825],[-1.5215,51.5826],[-1.5279,51.5823],[-1.5309,51.582],[-1.5342,51.5824],[-1.5373,51.5821],[-1.542,51.5824],[-1.5453,51.5831],[-1.548,51.5823],[-1.549,51.5838],[-1.5517,51.5845],[-1.5527,51.5846],[-1.5539,51.5837],[-1.5564,51.583],[-1.5597,51.5825],[-1.5616,51.5825],[-1.5636,51.5829],[-1.5665,51.583],[-1.5702,51.5829],[-1.5719,51.5825],[-1.5726,51.582],[-1.5738,51.5817],[-1.5753,51.5827],[-1.5811,51.5829],[-1.5832,51.5826],[-1.5888,51.5811],[-1.5902,51.5805],[-1.5937,51.5794],[-1.5974,51.5772],[-1.6003,51.5759],[-1.6029,51.5742],[-1.6075,51.572],[-1.6108,51.5697],[-1.613,51.5679],[-1.6147,51.5671],[-1.6149,51.5662],[-1.6157,51.565],[-1.6198,51.5636],[-1.6209,51.5637],[-1.622,51.5623],[-1.6247,51.56],[-1.6263,51.559],[-1.6276,51.558],[-1.6288,51.5565],[-1.6316,51.5562],[-1.6347,51.5542],[-1.638,51.553],[-1.6404,51.5528],[-1.6415,51.5524],[-1.6451,51.5507],[-1.6467,51.5514],[-1.6506,51.5504],[-1.6513,51.5504],[-1.6563,51.5499],[-1.66,51.5498],[-1.6621,51.5499],[-1.6633,51.5481],[-1.6635,51.5472],[-1.6653,51.5466],[-1.6668,51.5466],[-1.6685,51.5468],[-1.6702,51.5474],[-1.6724,51.5475],[-1.6744,51.5472],[-1.6771,51.547],[-1.6804,51.5462],[-1.6841,51.5467],[-1.6894,51.5463],[-1.6902,51.5458],[-1.6946,51.5444],[-1.6964,51.544],[-1.6982,51.5426],[-1.7009,51.5422],[-1.7027,51.5429],[-1.7055,51.5424],[-1.7068,51.5425],[-1.7159,51.5439],[-1.7187,51.5437],[-1.7204,51.5434],[-1.7243,51.5423],[-1.7249,51.541],[-1.7231,51.5398],[-1.7221,51.5395],[-1.7225,51.5375],[-1.7232,51.5354],[-1.7237,51.5313],[-1.7244,51.5278],[-1.7238,51.5274],[-1.7238,51.5262],[-1.7249,51.5259],[-1.7263,51.5264],[-1.7296,51.5271],[-1.7367,51.5283],[-1.7375,51.5282],[-1.7426,51.5284],[-1.7483,51.5286],[-1.7503,51.5285],[-1.7525,51.5288],[-1.7563,51.5296],[-1.7596,51.5307],[-1.7642,51.5315],[-1.766,51.5307],[-1.7672,51.5308],[-1.7697,51.5301],[-1.7689,51.5269],[-1.769,51.5262],[-1.7683,51.5234],[-1.7676,51.5219],[-1.7719,51.521],[-1.7749,51.5209],[-1.7762,51.5207],[-1.7777,51.5209],[-1.7812,51.5215],[-1.7825,51.5206],[-1.784,51.5203],[-1.7845,51.5198],[-1.7862,51.5195],[-1.7892,51.52],[-1.7899,51.5211],[-1.7931,51.5207],[-1.7941,51.5209],[-1.796,51.5206],[-1.7977,51.5198],[-1.7995,51.5191],[-1.8009,51.5184],[-1.8024,51.52],[-1.8058,51.5187],[-1.8075,51.5177],[-1.8093,51.5174],[-1.8125,51.5176],[-1.813,51.5189],[-1.8132,51.5209],[-1.8139,51.5215],[-1.8185,51.5207],[-1.8212,51.5205],[-1.8242,51.5212],[-1.825,51.522],[-1.8289,51.5227],[-1.8329,51.5231],[-1.8362,51.523],[-1.8383,51.5217],[-1.8398,51.52],[-1.8402,51.519],[-1.8429,51.5182],[-1.8442,51.5173],[-1.8459,51.5173],[-1.8482,51.5164],[-1.8501,51.5166],[-1.8523,51.5159],[-1.8539,51.5149],[-1.8556,51.513],[-1.8558,51.5124],[-1.859,51.5107],[-1.8618,51.5096],[-1.863,51.5084],[-1.8632,51.5078],[-1.8645,51.5064],[-1.8646,51.5043],[-1.8659,51.5033],[-1.868,51.5006],[-1.8687,51.499],[-1.8722,51.4977],[-1.8726,51.4981],[-1.8762,51.4982],[-1.8792,51.4987],[-1.8797,51.499],[-1.8815,51.4977],[-1.8825,51.4976],[-1.8866,51.4965],[-1.8897,51.4957],[-1.8924,51.4964],[-1.8949,51.4959],[-1.8964,51.4959],[-1.9005,51.4944],[-1.9016,51.4943],[-1.9026,51.4947],[-1.9046,51.4942],[-1.9091,51.4932],[-1.91,51.4925],[-1.9112,51.4923],[-1.9142,51.4928],[-1.915,51.4934],[-1.9169,51.4927],[-1.9154,51.4909],[-1.9172,51.4897],[-1.919,51.4878],[-1.9212,51.4867],[-1.922,51.485],[-1.9237,51.4834],[-1.9273,51.4813],[-1.9272,51.4791],[-1.9285,51.4774],[-1.9293,51.4767],[-1.9316,51.4757],[-1.9324,51.4748],[-1.936,51.4723],[-1.9372,51.472],[-1.939,51.4697],[-1.9423,51.4674],[-1.9427,51.4664],[-1.9437,51.4661],[-1.9449,51.4662],[-1.9478,51.4647],[-1.9497,51.4634],[-1.9513,51.4633],[-1.9525,51.4614],[-1.9529,51.4593],[-1.9522,51.4567],[-1.9504,51.4539],[-1.9497,51.4517],[-1.949,51.4503],[-1.9473,51.4485],[-1.9475,51.4472],[-1.9486,51.4466],[-1.9515,51.4455],[-1.9533,51.4452],[-1.9566,51.4441],[-1.9587,51.4448],[-1.9609,51.4447],[-1.9665,51.4467],[-1.9667,51.4466],[-1.9679,51.4426],[-1.9672,51.4405],[-1.9671,51.4388],[-1.9666,51.436],[-1.9648,51.4343],[-1.9612,51.4321],[-1.9596,51.4317],[-1.9577,51.4301],[-1.9564,51.4302],[-1.9554,51.4284],[-1.9568,51.4283],[-1.9632,51.4281],[-1.9647,51.4277],[-1.9662,51.4277],[-1.9691,51.4272],[-1.9687,51.4265],[-1.9699,51.4257],[-1.9695,51.4243],[-1.9697,51.4224],[-1.9696,51.4197],[-1.9701,51.4182],[-1.97,51.4161],[-1.9713,51.4162],[-1.973,51.4167],[-1.9759,51.4167],[-1.9788,51.4169],[-1.9805,51.4166],[-1.9839,51.4163],[-1.9865,51.4165],[-1.9909,51.4175],[-1.9936,51.4179],[-1.9943,51.4185],[-1.9961,51.4167],[-1.9961,51.4159],[-1.9976,51.4134],[-1.998,51.4124],[-1.9986,51.4095],[-1.9987,51.407],[-1.9975,51.4065],[-1.9971,51.4034],[-1.9978,51.4025],[-1.9978,51.401],[-1.9986,51.3997],[-2,51.3981],[-1.9998,51.397],[-2.0014,51.3962],[-2.0028,51.3959],[-2.0038,51.3949],[-2.0055,51.3948],[-2.0082,51.3959],[-2.0091,51.3959],[-2.0112,51.3948],[-2.0123,51.393],[-2.0127,51.3911],[-2.0128,51.3898],[-2.0133,51.3885],[-2.013,51.3873],[-2.0105,51.3851],[-2.0096,51.3847],[-2.0072,51.3843],[-2.0078,51.3824],[-2.0067,51.3807],[-2.0066,51.3797],[-2.0058,51.3788],[-2.0034,51.3777],[-2.0019,51.3773],[-1.9986,51.3745],[-1.9971,51.3728],[-1.995,51.3717],[-1.9935,51.3704],[-1.9923,51.3697],[-1.9892,51.3691],[-1.9882,51.3687],[-1.9866,51.3685],[-1.9821,51.37],[-1.9794,51.3702],[-1.9782,51.3694],[-1.9768,51.3679],[-1.9733,51.3681],[-1.9711,51.3692],[-1.9711,51.3719],[-1.9639,51.3717],[-1.9634,51.3715],[-1.9618,51.3728],[-1.9599,51.3753],[-1.9577,51.372],[-1.9561,51.3673],[-1.9545,51.3674],[-1.9539,51.3654],[-1.9521,51.3654],[-1.952,51.3644],[-1.9527,51.3628],[-1.9557,51.3582],[-1.9557,51.3579],[-1.9583,51.3575],[-1.9665,51.3575],[-1.9663,51.3569],[-1.9652,51.356],[-1.9633,51.3536],[-1.9608,51.3492],[-1.9603,51.3469],[-1.9593,51.3435],[-1.9589,51.3427],[-1.9572,51.3411],[-1.9558,51.3391],[-1.9547,51.3385],[-1.9591,51.3375],[-1.9472,51.3335],[-1.9451,51.3333],[-1.9409,51.3312],[-1.9367,51.3287],[-1.9346,51.327],[-1.9324,51.325],[-1.9308,51.3239],[-1.9273,51.3219],[-1.9244,51.3194],[-1.9221,51.3182],[-1.9195,51.3176],[-1.9177,51.3168],[-1.915,51.3153],[-1.9119,51.3144],[-1.9101,51.3135],[-1.908,51.3121],[-1.9042,51.3122],[-1.9021,51.3118],[-1.8974,51.3122],[-1.8956,51.3121],[-1.891,51.3108],[-1.8857,51.31],[-1.8832,51.3091],[-1.8805,51.3089],[-1.877,51.3092],[-1.8721,51.3088],[-1.8681,51.3078],[-1.8653,51.3073],[-1.8605,51.307],[-1.8566,51.3062],[-1.8544,51.3056],[-1.8523,51.3046],[-1.8498,51.3039],[-1.8447,51.3031],[-1.8418,51.3026],[-1.8399,51.3019],[-1.8376,51.3015],[-1.8322,51.301],[-1.83,51.3005],[-1.8281,51.2999],[-1.8257,51.2996],[-1.8222,51.3002],[-1.8209,51.2987],[-1.82,51.2983],[-1.8126,51.2987],[-1.8104,51.2992],[-1.8106,51.3021],[-1.8101,51.3029],[-1.8101,51.3046],[-1.8095,51.3054],[-1.8096,51.3065],[-1.8066,51.3082],[-1.8055,51.3095],[-1.8027,51.3091],[-1.8005,51.3084],[-1.7966,51.3068],[-1.7928,51.3049],[-1.7924,51.3043],[-1.7882,51.3017],[-1.7859,51.3007],[-1.7838,51.3002],[-1.7752,51.299],[-1.7747,51.2991],[-1.7705,51.2982],[-1.7694,51.2978],[-1.7594,51.2962],[-1.7575,51.2959],[-1.7514,51.2944],[-1.7518,51.2955],[-1.7518,51.2971],[-1.7514,51.2984],[-1.7499,51.3001],[-1.7467,51.3013],[-1.7389,51.3034],[-1.738,51.304],[-1.7367,51.304],[-1.7321,51.3048],[-1.7297,51.3056],[-1.7274,51.3075],[-1.7208,51.3046],[-1.7138,51.3003],[-1.7119,51.2994],[-1.7079,51.2989],[-1.7016,51.2974],[-1.7014,51.296],[-1.6998,51.2958],[-1.6964,51.2963],[-1.6845,51.2978],[-1.6817,51.2986],[-1.6791,51.2989],[-1.678,51.2993],[-1.6669,51.3012],[-1.6657,51.3012],[-1.6632,51.3008],[-1.6611,51.3009],[-1.6582,51.3016],[-1.6565,51.3025],[-1.6561,51.2975],[-1.6548,51.295],[-1.6532,51.2935],[-1.6515,51.2912],[-1.6496,51.2854],[-1.6498,51.2814],[-1.6494,51.2791],[-1.6483,51.2762],[-1.6466,51.2738],[-1.6395,51.2654],[-1.6378,51.2637],[-1.6352,51.262],[-1.6326,51.2623],[-1.6307,51.2621],[-1.6284,51.2624],[-1.6265,51.263],[-1.623,51.2637],[-1.6211,51.2638],[-1.6196,51.2634],[-1.6162,51.2621],[-1.6132,51.2616],[-1.6113,51.2618],[-1.6093,51.2616],[-1.6058,51.2605],[-1.6049,51.2596],[-1.6033,51.2576],[-1.6028,51.2564],[-1.6015,51.2548],[-1.5996,51.2544],[-1.5987,51.2535],[-1.5968,51.2535],[-1.5921,51.253],[-1.5878,51.2531],[-1.5853,51.254],[-1.5843,51.2547],[-1.5819,51.2547],[-1.5776,51.2556],[-1.5755,51.2548],[-1.5739,51.2546],[-1.5725,51.2549],[-1.5679,51.2534],[-1.5666,51.2529],[-1.5641,51.2524],[-1.5628,51.2519],[-1.5566,51.2492],[-1.5525,51.249],[-1.5512,51.2488],[-1.5488,51.248],[-1.546,51.2453],[-1.5441,51.2451],[-1.5417,51.2461],[-1.5396,51.2474],[-1.5373,51.248],[-1.5361,51.2485],[-1.5295,51.2494],[-1.5292,51.2503],[-1.5253,51.2499],[-1.5197,51.2496],[-1.5174,51.2497],[-1.5167,51.2504],[-1.5136,51.2516],[-1.5142,51.253],[-1.5114,51.2543],[-1.5079,51.2514],[-1.5067,51.2539],[-1.5052,51.2559],[-1.5035,51.2567],[-1.4959,51.257],[-1.4958,51.2554],[-1.495,51.2546],[-1.4905,51.2548],[-1.4902,51.2543],[-1.4855,51.255],[-1.4789,51.2537],[-1.4775,51.2533],[-1.4734,51.2528],[-1.4722,51.2521],[-1.4703,51.2501],[-1.4682,51.2489],[-1.4677,51.2483],[-1.464,51.2466],[-1.4595,51.2457],[-1.4594,51.2437],[-1.4587,51.2418],[-1.458,51.2404],[-1.4562,51.2385],[-1.4551,51.2378],[-1.4523,51.2366],[-1.4477,51.2336],[-1.4462,51.2324],[-1.4417,51.234],[-1.4334,51.2365],[-1.4317,51.236],[-1.4299,51.2352],[-1.4277,51.2335],[-1.427,51.2318],[-1.427,51.23],[-1.4281,51.2252],[-1.4247,51.2263],[-1.4201,51.2278],[-1.4173,51.2284],[-1.4113,51.2299],[-1.4076,51.231],[-1.3993,51.233],[-1.3951,51.2292],[-1.3939,51.2285],[-1.3908,51.2256],[-1.3898,51.224],[-1.3894,51.2227],[-1.3884,51.2215],[-1.3862,51.2182],[-1.3852,51.2175],[-1.3835,51.215],[-1.3804,51.2153],[-1.3773,51.2159],[-1.3764,51.2159],[-1.3718,51.2148],[-1.3686,51.2149],[-1.3672,51.2152],[-1.3664,51.2159],[-1.3644,51.2187],[-1.363,51.2199],[-1.3619,51.2205],[-1.3599,51.2221],[-1.3575,51.2229],[-1.355,51.2235],[-1.3517,51.224],[-1.3489,51.2241],[-1.3483,51.2247],[-1.3472,51.2267],[-1.3448,51.2271],[-1.3432,51.231],[-1.3447,51.2316],[-1.3469,51.233],[-1.3479,51.2342],[-1.3494,51.2369],[-1.3506,51.2387],[-1.3463,51.2384],[-1.3432,51.2381],[-1.3355,51.2376],[-1.3304,51.2377],[-1.3257,51.2387],[-1.323,51.2389],[-1.3156,51.2401],[-1.3096,51.2412],[-1.3066,51.2419],[-1.2975,51.2446],[-1.2934,51.2458],[-1.2877,51.2476],[-1.286,51.248],[-1.2804,51.2497],[-1.2781,51.2503],[-1.2718,51.2516],[-1.2685,51.2525],[-1.2657,51.2529],[-1.2617,51.254],[-1.2591,51.2544],[-1.2559,51.2552],[-1.2513,51.256],[-1.2467,51.2562],[-1.2439,51.2562],[-1.2411,51.256],[-1.2333,51.255],[-1.2302,51.2548],[-1.2259,51.2539],[-1.2207,51.2536],[-1.217,51.2537],[-1.2136,51.2541],[-1.2094,51.2551],[-1.2048,51.2558],[-1.202,51.2561],[-1.1979,51.2561],[-1.1933,51.2557],[-1.1941,51.2583],[-1.1954,51.2604],[-1.1953,51.2609],[-1.1939,51.2613],[-1.1963,51.2626],[-1.1969,51.2635],[-1.197,51.2658],[-1.1975,51.2682],[-1.198,51.269],[-1.2001,51.2717],[-1.2018,51.2742],[-1.1998,51.2764],[-1.1981,51.2771],[-1.1966,51.2766],[-1.1946,51.2766],[-1.1925,51.2761],[-1.1884,51.2744],[-1.1877,51.2749],[-1.1837,51.2784],[-1.1821,51.2806],[-1.1812,51.2811],[-1.1784,51.282],[-1.1764,51.2815],[-1.1738,51.2814],[-1.1683,51.2807],[-1.1642,51.2806],[-1.1624,51.2807],[-1.1589,51.2812],[-1.1569,51.2818],[-1.1504,51.2826],[-1.1485,51.2826],[-1.1474,51.2821],[-1.1448,51.2816],[-1.1415,51.2844],[-1.1401,51.2866],[-1.142,51.2877],[-1.1447,51.2886],[-1.1445,51.2889],[-1.1499,51.2937],[-1.1529,51.2974],[-1.1527,51.2996],[-1.1529,51.3009],[-1.1526,51.3018],[-1.1541,51.3023],[-1.1534,51.3033],[-1.1535,51.3049],[-1.1524,51.3061],[-1.1525,51.3075],[-1.1535,51.3086],[-1.154,51.3098],[-1.1539,51.3113],[-1.1546,51.3119],[-1.1623,51.3171],[-1.1654,51.3179],[-1.1683,51.3184],[-1.1694,51.3194],[-1.1702,51.3212],[-1.1721,51.3226],[-1.1747,51.3259],[-1.176,51.3263],[-1.1799,51.3282],[-1.1826,51.3289],[-1.1854,51.3274],[-1.187,51.3258],[-1.1885,51.3252],[-1.1934,51.3254],[-1.1951,51.3243],[-1.1974,51.322],[-1.1992,51.321],[-1.2019,51.3199],[-1.2043,51.3205],[-1.2067,51.3206],[-1.2089,51.3203],[-1.2102,51.3203],[-1.2137,51.3209],[-1.2182,51.3212],[-1.221,51.3217],[-1.2245,51.3226],[-1.2292,51.323],[-1.2343,51.3237],[-1.2344,51.3227],[-1.2355,51.3217],[-1.2359,51.3201],[-1.2365,51.3195],[-1.2393,51.32],[-1.245,51.3201],[-1.2491,51.3204],[-1.2508,51.321],[-1.2512,51.3201],[-1.2528,51.3198],[-1.2548,51.321],[-1.2531,51.322],[-1.2518,51.3244],[-1.2551,51.3248],[-1.257,51.3254],[-1.2586,51.3263],[-1.2617,51.3276],[-1.2628,51.3279],[-1.267,51.3276],[-1.2689,51.328],[-1.2725,51.3281],[-1.275,51.3289],[-1.2797,51.3295],[-1.2832,51.3314],[-1.2863,51.3315],[-1.2871,51.3309],[-1.289,51.3313],[-1.2929,51.3312],[-1.2949,51.3307],[-1.2987,51.3309],[-1.3023,51.3309],[-1.3049,51.3316],[-1.3074,51.3317],[-1.3094,51.3316],[-1.312,51.3317],[-1.317,51.3309],[-1.3177,51.3305],[-1.3196,51.3307],[-1.3222,51.3305],[-1.3235,51.3327],[-1.328,51.337],[-1.329,51.3378],[-1.3318,51.3409],[-1.3364,51.3452],[-1.3377,51.3474],[-1.3387,51.3475],[-1.3395,51.3516],[-1.3401,51.3519],[-1.3415,51.3543],[-1.343,51.3559],[-1.3447,51.3574],[-1.3481,51.3589],[-1.3493,51.3592],[-1.3509,51.3601],[-1.3542,51.3613],[-1.359,51.3635],[-1.3617,51.365],[-1.364,51.367],[-1.3649,51.3685],[-1.3661,51.3686],[-1.3686,51.368],[-1.3718,51.3684],[-1.3736,51.3678],[-1.3761,51.3683],[-1.378,51.3678],[-1.3787,51.3681],[-1.3804,51.3683],[-1.3809,51.3686],[-1.3831,51.3692],[-1.3852,51.3694],[-1.3879,51.3703],[-1.3912,51.3706],[-1.3936,51.3705],[-1.3943,51.3708],[-1.3965,51.3712],[-1.3987,51.3714],[-1.4001,51.3717],[-1.4003,51.3739],[-1.4001,51.3751],[-1.4015,51.3761],[-1.4017,51.3774],[-1.4013,51.3792],[-1.3991,51.3816],[-1.3983,51.3822],[-1.3974,51.3842],[-1.3969,51.3863],[-1.3973,51.3873],[-1.4,51.3906],[-1.4013,51.3915],[-1.4017,51.3927],[-1.4013,51.3939],[-1.4013,51.3956],[-1.4023,51.3976],[-1.3991,51.3981],[-1.3974,51.3987],[-1.3965,51.4002],[-1.3943,51.3999],[-1.3929,51.4002],[-1.3922,51.4013],[-1.3912,51.4016],[-1.3898,51.4042],[-1.3887,51.4054],[-1.385,51.4051],[-1.3803,51.4054],[-1.3807,51.4111],[-1.3792,51.4118],[-1.3781,51.4127],[-1.3779,51.4139],[-1.3759,51.4136],[-1.3749,51.4146],[-1.3714,51.4145],[-1.369,51.4156],[-1.368,51.4164],[-1.3676,51.4179],[-1.3665,51.4184],[-1.3648,51.4197],[-1.362,51.4199],[-1.3592,51.419],[-1.3581,51.4183],[-1.3562,51.4177],[-1.3546,51.4163],[-1.3535,51.4158],[-1.3505,51.4156],[-1.3486,51.4149],[-1.3489,51.4171],[-1.3489,51.4198],[-1.3474,51.4207],[-1.3465,51.4219],[-1.3465,51.423],[-1.3473,51.4232],[-1.3489,51.4242],[-1.3506,51.428],[-1.3498,51.4292],[-1.351,51.4305],[-1.3483,51.4313],[-1.3448,51.4313],[-1.3442,51.4323],[-1.3421,51.4329],[-1.3383,51.4321],[-1.3374,51.4335],[-1.3366,51.4354],[-1.3343,51.4354],[-1.3335,51.4331],[-1.3334,51.4317],[-1.3324,51.4316],[-1.3263,51.4322],[-1.3226,51.4324],[-1.3215,51.433],[-1.3185,51.4337],[-1.3147,51.4341],[-1.3142,51.4337],[-1.3128,51.4362],[-1.311,51.4357],[-1.3081,51.4355],[-1.3053,51.4351],[-1.3035,51.4365],[-1.3027,51.4365],[-1.2952,51.4328],[-1.2944,51.4329],[-1.2919,51.4323],[-1.2909,51.4316],[-1.2896,51.4313],[-1.2887,51.4322],[-1.2872,51.4329],[-1.286,51.4337],[-1.2852,51.4353],[-1.2839,51.4363],[-1.2827,51.4393],[-1.2819,51.4409],[-1.2829,51.4411],[-1.2811,51.4433],[-1.2795,51.4461],[-1.2775,51.446],[-1.2745,51.4446],[-1.2721,51.4418],[-1.2718,51.4409],[-1.2703,51.439],[-1.2701,51.4377],[-1.2705,51.4366],[-1.2689,51.4354],[-1.2698,51.4344],[-1.269,51.4332],[-1.2675,51.4324],[-1.2663,51.4313],[-1.2657,51.4303],[-1.2667,51.4301],[-1.2651,51.4282],[-1.2624,51.4262],[-1.2598,51.4252],[-1.257,51.4236],[-1.253,51.4224],[-1.2506,51.4222],[-1.2469,51.4233],[-1.243,51.4222],[-1.2411,51.4208],[-1.2392,51.4197],[-1.2308,51.4159],[-1.2288,51.4154],[-1.2314,51.4146],[-1.2332,51.4133],[-1.2324,51.412],[-1.2302,51.4122],[-1.2288,51.4116],[-1.227,51.4106],[-1.2242,51.4102],[-1.2203,51.4105],[-1.2154,51.4114],[-1.214,51.4112],[-1.212,51.4114],[-1.2058,51.4105],[-1.2005,51.4085],[-1.1952,51.4083],[-1.1914,51.4088],[-1.1887,51.4096],[-1.1902,51.4105],[-1.19,51.4118],[-1.1872,51.4121],[-1.1857,51.4126],[-1.1806,51.413],[-1.1769,51.4128],[-1.1764,51.4131],[-1.1733,51.4133],[-1.1725,51.4126],[-1.1714,51.4124],[-1.17,51.4108],[-1.1697,51.409],[-1.171,51.408],[-1.1693,51.407],[-1.1706,51.4059],[-1.1706,51.4048],[-1.1664,51.4011],[-1.1637,51.4003],[-1.1629,51.3997],[-1.1606,51.3999],[-1.159,51.4005],[-1.1571,51.4011],[-1.1565,51.4006],[-1.1539,51.3993],[-1.1513,51.3998],[-1.1472,51.4],[-1.1446,51.4007],[-1.1384,51.4028],[-1.1318,51.4053],[-1.1294,51.4068],[-1.1278,51.4081],[-1.1266,51.4094],[-1.1202,51.415],[-1.1188,51.4164],[-1.117,51.4176],[-1.1123,51.4198],[-1.109,51.421],[-1.1047,51.4228],[-1.1036,51.4234],[-1.1015,51.4251],[-1.0998,51.427],[-1.0972,51.4292],[-1.0946,51.4306],[-1.0922,51.4314],[-1.0923,51.4324],[-1.0921,51.4481],[-1.0919,51.4498],[-1.0909,51.4543],[-1.0907,51.4577],[-1.0883,51.457],[-1.0847,51.4557],[-1.0824,51.4547],[-1.0801,51.4534],[-1.0766,51.4509],[-1.0742,51.448],[-1.0716,51.4442],[-1.0729,51.4432],[-1.0708,51.4419],[-1.0707,51.4413],[-1.0692,51.44],[-1.0664,51.4416],[-1.0662,51.4434],[-1.0639,51.4445],[-1.0631,51.4461],[-1.0613,51.4466],[-1.0612,51.4474],[-1.0587,51.4487],[-1.0592,51.4494],[-1.0605,51.453],[-1.0585,51.4566],[-1.0567,51.4585],[-1.0541,51.4601],[-1.0558,51.4624],[-1.057,51.4636],[-1.0592,51.4643],[-1.0594,51.4652],[-1.0588,51.4661],[-1.0576,51.4667],[-1.0564,51.4666],[-1.0546,51.4673],[-1.0581,51.4684],[-1.0584,51.4698],[-1.0583,51.471],[-1.057,51.4718],[-1.0582,51.4745],[-1.0585,51.4755],[-1.0583,51.4775],[-1.056,51.4782],[-1.0562,51.4801],[-1.0595,51.4803],[-1.0614,51.4797],[-1.0623,51.4808],[-1.0648,51.4803],[-1.0651,51.4818],[-1.0616,51.4829],[-1.0617,51.484],[-1.053,51.4826],[-1.0509,51.483],[-1.0505,51.4838],[-1.0471,51.483],[-1.0449,51.482],[-1.0407,51.4857],[-1.0396,51.4861],[-1.0397,51.4866],[-1.041,51.4878],[-1.0426,51.4889],[-1.0441,51.4896],[-1.0486,51.4908],[-1.0501,51.4915],[-1.0523,51.492],[-1.0552,51.4921],[-1.0592,51.4919],[-1.0671,51.4905],[-1.0685,51.49],[-1.0731,51.4895],[-1.0765,51.4881],[-1.0777,51.4878],[-1.0823,51.4872],[-1.0879,51.4858],[-1.0898,51.4858],[-1.091,51.4864],[-1.0952,51.4875],[-1.1007,51.4891],[-1.1022,51.4898],[-1.1035,51.4911],[-1.1045,51.4928],[-1.1064,51.4969],[-1.1073,51.4996],[-1.108,51.5007],[-1.107,51.5011],[-1.1076,51.502],[-1.1094,51.5053],[-1.1122,51.5088],[-1.1148,51.5105],[-1.118,51.5116],[-1.1193,51.5118],[-1.1229,51.512],[-1.126,51.5117],[-1.1277,51.5119],[-1.1338,51.5113],[-1.1347,51.5116],[-1.1389,51.5143],[-1.141,51.5152],[-1.1423,51.5166],[-1.1432,51.52],[-1.1438,51.5209],[-1.1439,51.5219],[-1.1435,51.5234],[-1.14,51.5258],[-1.1381,51.5274],[-1.1375,51.5293],[-1.1366,51.5302],[-1.1352,51.5325],[-1.1346,51.533],[-1.1345,51.5357],[-1.1348,51.5368],[-1.1363,51.5399],[-1.1388,51.5419],[-1.1418,51.5438],[-1.1452,51.5486],[-1.1463,51.5497],[-1.147,51.5514],[-1.1469,51.5529],[-1.1458,51.555],[-1.1448,51.556],[-1.1428,51.5575],[-1.1421,51.5591],[-1.1423,51.5596],[-1.1416,51.561],[-1.1385,51.5635],[-1.1348,51.5645],[-1.1342,51.5651]]]},"properties":{"name":"North Wessex Downs","kind":"national_landscape"},"id":14},
{"type":"Feature","geometry":{"type":"Polygon","coordinates":[[[-1.8785,53.9543],[-1.8784,53.9543],[-1.8782,53.954],[-1.8775,53.9534],[-1.8758,53.9509],[-1.876,53.9501],[-1.875,53.9465],[-1.8741,53.9453],[-1.8724,53.9442],[-1.8673,53.9429],[-1.8654,53.9423],[-1.8637,53.9412],[-1.8622,53.9409],[-1.8614,53.9399],[-1.8614,53.938],[-1.8588,53.9372],[-1.8544,53.9364],[-1.8519,53.9361],[-1.8515,53.9374],[-1.8501,53.9377],[-1.8482,53.9377],[-1.8478,53.9386],[-1.8477,53.9408],[-1.8441,53.9397],[-1.8421,53.9394],[-1.8382,53.9397],[-1.8351,53.9396],[-1.83,53.9404],[-1.8302,53.9381],[-1.8258,53.9383],[-1.824,53.9391],[-1.8235,53.9384],[-1.8205,53.9381],[-1.819,53.9381],[-1.8168,53.9386],[-1.8146,53.9384],[-1.8107,53.9388],[-1.8062,53.9387],[-1.8051,53.939],[-1.8035,53.938],[-1.8029,53.936],[-1.799,53.9368],[-1.7978,53.9366],[-1.7971,53.9347],[-1.7974,53.9342],[-1.7962,53.9336],[-1.7964,53.9309],[-1.7979,53.9298],[-1.7939,53.9293],[-1.7883,53.9297],[-1.7842,53.9299],[-1.7819,53.9293],[-1.7809,53.9284],[-1.7796,53.9253],[-1.778,53.9238],[-1.7761,53.9217],[-1.7725,53.921],[-1.7701,53.9213],[-1.7689,53.9221],[-1.7687,53.9233],[-1.7679,53.9243],[-1.7654,53.9249],[-1.7625,53.9243],[-1.7608,53.9233],[-1.7561,53.9213],[-1.7546,53.9212],[-1.7498,53.9228],[-1.7464,53.9231],[-1.7453,53.9231],[-1.7448,53.922],[-1.7458,53.921],[-1.7457,53.9185],[-1.7444,53.9173],[-1.7441,53.9166],[-1.7423,53.915],[-1.7399,53.9141],[-1.7376,53.9129],[-1.7329,53.9118],[-1.7289,53.9104],[-1.7263,53.9105],[-1.7238,53.9118],[-1.7221,53.912],[-1.7214,53.9116],[-1.7207,53.9103],[-1.7183,53.9089],[-1.7187,53.9104],[-1.7175,53.9118],[-1.7175,53.914],[-1.7177,53.9155],[-1.7185,53.9168],[-1.7162,53.9165],[-1.7157,53.9176],[-1.7132,53.9179],[-1.7125,53.9175],[-1.7088,53.918],[-1.708,53.917],[-1.7061,53.9171],[-1.707,53.9191],[-1.7048,53.9182],[-1.7039,53.9186],[-1.7024,53.9184],[-1.7008,53.9173],[-1.698,53.9167],[-1.697,53.9177],[-1.6955,53.9173],[-1.6903,53.9174],[-1.6902,53.9167],[-1.6871,53.9164],[-1.6868,53.9171],[-1.6853,53.9169],[-1.6858,53.9159],[-1.6835,53.9159],[-1.682,53.9167],[-1.6806,53.9162],[-1.6805,53.9148],[-1.6801,53.9143],[-1.6772,53.9149],[-1.6758,53.9162],[-1.6756,53.9174],[-1.6735,53.9178],[-1.6735,53.9189],[-1.6691,53.9192],[-1.6688,53.9202],[-1.6636,53.9186],[-1.6624,53.9195],[-1.6656,53.9216],[-1.6642,53.9223],[-1.6614,53.922],[-1.6581,53.9221],[-1.6554,53.9224],[-1.6523,53.9226],[-1.6526,53.9237],[-1.6517,53.9246],[-1.6505,53.924],[-1.6499,53.9244],[-1.651,53.9264],[-1.6512,53.9279],[-1.6527,53.9286],[-1.6518,53.9298],[-1.652,53.9307],[-1.653,53.9319],[-1.6537,53.9338],[-1.6557,53.9341],[-1.6562,53.9358],[-1.6594,53.9362],[-1.6606,53.9375],[-1.6617,53.9376],[-1.6622,53.9397],[-1.6619,53.9404],[-1.6603,53.9419],[-1.6583,53.9433],[-1.6579,53.9446],[-1.6596,53.9483],[-1.6582,53.9511],[-1.662,53.9515],[-1.6674,53.951],[-1.6689,53.95],[-1.6706,53.95],[-1.672,53.9507],[-1.674,53.9512],[-1.6776,53.9525],[-1.6788,53.9525],[-1.6789,53.9531],[-1.6812,53.9536],[-1.6817,53.9551],[-1.6826,53.9566],[-1.6835,53.9573],[-1.6841,53.9587],[-1.6839,53.9592],[-1.6822,53.9611],[-1.6821,53.9619],[-1.6842,53.965],[-1.6845,53.9662],[-1.6856,53.9682],[-1.6862,53.9704],[-1.6858,53.9716],[-1.6858,53.9735],[-1.6803,53.9729],[-1.6778,53.9729],[-1.6678,53.9732],[-1.6689,53.9777],[-1.6665,53.9776],[-1.6673,53.9815],[-1.6648,53.9822],[-1.6662,53.9838],[-1.6671,53.9855],[-1.6628,53.9872],[-1.6643,53.9887],[-1.6656,53.9891],[-1.6693,53.9888],[-1.6712,53.9881],[-1.6726,53.9887],[-1.6728,53.9897],[-1.6738,53.9922],[-1.6899,53.9904],[-1.6903,53.9904],[-1.6922,53.9982],[-1.6942,54.0056],[-1.7002,54.015],[-1.7,54.0152],[-1.6873,54.0164],[-1.6813,54.017],[-1.6798,54.0149],[-1.6726,54.0027],[-1.6685,54.0017],[-1.6678,54.0013],[-1.6656,54.0008],[-1.6616,54.001],[-1.645,54.0033],[-1.6413,54.0035],[-1.6379,54.004],[-1.6216,54.0048],[-1.6184,54.0051],[-1.6176,54.0063],[-1.6183,54.0076],[-1.6189,54.0124],[-1.6173,54.0151],[-1.6156,54.0171],[-1.6139,54.0196],[-1.6148,54.0201],[-1.6176,54.0195],[-1.6187,54.0216],[-1.6176,54.0224],[-1.6162,54.0226],[-1.6172,54.0251],[-1.6186,54.0247],[-1.6194,54.0248],[-1.6199,54.0257],[-1.622,54.0251],[-1.6229,54.0246],[-1.6248,54.0239],[-1.6257,54.0246],[-1.6274,54.024],[-1.6286,54.0257],[-1.6293,54.0262],[-1.6327,54.0263],[-1.6334,54.0276],[-1.6325,54.0294],[-1.6329,54.0302],[-1.6347,54.0312],[-1.631,54.0321],[-1.6299,54.0327],[-1.6272,54.0336],[-1.6295,54.0345],[-1.6339,54.0373],[-1.6331,54.0392],[-1.6309,54.0415],[-1.6306,54.0422],[-1.6342,54.0431],[-1.6346,54.045],[-1.6353,54.0461],[-1.6377,54.0469],[-1.6426,54.0479],[-1.6424,54.049],[-1.6402,54.0518],[-1.6382,54.0537],[-1.6356,54.0551],[-1.6338,54.0551],[-1.6331,54.0568],[-1.6318,54.0572],[-1.6309,54.0581],[-1.6305,54.0598],[-1.6301,54.0602],[-1.631,54.0632],[-1.6316,54.0638],[-1.6322,54.0662],[-1.6392,54.0658],[-1.6415,54.066],[-1.6434,54.0674],[-1.6436,54.0691],[-1.6432,54.071],[-1.6389,54.0717],[-1.6384,54.0739],[-1.6386,54.0748],[-1.638,54.0764],[-1.6365,54.0787],[-1.6372,54.0794],[-1.6335,54.0803],[-1.6325,54.0803],[-1.6259,54.081],[-1.6232,54.0806],[-1.6227,54.0813],[-1.6199,54.0828],[-1.6196,54.0834],[-1.618,54.0834],[-1.6152,54.0839],[-1.6139,54.0832],[-1.6125,54.0829],[-1.6097,54.0827],[-1.6085,54.0831],[-1.6062,54.0826],[-1.6044,54.0821],[-1.6022,54.081],[-1.6001,54.0817],[-1.5988,54.0825],[-1.5976,54.0828],[-1.5951,54.0829],[-1.5953,54.0836],[-1.5981,54.0857],[-1.5977,54.0867],[-1.599,54.0881],[-1.5958,54.0888],[-1.5942,54.0898],[-1.5931,54.0915],[-1.5918,54.0927],[-1.5915,54.0958],[-1.5884,54.0966],[-1.5847,54.0983],[-1.584,54.097],[-1.5833,54.0965],[-1.582,54.0967],[-1.5812,54.0952],[-1.5797,54.0952],[-1.5761,54.0955],[-1.5765,54.0979],[-1.5739,54.0987],[-1.5721,54.0998],[-1.5704,54.1001],[-1.5681,54.1013],[-1.5679,54.1032],[-1.5676,54.1039],[-1.5662,54.1047],[-1.5627,54.1061],[-1.5593,54.1082],[-1.5586,54.1091],[-1.554,54.1101],[-1.5548,54.1112],[-1.5546,54.1131],[-1.5555,54.115],[-1.554,54.1157],[-1.5532,54.1169],[-1.5555,54.1161],[-1.5573,54.1168],[-1.5582,54.1193],[-1.5595,54.1204],[-1.5596,54.1232],[-1.5567,54.1236],[-1.5572,54.1245],[-1.5568,54.125],[-1.5585,54.126],[-1.5615,54.1255],[-1.5646,54.1274],[-1.5647,54.1285],[-1.5664,54.1307],[-1.5682,54.1304],[-1.5741,54.1289],[-1.576,54.128],[-1.5787,54.1262],[-1.5809,54.1251],[-1.5797,54.124],[-1.5795,54.1223],[-1.5813,54.1204],[-1.5817,54.1192],[-1.5815,54.1179],[-1.5821,54.1175],[-1.5842,54.1145],[-1.586,54.1137],[-1.5891,54.1113],[-1.5903,54.1102],[-1.5904,54.1096],[-1.5929,54.1093],[-1.5966,54.1092],[-1.5993,54.1083],[-1.6002,54.1097],[-1.6019,54.1109],[-1.6022,54.1114],[-1.6007,54.1126],[-1.6012,54.1139],[-1.6021,54.1142],[-1.6032,54.1152],[-1.6021,54.1157],[-1.6027,54.1162],[-1.6042,54.1159],[-1.6066,54.1171],[-1.6087,54.1169],[-1.6104,54.1172],[-1.612,54.1168],[-1.615,54.1182],[-1.6149,54.1194],[-1.6161,54.1195],[-1.6177,54.1208],[-1.6197,54.1206],[-1.6211,54.1211],[-1.6218,54.1231],[-1.6204,54.1238],[-1.6212,54.1253],[-1.6216,54.1268],[-1.6194,54.1279],[-1.6174,54.1283],[-1.6158,54.1275],[-1.6137,54.1274],[-1.6118,54.1282],[-1.6111,54.1274],[-1.6073,54.1283],[-1.6036,54.1295],[-1.6018,54.1297],[-1.5997,54.1296],[-1.5985,54.1287],[-1.5975,54.1295],[-1.596,54.1299],[-1.5966,54.1309],[-1.5948,54.1311],[-1.5941,54.1317],[-1.5951,54.1333],[-1.5946,54.1373],[-1.5949,54.1391],[-1.5932,54.1401],[-1.5878,54.1438],[-1.586,54.1436],[-1.5834,54.1429],[-1.5836,54.1447],[-1.5856,54.1455],[-1.5841,54.1472],[-1.5824,54.1476],[-1.5798,54.1471],[-1.58,54.1481],[-1.5792,54.1482],[-1.5785,54.1499],[-1.5743,54.1505],[-1.5711,54.1503],[-1.5709,54.1519],[-1.5749,54.1517],[-1.5754,54.1528],[-1.5777,54.1522],[-1.5814,54.1523],[-1.5866,54.1538],[-1.5862,54.1546],[-1.5831,54.1566],[-1.581,54.1582],[-1.5794,54.1591],[-1.5778,54.1595],[-1.5763,54.1594],[-1.5754,54.1602],[-1.5734,54.16],[-1.5729,54.1604],[-1.576,54.1617],[-1.5782,54.1623],[-1.5786,54.164],[-1.5796,54.1654],[-1.5838,54.1676],[-1.582,54.169],[-1.5821,54.1707],[-1.5829,54.1728],[-1.5839,54.1743],[-1.5878,54.1764],[-1.5898,54.1789],[-1.5922,54.1795],[-1.5935,54.181],[-1.5949,54.1818],[-1.5957,54.1833],[-1.5938,54.1834],[-1.5936,54.1842],[-1.5916,54.1857],[-1.5911,54.1864],[-1.5912,54.1881],[-1.5939,54.1882],[-1.5962,54.188],[-1.5966,54.1895],[-1.597,54.19],[-1.6,54.1909],[-1.6017,54.191],[-1.6034,54.1907],[-1.6062,54.1924],[-1.605,54.1926],[-1.6037,54.1924],[-1.6032,54.1937],[-1.6035,54.1942],[-1.6023,54.195],[-1.604,54.196],[-1.6054,54.1957],[-1.606,54.195],[-1.6073,54.1944],[-1.6072,54.1939],[-1.6083,54.193],[-1.6107,54.192],[-1.6124,54.1924],[-1.6136,54.1939],[-1.6158,54.1906],[-1.6173,54.1902],[-1.6193,54.1889],[-1.6216,54.1882],[-1.6221,54.189],[-1.6233,54.1887],[-1.6272,54.1899],[-1.6284,54.1899],[-1.6311,54.1906],[-1.6344,54.1911],[-1.6367,54.191],[-1.6387,54.1912],[-1.6386,54.1922],[-1.6364,54.1927],[-1.6353,54.1933],[-1.6338,54.1957],[-1.6328,54.1958],[-1.6328,54.1971],[-1.6348,54.1975],[-1.6364,54.1974],[-1.6388,54.1978],[-1.6391,54.2],[-1.6383,54.2003],[-1.6399,54.2015],[-1.6403,54.2039],[-1.6378,54.2048],[-1.6393,54.2072],[-1.6434,54.2067],[-1.6439,54.2076],[-1.6455,54.2087],[-1.6489,54.2073],[-1.6512,54.2061],[-1.6542,54.2056],[-1.6554,54.2067],[-1.6562,54.2081],[-1.6573,54.2077],[-1.6583,54.209],[-1.6594,54.2088],[-1.6619,54.2097],[-1.6647,54.2101],[-1.6661,54.2105],[-1.6679,54.21],[-1.6708,54.2107],[-1.671,54.2118],[-1.6721,54.2128],[-1.6704,54.2155],[-1.6716,54.2157],[-1.6725,54.2169],[-1.6738,54.2168],[-1.6775,54.2176],[-1.6788,54.2176],[-1.6814,54.2185],[-1.6839,54.2181],[-1.6831,54.219],[-1.6839,54.2199],[-1.6837,54.2222],[-1.6818,54.2224],[-1.6823,54.2245],[-1.683,54.2253],[-1.6819,54.2258],[-1.6834,54.2262],[-1.6844,54.2274],[-1.6887,54.2301],[-1.6878,54.2301],[-1.6855,54.2312],[-1.6852,54.2321],[-1.6862,54.2355],[-1.6869,54.2369],[-1.6881,54.2377],[-1.6882,54.2387],[-1.6913,54.2394],[-1.6922,54.2403],[-1.6933,54.2404],[-1.697,54.2421],[-1.6949,54.2438],[-1.6979,54.2447],[-1.6994,54.2455],[-1.7006,54.2455],[-1.7025,54.2465],[-1.7039,54.2465],[-1.7027,54.2482],[-1.703,54.2492],[-1.7048,54.2503],[-1.7041,54.2511],[-1.705,54.2522],[-1.7057,54.2537],[-1.7073,54.2547],[-1.7099,54.2556],[-1.7134,54.2565],[-1.7156,54.2564],[-1.7166,54.257],[-1.719,54.2572],[-1.7249,54.2589],[-1.7257,54.2601],[-1.7267,54.2623],[-1.723,54.2619],[-1.7192,54.2631],[-1.7189,54.2649],[-1.7196,54.2658],[-1.7207,54.2658],[-1.7211,54.2668],[-1.7234,54.2666],[-1.7236,54.2676],[-1.7246,54.2674],[-1.7249,54.2683],[-1.7269,54.2681],[-1.7307,54.2671],[-1.7333,54.267],[-1.7333,54.268],[-1.735,54.2686],[-1.7376,54.268],[-1.7418,54.2685],[-1.7421,54.2673],[-1.7451,54.2679],[-1.7457,54.2673],[-1.7457,54.266],[-1.748,54.2657],[-1.7489,54.2649],[-1.7506,54.2642],[-1.755,54.2636],[-1.7568,54.2639],[-1.7616,54.2631],[-1.7637,54.263],[-1.7644,54.2625],[-1.7644,54.2624],[-1.7644,54.2623],[-1.7635,54.2621],[-1.7634,54.2621],[-1.7634,54.262],[-1.7633,54.262],[-1.7633,54.2619],[-1.7634,54.2617],[-1.7641,54.2611],[-1.7642,54.2611],[-1.7643,54.2611],[-1.7644,54.2612],[-1.7648,54.2612],[-1.7648,54.2611],[-1.7649,54.261],[-1.765,54.261],[-1.7659,54.261],[-1.7663,54.261],[-1.7664,54.2609],[-1.7665,54.2609],[-1.7666,54.2608],[-1.7667,54.2608],[-1.7668,54.2608],[-1.7678,54.2605],[-1.7678,54.2604],[-1.7682,54.2601],[-1.7682,54.26],[-1.7692,54.2593],[-1.7696,54.2593],[-1.7698,54.2594],[-1.7699,54.2593],[-1.7699,54.2592],[-1.7701,54.2591],[-1.7704,54.259],[-1.7706,54.2589],[-1.7707,54.2588],[-1.7711,54.2588],[-1.7714,54.2588],[-1.7716,54.2587],[-1.7716,54.2586],[-1.773,54.2583],[-1.7733,54.2583],[-1.7737,54.2584],[-1.7749,54.2587],[-1.7751,54.2582],[-1.7751,54.2581],[-1.7751,54.2574],[-1.7759,54.2568],[-1.776,54.2568],[-1.7761,54.2568],[-1.7761,54.2567],[-1.776,54.2566],[-1.7759,54.2566],[-1.7759,54.2565],[-1.7759,54.2564],[-1.776,54.2564],[-1.7762,54.2563],[-1.7768,54.256],[-1.7777,54.2554],[-1.7778,54.2553],[-1.7777,54.2553],[-1.7777,54.2551],[-1.7777,54.255],[-1.7778,54.255],[-1.7786,54.2548],[-1.7781,54.2544],[-1.7787,54.2542],[-1.7788,54.2542],[-1.7792,54.2542],[-1.7798,54.2541],[-1.7799,54.2541],[-1.78,54.2541],[-1.7811,54.2543],[-1.7811,54.2544],[-1.7812,54.2543],[-1.7814,54.2539],[-1.7815,54.2539],[-1.7815,54.2538],[-1.7816,54.2538],[-1.7818,54.2538],[-1.7819,54.2538],[-1.7819,54.2539],[-1.782,54.254],[-1.7819,54.2544],[-1.7818,54.2547],[-1.7828,54.2544],[-1.7834,54.2542],[-1.7842,54.2541],[-1.7846,54.2541],[-1.7846,54.254],[-1.7853,54.2539],[-1.7855,54.2538],[-1.7862,54.2538],[-1.7864,54.2538],[-1.7865,54.2538],[-1.7869,54.2537],[-1.7891,54.2538],[-1.7892,54.2538],[-1.7902,54.2545],[-1.7917,54.2545],[-1.7916,54.2544],[-1.7941,54.2547],[-1.7958,54.2554],[-1.798,54.2555],[-1.8004,54.2561],[-1.8037,54.256],[-1.8043,54.2557],[-1.8048,54.2556],[-1.8068,54.255],[-1.8078,54.2541],[-1.8101,54.2533],[-1.8118,54.2529],[-1.817,54.2527],[-1.8192,54.252],[-1.8203,54.2514],[-1.8219,54.2511],[-1.8222,54.251],[-1.8223,54.2509],[-1.8225,54.2509],[-1.8228,54.2509],[-1.8228,54.2508],[-1.8228,54.2507],[-1.8229,54.2497],[-1.8233,54.2475],[-1.8209,54.2449],[-1.8164,54.2408],[-1.8186,54.2391],[-1.8221,54.2358],[-1.825,54.2337],[-1.828,54.2316],[-1.8374,54.2314],[-1.8398,54.2301],[-1.8427,54.2288],[-1.8481,54.227],[-1.8489,54.2268],[-1.8534,54.2255],[-1.8577,54.2242],[-1.8622,54.2228],[-1.8676,54.222],[-1.8716,54.2214],[-1.8794,54.2203],[-1.8816,54.2186],[-1.8831,54.2157],[-1.8864,54.21],[-1.8887,54.2102],[-1.8956,54.2103],[-1.8981,54.2095],[-1.8982,54.2095],[-1.9028,54.2079],[-1.9055,54.207],[-1.9081,54.2061],[-1.9125,54.2046],[-1.9124,54.2046],[-1.9236,54.2006],[-1.9245,54.2002],[-1.9245,54.2001],[-1.9255,54.2003],[-1.9257,54.2003],[-1.9259,54.2003],[-1.9261,54.2003],[-1.9263,54.2003],[-1.9277,54.2003],[-1.928,54.2003],[-1.9284,54.2003],[-1.9327,54.2],[-1.9344,54.1999],[-1.9356,54.1998],[-1.938,54.1997],[-1.9404,54.1994],[-1.9429,54.199],[-1.9494,54.1971],[-1.9511,54.1966],[-1.952,54.1963],[-1.9533,54.1959],[-1.958,54.1946],[-1.9597,54.1942],[-1.9647,54.193],[-1.9664,54.1924],[-1.9709,54.191],[-1.9738,54.1898],[-1.9747,54.1895],[-1.9772,54.1888],[-1.9788,54.1883],[-1.9844,54.1857],[-1.9907,54.1822],[-1.992,54.1815],[-1.9944,54.1804],[-1.9947,54.1803],[-1.9954,54.1798],[-1.9962,54.1793],[-2.0011,54.1768],[-2.0015,54.1766],[-2.0019,54.1764],[-2.0038,54.1744],[-2.0045,54.1729],[-2.004,54.1726],[-2.0036,54.1721],[-2.0022,54.1708],[-2.0015,54.17],[-1.9995,54.1679],[-1.9993,54.1676],[-1.9978,54.1651],[-1.9981,54.1623],[-1.9981,54.1621],[-1.998,54.162],[-1.9976,54.1606],[-1.9975,54.1605],[-1.9974,54.1604],[-1.9933,54.1559],[-1.9932,54.1556],[-1.9922,54.1551],[-1.9883,54.1553],[-1.9882,54.1554],[-1.9869,54.1566],[-1.9815,54.1572],[-1.981,54.1572],[-1.9801,54.1574],[-1.9797,54.1574],[-1.9725,54.1581],[-1.9709,54.1566],[-1.9702,54.156],[-1.9665,54.1531],[-1.9637,54.1522],[-1.9621,54.1505],[-1.962,54.1504],[-1.9604,54.1492],[-1.9602,54.149],[-1.9599,54.1487],[-1.9575,54.1463],[-1.9542,54.143],[-1.9552,54.1394],[-1.9552,54.1392],[-1.9553,54.1367],[-1.9574,54.1356],[-1.9573,54.1335],[-1.9572,54.1326],[-1.9503,54.127],[-1.9489,54.1259],[-1.9482,54.1254],[-1.948,54.1253],[-1.9476,54.1251],[-1.9416,54.124],[-1.9384,54.1235],[-1.9346,54.1223],[-1.9344,54.1223],[-1.9319,54.1224],[-1.9253,54.121],[-1.925,54.1209],[-1.9241,54.1206],[-1.9214,54.1203],[-1.9186,54.1205],[-1.9172,54.1206],[-1.9138,54.1212],[-1.9132,54.1214],[-1.9124,54.1215],[-1.9119,54.1215],[-1.9055,54.1225],[-1.905,54.1219],[-1.904,54.1207],[-1.9027,54.1192],[-1.9017,54.1181],[-1.9005,54.1163],[-1.8974,54.115],[-1.8961,54.1145],[-1.8949,54.1134],[-1.8948,54.1132],[-1.8942,54.1107],[-1.8939,54.1104],[-1.8933,54.1098],[-1.8932,54.1096],[-1.893,54.109],[-1.8927,54.1085],[-1.8925,54.108],[-1.8916,54.1054],[-1.8906,54.1042],[-1.8892,54.1034],[-1.8875,54.1025],[-1.8798,54.1022],[-1.8771,54.1005],[-1.8751,54.0999],[-1.872,54.0996],[-1.8717,54.0996],[-1.8698,54.0987],[-1.8671,54.0976],[-1.8668,54.0966],[-1.8659,54.0938],[-1.8654,54.0922],[-1.8646,54.0896],[-1.8635,54.0863],[-1.8626,54.0835],[-1.8621,54.0819],[-1.8618,54.0809],[-1.8617,54.0805],[-1.8562,54.0782],[-1.8529,54.0767],[-1.8459,54.0736],[-1.8429,54.0717],[-1.8421,54.0712],[-1.8409,54.0708],[-1.8406,54.0706],[-1.8407,54.0704],[-1.8407,54.0703],[-1.8408,54.0699],[-1.8415,54.0687],[-1.8417,54.0684],[-1.8418,54.0683],[-1.845,54.0654],[-1.8458,54.0647],[-1.8487,54.0633],[-1.849,54.0631],[-1.8491,54.0631],[-1.8496,54.0626],[-1.8497,54.0624],[-1.8505,54.0612],[-1.8507,54.0609],[-1.8509,54.0605],[-1.8528,54.0576],[-1.8533,54.056],[-1.8534,54.0552],[-1.8536,54.0535],[-1.8536,54.0533],[-1.8545,54.053],[-1.8563,54.0527],[-1.8568,54.0526],[-1.8575,54.0525],[-1.8581,54.0524],[-1.8604,54.0517],[-1.8611,54.0515],[-1.8631,54.0506],[-1.8633,54.0506],[-1.864,54.0502],[-1.8667,54.0496],[-1.8668,54.0494],[-1.8674,54.0489],[-1.8684,54.0485],[-1.8685,54.0485],[-1.8686,54.0484],[-1.8689,54.0484],[-1.869,54.0483],[-1.8691,54.0483],[-1.8696,54.0481],[-1.87,54.0478],[-1.8701,54.0478],[-1.8701,54.0477],[-1.8707,54.0475],[-1.8717,54.0471],[-1.8721,54.0471],[-1.8725,54.046],[-1.8722,54.0458],[-1.8702,54.0443],[-1.8701,54.0442],[-1.8701,54.044],[-1.8701,54.0438],[-1.8701,54.0437],[-1.8698,54.0433],[-1.8687,54.0421],[-1.8706,54.0388],[-1.8709,54.0383],[-1.8714,54.0375],[-1.8718,54.0369],[-1.8723,54.0363],[-1.8724,54.036],[-1.8724,54.0359],[-1.8724,54.0357],[-1.8723,54.0355],[-1.8723,54.0354],[-1.8535,54.0288],[-1.8528,54.0269],[-1.8489,54.0156],[-1.8481,54.0137],[-1.8384,54.0148],[-1.8374,54.0149],[-1.8362,54.0144],[-1.836,54.0143],[-1.8354,54.0138],[-1.8345,54.0126],[-1.834,54.0119],[-1.8333,54.0112],[-1.8333,54.0111],[-1.833,54.0109],[-1.8325,54.0106],[-1.8324,54.0104],[-1.8323,54.0103],[-1.8323,54.0102],[-1.8317,54.0098],[-1.8316,54.0095],[-1.8312,54.0076],[-1.8312,54.0073],[-1.8312,54.0065],[-1.8311,54.0063],[-1.831,54.0051],[-1.831,54.005],[-1.8309,54.0049],[-1.8309,54.0037],[-1.8309,54.0035],[-1.8293,54.0026],[-1.8292,54.0024],[-1.8284,54.002],[-1.8277,54.0015],[-1.827,54.0009],[-1.8269,54.0007],[-1.8264,54.0002],[-1.8263,54],[-1.8261,53.9997],[-1.8255,53.9996],[-1.825,53.9991],[-1.8249,53.999],[-1.822,53.9974],[-1.8217,53.9974],[-1.8216,53.9975],[-1.8213,53.9974],[-1.821,53.9973],[-1.8205,53.997],[-1.8201,53.9968],[-1.8195,53.9964],[-1.8192,53.9944],[-1.8192,53.9943],[-1.8188,53.9926],[-1.8193,53.9921],[-1.8193,53.992],[-1.8194,53.992],[-1.8194,53.9919],[-1.8194,53.9918],[-1.8196,53.9916],[-1.8197,53.9916],[-1.8197,53.9915],[-1.8202,53.9912],[-1.8205,53.9912],[-1.8216,53.991],[-1.8217,53.9909],[-1.8216,53.9905],[-1.822,53.9898],[-1.8232,53.989],[-1.823,53.9884],[-1.8233,53.988],[-1.8232,53.9879],[-1.8234,53.9877],[-1.8246,53.9872],[-1.8248,53.9865],[-1.825,53.9862],[-1.8259,53.9859],[-1.8263,53.9858],[-1.8266,53.9858],[-1.8267,53.9858],[-1.8268,53.9857],[-1.8265,53.9856],[-1.8264,53.9855],[-1.826,53.9853],[-1.8255,53.9848],[-1.8223,53.9836],[-1.8188,53.9807],[-1.8177,53.9802],[-1.8172,53.979],[-1.8167,53.9781],[-1.8168,53.9781],[-1.8182,53.9777],[-1.8249,53.9762],[-1.8314,53.9734],[-1.8485,53.9663],[-1.8506,53.9654],[-1.8602,53.9623],[-1.8617,53.9619],[-1.8629,53.9619],[-1.863,53.9619],[-1.8631,53.9618],[-1.8631,53.9617],[-1.8631,53.9616],[-1.863,53.9613],[-1.863,53.9612],[-1.863,53.9611],[-1.863,53.961],[-1.8629,53.9609],[-1.8628,53.9607],[-1.8625,53.9603],[-1.8617,53.9601],[-1.8614,53.9599],[-1.8613,53.9599],[-1.8612,53.9597],[-1.8611,53.9591],[-1.8613,53.9586],[-1.8634,53.9574],[-1.8634,53.9572],[-1.864,53.9566],[-1.8647,53.9562],[-1.865,53.956],[-1.8654,53.9559],[-1.8655,53.9559],[-1.8657,53.9559],[-1.866,53.9559],[-1.8661,53.9559],[-1.8661,53.9558],[-1.8662,53.9558],[-1.8662,53.9557],[-1.8663,53.9556],[-1.8664,53.9556],[-1.8665,53.9555],[-1.8667,53.9555],[-1.8669,53.9554],[-1.867,53.9554],[-1.8671,53.9554],[-1.8674,53.9553],[-1.8674,53.9554],[-1.8675,53.9554],[-1.8676,53.9554],[-1.8676,53.9553],[-1.8677,53.9552],[-1.868,53.9552],[-1.8682,53.955],[-1.8685,53.9549],[-1.8705,53.9544],[-1.8722,53.9545],[-1.8731,53.955],[-1.8735,53.9549],[-1.8743,53.9549],[-1.8749,53.9548],[-1.8752,53.9548],[-1.8754,53.9548],[-1.8758,53.955],[-1.8764,53.9549],[-1.8767,53.9549],[-1.8769,53.9549],[-1.8771,53.9548],[-1.8773,53.9546],[-1.8782,53.9545],[-1.8785,53.9543]]]},"properties":{"name":"Nidderdale","kind":"national_landscape"},"id":15},
{"type":"Feature","geometry":{"type":"MultiPolygon","coordinates":[[[[-4.0388,51.2067],[-4.0399,51.207],[-4.0416,51.2066],[-4.0422,51.2073],[-4.0433,51.2073],[-4.0445,51.2081],[-4.0454,51.2072],[-4.047,51.208],[-4.0484,51.2075],[-4.051,51.2076],[-4.0531,51.2092],[-4.0528,51.2099],[-4.0551,51.2099],[-4.0551,51.2106],[-4.0562,51.212],[-4.0579,51.2125],[-4.0591,51.2117],[-4.0606,51.2121],[-4.0621,51.2132],[-4.0634,51.2133],[-4.0642,51.2145],[-4.0662,51.2154],[-4.0685,51.2158],[-4.0702,51.2162],[-4.0707,51.2168],[-4.072,51.2168],[-4.0727,51.2174],[-4.0739,51.2167],[-4.0697,51.2151],[-4.0702,51.2141],[-4.071,51.2142],[-4.074,51.2156],[-4.0765,51.2157],[-4.078,51.2155],[-4.0777,51.2163],[-4.0796,51.2179],[-4.0804,51.2181],[-4.0823,51.2173],[-4.0825,51.2167],[-4.0837,51.2161],[-4.0858,51.2166],[-4.086,51.2172],[-4.0878,51.2173],[-4.0888,51.217],[-4.0884,51.2156],[-4.0898,51.2147],[-4.0902,51.214],[-4.0923,51.214],[-4.093,51.2129],[-4.0945,51.2129],[-4.0963,51.2126],[-4.0958,51.2119],[-4.0969,51.2109],[-4.098,51.2108],[-4.0982,51.2117],[-4.0999,51.2123],[-4.1013,51.2133],[-4.1024,51.2128],[-4.1029,51.2121],[-4.1041,51.2114],[-4.1057,51.211],[-4.1066,51.2099],[-4.1072,51.2101],[-4.1086,51.2098],[-4.11,51.2099],[-4.113,51.2088],[-4.1102,51.2077],[-4.1071,51.2074],[-4.1046,51.2069],[-4.102,51.2068],[-4.1002,51.2081],[-4.0998,51.2071],[-4.0998,51.2057],[-4.1011,51.2046],[-4.1014,51.2038],[-4.1046,51.2032],[-4.1059,51.2023],[-4.1042,51.2012],[-4.105,51.2004],[-4.1043,51.1993],[-4.1017,51.1986],[-4.1003,51.1967],[-4.0996,51.1951],[-4.1012,51.1948],[-4.101,51.1931],[-4.1001,51.1918],[-4.1003,51.1901],[-4.099,51.1868],[-4.0998,51.1859],[-4.1002,51.1843],[-4.1012,51.1832],[-4.1028,51.1826],[-4.1022,51.1815],[-4.0975,51.1812],[-4.0948,51.1805],[-4.0931,51.1798],[-4.0928,51.1789],[-4.0935,51.1775],[-4.0948,51.176],[-4.0939,51.1748],[-4.0915,51.1739],[-4.0841,51.1739],[-4.0801,51.1746],[-4.0776,51.1745],[-4.0723,51.175],[-4.0672,51.1754],[-4.0641,51.1759],[-4.0499,51.1755],[-4.0448,51.1754],[-4.0431,51.1775],[-4.0421,51.1786],[-4.0392,51.1787],[-4.0355,51.1786],[-4.0315,51.1776],[-4.0279,51.1772],[-4.0236,51.1773],[-4.0203,51.177],[-4.019,51.177],[-4.0149,51.1768],[-4.0126,51.177],[-4.0097,51.1776],[-4.0067,51.1784],[-4.0011,51.1794],[-3.9991,51.1802],[-3.9945,51.1815],[-3.994,51.1826],[-3.9926,51.1837],[-3.9906,51.1839],[-3.9859,51.1837],[-3.9838,51.1837],[-3.9822,51.1841],[-3.9802,51.1838],[-3.9758,51.1842],[-3.9759,51.1848],[-3.9757,51.1852],[-3.9737,51.1878],[-3.9739,51.1886],[-3.975,51.1903],[-3.9763,51.1934],[-3.9784,51.1955],[-3.9806,51.1963],[-3.9835,51.1983],[-3.9925,51.2023],[-3.9955,51.2026],[-3.9986,51.2034],[-4.001,51.203],[-4.0029,51.2032],[-4.0039,51.203],[-4.0062,51.2033],[-4.0083,51.2041],[-4.0115,51.2047],[-4.0118,51.2047],[-4.0135,51.2044],[-4.0158,51.204],[-4.0165,51.204],[-4.0197,51.2044],[-4.0215,51.2052],[-4.0259,51.2059],[-4.0305,51.2057],[-4.0312,51.2057],[-4.0321,51.2058],[-4.031,51.2062],[-4.0298,51.2071],[-4.0299,51.2071],[-4.03,51.2071],[-4.03,51.207],[-4.0306,51.2069],[-4.0308,51.2069],[-4.0311,51.2069],[-4.0316,51.2069],[-4.0318,51.2068],[-4.0327,51.2069],[-4.0328,51.2069],[-4.0334,51.2071],[-4.0335,51.2071],[-4.0351,51.2079],[-4.0362,51.2079],[-4.0363,51.2079],[-4.0364,51.2078],[-4.0365,51.2077],[-4.0366,51.2077],[-4.0367,51.2077],[-4.0368,51.2077],[-4.0375,51.2077],[-4.0375,51.2076],[-4.0376,51.2075],[-4.0377,51.2075],[-4.0382,51.2066],[-4.0388,51.2067]]],[[[-4.546,50.9284],[-4.5446,50.9285],[-4.5442,50.929],[-4.5429,50.9285],[-4.5416,50.9289],[-4.5386,50.9281],[-4.538,50.9282],[-4.5361,50.9273],[-4.5338,50.9268],[-4.5331,50.9271],[-4.5319,50.9267],[-4.53,50.9267],[-4.5281,50.9273],[-4.5255,50.9272],[-4.5244,50.9274],[-4.5217,50.9271],[-4.5198,50.9273],[-4.5176,50.9269],[-4.5168,50.9275],[-4.5155,50.9277],[-4.5121,50.928],[-4.5096,50.9274],[-4.5073,50.9276],[-4.5068,50.9274],[-4.5047,50.9277],[-4.5024,50.9274],[-4.5008,50.9276],[-4.4993,50.9275],[-4.4974,50.9286],[-4.4944,50.929],[-4.4924,50.9289],[-4.492,50.9293],[-4.4902,50.929],[-4.4884,50.9294],[-4.4849,50.9296],[-4.481,50.9303],[-4.4791,50.9303],[-4.4767,50.9307],[-4.4752,50.9307],[-4.4716,50.9313],[-4.4709,50.9332],[-4.471,50.9358],[-4.4704,50.9363],[-4.4667,50.9371],[-4.4643,50.938],[-4.4639,50.9416],[-4.4634,50.9421],[-4.4628,50.9436],[-4.4632,50.946],[-4.4636,50.947],[-4.4658,50.9491],[-4.4646,50.9509],[-4.4607,50.9546],[-4.4594,50.9562],[-4.4578,50.9571],[-4.4572,50.9583],[-4.456,50.9593],[-4.4545,50.9628],[-4.4538,50.9641],[-4.4535,50.9653],[-4.4519,50.9661],[-4.451,50.9679],[-4.4473,50.9729],[-4.4463,50.9739],[-4.4459,50.975],[-4.4442,50.9743],[-4.4436,50.9735],[-4.4377,50.9736],[-4.4342,50.9739],[-4.4311,50.9743],[-4.4284,50.9744],[-4.4266,50.9747],[-4.4216,50.975],[-4.4202,50.9775],[-4.4183,50.978],[-4.4174,50.9795],[-4.4162,50.9799],[-4.4129,50.9815],[-4.4121,50.9827],[-4.4117,50.984],[-4.4111,50.9846],[-4.4095,50.9844],[-4.4067,50.9844],[-4.4049,50.9848],[-4.3998,50.9844],[-4.3951,50.9837],[-4.386,50.9829],[-4.3845,50.9824],[-4.3827,50.9826],[-4.3776,50.9843],[-4.3758,50.9847],[-4.3724,50.9848],[-4.3699,50.9842],[-4.3681,50.9843],[-4.3633,50.9837],[-4.362,50.982],[-4.3606,50.9817],[-4.3583,50.9816],[-4.3547,50.9818],[-4.3527,50.9812],[-4.346,50.9803],[-4.3422,50.9802],[-4.3397,50.9806],[-4.3365,50.9814],[-4.3347,50.9815],[-4.3324,50.9813],[-4.3299,50.9816],[-4.3271,50.9815],[-4.3249,50.9826],[-4.3228,50.9832],[-4.319,50.9836],[-4.3171,50.9845],[-4.3118,50.9849],[-4.3081,50.9846],[-4.3057,50.9846],[-4.3034,50.9848],[-4.2994,50.9862],[-4.2942,50.988],[-4.2923,50.9884],[-4.2894,50.9892],[-4.2874,50.9892],[-4.2847,50.9895],[-4.2829,50.9902],[-4.2818,50.9916],[-4.2799,50.9931],[-4.277,50.9951],[-4.2758,50.9957],[-4.2735,50.9974],[-4.2703,50.9985],[-4.2694,50.9991],[-4.2685,51.001],[-4.2665,51.0027],[-4.264,51.0042],[-4.2593,51.0062],[-4.2527,51.0082],[-4.2517,51.0088],[-4.2526,51.0125],[-4.2517,51.0136],[-4.2514,51.0173],[-4.251,51.0175],[-4.2513,51.0198],[-4.2505,51.0213],[-4.2513,51.0223],[-4.2516,51.0237],[-4.253,51.0264],[-4.2529,51.0273],[-4.2532,51.0292],[-4.2526,51.0298],[-4.2529,51.0309],[-4.2516,51.0322],[-4.2492,51.0331],[-4.248,51.0358],[-4.2485,51.0363],[-4.2483,51.0377],[-4.2453,51.0377],[-4.2448,51.0384],[-4.2451,51.0404],[-4.2411,51.0406],[-4.2381,51.0413],[-4.2363,51.0434],[-4.2332,51.0438],[-4.2302,51.0441],[-4.2293,51.0444],[-4.2266,51.0448],[-4.2233,51.0463],[-4.2207,51.047],[-4.218,51.0474],[-4.2152,51.0476],[-4.2142,51.048],[-4.2114,51.0503],[-4.2106,51.0513],[-4.2096,51.0534],[-4.2091,51.0538],[-4.2076,51.056],[-4.2055,51.0561],[-4.2031,51.0578],[-4.2035,51.0582],[-4.2072,51.0598],[-4.2081,51.0608],[-4.2083,51.0622],[-4.212,51.065],[-4.2121,51.0654],[-4.2147,51.0675],[-4.2156,51.0682],[-4.2188,51.0694],[-4.2206,51.0703],[-4.2205,51.0715],[-4.2198,51.0721],[-4.2202,51.0727],[-4.2217,51.0736],[-4.2243,51.0745],[-4.2257,51.0745],[-4.2276,51.0749],[-4.2314,51.0764],[-4.2335,51.0774],[-4.2382,51.0788],[-4.24,51.0785],[-4.2392,51.0771],[-4.2393,51.0764],[-4.2384,51.0757],[-4.2376,51.074],[-4.2357,51.0743],[-4.2348,51.0736],[-4.2361,51.0721],[-4.2355,51.069],[-4.2349,51.0669],[-4.2349,51.0659],[-4.2334,51.0658],[-4.2309,51.066],[-4.2265,51.068],[-4.2257,51.0673],[-4.2308,51.0658],[-4.2331,51.0656],[-4.235,51.0657],[-4.2354,51.064],[-4.2363,51.0615],[-4.2364,51.0594],[-4.2369,51.0579],[-4.2376,51.0541],[-4.2392,51.05],[-4.2399,51.0479],[-4.2413,51.0446],[-4.2419,51.0424],[-4.2432,51.0409],[-4.2502,51.0398],[-4.2544,51.0393],[-4.2582,51.0376],[-4.2604,51.0357],[-4.2634,51.0336],[-4.2647,51.0319],[-4.2664,51.0302],[-4.268,51.0279],[-4.271,51.0252],[-4.2733,51.0232],[-4.2741,51.0216],[-4.2756,51.02],[-4.2777,51.0175],[-4.2789,51.0163],[-4.2813,51.0158],[-4.2846,51.0138],[-4.2867,51.011],[-4.2891,51.0087],[-4.2905,51.0068],[-4.292,51.0057],[-4.2943,51.0043],[-4.2966,51.002],[-4.2979,51.0012],[-4.2998,50.9998],[-4.303,50.9978],[-4.3064,50.9959],[-4.3093,50.9949],[-4.313,50.9946],[-4.314,50.9944],[-4.316,50.9934],[-4.3184,50.9927],[-4.3201,50.9925],[-4.3256,50.9916],[-4.3285,50.9914],[-4.3312,50.9915],[-4.3346,50.9909],[-4.339,50.9896],[-4.3439,50.9889],[-4.3457,50.9888],[-4.3491,50.9892],[-4.3508,50.9895],[-4.3554,50.9902],[-4.3566,50.9901],[-4.3636,50.9902],[-4.3661,50.9899],[-4.3677,50.9899],[-4.3706,50.9901],[-4.3739,50.99],[-4.3754,50.9902],[-4.3792,50.9913],[-4.3827,50.9928],[-4.3846,50.9932],[-4.3878,50.9942],[-4.3892,50.9942],[-4.3926,50.9953],[-4.3942,50.9963],[-4.3955,50.9966],[-4.3975,50.9984],[-4.3981,50.9994],[-4.3988,50.9998],[-4.4,51.0013],[-4.4019,51.0024],[-4.404,51.0041],[-4.4042,51.0045],[-4.4064,51.0049],[-4.4069,51.0054],[-4.4103,51.0066],[-4.413,51.0086],[-4.416,51.0098],[-4.4179,51.011],[-4.4208,51.0111],[-4.4226,51.0116],[-4.4246,51.0129],[-4.4254,51.0137],[-4.4265,51.0138],[-4.428,51.0132],[-4.4328,51.0126],[-4.4349,51.0127],[-4.4366,51.0137],[-4.4378,51.0135],[-4.4432,51.0148],[-4.4468,51.0144],[-4.4484,51.0144],[-4.4519,51.0152],[-4.4562,51.0169],[-4.4573,51.0182],[-4.4602,51.0187],[-4.4606,51.0195],[-4.4623,51.0198],[-4.4643,51.0207],[-4.4681,51.021],[-4.4684,51.0213],[-4.4705,51.0216],[-4.4728,51.0213],[-4.4737,51.0215],[-4.4769,51.0212],[-4.4787,51.0213],[-4.4813,51.0218],[-4.4851,51.0214],[-4.4889,51.0213],[-4.4908,51.0209],[-4.4945,51.0207],[-4.4961,51.0209],[-4.4969,51.0214],[-4.4988,51.0213],[-4.4987,51.0204],[-4.4993,51.0192],[-4.5012,51.0187],[-4.5055,51.0195],[-4.5067,51.0204],[-4.508,51.0205],[-4.5095,51.0213],[-4.5134,51.0223],[-4.5158,51.0224],[-4.5168,51.0209],[-4.5187,51.0207],[-4.5204,51.0209],[-4.5228,51.0216],[-4.5243,51.0224],[-4.5261,51.0221],[-4.5246,51.0211],[-4.5244,51.0205],[-4.525,51.0197],[-4.527,51.0188],[-4.5278,51.018],[-4.5279,51.0169],[-4.5288,51.0164],[-4.5263,51.0154],[-4.526,51.0144],[-4.5264,51.0139],[-4.528,51.0137],[-4.5268,51.0126],[-4.5273,51.0116],[-4.5289,51.0115],[-4.5326,51.0104],[-4.5331,51.0098],[-4.5327,51.0091],[-4.5338,51.0085],[-4.5313,51.007],[-4.5301,51.0049],[-4.5304,51.0036],[-4.5312,51.0029],[-4.5329,51.0025],[-4.5321,51.0015],[-4.5327,51.0006],[-4.5317,51.0002],[-4.5312,50.9982],[-4.5301,50.9974],[-4.5308,50.9958],[-4.5341,50.9951],[-4.5346,50.9944],[-4.5332,50.9938],[-4.533,50.992],[-4.5331,50.9908],[-4.5313,50.9907],[-4.5312,50.9895],[-4.5315,50.9888],[-4.5299,50.9878],[-4.5294,50.9862],[-4.5302,50.9845],[-4.5319,50.984],[-4.5306,50.9836],[-4.5309,50.9818],[-4.5321,50.9813],[-4.5326,50.9804],[-4.535,50.9794],[-4.5341,50.9782],[-4.533,50.9776],[-4.5331,50.9764],[-4.5345,50.9756],[-4.534,50.9748],[-4.5327,50.974],[-4.5337,50.9722],[-4.5332,50.9717],[-4.533,50.9704],[-4.5333,50.9694],[-4.5328,50.967],[-4.5331,50.9652],[-4.5349,50.9637],[-4.5366,50.9618],[-4.5373,50.9598],[-4.538,50.9598],[-4.5382,50.9585],[-4.5389,50.9575],[-4.5413,50.9556],[-4.5425,50.955],[-4.5436,50.9536],[-4.5439,50.9527],[-4.5432,50.9521],[-4.5441,50.9514],[-4.5416,50.9498],[-4.5412,50.9493],[-4.5414,50.9483],[-4.5422,50.9481],[-4.5419,50.9472],[-4.5427,50.9463],[-4.5428,50.9443],[-4.5441,50.9434],[-4.5444,50.9428],[-4.548,50.9411],[-4.5493,50.9411],[-4.5484,50.9402],[-4.5494,50.9393],[-4.5479,50.9382],[-4.5469,50.937],[-4.5471,50.9355],[-4.5464,50.9344],[-4.5456,50.9341],[-4.5451,50.9328],[-4.5463,50.9312],[-4.5454,50.9296],[-4.546,50.9284]]],[[[-4.1712,51.1734],[-4.1705,51.1737],[-4.1701,51.1748],[-4.1687,51.1764],[-4.1678,51.1769],[-4.1609,51.18],[-4.1584,51.1806],[-4.1566,51.1831],[-4.1542,51.1846],[-4.1504,51.1858],[-4.1465,51.1881],[-4.1463,51.189],[-4.1473,51.192],[-4.1471,51.1924],[-4.1438,51.1926],[-4.1402,51.193],[-4.14,51.1944],[-4.1388,51.1948],[-4.1373,51.1945],[-4.1364,51.1939],[-4.134,51.1929],[-4.1315,51.1928],[-4.1302,51.1935],[-4.1315,51.1961],[-4.1318,51.1972],[-4.1326,51.1984],[-4.1324,51.2],[-4.1327,51.2013],[-4.1323,51.2018],[-4.1336,51.2029],[-4.1336,51.2045],[-4.1327,51.2056],[-4.1291,51.208],[-4.1289,51.2094],[-4.1302,51.2092],[-4.1319,51.2085],[-4.1349,51.2086],[-4.1354,51.2082],[-4.1375,51.2074],[-4.1408,51.2069],[-4.1419,51.2063],[-4.143,51.2064],[-4.1437,51.2055],[-4.1449,51.2052],[-4.1457,51.2042],[-4.1481,51.2041],[-4.1488,51.2036],[-4.1503,51.2044],[-4.1542,51.2041],[-4.1562,51.2043],[-4.1578,51.2022],[-4.1594,51.2018],[-4.1611,51.2025],[-4.1655,51.2026],[-4.1666,51.2023],[-4.1681,51.2012],[-4.1702,51.2017],[-4.1711,51.2011],[-4.1717,51.199],[-4.1736,51.1991],[-4.1767,51.1983],[-4.1772,51.1974],[-4.1791,51.1976],[-4.181,51.199],[-4.1818,51.1987],[-4.183,51.1991],[-4.1832,51.1998],[-4.1892,51.1995],[-4.1911,51.1996],[-4.1931,51.1991],[-4.1967,51.1996],[-4.1983,51.1993],[-4.1988,51.2002],[-4.2012,51.2007],[-4.2024,51.1999],[-4.2029,51.1986],[-4.2047,51.198],[-4.2039,51.1972],[-4.2046,51.1962],[-4.2066,51.1955],[-4.2073,51.1947],[-4.2069,51.1937],[-4.2073,51.1926],[-4.2083,51.1921],[-4.21,51.1919],[-4.2107,51.1906],[-4.2163,51.19],[-4.2179,51.1902],[-4.2199,51.19],[-4.2247,51.189],[-4.2271,51.1891],[-4.2293,51.1885],[-4.2305,51.1879],[-4.2298,51.1873],[-4.2281,51.1872],[-4.2251,51.1859],[-4.2222,51.1861],[-4.2208,51.1849],[-4.2183,51.1842],[-4.2172,51.1835],[-4.2159,51.1833],[-4.2157,51.1824],[-4.2142,51.1823],[-4.2139,51.181],[-4.2141,51.1802],[-4.2162,51.1797],[-4.2159,51.1777],[-4.2158,51.1742],[-4.2153,51.1729],[-4.2154,51.1712],[-4.2159,51.1701],[-4.2166,51.167],[-4.2165,51.1655],[-4.217,51.1645],[-4.217,51.1631],[-4.2177,51.1598],[-4.2186,51.1578],[-4.2187,51.1571],[-4.2199,51.1548],[-4.2209,51.1524],[-4.2226,51.1504],[-4.2254,51.1475],[-4.2275,51.1458],[-4.2281,51.1455],[-4.2323,51.145],[-4.2346,51.1453],[-4.235,51.1456],[-4.237,51.1457],[-4.2393,51.1454],[-4.241,51.1455],[-4.2448,51.1455],[-4.2458,51.1457],[-4.2472,51.1454],[-4.2513,51.1464],[-4.2538,51.1465],[-4.2555,51.1469],[-4.2573,51.1467],[-4.2574,51.1455],[-4.258,51.1453],[-4.2591,51.1433],[-4.2605,51.1436],[-4.2619,51.1428],[-4.26,51.1421],[-4.258,51.1405],[-4.2564,51.1396],[-4.2551,51.1397],[-4.2532,51.1389],[-4.2515,51.1386],[-4.2495,51.1378],[-4.2495,51.1373],[-4.2461,51.1353],[-4.2454,51.1345],[-4.2454,51.1324],[-4.2449,51.131],[-4.2455,51.1305],[-4.2444,51.1285],[-4.2451,51.1273],[-4.2443,51.127],[-4.2448,51.1263],[-4.2433,51.126],[-4.2425,51.1249],[-4.2424,51.124],[-4.2431,51.123],[-4.2421,51.1222],[-4.2402,51.1215],[-4.2404,51.1208],[-4.2392,51.1203],[-4.2342,51.119],[-4.2323,51.1188],[-4.2308,51.1181],[-4.2298,51.117],[-4.2293,51.1152],[-4.229,51.1134],[-4.2293,51.1098],[-4.2299,51.1085],[-4.2305,51.1055],[-4.2309,51.1019],[-4.2309,51.0998],[-4.2313,51.0979],[-4.2317,51.0946],[-4.2322,51.0922],[-4.2327,51.0903],[-4.2341,51.088],[-4.2356,51.0871],[-4.2357,51.0863],[-4.2371,51.0867],[-4.238,51.0855],[-4.2353,51.0845],[-4.2331,51.0844],[-4.2318,51.0837],[-4.2325,51.0829],[-4.2304,51.0815],[-4.2277,51.0805],[-4.2224,51.077],[-4.2197,51.076],[-4.2181,51.0749],[-4.2142,51.074],[-4.2113,51.0741],[-4.2074,51.0723],[-4.2066,51.0718],[-4.2046,51.071],[-4.2026,51.0705],[-4.1986,51.0698],[-4.1967,51.0689],[-4.1956,51.0678],[-4.1933,51.0667],[-4.1905,51.0659],[-4.1895,51.0669],[-4.1916,51.0671],[-4.1942,51.0685],[-4.1937,51.07],[-4.1894,51.0718],[-4.1873,51.0735],[-4.1858,51.0759],[-4.1862,51.0773],[-4.1897,51.078],[-4.1907,51.0759],[-4.1919,51.0767],[-4.1921,51.0775],[-4.192,51.0811],[-4.1912,51.083],[-4.1939,51.0841],[-4.1935,51.085],[-4.1926,51.0861],[-4.1916,51.0858],[-4.1915,51.0878],[-4.1927,51.0898],[-4.1938,51.0906],[-4.1968,51.0921],[-4.1982,51.093],[-4.1992,51.095],[-4.1993,51.0969],[-4.1982,51.0993],[-4.1974,51.1044],[-4.1971,51.1084],[-4.1966,51.1102],[-4.1967,51.1111],[-4.1974,51.1123],[-4.2024,51.1149],[-4.2022,51.1163],[-4.2028,51.1174],[-4.1974,51.1176],[-4.1958,51.1178],[-4.1941,51.1176],[-4.1907,51.1163],[-4.1884,51.1152],[-4.1873,51.1173],[-4.1861,51.1182],[-4.1842,51.1188],[-4.1827,51.1177],[-4.1803,51.1175],[-4.1786,51.1171],[-4.1765,51.1172],[-4.1741,51.1176],[-4.1749,51.1188],[-4.1767,51.1207],[-4.1772,51.1221],[-4.177,51.1239],[-4.1773,51.1258],[-4.1762,51.1277],[-4.1762,51.1282],[-4.1781,51.1331],[-4.1796,51.1351],[-4.1811,51.1362],[-4.1822,51.1384],[-4.1854,51.1417],[-4.1889,51.1448],[-4.191,51.1473],[-4.1916,51.1508],[-4.1914,51.1535],[-4.1921,51.1555],[-4.195,51.1574],[-4.1942,51.1599],[-4.1922,51.1609],[-4.1864,51.163],[-4.1826,51.1639],[-4.1815,51.1653],[-4.1797,51.1656],[-4.1755,51.1667],[-4.1711,51.1671],[-4.1709,51.1685],[-4.1714,51.1691],[-4.1738,51.1696],[-4.1756,51.1697],[-4.176,51.1714],[-4.1749,51.1723],[-4.1712,51.1734]]]]},"properties":{"name":"North Devon","kind":"national_landscape"},"id":16},
{"type":"Feature","geometry":{"type":"Polygon","coordinates":[[[-3.0419,50.782],[-3.0409,50.7827],[-3.0389,50.783],[-3.0385,50.7844],[-3.0388,50.7859],[-3.0375,50.7868],[-3.0375,50.7885],[-3.037,50.7902],[-3.0373,50.7909],[-3.0392,50.7923],[-3.0359,50.7925],[-3.0345,50.7927],[-3.0331,50.792],[-3.0323,50.792],[-3.0317,50.7929],[-3.0296,50.7939],[-3.0269,50.7941],[-3.0261,50.7935],[-3.0262,50.7924],[-3.025,50.7917],[-3.021,50.7906],[-3.0193,50.7907],[-3.0165,50.7904],[-3.0151,50.7914],[-3.013,50.7921],[-3.0117,50.7918],[-3.0119,50.7903],[-3.01,50.7901],[-3.0062,50.7912],[-3.0052,50.7906],[-3.0042,50.7915],[-3.0022,50.7907],[-3.0013,50.7913],[-2.9982,50.7917],[-2.9968,50.7921],[-2.9949,50.7938],[-2.9932,50.7956],[-2.989,50.7977],[-2.9919,50.7983],[-2.9921,50.801],[-2.9909,50.8018],[-2.9915,50.8025],[-2.9915,50.8036],[-2.9902,50.8041],[-2.9892,50.8038],[-2.9882,50.8046],[-2.9875,50.8055],[-2.9865,50.8055],[-2.9818,50.8065],[-2.9828,50.8096],[-2.9848,50.8125],[-2.9861,50.8137],[-2.9854,50.8154],[-2.9855,50.8166],[-2.9866,50.8171],[-2.9857,50.8183],[-2.9848,50.819],[-2.9847,50.8215],[-2.9833,50.8224],[-2.9822,50.8228],[-2.9798,50.8229],[-2.9788,50.8233],[-2.9777,50.8255],[-2.9761,50.8268],[-2.9768,50.8279],[-2.9762,50.8291],[-2.975,50.8298],[-2.9762,50.8307],[-2.9774,50.8324],[-2.979,50.8334],[-2.9788,50.8341],[-2.9764,50.8358],[-2.9746,50.8372],[-2.9746,50.8383],[-2.9718,50.8385],[-2.9721,50.8416],[-2.9707,50.8426],[-2.9724,50.8444],[-2.9726,50.846],[-2.971,50.8477],[-2.9703,50.8494],[-2.9681,50.8513],[-2.9709,50.8516],[-2.9689,50.8537],[-2.9682,50.8548],[-2.9662,50.8569],[-2.9649,50.8574],[-2.9689,50.8591],[-2.9719,50.8608],[-2.9738,50.861],[-2.9739,50.8617],[-2.9794,50.863],[-2.9814,50.8647],[-2.9826,50.8663],[-2.9854,50.8664],[-2.9858,50.8678],[-2.9876,50.8697],[-2.9894,50.8708],[-2.9903,50.8717],[-2.991,50.8736],[-2.9922,50.8754],[-2.9928,50.8777],[-2.9935,50.8785],[-2.9936,50.8795],[-2.9951,50.8802],[-2.9985,50.8812],[-3.0024,50.8822],[-3.0102,50.8849],[-3.0102,50.8865],[-3.009,50.8884],[-3.0084,50.8904],[-3.0081,50.8935],[-3.0081,50.8999],[-3.0071,50.9018],[-3.0053,50.9032],[-3.0031,50.9041],[-3.0027,50.9048],[-3.0046,50.9063],[-3.0028,50.908],[-3.0024,50.9096],[-3.0033,50.9107],[-3.0031,50.9112],[-3.0045,50.9138],[-3.0066,50.9159],[-3.0065,50.9166],[-3.0051,50.9172],[-3.0048,50.9178],[-3.0054,50.919],[-3.0055,50.9211],[-3.0066,50.9224],[-3.0073,50.9226],[-3.0072,50.9239],[-3.0087,50.9257],[-3.0074,50.9275],[-3.005,50.9286],[-3.0052,50.934],[-3.007,50.9365],[-3.0083,50.9378],[-3.0098,50.9387],[-3.0105,50.9398],[-3.0137,50.9418],[-3.0165,50.9428],[-3.0176,50.9435],[-3.018,50.9446],[-3.0174,50.9448],[-3.015,50.9449],[-3.0148,50.9453],[-3.0162,50.9487],[-3.0173,50.9494],[-3.0176,50.9502],[-3.0211,50.9499],[-3.0219,50.9505],[-3.0241,50.9489],[-3.0261,50.9498],[-3.0297,50.95],[-3.0329,50.9514],[-3.0352,50.9521],[-3.0427,50.9512],[-3.0431,50.9534],[-3.0451,50.955],[-3.0482,50.9579],[-3.0492,50.961],[-3.0504,50.9606],[-3.0517,50.9623],[-3.0518,50.9635],[-3.0535,50.9665],[-3.0531,50.9694],[-3.0533,50.9699],[-3.0523,50.9712],[-3.0538,50.9726],[-3.0554,50.9748],[-3.0559,50.9765],[-3.0561,50.9785],[-3.055,50.9802],[-3.056,50.9809],[-3.0597,50.9826],[-3.0632,50.9806],[-3.0643,50.9799],[-3.0651,50.9805],[-3.0659,50.982],[-3.0679,50.9815],[-3.0716,50.9815],[-3.0739,50.9811],[-3.0737,50.9801],[-3.0762,50.9785],[-3.0767,50.9768],[-3.0779,50.9753],[-3.0808,50.9746],[-3.0836,50.9743],[-3.0852,50.9751],[-3.0874,50.9735],[-3.0882,50.9716],[-3.0897,50.9718],[-3.0936,50.9719],[-3.0964,50.9712],[-3.0961,50.9701],[-3.0951,50.9698],[-3.0949,50.969],[-3.0998,50.968],[-3.1024,50.9678],[-3.1039,50.9674],[-3.1051,50.9675],[-3.1067,50.968],[-3.1094,50.9679],[-3.1132,50.9672],[-3.113,50.966],[-3.116,50.9652],[-3.1166,50.9638],[-3.116,50.9634],[-3.1172,50.9605],[-3.1167,50.9599],[-3.1173,50.9587],[-3.1156,50.9579],[-3.1155,50.9569],[-3.1164,50.9564],[-3.1224,50.9569],[-3.1238,50.9566],[-3.1236,50.9558],[-3.1251,50.9559],[-3.1246,50.9595],[-3.1253,50.9611],[-3.1249,50.9633],[-3.1261,50.9635],[-3.1278,50.9632],[-3.1301,50.9622],[-3.1325,50.9618],[-3.1337,50.9607],[-3.1358,50.96],[-3.1368,50.9593],[-3.1387,50.9591],[-3.139,50.9585],[-3.1432,50.9585],[-3.1458,50.9589],[-3.1481,50.9598],[-3.1491,50.9599],[-3.1531,50.9594],[-3.156,50.9596],[-3.1547,50.9624],[-3.155,50.9627],[-3.1573,50.9625],[-3.1615,50.9624],[-3.164,50.9619],[-3.1649,50.9621],[-3.167,50.9615],[-3.1691,50.9605],[-3.1711,50.9611],[-3.1726,50.9619],[-3.1741,50.9633],[-3.1773,50.9647],[-3.1786,50.9625],[-3.1805,50.9602],[-3.181,50.96],[-3.1852,50.9595],[-3.1856,50.9603],[-3.187,50.961],[-3.1876,50.962],[-3.1901,50.9612],[-3.1902,50.9607],[-3.1923,50.9604],[-3.1946,50.9612],[-3.1967,50.961],[-3.1993,50.9588],[-3.2004,50.9575],[-3.2024,50.9572],[-3.2031,50.9578],[-3.2059,50.9585],[-3.2074,50.9569],[-3.2092,50.956],[-3.2119,50.9557],[-3.2177,50.9556],[-3.2199,50.9557],[-3.2206,50.9561],[-3.2242,50.9567],[-3.226,50.9567],[-3.2294,50.9578],[-3.2318,50.959],[-3.2382,50.9581],[-3.2475,50.9565],[-3.2575,50.9543],[-3.2612,50.9533],[-3.2681,50.9512],[-3.2731,50.9493],[-3.2753,50.9483],[-3.2754,50.9467],[-3.2762,50.9454],[-3.2758,50.9447],[-3.2758,50.943],[-3.2764,50.9425],[-3.2776,50.9404],[-3.278,50.9387],[-3.2799,50.9362],[-3.2798,50.9336],[-3.2793,50.9323],[-3.279,50.9301],[-3.2778,50.9291],[-3.2784,50.9284],[-3.2778,50.9279],[-3.2783,50.927],[-3.2782,50.9261],[-3.2794,50.9249],[-3.2794,50.9226],[-3.2766,50.9233],[-3.2751,50.9233],[-3.2735,50.9229],[-3.2711,50.9231],[-3.2699,50.9226],[-3.2669,50.922],[-3.2658,50.9215],[-3.2642,50.9215],[-3.2638,50.9199],[-3.2637,50.9186],[-3.2643,50.9162],[-3.2635,50.916],[-3.2632,50.9148],[-3.2632,50.9118],[-3.2643,50.9119],[-3.2681,50.911],[-3.2681,50.9098],[-3.272,50.9087],[-3.2738,50.9086],[-3.2736,50.9079],[-3.2759,50.9073],[-3.2774,50.9067],[-3.2784,50.9067],[-3.2791,50.9037],[-3.2788,50.9018],[-3.2779,50.9006],[-3.2782,50.8997],[-3.277,50.897],[-3.2764,50.8965],[-3.2788,50.8937],[-3.2802,50.8934],[-3.2805,50.8925],[-3.2816,50.8921],[-3.2827,50.8906],[-3.2838,50.8899],[-3.2824,50.8879],[-3.2841,50.8864],[-3.2851,50.886],[-3.2841,50.8849],[-3.2846,50.8835],[-3.2871,50.8833],[-3.2877,50.8844],[-3.2889,50.8839],[-3.2915,50.884],[-3.2931,50.8852],[-3.2944,50.8846],[-3.2971,50.8827],[-3.2995,50.8819],[-3.3005,50.8818],[-3.3004,50.8805],[-3.3055,50.88],[-3.3061,50.8795],[-3.3067,50.8782],[-3.3065,50.8763],[-3.3072,50.8741],[-3.3065,50.8718],[-3.3055,50.8706],[-3.3053,50.8696],[-3.3046,50.8686],[-3.3031,50.8678],[-3.3021,50.865],[-3.3025,50.8634],[-3.3022,50.8623],[-3.3035,50.8602],[-3.3058,50.8579],[-3.3049,50.8571],[-3.3049,50.8547],[-3.3036,50.8536],[-3.3018,50.8529],[-3.3002,50.8511],[-3.298,50.8492],[-3.2976,50.8476],[-3.2971,50.8469],[-3.2946,50.8451],[-3.2913,50.8423],[-3.2883,50.8405],[-3.2885,50.8387],[-3.2883,50.8365],[-3.2871,50.8357],[-3.2857,50.8354],[-3.2838,50.8356],[-3.2828,50.8361],[-3.2812,50.8347],[-3.2802,50.8355],[-3.2784,50.8348],[-3.2765,50.8338],[-3.2751,50.8342],[-3.2733,50.8328],[-3.2728,50.8316],[-3.2717,50.8301],[-3.2722,50.8286],[-3.2709,50.8259],[-3.268,50.8217],[-3.2663,50.8196],[-3.2655,50.8195],[-3.2639,50.8186],[-3.2613,50.8179],[-3.2594,50.8181],[-3.2565,50.8168],[-3.2511,50.8158],[-3.246,50.8142],[-3.2439,50.8131],[-3.2428,50.8129],[-3.2372,50.8133],[-3.2355,50.8125],[-3.2354,50.8115],[-3.2334,50.8102],[-3.2319,50.8111],[-3.2307,50.8101],[-3.2286,50.8094],[-3.2267,50.8073],[-3.2271,50.807],[-3.2248,50.8061],[-3.2229,50.8061],[-3.2209,50.8052],[-3.2192,50.8047],[-3.2176,50.8047],[-3.2155,50.8043],[-3.2128,50.8032],[-3.2089,50.8031],[-3.2056,50.8037],[-3.2026,50.8034],[-3.199,50.8023],[-3.1955,50.803],[-3.1909,50.8034],[-3.1883,50.8038],[-3.1823,50.8041],[-3.181,50.8054],[-3.1796,50.8055],[-3.1783,50.8049],[-3.1771,50.8053],[-3.1745,50.8069],[-3.171,50.8103],[-3.1723,50.8107],[-3.1725,50.8113],[-3.1716,50.8121],[-3.1692,50.8119],[-3.1706,50.8104],[-3.1683,50.8094],[-3.1641,50.8081],[-3.1617,50.8079],[-3.162,50.8072],[-3.1612,50.8061],[-3.1605,50.8058],[-3.1618,50.8048],[-3.1618,50.804],[-3.1648,50.8037],[-3.1646,50.8024],[-3.1672,50.8006],[-3.1681,50.8006],[-3.1697,50.7999],[-3.1713,50.7982],[-3.1729,50.7976],[-3.1747,50.7975],[-3.1761,50.797],[-3.1768,50.7973],[-3.178,50.7962],[-3.1788,50.7951],[-3.1799,50.7951],[-3.1813,50.7939],[-3.1828,50.7937],[-3.1853,50.793],[-3.1864,50.7921],[-3.1875,50.7902],[-3.1875,50.7893],[-3.186,50.7897],[-3.1837,50.788],[-3.1799,50.7881],[-3.1785,50.7879],[-3.1775,50.79],[-3.1758,50.7904],[-3.1758,50.7911],[-3.1739,50.7926],[-3.1725,50.7943],[-3.174,50.7951],[-3.1737,50.7958],[-3.1711,50.7961],[-3.1691,50.797],[-3.1617,50.8009],[-3.1608,50.8008],[-3.1551,50.7973],[-3.1543,50.797],[-3.1517,50.7966],[-3.148,50.7964],[-3.1383,50.7956],[-3.1344,50.7955],[-3.1326,50.7953],[-3.1291,50.794],[-3.1281,50.7938],[-3.1226,50.7936],[-3.1196,50.7933],[-3.1173,50.7936],[-3.1153,50.7941],[-3.1129,50.7942],[-3.1092,50.7936],[-3.1076,50.7929],[-3.0965,50.7879],[-3.0939,50.7861],[-3.0904,50.7826],[-3.089,50.7815],[-3.0867,50.7807],[-3.0834,50.7808],[-3.0799,50.7799],[-3.076,50.7794],[-3.0744,50.7797],[-3.069,50.7816],[-3.0661,50.7832],[-3.0636,50.7843],[-3.0616,50.7861],[-3.0592,50.7869],[-3.0569,50.7865],[-3.0463,50.7838],[-3.0419,50.782]]]},"properties":{"name":"Blackdown Hills","kind":"national_landscape"},"id":17},
{"type":"Feature","geometry":{"type":"MultiPolygon","coordinates":[[[[-1.3183,50.6912],[-1.323,50.6912],[-1.3267,50.6917],[-1.3322,50.6921],[-1.3348,50.6919],[-1.3362,50.6915],[-1.3373,50.6907],[-1.3431,50.6891],[-1.3458,50.6889],[-1.3473,50.6886],[-1.3497,50.6878],[-1.3533,50.6871],[-1.3558,50.6867],[-1.3587,50.6866],[-1.3662,50.6859],[-1.3706,50.686],[-1.3786,50.6853],[-1.3837,50.6839],[-1.3856,50.6832],[-1.3874,50.6828],[-1.3902,50.6819],[-1.3922,50.6816],[-1.3944,50.681],[-1.3961,50.6807],[-1.4003,50.6796],[-1.4032,50.6795],[-1.407,50.6803],[-1.4088,50.6801],[-1.4102,50.6794],[-1.4127,50.6788],[-1.4143,50.6791],[-1.4154,50.6787],[-1.4158,50.6779],[-1.4196,50.6767],[-1.4244,50.6748],[-1.4277,50.6744],[-1.4313,50.673],[-1.4346,50.6723],[-1.4364,50.6717],[-1.439,50.6713],[-1.4454,50.6708],[-1.4474,50.6711],[-1.4498,50.6719],[-1.4514,50.6719],[-1.4542,50.6723],[-1.4554,50.6727],[-1.4607,50.6737],[-1.4643,50.674],[-1.4711,50.6749],[-1.4731,50.6754],[-1.4777,50.6759],[-1.4854,50.6755],[-1.4882,50.6758],[-1.4909,50.6758],[-1.4961,50.677],[-1.4964,50.6788],[-1.496,50.6801],[-1.496,50.6816],[-1.4943,50.6839],[-1.4934,50.6842],[-1.4924,50.6867],[-1.4907,50.6891],[-1.4865,50.6919],[-1.4854,50.6924],[-1.4836,50.6944],[-1.4829,50.6955],[-1.4824,50.6969],[-1.4818,50.6999],[-1.4824,50.7002],[-1.4831,50.7014],[-1.4852,50.7023],[-1.485,50.7039],[-1.4864,50.7053],[-1.4872,50.7065],[-1.485,50.7067],[-1.4827,50.7073],[-1.4806,50.7075],[-1.4773,50.7064],[-1.474,50.7058],[-1.4682,50.7042],[-1.4645,50.7041],[-1.4596,50.7044],[-1.4542,50.7044],[-1.4519,50.7039],[-1.4488,50.7035],[-1.4453,50.7027],[-1.4406,50.7015],[-1.4382,50.7013],[-1.4362,50.7009],[-1.4338,50.7008],[-1.4314,50.7004],[-1.4272,50.7012],[-1.4235,50.7017],[-1.4213,50.7018],[-1.4185,50.7017],[-1.4163,50.7018],[-1.4137,50.7016],[-1.4107,50.7011],[-1.4101,50.7011],[-1.4086,50.7046],[-1.4054,50.7065],[-1.4035,50.7082],[-1.4004,50.7081],[-1.3968,50.7074],[-1.395,50.7077],[-1.3933,50.7077],[-1.3917,50.7074],[-1.3899,50.708],[-1.3866,50.7089],[-1.3848,50.7097],[-1.3797,50.7107],[-1.3771,50.7108],[-1.3757,50.7112],[-1.3732,50.7124],[-1.3726,50.714],[-1.3726,50.7154],[-1.3722,50.7158],[-1.3707,50.7158],[-1.3697,50.7163],[-1.3696,50.7185],[-1.3694,50.7189],[-1.3672,50.7194],[-1.3658,50.7202],[-1.365,50.721],[-1.3638,50.7214],[-1.3616,50.7238],[-1.3602,50.7269],[-1.3585,50.7284],[-1.357,50.73],[-1.356,50.7307],[-1.3555,50.7327],[-1.3549,50.7328],[-1.3495,50.7349],[-1.3465,50.7368],[-1.3435,50.7395],[-1.3425,50.7412],[-1.3424,50.7446],[-1.3406,50.7454],[-1.3407,50.7462],[-1.3372,50.7486],[-1.3371,50.7492],[-1.3378,50.7504],[-1.3365,50.7505],[-1.3368,50.7518],[-1.3349,50.7519],[-1.3354,50.7542],[-1.3338,50.7548],[-1.3343,50.7558],[-1.3377,50.7553],[-1.3406,50.7533],[-1.3425,50.7527],[-1.3448,50.7509],[-1.3453,50.75],[-1.3451,50.7488],[-1.3456,50.7472],[-1.3468,50.745],[-1.3473,50.7434],[-1.3486,50.7419],[-1.3498,50.7411],[-1.3513,50.7407],[-1.3536,50.7389],[-1.359,50.7381],[-1.364,50.7379],[-1.3656,50.7372],[-1.3678,50.7368],[-1.3698,50.7361],[-1.3741,50.7351],[-1.3792,50.7341],[-1.3815,50.7328],[-1.3857,50.7323],[-1.3867,50.7319],[-1.3896,50.7316],[-1.3917,50.7306],[-1.3932,50.7303],[-1.3975,50.7289],[-1.4023,50.7282],[-1.4051,50.727],[-1.4099,50.7256],[-1.4098,50.7248],[-1.412,50.7245],[-1.4168,50.7252],[-1.4231,50.7265],[-1.4257,50.7267],[-1.427,50.7263],[-1.4295,50.726],[-1.4309,50.7252],[-1.436,50.7237],[-1.438,50.7233],[-1.4414,50.7224],[-1.4448,50.7203],[-1.4468,50.7196],[-1.4493,50.7193],[-1.4505,50.7185],[-1.4524,50.7179],[-1.4532,50.7173],[-1.455,50.7168],[-1.4573,50.7159],[-1.4596,50.7144],[-1.4647,50.7123],[-1.4697,50.7097],[-1.4709,50.7096],[-1.4718,50.7099],[-1.4742,50.7094],[-1.4751,50.709],[-1.4773,50.7086],[-1.4795,50.7085],[-1.4828,50.7076],[-1.4866,50.7067],[-1.4927,50.7066],[-1.4949,50.7068],[-1.4999,50.7067],[-1.505,50.7067],[-1.5065,50.7059],[-1.5075,50.7057],[-1.5097,50.706],[-1.51,50.7052],[-1.5121,50.7033],[-1.5114,50.703],[-1.5093,50.7031],[-1.5093,50.7014],[-1.5086,50.6996],[-1.509,50.6966],[-1.5101,50.6945],[-1.5085,50.6919],[-1.5085,50.6911],[-1.5103,50.6893],[-1.5105,50.6879],[-1.5106,50.6846],[-1.5138,50.6837],[-1.5157,50.6826],[-1.5161,50.682],[-1.5146,50.6813],[-1.5133,50.6799],[-1.5126,50.6786],[-1.5115,50.6774],[-1.5094,50.6763],[-1.5106,50.6758],[-1.5148,50.6745],[-1.5171,50.6731],[-1.5201,50.6751],[-1.5211,50.6755],[-1.5228,50.6758],[-1.527,50.676],[-1.5296,50.6754],[-1.5304,50.6739],[-1.5315,50.6734],[-1.535,50.6727],[-1.5379,50.6726],[-1.5409,50.6724],[-1.5425,50.6718],[-1.5432,50.672],[-1.5459,50.6716],[-1.5495,50.6705],[-1.555,50.6695],[-1.5528,50.6705],[-1.5501,50.6723],[-1.5492,50.6732],[-1.5494,50.6761],[-1.5482,50.6765],[-1.5475,50.6777],[-1.5469,50.6777],[-1.546,50.6792],[-1.5443,50.6813],[-1.5457,50.6808],[-1.5469,50.6793],[-1.5482,50.6783],[-1.5503,50.6774],[-1.5536,50.6773],[-1.5575,50.6762],[-1.5606,50.6762],[-1.5636,50.6755],[-1.5645,50.6751],[-1.5666,50.6745],[-1.5676,50.674],[-1.569,50.6738],[-1.5704,50.6727],[-1.5701,50.6708],[-1.5691,50.6672],[-1.5692,50.6657],[-1.5729,50.6645],[-1.5767,50.6638],[-1.5772,50.664],[-1.5822,50.6635],[-1.5863,50.6632],[-1.5828,50.6621],[-1.5791,50.6611],[-1.5793,50.6602],[-1.5739,50.6605],[-1.5698,50.6612],[-1.5691,50.6611],[-1.566,50.662],[-1.5639,50.6627],[-1.5606,50.6632],[-1.5543,50.6632],[-1.5505,50.6636],[-1.5494,50.6635],[-1.5453,50.6646],[-1.5412,50.6654],[-1.5393,50.6659],[-1.5366,50.6661],[-1.5337,50.6667],[-1.5288,50.6672],[-1.5271,50.6676],[-1.523,50.6679],[-1.5193,50.6679],[-1.5134,50.6683],[-1.5131,50.6692],[-1.5112,50.67],[-1.5093,50.6699],[-1.507,50.6687],[-1.5045,50.6684],[-1.502,50.6683],[-1.4972,50.6685],[-1.4915,50.6681],[-1.4876,50.6673],[-1.4844,50.6667],[-1.4819,50.6655],[-1.4767,50.6624],[-1.4733,50.66],[-1.4722,50.659],[-1.4674,50.6554],[-1.4667,50.6542],[-1.4647,50.6524],[-1.4628,50.6524],[-1.4588,50.6512],[-1.4568,50.6501],[-1.4544,50.6477],[-1.4527,50.6464],[-1.4484,50.644],[-1.4471,50.6435],[-1.4431,50.6424],[-1.4371,50.6413],[-1.4323,50.6402],[-1.4293,50.639],[-1.4256,50.6378],[-1.423,50.6374],[-1.4196,50.6365],[-1.4153,50.6359],[-1.4101,50.6349],[-1.4068,50.6336],[-1.4041,50.6323],[-1.3996,50.6305],[-1.3978,50.6295],[-1.3943,50.6285],[-1.3905,50.6276],[-1.3826,50.6237],[-1.38,50.6219],[-1.3768,50.6201],[-1.3752,50.619],[-1.3721,50.6174],[-1.366,50.6135],[-1.3635,50.6109],[-1.3619,50.6098],[-1.3609,50.6095],[-1.359,50.6094],[-1.3562,50.6089],[-1.3535,50.6082],[-1.3485,50.606],[-1.3434,50.604],[-1.339,50.6017],[-1.3343,50.5989],[-1.3324,50.5976],[-1.3278,50.595],[-1.3246,50.5928],[-1.3228,50.5918],[-1.3187,50.59],[-1.3164,50.5877],[-1.3158,50.5875],[-1.3142,50.5857],[-1.3119,50.5839],[-1.3114,50.5832],[-1.3085,50.5806],[-1.3083,50.5795],[-1.3086,50.5786],[-1.3078,50.5773],[-1.3044,50.577],[-1.3041,50.5762],[-1.3019,50.5755],[-1.2991,50.575],[-1.2949,50.575],[-1.2934,50.5753],[-1.2916,50.5755],[-1.2892,50.5764],[-1.2881,50.5765],[-1.2869,50.5775],[-1.2854,50.5777],[-1.2833,50.5773],[-1.2811,50.5771],[-1.2795,50.5776],[-1.2777,50.5788],[-1.2738,50.5792],[-1.2709,50.5798],[-1.268,50.5796],[-1.2634,50.5801],[-1.2599,50.5794],[-1.256,50.58],[-1.2512,50.5811],[-1.2502,50.5809],[-1.2478,50.5817],[-1.247,50.5823],[-1.2447,50.5822],[-1.2417,50.583],[-1.2402,50.5843],[-1.2372,50.5852],[-1.2352,50.5862],[-1.2333,50.5861],[-1.232,50.5869],[-1.2291,50.5871],[-1.2263,50.5883],[-1.2239,50.5888],[-1.2226,50.5887],[-1.2213,50.5894],[-1.2189,50.5901],[-1.2204,50.5905],[-1.221,50.5901],[-1.2225,50.5907],[-1.2244,50.5905],[-1.2282,50.5898],[-1.2309,50.5897],[-1.2373,50.5881],[-1.2439,50.5859],[-1.2472,50.5853],[-1.2485,50.585],[-1.2501,50.5849],[-1.2521,50.5854],[-1.2516,50.5861],[-1.2469,50.5876],[-1.2463,50.588],[-1.2422,50.5891],[-1.2413,50.5896],[-1.2358,50.5915],[-1.2306,50.5922],[-1.2301,50.5933],[-1.2285,50.5936],[-1.2275,50.5934],[-1.2254,50.5939],[-1.2238,50.594],[-1.2207,50.5944],[-1.2181,50.5951],[-1.2181,50.5954],[-1.2155,50.5961],[-1.2157,50.5972],[-1.2175,50.5966],[-1.2197,50.599],[-1.2205,50.5992],[-1.2221,50.6006],[-1.2213,50.6016],[-1.2203,50.6036],[-1.2174,50.6025],[-1.2166,50.602],[-1.2156,50.6002],[-1.2146,50.5991],[-1.213,50.5982],[-1.2112,50.5963],[-1.21,50.5966],[-1.2099,50.5973],[-1.2085,50.599],[-1.2072,50.5988],[-1.2073,50.5979],[-1.2067,50.5976],[-1.2024,50.5979],[-1.1982,50.5985],[-1.1965,50.5996],[-1.1964,50.6001],[-1.195,50.6003],[-1.1928,50.6009],[-1.1927,50.6012],[-1.1906,50.6018],[-1.19,50.6015],[-1.1881,50.6023],[-1.1853,50.6031],[-1.1831,50.6039],[-1.1816,50.6051],[-1.1812,50.6067],[-1.1752,50.6069],[-1.1757,50.6086],[-1.1769,50.6101],[-1.177,50.6109],[-1.1759,50.6122],[-1.173,50.6146],[-1.1725,50.6154],[-1.1731,50.6175],[-1.1733,50.6187],[-1.1786,50.6203],[-1.185,50.6225],[-1.1861,50.6239],[-1.1865,50.6251],[-1.188,50.626],[-1.1909,50.6259],[-1.1924,50.6256],[-1.1958,50.626],[-1.1951,50.6276],[-1.197,50.6283],[-1.1971,50.6295],[-1.2007,50.6293],[-1.2085,50.6297],[-1.2139,50.6293],[-1.2165,50.6285],[-1.2195,50.627],[-1.2214,50.6258],[-1.223,50.6244],[-1.2241,50.6222],[-1.2243,50.6215],[-1.224,50.6196],[-1.2233,50.618],[-1.2216,50.6155],[-1.219,50.6136],[-1.2169,50.6125],[-1.2176,50.6123],[-1.2194,50.6131],[-1.2229,50.612],[-1.2238,50.6121],[-1.2244,50.6109],[-1.2259,50.6112],[-1.2254,50.6122],[-1.2275,50.6125],[-1.231,50.6109],[-1.2321,50.6136],[-1.232,50.6145],[-1.2326,50.6178],[-1.2337,50.6183],[-1.2308,50.619],[-1.2281,50.6191],[-1.2285,50.6219],[-1.23,50.6228],[-1.2308,50.6241],[-1.2335,50.6265],[-1.2351,50.6284],[-1.2357,50.6296],[-1.2357,50.6316],[-1.2359,50.6333],[-1.2384,50.6341],[-1.2443,50.633],[-1.2455,50.6325],[-1.2485,50.6326],[-1.2517,50.6322],[-1.2546,50.633],[-1.2548,50.6339],[-1.2558,50.6346],[-1.2569,50.6341],[-1.2565,50.6332],[-1.2568,50.6318],[-1.2579,50.6288],[-1.2575,50.6262],[-1.2574,50.6244],[-1.2579,50.6228],[-1.2578,50.6211],[-1.2584,50.6209],[-1.2597,50.6175],[-1.2627,50.6171],[-1.2647,50.6173],[-1.2647,50.6147],[-1.2654,50.6129],[-1.267,50.612],[-1.2686,50.6101],[-1.2683,50.6091],[-1.2673,50.6078],[-1.2649,50.6038],[-1.2632,50.6018],[-1.2628,50.6009],[-1.2613,50.5994],[-1.2605,50.5974],[-1.2617,50.5974],[-1.2633,50.5966],[-1.2674,50.5953],[-1.2686,50.5947],[-1.2706,50.5932],[-1.2718,50.5913],[-1.2748,50.5899],[-1.2757,50.5893],[-1.2775,50.5891],[-1.2809,50.5878],[-1.282,50.5868],[-1.2836,50.5845],[-1.2858,50.5831],[-1.287,50.5832],[-1.2865,50.5849],[-1.285,50.5868],[-1.2848,50.5875],[-1.2871,50.5882],[-1.2893,50.5897],[-1.2872,50.5911],[-1.288,50.5922],[-1.2868,50.5929],[-1.2858,50.594],[-1.288,50.5945],[-1.288,50.5957],[-1.2843,50.5957],[-1.2828,50.5962],[-1.282,50.597],[-1.2798,50.5966],[-1.2789,50.5995],[-1.2803,50.6007],[-1.2792,50.6023],[-1.2795,50.6044],[-1.2793,50.6061],[-1.2788,50.608],[-1.2789,50.6096],[-1.2794,50.6105],[-1.2808,50.6109],[-1.282,50.6124],[-1.2827,50.6141],[-1.2817,50.6164],[-1.2823,50.6181],[-1.2827,50.6221],[-1.2834,50.6237],[-1.2795,50.6268],[-1.279,50.628],[-1.2782,50.6286],[-1.2797,50.6335],[-1.2794,50.6349],[-1.2798,50.6378],[-1.2788,50.6412],[-1.279,50.6445],[-1.2796,50.646],[-1.2809,50.6483],[-1.2816,50.649],[-1.2812,50.6497],[-1.2831,50.6527],[-1.2838,50.655],[-1.2876,50.657],[-1.2912,50.6586],[-1.2919,50.659],[-1.294,50.6594],[-1.2954,50.6594],[-1.298,50.659],[-1.301,50.659],[-1.3006,50.66],[-1.2988,50.6633],[-1.2996,50.6652],[-1.3013,50.6672],[-1.3029,50.6696],[-1.3022,50.6723],[-1.3011,50.6735],[-1.2985,50.6738],[-1.2955,50.6744],[-1.2933,50.674],[-1.2924,50.6741],[-1.2894,50.6748],[-1.2901,50.6765],[-1.2931,50.6795],[-1.295,50.682],[-1.2967,50.6828],[-1.2989,50.6832],[-1.3005,50.6839],[-1.3012,50.6848],[-1.3045,50.686],[-1.3076,50.6855],[-1.3084,50.6859],[-1.3087,50.6869],[-1.3084,50.6887],[-1.3084,50.6906],[-1.3109,50.6915],[-1.3155,50.6918],[-1.3183,50.6912]]],[[[-1.2576,50.6771],[-1.255,50.677],[-1.2537,50.6776],[-1.2501,50.6771],[-1.2455,50.6771],[-1.2439,50.6765],[-1.2386,50.6758],[-1.2367,50.6753],[-1.2329,50.6742],[-1.2274,50.6739],[-1.2273,50.6733],[-1.2235,50.6733],[-1.2205,50.6739],[-1.2177,50.674],[-1.2152,50.6745],[-1.2147,50.6749],[-1.2119,50.6759],[-1.2067,50.67],[-1.2038,50.6696],[-1.2031,50.6688],[-1.2004,50.6646],[-1.1994,50.6634],[-1.1986,50.663],[-1.1976,50.6613],[-1.1952,50.6592],[-1.1961,50.6585],[-1.1979,50.6579],[-1.1988,50.6564],[-1.1974,50.6536],[-1.195,50.6531],[-1.1931,50.653],[-1.192,50.6562],[-1.1918,50.6575],[-1.1883,50.6573],[-1.1825,50.6581],[-1.1795,50.6589],[-1.1754,50.6603],[-1.1737,50.6612],[-1.1733,50.662],[-1.1716,50.6618],[-1.1689,50.6617],[-1.169,50.661],[-1.1679,50.6607],[-1.1659,50.6611],[-1.1662,50.6623],[-1.1672,50.6623],[-1.1669,50.6632],[-1.1679,50.6641],[-1.1627,50.6664],[-1.1595,50.6677],[-1.1568,50.6682],[-1.1539,50.668],[-1.1502,50.6669],[-1.142,50.6684],[-1.1405,50.6685],[-1.1376,50.6674],[-1.1363,50.6657],[-1.136,50.6613],[-1.1355,50.6612],[-1.1317,50.6623],[-1.1254,50.6638],[-1.1218,50.6645],[-1.1145,50.6656],[-1.1119,50.6658],[-1.1073,50.6654],[-1.1068,50.6652],[-1.1031,50.665],[-1.102,50.6651],[-1.099,50.665],[-1.097,50.6661],[-1.0954,50.6673],[-1.0972,50.6682],[-1.0973,50.6693],[-1.0968,50.6702],[-1.0955,50.6713],[-1.0935,50.6726],[-1.0917,50.6734],[-1.0877,50.6746],[-1.0863,50.6758],[-1.0858,50.6767],[-1.0835,50.678],[-1.0821,50.6783],[-1.0785,50.6801],[-1.0757,50.6811],[-1.0735,50.6814],[-1.0705,50.6834],[-1.0699,50.6839],[-1.0698,50.6852],[-1.0706,50.6858],[-1.0742,50.6845],[-1.078,50.6836],[-1.081,50.6825],[-1.0862,50.6799],[-1.0872,50.6796],[-1.0879,50.68],[-1.089,50.6792],[-1.091,50.6787],[-1.0933,50.6776],[-1.0959,50.6771],[-1.0982,50.676],[-1.1007,50.6758],[-1.1015,50.6754],[-1.1027,50.6741],[-1.1044,50.6747],[-1.1046,50.6753],[-1.1059,50.6757],[-1.1093,50.6758],[-1.1138,50.6765],[-1.1154,50.6765],[-1.1168,50.6756],[-1.12,50.6767],[-1.1227,50.6768],[-1.1255,50.6766],[-1.1265,50.6759],[-1.1278,50.6757],[-1.1316,50.674],[-1.1327,50.6741],[-1.1399,50.6759],[-1.1411,50.6763],[-1.1423,50.6756],[-1.1429,50.6749],[-1.1428,50.6735],[-1.1449,50.6735],[-1.1459,50.6738],[-1.1461,50.6744],[-1.1453,50.6756],[-1.1472,50.6761],[-1.152,50.6797],[-1.1491,50.6835],[-1.1499,50.6849],[-1.1526,50.6865],[-1.1546,50.6885],[-1.1565,50.6891],[-1.16,50.6905],[-1.1619,50.6911],[-1.165,50.6916],[-1.1678,50.6913],[-1.1694,50.6916],[-1.1731,50.6924],[-1.1763,50.6921],[-1.1779,50.6922],[-1.179,50.6937],[-1.1829,50.696],[-1.1843,50.6965],[-1.1876,50.6969],[-1.1899,50.6975],[-1.1954,50.6999],[-1.1989,50.7009],[-1.2064,50.7027],[-1.2109,50.704],[-1.2127,50.7063],[-1.2147,50.7073],[-1.2153,50.7088],[-1.2169,50.7095],[-1.2169,50.7114],[-1.2154,50.7117],[-1.2102,50.7133],[-1.209,50.7132],[-1.208,50.7149],[-1.2084,50.7156],[-1.2108,50.7168],[-1.2116,50.7177],[-1.2112,50.7192],[-1.2126,50.72],[-1.2145,50.7205],[-1.2158,50.7204],[-1.2169,50.7209],[-1.2174,50.7215],[-1.219,50.7222],[-1.222,50.7243],[-1.2227,50.7251],[-1.2242,50.7245],[-1.2272,50.7248],[-1.2287,50.7235],[-1.2294,50.7215],[-1.2307,50.7204],[-1.23,50.7189],[-1.2292,50.7181],[-1.2319,50.7147],[-1.2307,50.7142],[-1.2311,50.7125],[-1.2305,50.7117],[-1.2307,50.7109],[-1.2321,50.7106],[-1.2327,50.7095],[-1.2317,50.7089],[-1.2323,50.7075],[-1.2358,50.7068],[-1.2389,50.7056],[-1.2437,50.7051],[-1.2425,50.7017],[-1.2408,50.6979],[-1.2412,50.6976],[-1.2506,50.6904],[-1.254,50.6917],[-1.2562,50.6924],[-1.2568,50.692],[-1.2625,50.6902],[-1.266,50.6883],[-1.2685,50.6882],[-1.2702,50.6886],[-1.2727,50.6887],[-1.2752,50.689],[-1.2767,50.6888],[-1.2816,50.6886],[-1.2844,50.6884],[-1.2842,50.6869],[-1.2823,50.6859],[-1.2794,50.6834],[-1.279,50.6825],[-1.2795,50.6811],[-1.2786,50.6794],[-1.2751,50.6783],[-1.2742,50.6778],[-1.27,50.6764],[-1.2684,50.6763],[-1.2652,50.6766],[-1.2605,50.6765],[-1.2576,50.6771]]],[[[-1.2171,50.737],[-1.2142,50.7366],[-1.2134,50.7375],[-1.2139,50.7381],[-1.216,50.7387],[-1.2168,50.7386],[-1.221,50.7392],[-1.2291,50.7424],[-1.2317,50.743],[-1.2362,50.7435],[-1.2376,50.7435],[-1.2384,50.7426],[-1.2398,50.7417],[-1.2403,50.7422],[-1.2393,50.7436],[-1.24,50.7438],[-1.242,50.7462],[-1.2438,50.7476],[-1.2464,50.7497],[-1.2471,50.7512],[-1.2484,50.7522],[-1.2553,50.7541],[-1.2566,50.7551],[-1.2588,50.7578],[-1.26,50.7597],[-1.2617,50.7607],[-1.2649,50.762],[-1.267,50.7635],[-1.2695,50.7647],[-1.2724,50.7658],[-1.2762,50.7663],[-1.2773,50.7663],[-1.277,50.7641],[-1.2772,50.7589],[-1.2766,50.7576],[-1.2744,50.7574],[-1.2747,50.7563],[-1.2776,50.7544],[-1.2761,50.75],[-1.2756,50.7475],[-1.274,50.7451],[-1.2725,50.744],[-1.2672,50.7468],[-1.2657,50.7472],[-1.2646,50.7457],[-1.2619,50.7448],[-1.2618,50.743],[-1.2604,50.7406],[-1.2581,50.741],[-1.2548,50.7405],[-1.2506,50.7395],[-1.2476,50.7385],[-1.2423,50.7386],[-1.2404,50.7391],[-1.2351,50.7406],[-1.234,50.7408],[-1.2307,50.7404],[-1.2285,50.7388],[-1.2275,50.7385],[-1.2262,50.7377],[-1.2227,50.7367],[-1.2171,50.737]]],[[[-1.2018,50.7276],[-1.1963,50.7275],[-1.1958,50.7309],[-1.1937,50.7309],[-1.193,50.7311],[-1.185,50.7311],[-1.183,50.7309],[-1.1826,50.7333],[-1.1837,50.733],[-1.186,50.7335],[-1.1878,50.7333],[-1.19,50.7329],[-1.1931,50.7327],[-1.1949,50.7329],[-1.1974,50.7337],[-1.2004,50.7341],[-1.2026,50.7342],[-1.2071,50.7348],[-1.211,50.7348],[-1.2118,50.7341],[-1.2076,50.732],[-1.2077,50.7304],[-1.2039,50.7298],[-1.2043,50.7287],[-1.204,50.7277],[-1.2018,50.7276]]]]},"properties":{"name":"Isle Of Wight","kind":"national_landscape"},"id":18},
{"type":"Feature","geometry":{"type":"MultiPolygon","coordinates":[[[[-3.2653,54.943],[-3.2719,54.9421],[-3.2738,54.9421],[-3.2799,54.9425],[-3.2831,54.9422],[-3.2848,54.9417],[-3.2872,54.9404],[-3.2903,54.9382],[-3.2918,54.937],[-3.2941,54.9346],[-3.2974,54.9308],[-3.299,54.9292],[-3.3009,54.9287],[-3.3039,54.9271],[-3.307,54.9241],[-3.3108,54.9215],[-3.313,54.9195],[-3.3139,54.9182],[-3.3143,54.9161],[-3.314,54.9153],[-3.3124,54.914],[-3.3094,54.9121],[-3.3073,54.9113],[-3.3032,54.9092],[-3.3018,54.9092],[-3.3012,54.9098],[-3.299,54.9081],[-3.297,54.9073],[-3.2924,54.9066],[-3.2916,54.9062],[-3.2884,54.9059],[-3.2858,54.9048],[-3.2813,54.9033],[-3.2801,54.903],[-3.2774,54.9032],[-3.2749,54.9031],[-3.2695,54.9039],[-3.2663,54.9053],[-3.2648,54.9062],[-3.2609,54.9103],[-3.2595,54.9112],[-3.257,54.9119],[-3.253,54.9126],[-3.2515,54.913],[-3.2507,54.9118],[-3.2542,54.9109],[-3.2555,54.9097],[-3.2555,54.9085],[-3.2548,54.9052],[-3.254,54.9043],[-3.2517,54.9048],[-3.2505,54.9042],[-3.2507,54.9031],[-3.2525,54.9026],[-3.2554,54.9011],[-3.2558,54.8995],[-3.2569,54.8988],[-3.2568,54.8981],[-3.2609,54.8954],[-3.2646,54.8921],[-3.2659,54.8916],[-3.2675,54.8919],[-3.2697,54.8907],[-3.2723,54.8911],[-3.2745,54.8909],[-3.2753,54.8919],[-3.2762,54.8921],[-3.2787,54.8921],[-3.2815,54.8925],[-3.283,54.8931],[-3.2865,54.8931],[-3.2881,54.8925],[-3.2888,54.891],[-3.2877,54.8902],[-3.287,54.8892],[-3.2861,54.887],[-3.286,54.8846],[-3.2844,54.8829],[-3.2842,54.8816],[-3.2836,54.8803],[-3.2812,54.8784],[-3.2802,54.8767],[-3.28,54.8757],[-3.2803,54.8736],[-3.2839,54.8688],[-3.2845,54.8672],[-3.2843,54.8657],[-3.2835,54.8644],[-3.2811,54.8639],[-3.2806,54.8628],[-3.2825,54.8626],[-3.284,54.8636],[-3.2851,54.8647],[-3.2858,54.8682],[-3.285,54.8701],[-3.2817,54.8738],[-3.2817,54.8751],[-3.2823,54.8762],[-3.2855,54.8782],[-3.2875,54.879],[-3.2896,54.8802],[-3.2903,54.8796],[-3.293,54.879],[-3.2952,54.8786],[-3.2961,54.8798],[-3.2968,54.8818],[-3.298,54.8829],[-3.2995,54.8838],[-3.3027,54.8854],[-3.3078,54.8864],[-3.309,54.8875],[-3.3111,54.8882],[-3.3146,54.8884],[-3.3155,54.8888],[-3.318,54.8891],[-3.3208,54.8897],[-3.3225,54.8897],[-3.3243,54.8905],[-3.3259,54.8906],[-3.3282,54.8916],[-3.3325,54.8915],[-3.3355,54.8924],[-3.3372,54.8934],[-3.3382,54.8943],[-3.3398,54.8963],[-3.3411,54.8961],[-3.3429,54.8952],[-3.3453,54.8947],[-3.3461,54.8952],[-3.3431,54.8963],[-3.3419,54.8969],[-3.3393,54.8975],[-3.3363,54.8982],[-3.335,54.8988],[-3.3357,54.8995],[-3.3386,54.9002],[-3.3411,54.8994],[-3.3434,54.899],[-3.345,54.899],[-3.3489,54.8981],[-3.355,54.8959],[-3.358,54.8947],[-3.3615,54.8937],[-3.3644,54.8925],[-3.3645,54.8921],[-3.3626,54.8906],[-3.3619,54.8907],[-3.3598,54.8878],[-3.3607,54.885],[-3.3622,54.8844],[-3.3528,54.8801],[-3.3516,54.8807],[-3.3522,54.8779],[-3.3514,54.8749],[-3.35,54.8716],[-3.3541,54.8698],[-3.3518,54.8682],[-3.3473,54.8699],[-3.3444,54.8708],[-3.3418,54.8711],[-3.3393,54.8719],[-3.3352,54.8717],[-3.3271,54.8649],[-3.3251,54.8624],[-3.3186,54.8556],[-3.3159,54.8526],[-3.3151,54.852],[-3.3051,54.8454],[-3.2925,54.8455],[-3.2897,54.8456],[-3.2875,54.846],[-3.2842,54.8471],[-3.2816,54.8488],[-3.2775,54.8542],[-3.276,54.8561],[-3.2727,54.8604],[-3.2695,54.8636],[-3.2668,54.8656],[-3.2637,54.8674],[-3.2451,54.8766],[-3.233,54.8835],[-3.2305,54.8848],[-3.2293,54.8857],[-3.2266,54.8872],[-3.2249,54.8879],[-3.2171,54.8919],[-3.2162,54.8926],[-3.2059,54.8979],[-3.2061,54.8982],[-3.2033,54.8996],[-3.2032,54.9],[-3.2006,54.9007],[-3.1949,54.9036],[-3.185,54.9087],[-3.1866,54.9104],[-3.1898,54.9109],[-3.1907,54.9115],[-3.1943,54.913],[-3.1966,54.9129],[-3.1993,54.9139],[-3.198,54.9154],[-3.1989,54.9164],[-3.1983,54.9172],[-3.1887,54.9217],[-3.1867,54.9229],[-3.184,54.9233],[-3.1809,54.9242],[-3.1801,54.9247],[-3.1791,54.9263],[-3.178,54.9271],[-3.1698,54.9324],[-3.1669,54.9304],[-3.1657,54.9265],[-3.1643,54.9244],[-3.1613,54.9238],[-3.1574,54.9224],[-3.1467,54.9262],[-3.1436,54.9266],[-3.1434,54.9252],[-3.1343,54.9232],[-3.1313,54.9222],[-3.1308,54.923],[-3.1294,54.9237],[-3.1268,54.924],[-3.1245,54.9239],[-3.1215,54.9217],[-3.1184,54.9207],[-3.1168,54.9206],[-3.115,54.9214],[-3.1136,54.921],[-3.1111,54.9208],[-3.1081,54.9209],[-3.106,54.9201],[-3.1049,54.92],[-3.1016,54.9206],[-3.0996,54.9215],[-3.0974,54.9214],[-3.093,54.923],[-3.0857,54.9225],[-3.0827,54.9224],[-3.082,54.9221],[-3.0783,54.9216],[-3.0772,54.9218],[-3.0751,54.9214],[-3.0715,54.9211],[-3.0687,54.9207],[-3.0656,54.9206],[-3.0626,54.92],[-3.0603,54.9199],[-3.0585,54.9201],[-3.0539,54.9211],[-3.0519,54.9214],[-3.0486,54.9214],[-3.0461,54.9215],[-3.0424,54.9208],[-3.0402,54.9208],[-3.0371,54.9213],[-3.0322,54.9211],[-3.0292,54.9219],[-3.0269,54.9219],[-3.0238,54.9214],[-3.0174,54.9191],[-3.0165,54.9197],[-3.0155,54.9211],[-3.0155,54.9224],[-3.0137,54.9232],[-3.0143,54.925],[-3.0137,54.9262],[-3.0108,54.9283],[-3.0055,54.9315],[-3.0034,54.9331],[-3.0034,54.9344],[-3.002,54.9345],[-3.0014,54.9366],[-3.0018,54.938],[-3.0031,54.94],[-3.0049,54.9415],[-3.006,54.943],[-3.007,54.9456],[-3.0089,54.9468],[-3.0119,54.9473],[-3.0114,54.9491],[-3.0121,54.9499],[-3.0132,54.9502],[-3.0155,54.95],[-3.0196,54.9527],[-3.0229,54.9546],[-3.0267,54.9561],[-3.0275,54.9566],[-3.028,54.9603],[-3.0313,54.9633],[-3.0315,54.9637],[-3.0238,54.9667],[-3.024,54.9672],[-3.0233,54.9682],[-3.0224,54.9686],[-3.0207,54.9701],[-3.0179,54.9714],[-3.0141,54.9722],[-3.0155,54.9734],[-3.0205,54.972],[-3.0237,54.9713],[-3.0276,54.9704],[-3.0292,54.9704],[-3.0302,54.9707],[-3.0317,54.9706],[-3.0343,54.9694],[-3.0363,54.969],[-3.0363,54.9684],[-3.0398,54.9685],[-3.0416,54.9695],[-3.0415,54.9704],[-3.0407,54.9726],[-3.0395,54.9727],[-3.0386,54.9734],[-3.0389,54.9747],[-3.0411,54.9765],[-3.0429,54.9772],[-3.0439,54.9772],[-3.0434,54.9752],[-3.0448,54.9754],[-3.0479,54.9766],[-3.05,54.9777],[-3.0532,54.98],[-3.0557,54.9822],[-3.0572,54.983],[-3.0595,54.9829],[-3.0606,54.9826],[-3.0648,54.9797],[-3.0675,54.9765],[-3.0675,54.9759],[-3.0684,54.9749],[-3.0721,54.9747],[-3.0761,54.9719],[-3.0789,54.9704],[-3.0813,54.9698],[-3.0845,54.9696],[-3.087,54.9702],[-3.0895,54.9705],[-3.091,54.971],[-3.0919,54.9705],[-3.1028,54.9715],[-3.1039,54.9714],[-3.1068,54.9698],[-3.1082,54.9687],[-3.1088,54.968],[-3.1082,54.9675],[-3.1057,54.9667],[-3.1036,54.9665],[-3.0989,54.9663],[-3.0999,54.9659],[-3.104,54.9655],[-3.1082,54.9655],[-3.1077,54.9647],[-3.1104,54.965],[-3.112,54.9644],[-3.1142,54.9627],[-3.1162,54.9607],[-3.1178,54.9582],[-3.116,54.9569],[-3.1139,54.9563],[-3.1124,54.9561],[-3.1119,54.9555],[-3.1075,54.9557],[-3.1063,54.9551],[-3.1082,54.9549],[-3.1113,54.954],[-3.1107,54.9527],[-3.1131,54.9535],[-3.1128,54.9524],[-3.1104,54.9511],[-3.1111,54.9504],[-3.1133,54.9512],[-3.1157,54.9523],[-3.1163,54.9521],[-3.1163,54.9505],[-3.1167,54.9503],[-3.116,54.9484],[-3.1201,54.9516],[-3.1212,54.9519],[-3.1225,54.9518],[-3.1257,54.9507],[-3.1259,54.9501],[-3.1286,54.9493],[-3.1294,54.9486],[-3.1294,54.9477],[-3.1311,54.9476],[-3.1316,54.9461],[-3.128,54.942],[-3.1252,54.9396],[-3.1237,54.9393],[-3.1196,54.9396],[-3.1169,54.9396],[-3.1133,54.9387],[-3.1121,54.9378],[-3.1108,54.9374],[-3.1086,54.9374],[-3.1051,54.9378],[-3.1033,54.9386],[-3.1007,54.9393],[-3.0993,54.9392],[-3.0977,54.9396],[-3.0953,54.9397],[-3.0938,54.9388],[-3.0892,54.9388],[-3.0862,54.9393],[-3.0821,54.9402],[-3.0776,54.9433],[-3.0767,54.9442],[-3.0752,54.9439],[-3.0739,54.9447],[-3.0726,54.9463],[-3.0718,54.9463],[-3.0711,54.9472],[-3.0691,54.9481],[-3.0684,54.9494],[-3.069,54.9502],[-3.0719,54.9502],[-3.0725,54.9506],[-3.0689,54.9506],[-3.0669,54.9493],[-3.066,54.9499],[-3.0648,54.9493],[-3.0622,54.95],[-3.0612,54.9505],[-3.0574,54.9511],[-3.0556,54.9511],[-3.0557,54.9504],[-3.0518,54.9507],[-3.0476,54.9508],[-3.0456,54.9489],[-3.0424,54.9469],[-3.0412,54.9466],[-3.0419,54.9449],[-3.046,54.9456],[-3.0473,54.9456],[-3.0491,54.946],[-3.0514,54.946],[-3.0544,54.9456],[-3.0581,54.9453],[-3.0624,54.9457],[-3.0641,54.946],[-3.0652,54.9443],[-3.0655,54.9433],[-3.0683,54.9405],[-3.0702,54.9392],[-3.0738,54.9376],[-3.0785,54.9363],[-3.0886,54.9341],[-3.0937,54.9329],[-3.099,54.932],[-3.1013,54.9318],[-3.1069,54.9312],[-3.1083,54.9314],[-3.1132,54.931],[-3.1159,54.931],[-3.1246,54.9314],[-3.1278,54.9316],[-3.1329,54.9316],[-3.1465,54.9329],[-3.1488,54.9329],[-3.1503,54.9339],[-3.154,54.9354],[-3.1559,54.937],[-3.1571,54.9378],[-3.1628,54.939],[-3.1647,54.9396],[-3.1697,54.9407],[-3.1708,54.9408],[-3.1755,54.9415],[-3.1769,54.9419],[-3.1797,54.9432],[-3.1826,54.9453],[-3.1841,54.9469],[-3.1847,54.9483],[-3.1858,54.9492],[-3.1859,54.9499],[-3.1877,54.9506],[-3.1904,54.9511],[-3.1958,54.9518],[-3.1995,54.9525],[-3.2018,54.9534],[-3.2046,54.9539],[-3.2114,54.9545],[-3.2154,54.9539],[-3.2202,54.9528],[-3.2218,54.9526],[-3.227,54.9525],[-3.2281,54.9522],[-3.2308,54.9523],[-3.2317,54.9519],[-3.2341,54.95],[-3.235,54.9498],[-3.238,54.948],[-3.2409,54.9472],[-3.2431,54.9464],[-3.2456,54.9452],[-3.2479,54.9444],[-3.2501,54.944],[-3.254,54.9439],[-3.2567,54.9434],[-3.2583,54.9434],[-3.26,54.9432],[-3.2634,54.9432],[-3.2653,54.943]]],[[[-3.4959,54.7209],[-3.4935,54.7197],[-3.4913,54.7213],[-3.4859,54.719],[-3.4828,54.7198],[-3.4816,54.7206],[-3.4793,54.7234],[-3.4778,54.726],[-3.4749,54.7252],[-3.4678,54.7272],[-3.4598,54.7292],[-3.4586,54.7301],[-3.4574,54.7305],[-3.4562,54.7304],[-3.4439,54.7329],[-3.4458,54.7348],[-3.4462,54.7366],[-3.4417,54.7382],[-3.4408,54.7388],[-3.4378,54.7399],[-3.4363,54.7406],[-3.436,54.7412],[-3.4327,54.7433],[-3.4284,54.7451],[-3.4269,54.7462],[-3.4228,54.7482],[-3.4239,54.7497],[-3.4211,54.7517],[-3.4202,54.7511],[-3.4191,54.7518],[-3.4216,54.7533],[-3.4236,54.7546],[-3.4235,54.7557],[-3.4188,54.7582],[-3.4193,54.7588],[-3.4161,54.76],[-3.4131,54.7597],[-3.4126,54.7614],[-3.4088,54.764],[-3.4083,54.7654],[-3.4104,54.7682],[-3.4105,54.7687],[-3.4131,54.7685],[-3.4149,54.7693],[-3.4167,54.7703],[-3.4184,54.7708],[-3.4163,54.7727],[-3.415,54.7727],[-3.4078,54.7799],[-3.4089,54.7808],[-3.4107,54.7806],[-3.4097,54.7825],[-3.4096,54.7842],[-3.416,54.7853],[-3.4153,54.787],[-3.4169,54.787],[-3.4179,54.7874],[-3.4203,54.7872],[-3.4216,54.7875],[-3.421,54.7889],[-3.4203,54.7894],[-3.4156,54.7911],[-3.4126,54.7921],[-3.416,54.7942],[-3.419,54.7932],[-3.4207,54.7931],[-3.4209,54.794],[-3.4196,54.7948],[-3.4173,54.7966],[-3.4211,54.7997],[-3.4162,54.8033],[-3.413,54.8039],[-3.4117,54.804],[-3.4086,54.8048],[-3.4071,54.8055],[-3.4045,54.8064],[-3.4021,54.8077],[-3.4015,54.8072],[-3.3994,54.8079],[-3.397,54.8094],[-3.398,54.8105],[-3.4015,54.8113],[-3.4031,54.8112],[-3.4054,54.8128],[-3.4074,54.8136],[-3.4105,54.8163],[-3.4107,54.8173],[-3.4116,54.8174],[-3.4101,54.8202],[-3.411,54.8211],[-3.4119,54.8235],[-3.4117,54.8253],[-3.4105,54.8269],[-3.4078,54.8286],[-3.4081,54.8292],[-3.4033,54.8299],[-3.4023,54.8308],[-3.4026,54.8317],[-3.4042,54.8344],[-3.4068,54.8355],[-3.4068,54.8363],[-3.4056,54.8385],[-3.4064,54.8392],[-3.4033,54.842],[-3.4029,54.8428],[-3.4005,54.8444],[-3.3992,54.8451],[-3.3944,54.8461],[-3.3937,54.8458],[-3.3927,54.8467],[-3.3929,54.8484],[-3.3924,54.8496],[-3.3974,54.8504],[-3.4057,54.8514],[-3.408,54.8458],[-3.4096,54.8412],[-3.4107,54.839],[-3.4117,54.8379],[-3.4146,54.8342],[-3.4182,54.8303],[-3.4197,54.828],[-3.423,54.8237],[-3.4249,54.8207],[-3.4268,54.8185],[-3.4278,54.8169],[-3.4299,54.8126],[-3.4311,54.8104],[-3.4327,54.8082],[-3.4356,54.805],[-3.4378,54.8019],[-3.4384,54.7997],[-3.4376,54.7956],[-3.4356,54.7916],[-3.4351,54.7902],[-3.4333,54.7871],[-3.4314,54.7813],[-3.4313,54.7794],[-3.4319,54.7748],[-3.4319,54.7729],[-3.4322,54.7706],[-3.4331,54.7671],[-3.4339,54.7645],[-3.4347,54.7633],[-3.4353,54.7615],[-3.4362,54.7599],[-3.439,54.7563],[-3.4411,54.7547],[-3.4483,54.7505],[-3.4517,54.7481],[-3.4562,54.7441],[-3.459,54.7419],[-3.4632,54.7393],[-3.4667,54.7379],[-3.4701,54.7369],[-3.4719,54.7362],[-3.475,54.7346],[-3.4805,54.7316],[-3.4835,54.7307],[-3.4852,54.7297],[-3.489,54.7282],[-3.4904,54.7278],[-3.4958,54.7243],[-3.4969,54.7224],[-3.4952,54.7219],[-3.4959,54.7209]]]]},"properties":{"name":"Solway Coast","kind":"national_landscape"},"id":19},
{"type":"Feature","geometry":{"type":"MultiPolygon","coordinates":[[[[1.3426,51.1269],[1.3429,51.125],[1.3431,51.122],[1.3434,51.1219],[1.3426,51.1305],[1.3429,51.131],[1.3443,51.1316],[1.3463,51.1322],[1.3485,51.1331],[1.3537,51.1336],[1.3553,51.1344],[1.3591,51.1348],[1.3616,51.1356],[1.364,51.1359],[1.3665,51.1367],[1.3708,51.1383],[1.3748,51.1401],[1.3766,51.1406],[1.3797,51.1423],[1.3806,51.1436],[1.3821,51.1442],[1.3825,51.1452],[1.3834,51.1461],[1.3845,51.1485],[1.3843,51.1493],[1.3827,51.1496],[1.3811,51.1489],[1.3816,51.1485],[1.3806,51.1476],[1.3791,51.147],[1.3777,51.146],[1.3769,51.145],[1.3755,51.1454],[1.374,51.1463],[1.3722,51.1478],[1.3708,51.1483],[1.3695,51.1499],[1.3677,51.1487],[1.3641,51.1507],[1.3667,51.1526],[1.3679,51.1525],[1.3691,51.1519],[1.3705,51.1528],[1.37,51.1536],[1.3686,51.1546],[1.3717,51.156],[1.3724,51.1567],[1.3747,51.1581],[1.3751,51.1577],[1.3736,51.1566],[1.3746,51.1561],[1.3732,51.1548],[1.3783,51.1522],[1.3798,51.1525],[1.3811,51.1532],[1.3836,51.1555],[1.3845,51.155],[1.3869,51.1568],[1.3872,51.1564],[1.3851,51.1547],[1.3861,51.154],[1.3897,51.1557],[1.3908,51.1556],[1.3914,51.1549],[1.3935,51.1557],[1.3948,51.1565],[1.3948,51.1571],[1.3973,51.1597],[1.3998,51.1633],[1.4021,51.167],[1.4022,51.1686],[1.4039,51.1715],[1.4045,51.173],[1.4048,51.175],[1.4046,51.1764],[1.4051,51.1797],[1.4037,51.18],[1.4011,51.1785],[1.3992,51.177],[1.3973,51.1775],[1.3936,51.1794],[1.3951,51.1808],[1.396,51.1824],[1.3948,51.1843],[1.3921,51.185],[1.3897,51.1846],[1.3863,51.1841],[1.3835,51.1845],[1.3793,51.1848],[1.3772,51.1849],[1.3754,51.1839],[1.3734,51.1826],[1.3722,51.1814],[1.3663,51.174],[1.3655,51.1733],[1.3627,51.1721],[1.3616,51.171],[1.3593,51.1693],[1.3563,51.1658],[1.3538,51.1619],[1.352,51.1596],[1.3493,51.1572],[1.3487,51.1566],[1.3455,51.1542],[1.3433,51.1522],[1.339,51.1489],[1.334,51.1459],[1.332,51.1444],[1.3292,51.1424],[1.3273,51.1401],[1.3272,51.1389],[1.3246,51.1352],[1.3222,51.1331],[1.319,51.1323],[1.3185,51.1317],[1.3192,51.1303],[1.3185,51.1288],[1.3196,51.1278],[1.3201,51.1264],[1.3213,51.1256],[1.3228,51.1257],[1.323,51.125],[1.3271,51.1258],[1.3276,51.1264],[1.3297,51.1274],[1.3324,51.1282],[1.3369,51.1293],[1.3377,51.1289],[1.3398,51.1298],[1.341,51.1301],[1.3426,51.1295],[1.3429,51.1271],[1.3426,51.1269]]],[[[0.8554,51.1791],[0.8565,51.1812],[0.857,51.1818],[0.8596,51.183],[0.8613,51.1841],[0.8626,51.1865],[0.8646,51.187],[0.8683,51.1852],[0.8719,51.1846],[0.8721,51.1834],[0.8717,51.1825],[0.8742,51.1815],[0.8754,51.1803],[0.8749,51.1793],[0.8778,51.1778],[0.8789,51.177],[0.8805,51.1767],[0.8812,51.1773],[0.8839,51.1782],[0.8864,51.1815],[0.891,51.1878],[0.8913,51.1905],[0.8938,51.1898],[0.8957,51.191],[0.8966,51.1904],[0.8973,51.1907],[0.9004,51.1912],[0.9047,51.1908],[0.9063,51.1917],[0.9081,51.1922],[0.9104,51.1933],[0.9114,51.1931],[0.9128,51.1938],[0.916,51.1923],[0.9186,51.1949],[0.9194,51.1942],[0.9199,51.1915],[0.922,51.1905],[0.9223,51.1897],[0.9247,51.1889],[0.9292,51.1858],[0.9292,51.1848],[0.9227,51.1788],[0.9155,51.1722],[0.9159,51.1719],[0.9187,51.1713],[0.9194,51.1725],[0.9207,51.1727],[0.9209,51.1721],[0.9219,51.1711],[0.9231,51.1706],[0.9238,51.1699],[0.9262,51.1697],[0.9276,51.1697],[0.9302,51.1693],[0.9327,51.1684],[0.9313,51.1662],[0.9312,51.1635],[0.9336,51.1601],[0.9383,51.1565],[0.9389,51.1546],[0.9396,51.1538],[0.9413,51.1529],[0.9412,51.1523],[0.9423,51.1519],[0.9429,51.1512],[0.9449,51.1507],[0.9493,51.1489],[0.9497,51.1492],[0.9516,51.1482],[0.9523,51.1484],[0.9537,51.1479],[0.9544,51.1485],[0.9562,51.1477],[0.9572,51.1469],[0.9608,51.149],[0.9622,51.1495],[0.9648,51.15],[0.9664,51.1515],[0.9668,51.1529],[0.9689,51.1541],[0.97,51.1521],[0.971,51.1509],[0.9705,51.1487],[0.9741,51.1465],[0.9778,51.1484],[0.98,51.1489],[0.9831,51.1504],[0.9883,51.1469],[0.9925,51.1445],[0.9974,51.1407],[1.0009,51.1384],[1.0035,51.137],[1.0045,51.1367],[1.0072,51.1354],[1.0082,51.1337],[1.0081,51.1311],[1.0098,51.129],[1.0105,51.1273],[1.0107,51.1261],[1.0124,51.1239],[1.0134,51.1234],[1.0165,51.123],[1.0193,51.1216],[1.0213,51.1202],[1.0246,51.1166],[1.0266,51.1155],[1.0283,51.115],[1.0307,51.1134],[1.029,51.1126],[1.0262,51.1121],[1.0263,51.1118],[1.0292,51.1109],[1.0324,51.1087],[1.0327,51.1074],[1.0334,51.1072],[1.038,51.1076],[1.0416,51.1077],[1.0454,51.1072],[1.0482,51.1059],[1.0498,51.1047],[1.0512,51.1043],[1.0554,51.1038],[1.0571,51.103],[1.0621,51.1012],[1.0643,51.1],[1.0668,51.0989],[1.0651,51.0971],[1.0622,51.0957],[1.06,51.0938],[1.058,51.093],[1.0529,51.0929],[1.0506,51.0922],[1.0502,51.0917],[1.047,51.0908],[1.0443,51.0897],[1.0422,51.089],[1.0407,51.0879],[1.0392,51.0869],[1.0374,51.0864],[1.0346,51.0836],[1.0323,51.0824],[1.0301,51.0795],[1.0257,51.0755],[1.0253,51.0748],[1.0172,51.0753],[1.0152,51.0755],[1.0107,51.0768],[1.0069,51.0783],[1.0049,51.0783],[1.002,51.0779],[0.999,51.0781],[0.992,51.0787],[0.9898,51.0788],[0.9839,51.0798],[0.9802,51.08],[0.975,51.0807],[0.9737,51.0812],[0.9691,51.0813],[0.964,51.0822],[0.9625,51.0829],[0.9583,51.0836],[0.9576,51.0841],[0.956,51.0864],[0.9549,51.0874],[0.951,51.0883],[0.9512,51.0864],[0.9486,51.0859],[0.9461,51.0849],[0.9446,51.085],[0.943,51.0837],[0.942,51.0832],[0.9412,51.0822],[0.9396,51.0814],[0.9364,51.0807],[0.9337,51.0792],[0.9338,51.078],[0.9345,51.0765],[0.9358,51.0757],[0.9383,51.0726],[0.9381,51.072],[0.9369,51.072],[0.9344,51.0716],[0.9357,51.0694],[0.9325,51.0685],[0.9333,51.0669],[0.9359,51.0643],[0.9366,51.0628],[0.9356,51.0611],[0.9369,51.0593],[0.9361,51.0588],[0.937,51.0581],[0.9396,51.0571],[0.9439,51.056],[0.9442,51.0549],[0.9458,51.055],[0.9471,51.0555],[0.9486,51.0567],[0.95,51.0571],[0.9512,51.0569],[0.9529,51.0571],[0.9543,51.0578],[0.9545,51.0587],[0.9554,51.0593],[0.9578,51.0601],[0.9612,51.0602],[0.9638,51.0608],[0.9653,51.0618],[0.9669,51.0625],[0.9706,51.0631],[0.9726,51.0625],[0.9741,51.0626],[0.9789,51.0632],[0.9804,51.0645],[0.9823,51.0651],[0.9849,51.0646],[0.9875,51.0646],[0.9892,51.0655],[0.9906,51.0659],[0.9941,51.0658],[0.9957,51.0648],[0.998,51.0641],[0.9999,51.0644],[1.0013,51.0642],[1.0034,51.0634],[1.0062,51.0627],[1.0082,51.0607],[1.0099,51.06],[1.0131,51.059],[1.0156,51.0585],[1.0174,51.0586],[1.0206,51.0607],[1.0237,51.0607],[1.0252,51.0614],[1.0226,51.0638],[1.0221,51.0645],[1.0225,51.0673],[1.0247,51.0677],[1.0271,51.0685],[1.0314,51.0688],[1.032,51.0692],[1.0336,51.0685],[1.0358,51.0681],[1.0384,51.0679],[1.0403,51.0673],[1.0426,51.0674],[1.0469,51.0669],[1.0482,51.0664],[1.0498,51.0666],[1.0504,51.0661],[1.0547,51.0661],[1.0558,51.0663],[1.0602,51.068],[1.0613,51.0682],[1.0665,51.0701],[1.0672,51.0701],[1.0676,51.0712],[1.0664,51.0716],[1.064,51.0734],[1.0632,51.0737],[1.0618,51.0736],[1.0613,51.074],[1.0603,51.0765],[1.0619,51.0773],[1.0648,51.0771],[1.0659,51.0776],[1.0678,51.0774],[1.0713,51.0765],[1.0729,51.0776],[1.0749,51.0804],[1.0731,51.0809],[1.0709,51.0823],[1.0724,51.0832],[1.0757,51.0828],[1.0756,51.0822],[1.079,51.0819],[1.0811,51.0821],[1.0826,51.082],[1.0825,51.0785],[1.0853,51.0785],[1.0902,51.0772],[1.0918,51.0773],[1.0935,51.0777],[1.0945,51.0788],[1.0952,51.0781],[1.0944,51.0776],[1.0958,51.0759],[1.0985,51.0753],[1.0992,51.0745],[1.1039,51.0744],[1.104,51.074],[1.1091,51.0737],[1.1099,51.0738],[1.1113,51.0749],[1.1132,51.0754],[1.1135,51.0772],[1.111,51.078],[1.1099,51.0793],[1.1073,51.0794],[1.108,51.0803],[1.1088,51.0819],[1.1074,51.0823],[1.106,51.0831],[1.1045,51.0828],[1.1041,51.0836],[1.104,51.0855],[1.1042,51.0862],[1.1058,51.0878],[1.1092,51.0885],[1.1113,51.0887],[1.1125,51.0885],[1.1141,51.0907],[1.1196,51.09],[1.1217,51.0929],[1.1249,51.0964],[1.1261,51.0988],[1.1286,51.0987],[1.134,51.099],[1.1372,51.0991],[1.1404,51.099],[1.1439,51.0985],[1.1495,51.0973],[1.1558,51.0963],[1.1587,51.0959],[1.1616,51.0958],[1.1658,51.0971],[1.1676,51.0973],[1.1698,51.0969],[1.1725,51.0956],[1.1744,51.0952],[1.1795,51.0949],[1.1811,51.0951],[1.1799,51.0965],[1.1804,51.0976],[1.184,51.0975],[1.1858,51.0971],[1.1869,51.0963],[1.189,51.0958],[1.1894,51.0944],[1.1917,51.0947],[1.1947,51.0925],[1.1955,51.0923],[1.1969,51.0941],[1.1981,51.0934],[1.1965,51.0917],[1.1981,51.0904],[1.1981,51.0888],[1.1967,51.0859],[1.196,51.0836],[1.1953,51.0833],[1.1899,51.0825],[1.1916,51.0821],[1.1939,51.0825],[1.1975,51.0829],[1.2005,51.0841],[1.2011,51.085],[1.2012,51.0885],[1.2018,51.0893],[1.2049,51.0918],[1.2057,51.0927],[1.2085,51.0941],[1.2089,51.0937],[1.2105,51.0945],[1.2131,51.096],[1.2156,51.0972],[1.2209,51.0981],[1.2213,51.0981],[1.2259,51.0992],[1.2263,51.0996],[1.2329,51.1003],[1.239,51.1006],[1.2408,51.1005],[1.2421,51.1008],[1.2439,51.1007],[1.2471,51.1009],[1.248,51.1007],[1.2488,51.1],[1.25,51.0998],[1.2514,51.1009],[1.2532,51.1015],[1.2555,51.1017],[1.2588,51.1024],[1.2616,51.1027],[1.2624,51.1017],[1.2677,51.1017],[1.2816,51.1058],[1.2819,51.1063],[1.2812,51.1075],[1.2822,51.108],[1.2865,51.1084],[1.2902,51.109],[1.2922,51.1092],[1.2948,51.1097],[1.2958,51.1107],[1.2959,51.1114],[1.2944,51.1122],[1.294,51.1129],[1.2916,51.1123],[1.2896,51.1112],[1.2871,51.1105],[1.2861,51.1104],[1.2856,51.1112],[1.2872,51.1119],[1.2888,51.113],[1.2921,51.1142],[1.2893,51.1154],[1.2867,51.118],[1.2851,51.1176],[1.2847,51.1182],[1.2881,51.1196],[1.2871,51.1202],[1.2881,51.121],[1.2871,51.122],[1.2881,51.1224],[1.2859,51.123],[1.2831,51.1234],[1.282,51.124],[1.28,51.1237],[1.2799,51.1247],[1.2766,51.1256],[1.2765,51.1267],[1.2788,51.1274],[1.2814,51.1279],[1.2816,51.131],[1.282,51.1323],[1.2839,51.1331],[1.2858,51.133],[1.2894,51.1343],[1.289,51.1347],[1.2922,51.1359],[1.2899,51.1366],[1.2883,51.1378],[1.2865,51.1378],[1.284,51.136],[1.2807,51.138],[1.2785,51.1365],[1.2755,51.1349],[1.2744,51.1356],[1.2768,51.1377],[1.2747,51.1386],[1.272,51.1391],[1.2691,51.1418],[1.267,51.143],[1.2664,51.1441],[1.2644,51.1441],[1.2631,51.1464],[1.2631,51.1477],[1.2667,51.1485],[1.2665,51.1512],[1.2648,51.1517],[1.2633,51.1526],[1.2594,51.1547],[1.2572,51.156],[1.2563,51.1568],[1.2526,51.1588],[1.2476,51.1621],[1.2442,51.1626],[1.2399,51.163],[1.2358,51.1631],[1.2323,51.1633],[1.2307,51.164],[1.2284,51.1653],[1.2247,51.1685],[1.2238,51.1691],[1.2204,51.1703],[1.2189,51.1711],[1.2163,51.1747],[1.2144,51.1755],[1.2086,51.1785],[1.1993,51.1827],[1.2016,51.1846],[1.2074,51.1875],[1.208,51.1877],[1.213,51.1881],[1.2135,51.1887],[1.2166,51.1902],[1.2111,51.1928],[1.2091,51.194],[1.2078,51.195],[1.2053,51.1957],[1.2021,51.197],[1.2008,51.1986],[1.2028,51.2009],[1.2019,51.202],[1.2015,51.2032],[1.2001,51.2041],[1.1971,51.2069],[1.1976,51.2082],[1.1949,51.2091],[1.1885,51.2113],[1.1907,51.2134],[1.1904,51.2143],[1.1856,51.2179],[1.1839,51.2187],[1.1814,51.2227],[1.1802,51.2269],[1.1804,51.2279],[1.1813,51.2293],[1.1799,51.2298],[1.1794,51.2294],[1.1779,51.2299],[1.175,51.23],[1.1739,51.2305],[1.1715,51.2325],[1.1685,51.2344],[1.1648,51.2362],[1.1616,51.2379],[1.1587,51.2403],[1.1547,51.244],[1.1529,51.2452],[1.151,51.2459],[1.1493,51.247],[1.1462,51.2488],[1.1442,51.2495],[1.1396,51.2521],[1.1353,51.2556],[1.1338,51.256],[1.1315,51.2571],[1.1288,51.2572],[1.1251,51.255],[1.1232,51.2531],[1.1211,51.2515],[1.1208,51.2501],[1.118,51.2491],[1.1163,51.2479],[1.1135,51.2468],[1.1084,51.2461],[1.1043,51.2451],[1.0991,51.2448],[1.0976,51.2449],[1.0948,51.2445],[1.0918,51.2437],[1.088,51.2432],[1.0857,51.2437],[1.0835,51.2439],[1.0802,51.2448],[1.0778,51.2427],[1.0722,51.2388],[1.0688,51.2388],[1.0642,51.2379],[1.0594,51.2378],[1.0572,51.2379],[1.0538,51.2388],[1.0509,51.2392],[1.0461,51.2389],[1.0447,51.2389],[1.0426,51.2395],[1.0371,51.2418],[1.0351,51.2428],[1.0332,51.2435],[1.0316,51.2448],[1.0274,51.2461],[1.0202,51.2481],[1.018,51.2476],[1.0159,51.2469],[1.0096,51.2457],[1.0052,51.2458],[1.0005,51.2468],[0.9997,51.2467],[0.9965,51.2455],[0.995,51.246],[0.9945,51.2466],[0.9927,51.2459],[0.9914,51.2462],[0.9887,51.2465],[0.9867,51.2468],[0.9838,51.247],[0.9783,51.2451],[0.9756,51.2441],[0.9738,51.2431],[0.973,51.243],[0.9719,51.2442],[0.9719,51.2452],[0.9729,51.2457],[0.9736,51.2471],[0.9734,51.248],[0.9737,51.2497],[0.9704,51.2527],[0.9673,51.2563],[0.9642,51.2586],[0.9636,51.2597],[0.9634,51.2631],[0.962,51.2646],[0.9602,51.2656],[0.9569,51.2663],[0.9543,51.2665],[0.95,51.2674],[0.9463,51.269],[0.9438,51.2705],[0.9393,51.2727],[0.9412,51.2746],[0.9413,51.2752],[0.9401,51.2764],[0.9396,51.2782],[0.931,51.2844],[0.9274,51.2865],[0.9261,51.2878],[0.9235,51.2896],[0.9218,51.2909],[0.9192,51.2936],[0.9183,51.2955],[0.9155,51.2957],[0.9126,51.294],[0.9125,51.2914],[0.912,51.2906],[0.9123,51.2894],[0.9111,51.2891],[0.9089,51.2867],[0.9071,51.2844],[0.9044,51.2816],[0.9023,51.2789],[0.8988,51.2777],[0.8981,51.2781],[0.8961,51.2785],[0.8924,51.2779],[0.8913,51.2775],[0.889,51.2772],[0.8868,51.2771],[0.8826,51.2775],[0.8825,51.2778],[0.8793,51.2787],[0.8777,51.2807],[0.8723,51.2838],[0.8727,51.2855],[0.8736,51.2862],[0.8741,51.2886],[0.8787,51.2942],[0.8757,51.2951],[0.8718,51.296],[0.8684,51.2987],[0.8696,51.3019],[0.8659,51.3016],[0.8628,51.3016],[0.8578,51.3018],[0.8545,51.3021],[0.8502,51.3028],[0.8476,51.3031],[0.8449,51.303],[0.8417,51.3025],[0.8402,51.3021],[0.8191,51.2956],[0.8174,51.2952],[0.8148,51.2948],[0.8103,51.2948],[0.7879,51.2969],[0.7818,51.2972],[0.7477,51.2971],[0.7445,51.2973],[0.7412,51.2977],[0.7369,51.2986],[0.7337,51.2998],[0.7179,51.3061],[0.7142,51.3077],[0.7098,51.31],[0.7073,51.3114],[0.6988,51.3164],[0.6969,51.3175],[0.6932,51.319],[0.69,51.3199],[0.6873,51.3206],[0.6839,51.3216],[0.6677,51.3277],[0.6603,51.3305],[0.6374,51.3391],[0.6356,51.3397],[0.6307,51.3409],[0.6275,51.3415],[0.6238,51.3419],[0.6211,51.342],[0.6174,51.3421],[0.6145,51.3419],[0.61,51.3415],[0.6071,51.341],[0.5906,51.3374],[0.5858,51.3361],[0.5849,51.3357],[0.5833,51.3356],[0.58,51.3349],[0.5755,51.3334],[0.5725,51.3319],[0.5651,51.3277],[0.5625,51.3265],[0.5589,51.3255],[0.5561,51.325],[0.5533,51.3247],[0.5499,51.3247],[0.524,51.3268],[0.5221,51.3271],[0.5186,51.3281],[0.5159,51.3293],[0.5146,51.3301],[0.5129,51.3316],[0.5105,51.3348],[0.5075,51.3378],[0.5063,51.3392],[0.5042,51.344],[0.502,51.3473],[0.4966,51.3536],[0.4951,51.3562],[0.4939,51.3578],[0.4919,51.3596],[0.4906,51.3615],[0.4894,51.365],[0.4887,51.3661],[0.4874,51.3677],[0.4858,51.369],[0.4837,51.3701],[0.4807,51.3715],[0.4795,51.3722],[0.4766,51.3746],[0.4713,51.3738],[0.4677,51.3734],[0.4665,51.3728],[0.4643,51.3711],[0.4615,51.3697],[0.4608,51.3695],[0.4574,51.3681],[0.4516,51.3661],[0.4505,51.365],[0.4502,51.3636],[0.4506,51.3595],[0.4521,51.3581],[0.4543,51.357],[0.4559,51.3555],[0.4569,51.3533],[0.4585,51.3535],[0.4589,51.3522],[0.4643,51.352],[0.4662,51.3518],[0.4712,51.3515],[0.4711,51.351],[0.4698,51.3484],[0.468,51.3463],[0.4677,51.3449],[0.4678,51.3439],[0.4695,51.3416],[0.4705,51.3399],[0.4714,51.3394],[0.4731,51.3376],[0.4752,51.3358],[0.4779,51.3339],[0.4797,51.3318],[0.4824,51.3303],[0.4853,51.3277],[0.4858,51.3262],[0.4853,51.3245],[0.4875,51.3232],[0.4889,51.3216],[0.4913,51.3209],[0.494,51.3204],[0.4977,51.3192],[0.5,51.3183],[0.5029,51.3174],[0.5004,51.3157],[0.504,51.3145],[0.5052,51.3134],[0.5056,51.3125],[0.5067,51.3121],[0.5054,51.3096],[0.5064,51.3088],[0.5143,51.3061],[0.5143,51.3053],[0.5159,51.3048],[0.5175,51.3041],[0.518,51.3033],[0.5194,51.3027],[0.5214,51.3013],[0.5192,51.2998],[0.519,51.2993],[0.5223,51.2987],[0.5246,51.2978],[0.5294,51.2949],[0.5356,51.2918],[0.5371,51.2913],[0.5414,51.2903],[0.5461,51.2885],[0.5486,51.2881],[0.5507,51.288],[0.5554,51.2883],[0.5595,51.2884],[0.5648,51.2879],[0.569,51.2873],[0.5728,51.2864],[0.5751,51.2857],[0.579,51.2843],[0.5833,51.2821],[0.5977,51.2738],[0.6059,51.2693],[0.6094,51.2686],[0.6146,51.2678],[0.6179,51.2675],[0.6246,51.2666],[0.6259,51.266],[0.6279,51.2657],[0.6297,51.2649],[0.6325,51.264],[0.6409,51.2596],[0.6427,51.2583],[0.6444,51.2579],[0.6483,51.2552],[0.6501,51.2544],[0.6531,51.2526],[0.6557,51.2515],[0.6567,51.2507],[0.6607,51.2491],[0.662,51.2485],[0.665,51.2477],[0.668,51.2468],[0.6694,51.2461],[0.6723,51.2454],[0.6752,51.2444],[0.6784,51.2471],[0.6815,51.2457],[0.6837,51.2454],[0.6853,51.245],[0.6902,51.2443],[0.6922,51.2441],[0.6961,51.2484],[0.7011,51.248],[0.7021,51.2477],[0.7091,51.2468],[0.7118,51.2461],[0.7119,51.2459],[0.7077,51.2412],[0.7076,51.2407],[0.7112,51.24],[0.7177,51.2395],[0.7205,51.239],[0.7352,51.2356],[0.7382,51.2347],[0.7422,51.2331],[0.7469,51.2314],[0.7512,51.2304],[0.7541,51.2294],[0.7576,51.2276],[0.759,51.2271],[0.7616,51.2264],[0.7653,51.2249],[0.7663,51.2243],[0.7678,51.223],[0.7724,51.2199],[0.7743,51.219],[0.7808,51.2165],[0.7853,51.2147],[0.7899,51.2134],[0.7915,51.2137],[0.8018,51.2148],[0.8047,51.2134],[0.8035,51.2122],[0.8024,51.2128],[0.7993,51.2104],[0.8039,51.2078],[0.8031,51.2067],[0.7995,51.2039],[0.8019,51.2023],[0.8049,51.1967],[0.808,51.1952],[0.8109,51.1937],[0.8204,51.1882],[0.8349,51.1799],[0.8415,51.1761],[0.8496,51.1714],[0.851,51.1718],[0.8523,51.173],[0.8537,51.175],[0.8543,51.1772],[0.8554,51.1791]]],[[[0.0469,51.2881],[0.0482,51.2856],[0.0475,51.284],[0.0474,51.2827],[0.0463,51.2794],[0.0453,51.2779],[0.0455,51.2764],[0.0461,51.2755],[0.0465,51.2735],[0.0476,51.2715],[0.0479,51.2705],[0.049,51.2686],[0.0496,51.268],[0.0499,51.2665],[0.0496,51.2659],[0.0505,51.2643],[0.0515,51.2633],[0.0527,51.2609],[0.0528,51.2597],[0.0533,51.2579],[0.0543,51.2566],[0.0543,51.2552],[0.054,51.2539],[0.0554,51.2522],[0.0571,51.2513],[0.058,51.249],[0.0583,51.2478],[0.0575,51.2441],[0.0563,51.2432],[0.0561,51.2426],[0.0552,51.2404],[0.0536,51.2395],[0.0539,51.2381],[0.053,51.2367],[0.0521,51.2358],[0.0499,51.2347],[0.0488,51.2344],[0.048,51.2338],[0.046,51.2333],[0.0455,51.2324],[0.0441,51.2312],[0.0428,51.2285],[0.0441,51.2287],[0.0465,51.2294],[0.0525,51.2281],[0.056,51.2272],[0.0586,51.2273],[0.0598,51.2276],[0.0606,51.2274],[0.0606,51.2266],[0.0598,51.2252],[0.0623,51.2248],[0.0641,51.2251],[0.0662,51.2249],[0.0701,51.227],[0.0714,51.2269],[0.0738,51.2282],[0.0725,51.23],[0.0723,51.2306],[0.0764,51.2308],[0.0778,51.2307],[0.0792,51.2299],[0.0813,51.2296],[0.0824,51.2299],[0.0842,51.2295],[0.0848,51.2301],[0.0882,51.2304],[0.0897,51.2307],[0.0917,51.2275],[0.0917,51.2268],[0.0962,51.2268],[0.0979,51.2275],[0.1001,51.2276],[0.1021,51.2273],[0.1055,51.2281],[0.1081,51.2281],[0.109,51.2272],[0.1097,51.226],[0.1113,51.225],[0.1112,51.2229],[0.1131,51.2229],[0.1191,51.2239],[0.1201,51.2232],[0.1228,51.2235],[0.1283,51.223],[0.1292,51.2231],[0.1311,51.2194],[0.1332,51.2194],[0.1346,51.219],[0.1375,51.2178],[0.1398,51.2179],[0.1447,51.2174],[0.1454,51.2165],[0.1491,51.2157],[0.1496,51.2158],[0.1552,51.2154],[0.1582,51.2156],[0.16,51.2174],[0.1603,51.2181],[0.1648,51.218],[0.1657,51.2201],[0.1669,51.2214],[0.1692,51.2212],[0.1707,51.2202],[0.1721,51.2203],[0.1767,51.22],[0.1793,51.2215],[0.1797,51.2219],[0.1816,51.2226],[0.1833,51.2228],[0.1835,51.2237],[0.185,51.2253],[0.1871,51.225],[0.1882,51.2238],[0.1906,51.2229],[0.1922,51.2238],[0.1938,51.2242],[0.1947,51.2248],[0.1951,51.226],[0.1953,51.2293],[0.1984,51.228],[0.201,51.2264],[0.2033,51.2272],[0.2078,51.2275],[0.2098,51.2273],[0.2099,51.2285],[0.2111,51.2291],[0.2109,51.2297],[0.2139,51.2317],[0.2155,51.2322],[0.2176,51.2336],[0.2171,51.2344],[0.219,51.2346],[0.2198,51.2354],[0.2195,51.2373],[0.2208,51.2381],[0.2206,51.2394],[0.2216,51.2401],[0.2241,51.2411],[0.2269,51.2416],[0.2315,51.2415],[0.2328,51.2398],[0.2344,51.2385],[0.2376,51.2375],[0.2397,51.2384],[0.2403,51.2389],[0.2416,51.2408],[0.242,51.242],[0.2455,51.2419],[0.2496,51.2425],[0.2525,51.2433],[0.2564,51.2445],[0.2601,51.2444],[0.2629,51.2441],[0.2659,51.2432],[0.2691,51.2428],[0.2736,51.2427],[0.2754,51.2434],[0.2778,51.2436],[0.2814,51.2427],[0.284,51.2419],[0.2875,51.2423],[0.2895,51.243],[0.2907,51.2439],[0.2929,51.2441],[0.2966,51.242],[0.3001,51.2417],[0.3015,51.2413],[0.3051,51.2412],[0.3067,51.2417],[0.3091,51.2429],[0.3126,51.2433],[0.3146,51.2434],[0.3148,51.2426],[0.3165,51.2427],[0.3164,51.2442],[0.3171,51.2454],[0.3175,51.2479],[0.315,51.2485],[0.3135,51.2494],[0.3138,51.2506],[0.3128,51.2509],[0.3118,51.2524],[0.3103,51.2556],[0.3097,51.2559],[0.3095,51.2568],[0.3103,51.258],[0.3106,51.2595],[0.3104,51.2604],[0.3097,51.261],[0.309,51.2633],[0.3095,51.2637],[0.3075,51.2664],[0.3049,51.2681],[0.3039,51.2693],[0.3016,51.2701],[0.3015,51.2719],[0.302,51.2725],[0.3008,51.273],[0.2994,51.2744],[0.2994,51.2751],[0.3004,51.2762],[0.3016,51.2765],[0.3026,51.2773],[0.3034,51.2792],[0.3024,51.2808],[0.3024,51.2818],[0.3034,51.2829],[0.3046,51.2834],[0.3015,51.2851],[0.3001,51.2854],[0.2987,51.285],[0.2982,51.2857],[0.3003,51.2869],[0.2995,51.2877],[0.3013,51.2884],[0.3014,51.2894],[0.3002,51.2897],[0.3001,51.2925],[0.2986,51.2925],[0.2987,51.2939],[0.2969,51.2947],[0.2969,51.2958],[0.2985,51.2964],[0.2995,51.2976],[0.2995,51.2991],[0.3022,51.2992],[0.3059,51.2987],[0.3079,51.2989],[0.3101,51.2983],[0.3103,51.2973],[0.3132,51.2978],[0.3137,51.2981],[0.3181,51.3013],[0.3184,51.3017],[0.3177,51.3038],[0.3217,51.3056],[0.3243,51.3072],[0.3266,51.3071],[0.33,51.3061],[0.3338,51.3032],[0.3359,51.3026],[0.3395,51.3032],[0.3459,51.3046],[0.3471,51.3047],[0.355,51.3064],[0.3596,51.3073],[0.3613,51.3079],[0.3659,51.3086],[0.3728,51.309],[0.3815,51.309],[0.3877,51.3091],[0.3912,51.3093],[0.3955,51.3099],[0.4015,51.311],[0.4088,51.3115],[0.4138,51.3114],[0.4174,51.311],[0.4226,51.3099],[0.4253,51.3091],[0.4268,51.311],[0.4279,51.3134],[0.4289,51.3146],[0.4313,51.3164],[0.433,51.3173],[0.4303,51.3189],[0.4295,51.3199],[0.429,51.3214],[0.427,51.3216],[0.4274,51.3239],[0.426,51.3256],[0.4239,51.3272],[0.4224,51.3278],[0.4223,51.3296],[0.4193,51.3317],[0.4187,51.3331],[0.4173,51.3342],[0.4174,51.3354],[0.4167,51.336],[0.4181,51.3394],[0.4188,51.3401],[0.4209,51.3427],[0.4223,51.3435],[0.4247,51.3476],[0.4264,51.3499],[0.4275,51.3508],[0.4282,51.352],[0.4279,51.3526],[0.429,51.3544],[0.4307,51.3557],[0.4342,51.3588],[0.4364,51.3601],[0.439,51.3613],[0.4413,51.3628],[0.4455,51.3665],[0.4482,51.3677],[0.4496,51.3681],[0.4504,51.3688],[0.4524,51.3696],[0.4554,51.3714],[0.4535,51.3725],[0.4524,51.3726],[0.4531,51.3737],[0.4523,51.3739],[0.4467,51.3763],[0.4461,51.3756],[0.4434,51.3765],[0.4446,51.3776],[0.4422,51.3783],[0.4472,51.3786],[0.4526,51.3784],[0.4548,51.3781],[0.4595,51.3782],[0.4631,51.3786],[0.4662,51.3793],[0.4681,51.3808],[0.4679,51.3813],[0.4693,51.3822],[0.4692,51.3827],[0.4628,51.3896],[0.4613,51.3909],[0.4575,51.393],[0.4553,51.3947],[0.4536,51.3966],[0.4509,51.3983],[0.4496,51.3983],[0.447,51.3993],[0.4446,51.3994],[0.4429,51.4019],[0.4415,51.403],[0.4387,51.4045],[0.4375,51.4048],[0.4355,51.4058],[0.4352,51.4067],[0.4328,51.4064],[0.4303,51.4057],[0.4301,51.4062],[0.4276,51.407],[0.4275,51.408],[0.4281,51.4087],[0.4249,51.4102],[0.4228,51.41],[0.4221,51.4094],[0.4193,51.4093],[0.4158,51.4099],[0.4169,51.4118],[0.415,51.4121],[0.4127,51.4129],[0.4105,51.413],[0.409,51.4126],[0.4084,51.4087],[0.4076,51.4074],[0.4056,51.4075],[0.4056,51.4057],[0.4053,51.4045],[0.4052,51.4022],[0.4042,51.4009],[0.4018,51.3991],[0.3984,51.3982],[0.3936,51.3955],[0.3898,51.3916],[0.388,51.3902],[0.3858,51.3889],[0.3839,51.3875],[0.3826,51.3862],[0.3817,51.3857],[0.3803,51.3844],[0.3788,51.3823],[0.3772,51.3812],[0.3751,51.3808],[0.3696,51.3792],[0.3683,51.378],[0.3701,51.3758],[0.37,51.3732],[0.3711,51.3722],[0.3718,51.371],[0.3719,51.3699],[0.3751,51.3696],[0.3762,51.3685],[0.3722,51.3687],[0.3713,51.3685],[0.3704,51.3677],[0.3663,51.3665],[0.3651,51.3659],[0.3638,51.3658],[0.363,51.3636],[0.3633,51.3627],[0.3641,51.3618],[0.3656,51.3609],[0.3661,51.3602],[0.366,51.3587],[0.3656,51.3575],[0.3668,51.3561],[0.3684,51.3556],[0.3703,51.3557],[0.3724,51.3554],[0.3726,51.3547],[0.3746,51.355],[0.3754,51.3546],[0.3753,51.3536],[0.3766,51.3496],[0.3764,51.3481],[0.3734,51.3467],[0.3706,51.3436],[0.3713,51.3432],[0.3717,51.3421],[0.3715,51.3395],[0.3712,51.3389],[0.3722,51.3376],[0.37,51.3367],[0.3682,51.3359],[0.3663,51.3341],[0.3632,51.334],[0.3623,51.3337],[0.3607,51.3327],[0.3585,51.3324],[0.357,51.3316],[0.3555,51.3312],[0.3539,51.3313],[0.3516,51.3309],[0.3494,51.3308],[0.3482,51.3303],[0.347,51.3285],[0.3446,51.3274],[0.342,51.3264],[0.341,51.3263],[0.3393,51.3255],[0.3379,51.3243],[0.3339,51.3229],[0.3305,51.321],[0.3273,51.3217],[0.3247,51.3218],[0.3203,51.3218],[0.318,51.3215],[0.3162,51.3215],[0.313,51.321],[0.3123,51.3214],[0.3087,51.3218],[0.3062,51.3224],[0.3034,51.3219],[0.3021,51.3221],[0.3023,51.3212],[0.3032,51.3194],[0.2979,51.3206],[0.2959,51.3209],[0.294,51.3216],[0.2922,51.3219],[0.2913,51.3225],[0.289,51.3233],[0.2848,51.3285],[0.2837,51.3297],[0.281,51.3316],[0.2695,51.3391],[0.267,51.3402],[0.2668,51.3397],[0.2636,51.3395],[0.2633,51.3393],[0.259,51.3409],[0.2574,51.3388],[0.2562,51.3388],[0.2556,51.3406],[0.2548,51.3417],[0.2556,51.3421],[0.2542,51.3441],[0.2522,51.346],[0.2517,51.346],[0.2501,51.3473],[0.2495,51.3481],[0.25,51.3493],[0.2492,51.3512],[0.2494,51.3519],[0.2525,51.3528],[0.2522,51.3577],[0.2522,51.3594],[0.2514,51.3613],[0.2483,51.3652],[0.2421,51.3698],[0.2383,51.3721],[0.2359,51.374],[0.2324,51.3763],[0.2272,51.3779],[0.2262,51.3787],[0.2258,51.3806],[0.2243,51.3823],[0.2227,51.3831],[0.2207,51.3834],[0.2179,51.3833],[0.2154,51.3833],[0.2134,51.3836],[0.2068,51.385],[0.2061,51.3853],[0.2004,51.3868],[0.1962,51.3879],[0.1913,51.389],[0.1908,51.3882],[0.1891,51.3878],[0.1881,51.3868],[0.1871,51.3864],[0.187,51.3843],[0.1872,51.3834],[0.187,51.3813],[0.1878,51.3797],[0.1821,51.3729],[0.1797,51.3716],[0.1785,51.3714],[0.1758,51.3718],[0.1727,51.3715],[0.1703,51.3704],[0.1659,51.3713],[0.1632,51.372],[0.1581,51.3737],[0.1575,51.3721],[0.1559,51.3714],[0.1559,51.3691],[0.1551,51.3678],[0.1523,51.3642],[0.1509,51.3632],[0.1504,51.361],[0.1483,51.3598],[0.1485,51.3576],[0.1466,51.3562],[0.1451,51.3548],[0.141,51.3546],[0.14,51.3537],[0.1398,51.3526],[0.1388,51.3511],[0.1388,51.3506],[0.1372,51.3495],[0.1368,51.3474],[0.1375,51.3469],[0.1376,51.346],[0.139,51.3451],[0.1423,51.3424],[0.1446,51.3405],[0.1453,51.3396],[0.1475,51.3338],[0.1488,51.3319],[0.157,51.3224],[0.1564,51.3223],[0.1542,51.3225],[0.1525,51.3222],[0.1512,51.3211],[0.1492,51.32],[0.1443,51.3183],[0.1413,51.3177],[0.1391,51.3169],[0.1373,51.3161],[0.1342,51.3151],[0.1329,51.3148],[0.13,51.315],[0.1273,51.3155],[0.1258,51.3148],[0.1245,51.3157],[0.1237,51.3157],[0.1186,51.3146],[0.1165,51.3138],[0.1134,51.3132],[0.1118,51.3126],[0.1098,51.3124],[0.108,51.312],[0.106,51.311],[0.1075,51.3101],[0.1067,51.3093],[0.1049,51.3084],[0.105,51.3081],[0.1025,51.3077],[0.1006,51.3058],[0.0993,51.3068],[0.0973,51.3063],[0.0947,51.3044],[0.091,51.3036],[0.0895,51.3026],[0.0871,51.303],[0.0833,51.304],[0.082,51.3036],[0.0799,51.3038],[0.0774,51.3036],[0.0753,51.3037],[0.0726,51.3047],[0.0709,51.3042],[0.0645,51.3035],[0.0635,51.3017],[0.0623,51.3006],[0.0611,51.3],[0.0605,51.2988],[0.059,51.2976],[0.0579,51.2949],[0.0562,51.2926],[0.0543,51.2921],[0.0516,51.2934],[0.0508,51.294],[0.0488,51.2937],[0.046,51.294],[0.0427,51.2921],[0.0448,51.2907],[0.0467,51.2886],[0.0469,51.2881]]]]},"properties":{"name":"Kent Downs","kind":"national_landscape"},"id":20},
{"type":"Feature","geometry":{"type":"Polygon","coordinates":[[[-1.9969,54.4669],[-1.9953,54.4673],[-1.993,54.4689],[-1.9898,54.4714],[-1.9881,54.4725],[-1.9873,54.4735],[-1.9867,54.4765],[-1.9846,54.4793],[-1.9803,54.48],[-1.9734,54.4817],[-1.972,54.4815],[-1.9686,54.4818],[-1.9657,54.4815],[-1.9649,54.4821],[-1.9631,54.4822],[-1.9609,54.482],[-1.9596,54.4828],[-1.9599,54.4861],[-1.9592,54.4873],[-1.9522,54.4917],[-1.9472,54.4963],[-1.9472,54.497],[-1.9465,54.4981],[-1.9471,54.4987],[-1.9511,54.4998],[-1.9506,54.5013],[-1.9517,54.5016],[-1.9531,54.5012],[-1.9561,54.5015],[-1.9727,54.5053],[-1.9749,54.5055],[-1.979,54.5054],[-1.9799,54.5062],[-1.983,54.5058],[-1.9872,54.5044],[-1.9955,54.5057],[-1.9997,54.5071],[-2.0029,54.5079],[-2.0038,54.5079],[-2.0056,54.509],[-2.0078,54.5098],[-2.0095,54.51],[-2.0096,54.5112],[-2.0093,54.5121],[-2.0097,54.5126],[-2.0132,54.5117],[-2.0154,54.5114],[-2.0195,54.5113],[-2.0215,54.5108],[-2.0232,54.5107],[-2.0254,54.5111],[-2.0266,54.512],[-2.0255,54.513],[-2.0224,54.5137],[-2.0207,54.5152],[-2.022,54.5169],[-2.0266,54.516],[-2.0279,54.5176],[-2.0261,54.5184],[-2.0268,54.5193],[-2.0271,54.5207],[-2.0289,54.523],[-2.0311,54.5224],[-2.0364,54.5227],[-2.0383,54.5223],[-2.0429,54.5229],[-2.0471,54.5232],[-2.0452,54.5248],[-2.0445,54.5272],[-2.0419,54.5274],[-2.0416,54.5278],[-2.0384,54.5282],[-2.0367,54.5278],[-2.0354,54.5279],[-2.035,54.5284],[-2.0361,54.5305],[-2.0375,54.532],[-2.037,54.5334],[-2.0385,54.5352],[-2.0376,54.5359],[-2.0378,54.5368],[-2.0359,54.5366],[-2.0331,54.5373],[-2.0318,54.5379],[-2.0263,54.5394],[-2.024,54.5395],[-2.0131,54.5395],[-2.0124,54.5418],[-2.0104,54.545],[-2.0085,54.5485],[-2.0074,54.5493],[-2.0071,54.5516],[-2.0075,54.5532],[-2.0067,54.5537],[-2.0067,54.5554],[-2.0058,54.5567],[-2.0051,54.5565],[-2.0036,54.5571],[-2.004,54.5579],[-2.0026,54.5584],[-2.0003,54.5585],[-1.9965,54.5583],[-1.9963,54.5596],[-1.994,54.5621],[-1.9926,54.5644],[-1.9896,54.5653],[-1.99,54.566],[-1.993,54.566],[-1.9954,54.5655],[-1.9983,54.5654],[-1.9982,54.5664],[-2.0009,54.5662],[-2.0028,54.565],[-2.0029,54.5645],[-2.0051,54.5645],[-2.0048,54.5653],[-2.0065,54.5654],[-2.0075,54.565],[-2.0109,54.5652],[-2.0105,54.5662],[-2.0139,54.5661],[-2.0139,54.5658],[-2.0173,54.5648],[-2.0183,54.5646],[-2.0222,54.5653],[-2.0256,54.5662],[-2.0268,54.5668],[-2.0257,54.568],[-2.0286,54.5684],[-2.0309,54.5682],[-2.0321,54.5699],[-2.0314,54.5712],[-2.0348,54.5705],[-2.0398,54.5702],[-2.0412,54.5704],[-2.0448,54.5701],[-2.0447,54.5709],[-2.0439,54.572],[-2.0423,54.5734],[-2.0395,54.5736],[-2.0392,54.5743],[-2.0406,54.5758],[-2.0411,54.5768],[-2.0432,54.578],[-2.0469,54.5782],[-2.0474,54.5792],[-2.039,54.5833],[-2.0323,54.5843],[-2.0382,54.5872],[-2.0391,54.588],[-2.0351,54.5887],[-2.0289,54.5894],[-2.0265,54.5896],[-2.0256,54.5894],[-2.0235,54.5906],[-2.0221,54.5925],[-2.0194,54.5924],[-2.0137,54.5933],[-2.0143,54.5943],[-2.0177,54.5973],[-2.02,54.5984],[-2.0223,54.599],[-2.0248,54.5993],[-2.028,54.6001],[-2.0308,54.6007],[-2.0336,54.601],[-2.0362,54.6016],[-2.0404,54.603],[-2.0423,54.6035],[-2.0471,54.6042],[-2.0499,54.6049],[-2.0547,54.6068],[-2.0573,54.6077],[-2.0627,54.6098],[-2.0646,54.6109],[-2.066,54.6121],[-2.068,54.6133],[-2.0698,54.614],[-2.0734,54.6149],[-2.0764,54.6158],[-2.0813,54.6166],[-2.0856,54.6183],[-2.0852,54.6189],[-2.0849,54.6223],[-2.0856,54.6233],[-2.0856,54.6249],[-2.0886,54.6256],[-2.09,54.6258],[-2.0899,54.6266],[-2.0872,54.6269],[-2.0866,54.6277],[-2.0846,54.6277],[-2.0824,54.6281],[-2.0811,54.6259],[-2.0814,54.6249],[-2.0795,54.6249],[-2.0754,54.624],[-2.0715,54.6241],[-2.0695,54.6238],[-2.066,54.6242],[-2.0582,54.6249],[-2.0551,54.6253],[-2.0523,54.6247],[-2.0475,54.6244],[-2.0453,54.6232],[-2.0431,54.6223],[-2.0395,54.62],[-2.0356,54.6171],[-2.0338,54.6163],[-2.0311,54.6157],[-2.0265,54.6157],[-2.0248,54.6166],[-2.0194,54.6179],[-2.0194,54.6166],[-2.0187,54.6162],[-2.0183,54.6147],[-2.0168,54.6152],[-2.0174,54.6163],[-2.0153,54.6167],[-2.0124,54.6186],[-2.0109,54.619],[-2.0109,54.6174],[-2.0098,54.6161],[-2.0027,54.6112],[-2.0017,54.61],[-1.9999,54.6091],[-1.9987,54.609],[-1.9969,54.6085],[-1.9922,54.6057],[-1.9899,54.6048],[-1.9874,54.6042],[-1.9848,54.6029],[-1.9828,54.601],[-1.98,54.6],[-1.9768,54.5985],[-1.9696,54.5959],[-1.9665,54.5952],[-1.9615,54.5953],[-1.9556,54.5957],[-1.9534,54.5954],[-1.9506,54.5944],[-1.9518,54.5974],[-1.9508,54.5993],[-1.9518,54.6013],[-1.9502,54.6014],[-1.95,54.6019],[-1.9464,54.602],[-1.9471,54.6053],[-1.9454,54.6056],[-1.9427,54.6059],[-1.9332,54.6069],[-1.93,54.6067],[-1.927,54.6072],[-1.9231,54.607],[-1.9167,54.6084],[-1.9173,54.6096],[-1.9166,54.6097],[-1.9128,54.6109],[-1.9055,54.6119],[-1.9063,54.6131],[-1.9119,54.617],[-1.9132,54.6181],[-1.9192,54.6176],[-1.9225,54.6183],[-1.9226,54.619],[-1.9206,54.6194],[-1.9166,54.6226],[-1.9153,54.6231],[-1.9139,54.6242],[-1.9157,54.6264],[-1.9201,54.6323],[-1.9226,54.6319],[-1.9244,54.6348],[-1.9253,54.6358],[-1.9249,54.6367],[-1.9284,54.6369],[-1.9295,54.6372],[-1.9307,54.6369],[-1.9318,54.6373],[-1.9347,54.6368],[-1.9368,54.637],[-1.938,54.6357],[-1.9397,54.6358],[-1.9415,54.6356],[-1.9426,54.6362],[-1.95,54.6396],[-1.9505,54.6407],[-1.9531,54.6413],[-1.9607,54.6425],[-1.9616,54.6424],[-1.9636,54.6429],[-1.9656,54.6426],[-1.9669,54.6429],[-1.9675,54.6435],[-1.9701,54.6443],[-1.9717,54.6455],[-1.9755,54.6501],[-1.977,54.6524],[-1.9784,54.6552],[-1.9806,54.6576],[-1.979,54.6651],[-1.9777,54.6705],[-1.9771,54.6725],[-1.9711,54.6732],[-1.9693,54.6736],[-1.9664,54.6729],[-1.9645,54.6721],[-1.9629,54.6722],[-1.9602,54.6718],[-1.9547,54.6713],[-1.948,54.6705],[-1.9442,54.6698],[-1.9372,54.6686],[-1.9312,54.6674],[-1.9296,54.668],[-1.9254,54.6683],[-1.9247,54.6681],[-1.923,54.6664],[-1.9217,54.6648],[-1.9202,54.6652],[-1.9136,54.6662],[-1.908,54.6668],[-1.9051,54.6673],[-1.9003,54.6674],[-1.9009,54.6683],[-1.9003,54.6708],[-1.8998,54.6718],[-1.899,54.6748],[-1.9,54.6754],[-1.9026,54.6759],[-1.903,54.6772],[-1.9015,54.6779],[-1.9045,54.68],[-1.9038,54.6804],[-1.9023,54.6799],[-1.9006,54.6799],[-1.895,54.6808],[-1.8931,54.6807],[-1.8907,54.6786],[-1.8818,54.6771],[-1.8792,54.6772],[-1.8839,54.6828],[-1.8788,54.6834],[-1.8767,54.6848],[-1.873,54.6838],[-1.8722,54.6847],[-1.8717,54.6859],[-1.8721,54.6874],[-1.8733,54.6892],[-1.8721,54.6924],[-1.8724,54.6959],[-1.8742,54.698],[-1.8722,54.6991],[-1.8696,54.6997],[-1.8659,54.701],[-1.8699,54.7028],[-1.8707,54.7034],[-1.873,54.7072],[-1.8741,54.7096],[-1.8744,54.7126],[-1.8764,54.7132],[-1.882,54.7144],[-1.8848,54.7162],[-1.8873,54.7167],[-1.8893,54.7165],[-1.8907,54.7181],[-1.8896,54.7201],[-1.8887,54.7223],[-1.8899,54.7232],[-1.894,54.7216],[-1.8962,54.7216],[-1.8962,54.7204],[-1.8971,54.7199],[-1.8986,54.7198],[-1.9018,54.7192],[-1.9038,54.7193],[-1.908,54.7192],[-1.9067,54.7208],[-1.907,54.7215],[-1.9089,54.721],[-1.9087,54.7204],[-1.9102,54.7199],[-1.9132,54.7197],[-1.9145,54.72],[-1.9144,54.7209],[-1.916,54.7226],[-1.9167,54.7226],[-1.918,54.7218],[-1.9197,54.7226],[-1.9226,54.7213],[-1.9253,54.7206],[-1.9266,54.7221],[-1.9298,54.7198],[-1.9301,54.7189],[-1.9339,54.7181],[-1.9343,54.7217],[-1.936,54.7218],[-1.9408,54.7207],[-1.9417,54.722],[-1.9425,54.7211],[-1.9472,54.7194],[-1.9492,54.7189],[-1.9531,54.7187],[-1.9546,54.7188],[-1.9547,54.7196],[-1.9591,54.72],[-1.9607,54.7188],[-1.9624,54.719],[-1.9641,54.7188],[-1.966,54.7196],[-1.967,54.7205],[-1.9668,54.721],[-1.9681,54.7233],[-1.9681,54.7243],[-1.967,54.7255],[-1.9716,54.7263],[-1.9761,54.727],[-1.9813,54.7283],[-1.9822,54.7279],[-1.9839,54.7279],[-1.9851,54.7291],[-1.9877,54.7262],[-1.9877,54.7238],[-1.9929,54.7238],[-1.9961,54.7248],[-1.9985,54.7249],[-1.9998,54.7276],[-1.9992,54.7285],[-2.0031,54.7296],[-2.0051,54.7305],[-2.0062,54.7312],[-2.0049,54.7324],[-2.0047,54.733],[-2.0053,54.734],[-2.0072,54.736],[-2.0085,54.7364],[-2.0096,54.7371],[-2.0125,54.7384],[-2.0172,54.7396],[-2.0209,54.7404],[-2.0217,54.7396],[-2.0218,54.7381],[-2.0206,54.7369],[-2.0194,54.7331],[-2.0197,54.7325],[-2.0215,54.7325],[-2.0243,54.7319],[-2.0285,54.7314],[-2.0308,54.7314],[-2.0316,54.7327],[-2.0318,54.7337],[-2.0328,54.7354],[-2.0367,54.7354],[-2.0382,54.7362],[-2.039,54.7386],[-2.0382,54.7392],[-2.0379,54.7402],[-2.0395,54.7399],[-2.041,54.7402],[-2.0423,54.7399],[-2.044,54.7384],[-2.0459,54.7373],[-2.0472,54.7363],[-2.0517,54.7351],[-2.0542,54.7341],[-2.0603,54.7308],[-2.0626,54.73],[-2.0651,54.7297],[-2.0661,54.7301],[-2.0684,54.7301],[-2.0693,54.7307],[-2.0712,54.7297],[-2.0758,54.728],[-2.0744,54.7262],[-2.0746,54.7255],[-2.0776,54.7248],[-2.0805,54.7246],[-2.0854,54.7245],[-2.0855,54.7253],[-2.0894,54.7252],[-2.091,54.7246],[-2.0928,54.7235],[-2.0935,54.7234],[-2.0954,54.724],[-2.0958,54.7231],[-2.0982,54.721],[-2.0993,54.719],[-2.1003,54.7183],[-2.1018,54.7181],[-2.1032,54.7184],[-2.1046,54.7195],[-2.1018,54.722],[-2.1001,54.7233],[-2.1001,54.7244],[-2.0991,54.7265],[-2.0971,54.7279],[-2.0952,54.7288],[-2.0953,54.7301],[-2.0961,54.7334],[-2.097,54.7367],[-2.0958,54.737],[-2.0964,54.7406],[-2.0949,54.7405],[-2.0949,54.7415],[-2.0898,54.7415],[-2.0867,54.7419],[-2.0815,54.7424],[-2.0771,54.743],[-2.0749,54.7437],[-2.0719,54.7435],[-2.0673,54.7437],[-2.0644,54.744],[-2.0625,54.7444],[-2.0596,54.7448],[-2.0564,54.7457],[-2.052,54.7458],[-2.0491,54.7453],[-2.0416,54.7455],[-2.0383,54.7458],[-2.0365,54.7458],[-2.0344,54.7462],[-2.0311,54.7474],[-2.0286,54.7491],[-2.0258,54.7497],[-2.0234,54.7496],[-2.0206,54.7489],[-2.018,54.7488],[-2.0169,54.7489],[-2.0169,54.7502],[-2.016,54.751],[-2.0169,54.7516],[-2.0167,54.7537],[-2.0179,54.7539],[-2.0197,54.7554],[-2.0166,54.7553],[-2.0124,54.7564],[-2.0083,54.7543],[-2.0077,54.7542],[-2.0053,54.753],[-2.0051,54.7514],[-2.0032,54.7505],[-2.0013,54.7491],[-1.9986,54.7475],[-1.9962,54.7464],[-1.995,54.7456],[-1.9947,54.7447],[-1.9921,54.7438],[-1.9915,54.7443],[-1.9884,54.7439],[-1.9882,54.7427],[-1.9873,54.7404],[-1.9868,54.7397],[-1.9848,54.7384],[-1.979,54.7356],[-1.9749,54.7342],[-1.9736,54.7334],[-1.9703,54.7322],[-1.9705,54.7319],[-1.9662,54.7308],[-1.9644,54.7304],[-1.9565,54.7299],[-1.9515,54.7299],[-1.9506,54.7292],[-1.9513,54.7278],[-1.9483,54.7275],[-1.9419,54.7273],[-1.9404,54.7273],[-1.9373,54.7279],[-1.9353,54.728],[-1.9294,54.7276],[-1.9296,54.7294],[-1.929,54.7297],[-1.9294,54.7309],[-1.9273,54.7311],[-1.9253,54.7315],[-1.9226,54.7314],[-1.9183,54.7321],[-1.9174,54.7324],[-1.9141,54.7329],[-1.9122,54.7329],[-1.9118,54.7324],[-1.9059,54.7329],[-1.8998,54.7331],[-1.9001,54.7349],[-1.898,54.7352],[-1.897,54.7348],[-1.8939,54.7352],[-1.893,54.7357],[-1.8911,54.7357],[-1.8901,54.7364],[-1.8896,54.7376],[-1.8905,54.7392],[-1.8919,54.7402],[-1.8915,54.7411],[-1.8918,54.7426],[-1.8911,54.7428],[-1.89,54.7421],[-1.8866,54.7406],[-1.8852,54.7412],[-1.8853,54.7419],[-1.8817,54.7425],[-1.8796,54.7419],[-1.8765,54.7389],[-1.8743,54.7375],[-1.8721,54.7377],[-1.8709,54.7382],[-1.8688,54.7385],[-1.8669,54.7385],[-1.8639,54.7379],[-1.8613,54.7383],[-1.8581,54.7377],[-1.8535,54.7371],[-1.8523,54.7371],[-1.85,54.7376],[-1.8463,54.7386],[-1.8432,54.7402],[-1.8422,54.7404],[-1.8427,54.7414],[-1.844,54.7424],[-1.8449,54.7428],[-1.8456,54.7439],[-1.8466,54.7445],[-1.8441,54.7465],[-1.8439,54.7478],[-1.8441,54.7501],[-1.8438,54.752],[-1.8413,54.7555],[-1.8412,54.7572],[-1.8426,54.7581],[-1.8486,54.7632],[-1.8492,54.7643],[-1.8523,54.7734],[-1.853,54.7761],[-1.8551,54.7801],[-1.8565,54.7851],[-1.8564,54.786],[-1.8557,54.789],[-1.8557,54.7955],[-1.858,54.7989],[-1.8586,54.8002],[-1.8574,54.8013],[-1.8573,54.8021],[-1.861,54.8083],[-1.8634,54.814],[-1.8631,54.8211],[-1.8634,54.823],[-1.8639,54.8242],[-1.8663,54.8278],[-1.8676,54.8289],[-1.8699,54.8295],[-1.8719,54.8303],[-1.8743,54.8306],[-1.8766,54.8303],[-1.8802,54.8305],[-1.8821,54.8301],[-1.8824,54.8317],[-1.8837,54.8324],[-1.8839,54.8335],[-1.8864,54.8355],[-1.8877,54.8355],[-1.8876,54.8362],[-1.8841,54.8353],[-1.8835,54.8357],[-1.8847,54.8386],[-1.884,54.8403],[-1.8819,54.8412],[-1.8817,54.8418],[-1.8825,54.8438],[-1.8813,54.8452],[-1.8815,54.8465],[-1.8826,54.8473],[-1.8836,54.8486],[-1.8846,54.8489],[-1.8927,54.85],[-1.8946,54.8504],[-1.8953,54.8502],[-1.9043,54.8484],[-1.906,54.848],[-1.9084,54.8464],[-1.9127,54.845],[-1.9114,54.8467],[-1.9113,54.8488],[-1.9116,54.8493],[-1.914,54.8507],[-1.9149,54.8516],[-1.9178,54.8552],[-1.9202,54.8564],[-1.9212,54.8571],[-1.9228,54.8588],[-1.9244,54.86],[-1.9319,54.8635],[-1.9349,54.8651],[-1.9364,54.8664],[-1.94,54.8702],[-1.9429,54.873],[-1.9494,54.8771],[-1.9564,54.8831],[-1.9611,54.8886],[-1.9613,54.8888],[-1.9674,54.889],[-1.9771,54.89],[-1.9889,54.8896],[-1.9924,54.8894],[-1.9985,54.8895],[-2.0065,54.8885],[-2.0127,54.8879],[-2.0165,54.8874],[-2.0199,54.8867],[-2.0225,54.8853],[-2.0254,54.8828],[-2.0275,54.8808],[-2.0281,54.8799],[-2.0312,54.8762],[-2.0326,54.877],[-2.033,54.8778],[-2.0377,54.8793],[-2.0395,54.8803],[-2.0424,54.8807],[-2.0437,54.8815],[-2.0457,54.8813],[-2.048,54.882],[-2.0503,54.8832],[-2.0533,54.8839],[-2.0547,54.8848],[-2.0564,54.885],[-2.0591,54.885],[-2.0682,54.8857],[-2.0736,54.8866],[-2.087,54.8802],[-2.0911,54.8843],[-2.0951,54.8881],[-2.0961,54.8882],[-2.0979,54.8895],[-2.1014,54.8929],[-2.1007,54.8947],[-2.1032,54.8961],[-2.1068,54.8978],[-2.1083,54.8977],[-2.1107,54.8989],[-2.1112,54.8998],[-2.1137,54.8994],[-2.1153,54.9002],[-2.1183,54.9001],[-2.1199,54.9005],[-2.117,54.9033],[-2.1169,54.9044],[-2.1158,54.9068],[-2.116,54.9087],[-2.1159,54.9103],[-2.1161,54.9115],[-2.1155,54.912],[-2.1145,54.9138],[-2.1151,54.9147],[-2.1222,54.9146],[-2.1245,54.9167],[-2.1256,54.9167],[-2.1269,54.9174],[-2.1272,54.918],[-2.1271,54.9196],[-2.1262,54.9206],[-2.1252,54.9241],[-2.125,54.9256],[-2.1252,54.9271],[-2.1251,54.9284],[-2.1253,54.9297],[-2.1246,54.9303],[-2.1227,54.931],[-2.1257,54.937],[-2.1265,54.9383],[-2.1296,54.944],[-2.1308,54.9451],[-2.1328,54.945],[-2.1351,54.9456],[-2.1364,54.9461],[-2.1418,54.9474],[-2.1428,54.9468],[-2.1447,54.9475],[-2.1458,54.9485],[-2.1503,54.9486],[-2.1536,54.9482],[-2.1586,54.9486],[-2.1628,54.9473],[-2.1627,54.9479],[-2.1656,54.9482],[-2.1704,54.9477],[-2.1724,54.9484],[-2.176,54.9484],[-2.1774,54.9481],[-2.1787,54.9491],[-2.1799,54.9486],[-2.1809,54.9499],[-2.1818,54.9519],[-2.1901,54.9507],[-2.1954,54.9504],[-2.2131,54.9495],[-2.2309,54.9467],[-2.2348,54.9464],[-2.2434,54.946],[-2.2498,54.9454],[-2.2612,54.9425],[-2.266,54.9421],[-2.2668,54.9421],[-2.2681,54.9438],[-2.2698,54.9453],[-2.2704,54.9464],[-2.2713,54.9471],[-2.276,54.9466],[-2.2775,54.9467],[-2.2876,54.9491],[-2.2995,54.9528],[-2.3037,54.9546],[-2.304,54.9565],[-2.3039,54.9591],[-2.2937,54.9626],[-2.294,54.9631],[-2.3003,54.9661],[-2.3041,54.9671],[-2.3056,54.9686],[-2.3056,54.97],[-2.3047,54.9708],[-2.3049,54.972],[-2.3206,54.9733],[-2.3211,54.9722],[-2.3223,54.9717],[-2.3247,54.97],[-2.3247,54.9692],[-2.3241,54.9682],[-2.3242,54.9674],[-2.325,54.966],[-2.3274,54.9646],[-2.3282,54.9611],[-2.3315,54.9565],[-2.3352,54.956],[-2.3412,54.9553],[-2.3582,54.9526],[-2.3612,54.9519],[-2.3639,54.9505],[-2.3689,54.9497],[-2.3752,54.9478],[-2.3787,54.947],[-2.3853,54.9457],[-2.3861,54.9451],[-2.3873,54.9411],[-2.388,54.9401],[-2.3907,54.9391],[-2.3962,54.9394],[-2.4014,54.9391],[-2.4044,54.9396],[-2.407,54.9393],[-2.4123,54.9366],[-2.4141,54.9355],[-2.4142,54.9342],[-2.4126,54.9315],[-2.4115,54.9294],[-2.409,54.9252],[-2.4081,54.9235],[-2.4121,54.9238],[-2.4145,54.9234],[-2.4223,54.9225],[-2.4249,54.923],[-2.4271,54.9223],[-2.4318,54.9225],[-2.4347,54.9223],[-2.4394,54.9212],[-2.4428,54.9209],[-2.4473,54.9213],[-2.448,54.9225],[-2.4541,54.924],[-2.454,54.9233],[-2.4556,54.9224],[-2.4575,54.9222],[-2.4596,54.9218],[-2.4634,54.9222],[-2.4652,54.9218],[-2.4675,54.9216],[-2.4685,54.9224],[-2.4705,54.9223],[-2.4708,54.9213],[-2.474,54.9197],[-2.4791,54.9184],[-2.4857,54.9187],[-2.4897,54.918],[-2.4912,54.9181],[-2.4928,54.9179],[-2.4955,54.9185],[-2.5003,54.9193],[-2.5023,54.9201],[-2.5044,54.9215],[-2.5047,54.9222],[-2.5064,54.9222],[-2.5098,54.9225],[-2.5118,54.9225],[-2.5119,54.921],[-2.5131,54.9196],[-2.5171,54.9202],[-2.5196,54.9203],[-2.5255,54.9211],[-2.527,54.921],[-2.5328,54.9201],[-2.5371,54.9198],[-2.5414,54.9197],[-2.556,54.9215],[-2.5583,54.9217],[-2.5592,54.923],[-2.5657,54.9242],[-2.5686,54.924],[-2.5702,54.9242],[-2.5718,54.9254],[-2.5784,54.9274],[-2.5799,54.9271],[-2.5853,54.9269],[-2.5864,54.9275],[-2.5887,54.9279],[-2.5906,54.9277],[-2.5917,54.9281],[-2.5925,54.9298],[-2.5951,54.9305],[-2.6,54.9308],[-2.6032,54.9305],[-2.6044,54.9306],[-2.6069,54.9317],[-2.6076,54.9328],[-2.6092,54.9339],[-2.6121,54.9346],[-2.6142,54.9344],[-2.6212,54.9332],[-2.6246,54.9331],[-2.6269,54.9335],[-2.6307,54.933],[-2.6329,54.9332],[-2.6353,54.9331],[-2.6405,54.9321],[-2.6422,54.9319],[-2.6444,54.9312],[-2.6491,54.9301],[-2.6541,54.9293],[-2.6554,54.9292],[-2.6573,54.9295],[-2.6587,54.9285],[-2.661,54.9278],[-2.667,54.9269],[-2.6698,54.9252],[-2.6788,54.9208],[-2.6803,54.9194],[-2.6828,54.9189],[-2.6891,54.9158],[-2.6924,54.9149],[-2.6945,54.9137],[-2.696,54.9138],[-2.6977,54.9131],[-2.6993,54.9128],[-2.6998,54.9121],[-2.7011,54.9114],[-2.702,54.9101],[-2.7034,54.9093],[-2.7087,54.9079],[-2.7134,54.907],[-2.7147,54.9057],[-2.7173,54.9039],[-2.7191,54.9034],[-2.7181,54.9014],[-2.7176,54.9],[-2.7164,54.8985],[-2.7164,54.8977],[-2.7153,54.8937],[-2.718,54.8932],[-2.7179,54.8923],[-2.7193,54.8888],[-2.7181,54.885],[-2.7185,54.8819],[-2.7194,54.8794],[-2.7212,54.8738],[-2.7211,54.8718],[-2.7207,54.8711],[-2.7186,54.8694],[-2.7177,54.8682],[-2.7176,54.8664],[-2.7168,54.8647],[-2.7165,54.859],[-2.7171,54.8572],[-2.7148,54.8556],[-2.7133,54.8536],[-2.7129,54.8522],[-2.7115,54.8509],[-2.7096,54.8499],[-2.7095,54.8486],[-2.7086,54.8474],[-2.707,54.8464],[-2.7024,54.8449],[-2.7,54.8435],[-2.6959,54.8418],[-2.6957,54.8408],[-2.694,54.8388],[-2.692,54.837],[-2.6916,54.8362],[-2.6925,54.8357],[-2.6915,54.8348],[-2.6907,54.8353],[-2.6892,54.8335],[-2.6844,54.8305],[-2.6821,54.8295],[-2.6811,54.8284],[-2.679,54.8269],[-2.6763,54.8244],[-2.6761,54.823],[-2.675,54.8219],[-2.6731,54.8207],[-2.6699,54.8192],[-2.6688,54.8184],[-2.6673,54.8181],[-2.6651,54.8164],[-2.6639,54.8169],[-2.661,54.8152],[-2.6609,54.8137],[-2.6604,54.8122],[-2.6596,54.8107],[-2.6593,54.8088],[-2.6569,54.8066],[-2.6562,54.8057],[-2.653,54.8041],[-2.6517,54.8033],[-2.651,54.8019],[-2.65,54.8008],[-2.6486,54.7988],[-2.6467,54.7975],[-2.6442,54.7964],[-2.6432,54.7958],[-2.6419,54.7934],[-2.6383,54.7915],[-2.6363,54.7901],[-2.6345,54.7899],[-2.6315,54.7889],[-2.6289,54.7863],[-2.6308,54.785],[-2.6304,54.784],[-2.6305,54.7827],[-2.6292,54.783],[-2.6269,54.7817],[-2.6248,54.7811],[-2.6222,54.7809],[-2.62,54.7811],[-2.6196,54.7794],[-2.6184,54.778],[-2.6189,54.7773],[-2.6185,54.7745],[-2.6167,54.7716],[-2.6139,54.7688],[-2.613,54.7674],[-2.6134,54.766],[-2.6124,54.7638],[-2.6095,54.7612],[-2.6091,54.7604],[-2.6073,54.7591],[-2.6063,54.7576],[-2.6052,54.7572],[-2.6043,54.7561],[-2.603,54.7552],[-2.603,54.7543],[-2.6084,54.7527],[-2.6088,54.7515],[-2.6103,54.7514],[-2.6106,54.7503],[-2.6119,54.75],[-2.6115,54.7494],[-2.613,54.7485],[-2.6118,54.7479],[-2.6134,54.7471],[-2.6148,54.7448],[-2.6115,54.7448],[-2.61,54.7438],[-2.6096,54.7432],[-2.608,54.7425],[-2.6059,54.7436],[-2.6052,54.7428],[-2.6043,54.7396],[-2.6047,54.7382],[-2.6045,54.7355],[-2.604,54.7348],[-2.6028,54.7342],[-2.6044,54.7336],[-2.6064,54.7335],[-2.6083,54.7314],[-2.6083,54.7305],[-2.6073,54.7294],[-2.6055,54.7289],[-2.6061,54.7284],[-2.6022,54.727],[-2.6021,54.726],[-2.6004,54.7251],[-2.5976,54.7245],[-2.5965,54.7248],[-2.5943,54.723],[-2.5923,54.7186],[-2.5932,54.7164],[-2.592,54.7146],[-2.5918,54.7129],[-2.5876,54.711],[-2.5862,54.7106],[-2.5848,54.7094],[-2.583,54.7085],[-2.5825,54.7077],[-2.5796,54.7059],[-2.5784,54.7049],[-2.5767,54.7041],[-2.5749,54.7037],[-2.5735,54.7025],[-2.5684,54.7001],[-2.5676,54.6976],[-2.5652,54.6955],[-2.565,54.6948],[-2.5635,54.6941],[-2.5622,54.6921],[-2.5601,54.6912],[-2.5582,54.691],[-2.5565,54.6902],[-2.5571,54.6872],[-2.5542,54.6871],[-2.5513,54.6865],[-2.5507,54.686],[-2.553,54.6855],[-2.5545,54.6833],[-2.5565,54.6818],[-2.5592,54.6802],[-2.5606,54.6797],[-2.5625,54.6779],[-2.5625,54.6774],[-2.5655,54.6765],[-2.5677,54.677],[-2.5681,54.676],[-2.5627,54.6743],[-2.5587,54.6713],[-2.5576,54.6703],[-2.5519,54.6684],[-2.5519,54.6679],[-2.5507,54.6667],[-2.5488,54.666],[-2.5441,54.6629],[-2.5415,54.661],[-2.5411,54.6601],[-2.5392,54.6584],[-2.5396,54.6578],[-2.5376,54.6556],[-2.5363,54.6528],[-2.5343,54.6503],[-2.5338,54.6491],[-2.5318,54.6459],[-2.5302,54.6424],[-2.5295,54.6413],[-2.5263,54.6419],[-2.5221,54.6438],[-2.521,54.6434],[-2.5195,54.6443],[-2.5172,54.6452],[-2.5156,54.6454],[-2.5132,54.6451],[-2.5111,54.6458],[-2.5055,54.642],[-2.5038,54.6416],[-2.5025,54.6398],[-2.5016,54.6392],[-2.4992,54.638],[-2.5015,54.6357],[-2.4996,54.6341],[-2.4954,54.6314],[-2.494,54.6307],[-2.4926,54.6309],[-2.4916,54.6291],[-2.4906,54.6285],[-2.4902,54.6273],[-2.4907,54.6265],[-2.4898,54.6253],[-2.4887,54.6231],[-2.4888,54.6218],[-2.4903,54.6208],[-2.4906,54.6199],[-2.4893,54.6198],[-2.4851,54.6183],[-2.4834,54.6174],[-2.4809,54.6168],[-2.4794,54.6178],[-2.4773,54.6162],[-2.4761,54.6146],[-2.4717,54.616],[-2.4695,54.6147],[-2.467,54.6138],[-2.4652,54.6136],[-2.4643,54.6126],[-2.4618,54.612],[-2.4592,54.6115],[-2.4556,54.6093],[-2.4528,54.608],[-2.4506,54.6079],[-2.4488,54.6075],[-2.4427,54.6074],[-2.441,54.607],[-2.4401,54.6063],[-2.4402,54.6055],[-2.4337,54.5994],[-2.4314,54.5978],[-2.4285,54.5968],[-2.4283,54.5958],[-2.4275,54.5951],[-2.4264,54.5931],[-2.4234,54.5903],[-2.4256,54.5899],[-2.4253,54.5891],[-2.4228,54.5894],[-2.4214,54.5883],[-2.4205,54.587],[-2.4193,54.5858],[-2.416,54.5833],[-2.4148,54.5822],[-2.4164,54.5815],[-2.4129,54.5769],[-2.4119,54.576],[-2.4132,54.5747],[-2.4115,54.5716],[-2.4113,54.5702],[-2.408,54.5682],[-2.4049,54.5657],[-2.4046,54.5651],[-2.4053,54.5634],[-2.4044,54.5614],[-2.4044,54.5582],[-2.4031,54.5564],[-2.4016,54.554],[-2.4014,54.552],[-2.4006,54.5508],[-2.3994,54.55],[-2.3986,54.5464],[-2.3975,54.5441],[-2.3957,54.5442],[-2.394,54.5438],[-2.3906,54.5428],[-2.3898,54.5423],[-2.3875,54.5402],[-2.3866,54.5396],[-2.3754,54.5351],[-2.3729,54.5341],[-2.3688,54.533],[-2.3631,54.5322],[-2.3616,54.5323],[-2.3543,54.532],[-2.3483,54.5322],[-2.3451,54.532],[-2.336,54.5312],[-2.3327,54.5303],[-2.3302,54.529],[-2.3293,54.5288],[-2.326,54.5284],[-2.3241,54.5287],[-2.3206,54.5288],[-2.3207,54.5297],[-2.3156,54.53],[-2.3148,54.529],[-2.3106,54.5291],[-2.3102,54.5282],[-2.3082,54.5279],[-2.3064,54.5289],[-2.3044,54.5285],[-2.3009,54.5289],[-2.2967,54.5279],[-2.2944,54.5279],[-2.2926,54.5272],[-2.2888,54.5263],[-2.2847,54.5258],[-2.2815,54.5262],[-2.2773,54.5271],[-2.2723,54.5283],[-2.2687,54.5294],[-2.2647,54.531],[-2.2629,54.5308],[-2.2596,54.5296],[-2.2566,54.529],[-2.2481,54.529],[-2.2406,54.5286],[-2.2394,54.5281],[-2.2319,54.5265],[-2.2301,54.5256],[-2.2252,54.5234],[-2.2192,54.5205],[-2.2161,54.5193],[-2.2059,54.5155],[-2.2066,54.5143],[-2.2045,54.5124],[-2.2081,54.5106],[-2.2095,54.5106],[-2.2123,54.5102],[-2.2141,54.5102],[-2.2197,54.5082],[-2.2238,54.5076],[-2.2271,54.5075],[-2.2326,54.5083],[-2.2333,54.5071],[-2.2348,54.507],[-2.2364,54.5065],[-2.2368,54.5053],[-2.2393,54.5053],[-2.2436,54.5039],[-2.2486,54.504],[-2.2596,54.5041],[-2.2622,54.5042],[-2.2661,54.5041],[-2.2675,54.5044],[-2.2692,54.5034],[-2.2704,54.5034],[-2.2713,54.5028],[-2.2744,54.5026],[-2.2763,54.5027],[-2.2795,54.5017],[-2.2861,54.4998],[-2.2923,54.4978],[-2.2941,54.4974],[-2.2959,54.4975],[-2.3012,54.4968],[-2.3043,54.4965],[-2.3054,54.4958],[-2.3084,54.4946],[-2.3074,54.4937],[-2.3081,54.4933],[-2.3142,54.4928],[-2.3154,54.4921],[-2.3204,54.4907],[-2.3158,54.489],[-2.3142,54.4881],[-2.3136,54.4862],[-2.3139,54.4858],[-2.316,54.4856],[-2.3182,54.4849],[-2.3199,54.4839],[-2.3209,54.4828],[-2.3231,54.4791],[-2.3256,54.4769],[-2.3292,54.4751],[-2.3313,54.4739],[-2.3321,54.4731],[-2.3335,54.471],[-2.3346,54.4697],[-2.3392,54.4652],[-2.3413,54.4636],[-2.3446,54.4623],[-2.3468,54.4618],[-2.352,54.4615],[-2.3515,54.4607],[-2.3513,54.4601],[-2.351,54.4597],[-2.3507,54.4594],[-2.3504,54.4589],[-2.35,54.4584],[-2.35,54.4583],[-2.35,54.4582],[-2.3499,54.4581],[-2.3499,54.458],[-2.3497,54.4575],[-2.3498,54.4571],[-2.3495,54.4567],[-2.3477,54.4563],[-2.3461,54.4558],[-2.3459,54.4557],[-2.3459,54.4556],[-2.3458,54.4556],[-2.3457,54.4555],[-2.3456,54.4555],[-2.3455,54.4555],[-2.3454,54.4554],[-2.345,54.4554],[-2.3433,54.4552],[-2.3429,54.4552],[-2.3426,54.4551],[-2.3425,54.4551],[-2.3424,54.4551],[-2.3422,54.455],[-2.342,54.4548],[-2.3419,54.4547],[-2.341,54.4538],[-2.3408,54.4536],[-2.3407,54.4535],[-2.3405,54.4534],[-2.3403,54.4532],[-2.3402,54.4532],[-2.34,54.4531],[-2.3398,54.453],[-2.3396,54.453],[-2.3396,54.4529],[-2.3395,54.4529],[-2.3394,54.4529],[-2.3393,54.4529],[-2.3392,54.4529],[-2.339,54.4528],[-2.3387,54.4528],[-2.3386,54.4527],[-2.3381,54.4527],[-2.3369,54.4527],[-2.334,54.4525],[-2.3328,54.4524],[-2.3327,54.4523],[-2.3326,54.4523],[-2.3325,54.4523],[-2.3324,54.4522],[-2.3323,54.4522],[-2.3321,54.4521],[-2.3317,54.4519],[-2.3311,54.4514],[-2.3307,54.4511],[-2.3306,54.4511],[-2.3305,54.451],[-2.3298,54.4509],[-2.3295,54.4507],[-2.3291,54.4503],[-2.3289,54.45],[-2.3287,54.4498],[-2.3286,54.4496],[-2.3285,54.4494],[-2.3284,54.4492],[-2.3284,54.4491],[-2.3283,54.4491],[-2.327,54.448],[-2.3269,54.4477],[-2.3266,54.447],[-2.3263,54.4465],[-2.3258,54.4461],[-2.3249,54.4456],[-2.3232,54.4448],[-2.3231,54.4448],[-2.3226,54.4446],[-2.3221,54.4443],[-2.3201,54.4435],[-2.3194,54.4433],[-2.319,54.443],[-2.3183,54.4427],[-2.3173,54.4422],[-2.3163,54.4417],[-2.3157,54.4415],[-2.3152,54.4414],[-2.3146,54.4413],[-2.3136,54.4411],[-2.3126,54.4408],[-2.3121,54.4406],[-2.3103,54.44],[-2.3099,54.4399],[-2.3092,54.4397],[-2.3063,54.4387],[-2.3062,54.4387],[-2.3058,54.4386],[-2.3056,54.4385],[-2.3053,54.4382],[-2.305,54.4378],[-2.3049,54.4376],[-2.3047,54.4374],[-2.3045,54.4372],[-2.3045,54.437],[-2.3044,54.4368],[-2.3043,54.4365],[-2.3041,54.436],[-2.304,54.4359],[-2.3039,54.4358],[-2.3038,54.4358],[-2.3037,54.4357],[-2.3035,54.4356],[-2.3031,54.4355],[-2.3025,54.4354],[-2.3022,54.4353],[-2.3012,54.4351],[-2.3008,54.4349],[-2.3005,54.4348],[-2.3,54.4346],[-2.2998,54.4345],[-2.2995,54.4344],[-2.299,54.4342],[-2.2984,54.4339],[-2.2978,54.4337],[-2.2967,54.4334],[-2.296,54.4333],[-2.2933,54.4326],[-2.2931,54.4325],[-2.2929,54.4325],[-2.2926,54.4324],[-2.2921,54.4319],[-2.2923,54.4325],[-2.2923,54.4326],[-2.2917,54.4349],[-2.2916,54.4362],[-2.2926,54.4376],[-2.2921,54.4385],[-2.2929,54.4393],[-2.2908,54.4393],[-2.2899,54.4389],[-2.2879,54.4389],[-2.2846,54.4385],[-2.2804,54.4389],[-2.2768,54.4402],[-2.275,54.4406],[-2.2738,54.4406],[-2.2711,54.441],[-2.2708,54.4416],[-2.2694,54.4421],[-2.2654,54.4429],[-2.2682,54.4472],[-2.2672,54.4471],[-2.2642,54.4483],[-2.2629,54.4486],[-2.2598,54.4485],[-2.2569,54.4501],[-2.2536,54.4505],[-2.2502,54.4519],[-2.2479,54.4515],[-2.2464,54.4518],[-2.2453,54.4514],[-2.2453,54.4508],[-2.244,54.45],[-2.2416,54.45],[-2.2398,54.4497],[-2.2386,54.4499],[-2.2357,54.4483],[-2.2355,54.4483],[-2.2107,54.4485],[-2.1924,54.4486],[-2.1893,54.449],[-2.1861,54.4522],[-2.1836,54.4557],[-2.1822,54.4573],[-2.1799,54.4585],[-2.1783,54.4607],[-2.1775,54.4616],[-2.1759,54.4616],[-2.1705,54.4612],[-2.1714,54.4599],[-2.1736,54.4586],[-2.172,54.4584],[-2.1702,54.4582],[-2.1673,54.4577],[-2.1647,54.4565],[-2.1601,54.4554],[-2.1571,54.4539],[-2.1546,54.4498],[-2.1549,54.4486],[-2.1533,54.4482],[-2.1529,54.4473],[-2.1501,54.4474],[-2.1483,54.4466],[-2.1458,54.4461],[-2.1428,54.4447],[-2.1372,54.4461],[-2.1368,54.4469],[-2.1383,54.4488],[-2.1362,54.45],[-2.1352,54.452],[-2.1314,54.4532],[-2.1329,54.4551],[-2.1294,54.4551],[-2.1274,54.456],[-2.1252,54.4586],[-2.1207,54.4614],[-2.1168,54.4621],[-2.1166,54.4623],[-2.116,54.4628],[-2.1143,54.4642],[-2.109,54.4644],[-2.1062,54.4647],[-2.1014,54.4655],[-2.0986,54.4664],[-2.0947,54.4673],[-2.0921,54.4676],[-2.0864,54.4684],[-2.0816,54.4699],[-2.0787,54.4717],[-2.077,54.4725],[-2.0758,54.4731],[-2.0712,54.4742],[-2.0704,54.4752],[-2.07,54.4757],[-2.0679,54.477],[-2.0663,54.4776],[-2.065,54.4782],[-2.0644,54.4785],[-2.0632,54.4789],[-2.0631,54.4797],[-2.0613,54.4806],[-2.0592,54.4812],[-2.053,54.4807],[-2.0505,54.4814],[-2.0486,54.4826],[-2.0456,54.4832],[-2.0432,54.4835],[-2.0441,54.4787],[-2.0443,54.4777],[-2.0447,54.4752],[-2.0421,54.4749],[-2.0371,54.4743],[-2.0347,54.4739],[-2.0294,54.473],[-2.0197,54.4721],[-2.0148,54.4716],[-2.0074,54.4696],[-2.0015,54.4681],[-2.0001,54.4677],[-1.9969,54.4669]]]},"properties":{"name":"North Pennines","kind":"national_landscape"},"id":21},
{"type":"Feature","geometry":{"type":"Polygon","coordinates":[[[-4.0415,50.2942],[-4.04,50.2945],[-4.0401,50.2935],[-4.0382,50.2929],[-4.0377,50.2932],[-4.0348,50.2929],[-4.0315,50.2942],[-4.0284,50.2955],[-4.0263,50.2959],[-4.0249,50.2966],[-4.023,50.2945],[-4.0203,50.2947],[-4.0191,50.2953],[-4.0185,50.297],[-4.0189,50.2977],[-4.0179,50.2981],[-4.0179,50.2992],[-4.0168,50.3004],[-4.0166,50.3012],[-4.0148,50.3019],[-4.014,50.3026],[-4.012,50.3031],[-4.0094,50.3029],[-4.0063,50.302],[-4.0065,50.3016],[-4.0038,50.3016],[-4.0027,50.3019],[-4.0012,50.3031],[-3.9999,50.3032],[-3.998,50.304],[-3.9973,50.3052],[-3.9939,50.3065],[-3.9937,50.307],[-3.9918,50.3075],[-3.9901,50.3074],[-3.9892,50.3077],[-3.9875,50.3071],[-3.9862,50.307],[-3.986,50.3064],[-3.9818,50.307],[-3.9814,50.3076],[-3.979,50.3067],[-3.9769,50.3074],[-3.9745,50.3071],[-3.9731,50.3071],[-3.9719,50.3059],[-3.9696,50.3063],[-3.969,50.3056],[-3.9693,50.3048],[-3.9676,50.3048],[-3.9642,50.3051],[-3.9638,50.3038],[-3.9608,50.3044],[-3.9601,50.3056],[-3.9585,50.3056],[-3.9554,50.3068],[-3.9543,50.3081],[-3.9529,50.3082],[-3.9474,50.3073],[-3.9479,50.3056],[-3.9472,50.304],[-3.9474,50.3022],[-3.946,50.3015],[-3.9447,50.3018],[-3.9437,50.3012],[-3.9438,50.2991],[-3.9451,50.2974],[-3.944,50.2973],[-3.9426,50.2964],[-3.9387,50.2975],[-3.9379,50.2969],[-3.9331,50.2952],[-3.9326,50.2956],[-3.9303,50.2963],[-3.9284,50.2957],[-3.9273,50.2966],[-3.926,50.297],[-3.9244,50.2968],[-3.9233,50.2971],[-3.9221,50.2968],[-3.9191,50.2958],[-3.9185,50.2961],[-3.9171,50.2959],[-3.915,50.2945],[-3.9132,50.2948],[-3.9123,50.2944],[-3.91,50.2944],[-3.9092,50.2935],[-3.9093,50.2924],[-3.9081,50.2924],[-3.9072,50.2921],[-3.9071,50.2904],[-3.9054,50.2906],[-3.9034,50.2899],[-3.9019,50.2888],[-3.9012,50.2879],[-3.8998,50.2886],[-3.8986,50.2884],[-3.897,50.2874],[-3.8967,50.2863],[-3.8987,50.285],[-3.8969,50.2839],[-3.8974,50.2836],[-3.8951,50.2818],[-3.8935,50.2818],[-3.8929,50.2823],[-3.8889,50.282],[-3.8875,50.2823],[-3.8857,50.2836],[-3.8826,50.2842],[-3.8803,50.2836],[-3.8783,50.282],[-3.8799,50.2819],[-3.8791,50.28],[-3.8787,50.278],[-3.8795,50.2769],[-3.8809,50.2769],[-3.8816,50.2764],[-3.8803,50.2746],[-3.8816,50.274],[-3.8814,50.2735],[-3.8796,50.2736],[-3.8791,50.2733],[-3.8791,50.272],[-3.8771,50.2717],[-3.8769,50.2709],[-3.8753,50.2704],[-3.8747,50.2693],[-3.8701,50.2681],[-3.8681,50.2665],[-3.8677,50.2654],[-3.8685,50.2644],[-3.8678,50.2636],[-3.866,50.264],[-3.8651,50.2639],[-3.8639,50.2644],[-3.8621,50.2642],[-3.8612,50.2633],[-3.8586,50.2616],[-3.8581,50.2608],[-3.8579,50.2591],[-3.8579,50.2566],[-3.8589,50.2554],[-3.8597,50.2553],[-3.8604,50.2544],[-3.8601,50.2523],[-3.8597,50.2519],[-3.8606,50.2507],[-3.8599,50.2501],[-3.859,50.2463],[-3.8607,50.2458],[-3.8593,50.2448],[-3.8591,50.2426],[-3.8597,50.2421],[-3.8612,50.2427],[-3.8625,50.2427],[-3.8643,50.2424],[-3.8648,50.2429],[-3.8664,50.2433],[-3.87,50.2428],[-3.8711,50.2419],[-3.8694,50.2408],[-3.8683,50.2408],[-3.867,50.2399],[-3.8683,50.2389],[-3.8668,50.2387],[-3.8662,50.2382],[-3.8645,50.2373],[-3.8633,50.2374],[-3.8631,50.2366],[-3.8612,50.2351],[-3.8603,50.235],[-3.86,50.2342],[-3.8584,50.2344],[-3.8561,50.2341],[-3.8555,50.2344],[-3.8537,50.2345],[-3.8525,50.234],[-3.8528,50.2331],[-3.851,50.2324],[-3.848,50.2308],[-3.8477,50.2303],[-3.8441,50.2301],[-3.8423,50.2303],[-3.8416,50.2296],[-3.838,50.2287],[-3.8376,50.2278],[-3.8356,50.2276],[-3.8331,50.2255],[-3.8328,50.2247],[-3.8319,50.2247],[-3.831,50.2238],[-3.8285,50.2231],[-3.827,50.2235],[-3.8272,50.222],[-3.8262,50.2212],[-3.8262,50.2202],[-3.8251,50.22],[-3.8246,50.2191],[-3.8238,50.2186],[-3.8227,50.2172],[-3.8207,50.2173],[-3.8199,50.2163],[-3.8182,50.2164],[-3.817,50.2168],[-3.8163,50.2162],[-3.8165,50.2151],[-3.8131,50.2149],[-3.8122,50.2144],[-3.8104,50.2142],[-3.8056,50.2149],[-3.8045,50.2146],[-3.8029,50.2149],[-3.7994,50.2147],[-3.7993,50.2137],[-3.7983,50.2131],[-3.7984,50.2124],[-3.7955,50.2112],[-3.7941,50.2115],[-3.7913,50.2111],[-3.79,50.2101],[-3.7879,50.2098],[-3.7863,50.2106],[-3.7846,50.2108],[-3.7851,50.2117],[-3.7869,50.2131],[-3.7871,50.2141],[-3.7862,50.2151],[-3.785,50.2154],[-3.7835,50.2153],[-3.7808,50.2156],[-3.7812,50.2164],[-3.7809,50.2182],[-3.781,50.2196],[-3.7822,50.2213],[-3.7813,50.2231],[-3.7717,50.2232],[-3.77,50.2217],[-3.7673,50.2211],[-3.766,50.2204],[-3.764,50.2201],[-3.7623,50.2202],[-3.761,50.2206],[-3.7603,50.2201],[-3.758,50.2194],[-3.7562,50.2191],[-3.7552,50.2187],[-3.7509,50.2188],[-3.75,50.2191],[-3.7489,50.2182],[-3.7481,50.2185],[-3.7467,50.2177],[-3.7472,50.2172],[-3.7464,50.2165],[-3.7455,50.2166],[-3.7436,50.2153],[-3.7413,50.2152],[-3.7398,50.2146],[-3.7383,50.2144],[-3.7375,50.2148],[-3.7358,50.2135],[-3.7365,50.2133],[-3.7364,50.2124],[-3.7353,50.2125],[-3.735,50.2105],[-3.7332,50.2101],[-3.7327,50.2083],[-3.7319,50.2071],[-3.7306,50.2067],[-3.7301,50.2072],[-3.73,50.2086],[-3.729,50.2081],[-3.7282,50.2083],[-3.7258,50.2082],[-3.7265,50.2059],[-3.7254,50.2047],[-3.7248,50.2045],[-3.7228,50.2025],[-3.7215,50.202],[-3.7203,50.202],[-3.7194,50.2025],[-3.719,50.2034],[-3.7175,50.2039],[-3.7167,50.2054],[-3.7159,50.2048],[-3.7145,50.2059],[-3.7099,50.2064],[-3.7079,50.2055],[-3.7053,50.2076],[-3.7043,50.2078],[-3.7035,50.2086],[-3.7031,50.2097],[-3.7037,50.2109],[-3.7021,50.2113],[-3.7004,50.2121],[-3.6972,50.2133],[-3.6965,50.2132],[-3.6957,50.2141],[-3.6946,50.214],[-3.693,50.2154],[-3.6889,50.2162],[-3.689,50.2181],[-3.6882,50.219],[-3.6871,50.2189],[-3.6862,50.2197],[-3.6847,50.2197],[-3.6841,50.2207],[-3.6806,50.2224],[-3.679,50.2218],[-3.6766,50.2217],[-3.6754,50.2212],[-3.6723,50.2211],[-3.6696,50.2205],[-3.6678,50.2204],[-3.6663,50.221],[-3.6646,50.2202],[-3.663,50.2206],[-3.6615,50.2207],[-3.6592,50.2203],[-3.6591,50.2197],[-3.658,50.2192],[-3.658,50.2186],[-3.656,50.2178],[-3.6542,50.2187],[-3.6528,50.2196],[-3.6506,50.2207],[-3.6504,50.2216],[-3.6493,50.2219],[-3.6482,50.2218],[-3.6461,50.2222],[-3.6438,50.2221],[-3.6432,50.2217],[-3.6407,50.2218],[-3.6405,50.2231],[-3.642,50.2232],[-3.6437,50.2239],[-3.6492,50.2248],[-3.6509,50.2252],[-3.6521,50.2268],[-3.6541,50.2275],[-3.6553,50.2291],[-3.6573,50.231],[-3.6574,50.2318],[-3.6584,50.2336],[-3.6587,50.2351],[-3.659,50.2384],[-3.6589,50.2422],[-3.6582,50.2439],[-3.6575,50.2448],[-3.6578,50.2462],[-3.6573,50.2481],[-3.657,50.2503],[-3.6565,50.2517],[-3.6551,50.2563],[-3.6547,50.2573],[-3.6533,50.2621],[-3.6522,50.2635],[-3.6522,50.2655],[-3.6514,50.2691],[-3.6504,50.2723],[-3.6473,50.2807],[-3.6456,50.2843],[-3.6437,50.2876],[-3.6416,50.291],[-3.64,50.2934],[-3.6363,50.298],[-3.6336,50.301],[-3.6294,50.3051],[-3.6267,50.3069],[-3.6253,50.3073],[-3.6233,50.3084],[-3.6219,50.3087],[-3.6213,50.3101],[-3.6196,50.311],[-3.6194,50.3118],[-3.6169,50.3132],[-3.6165,50.3143],[-3.6144,50.3155],[-3.6132,50.3159],[-3.6134,50.3164],[-3.6124,50.3169],[-3.6131,50.3175],[-3.6126,50.3182],[-3.6113,50.3189],[-3.6088,50.3197],[-3.6073,50.3201],[-3.6055,50.32],[-3.6037,50.3191],[-3.6006,50.3194],[-3.5997,50.3193],[-3.5984,50.3197],[-3.5965,50.3198],[-3.5951,50.3205],[-3.595,50.3222],[-3.5942,50.3228],[-3.5907,50.3243],[-3.5883,50.3258],[-3.5868,50.3261],[-3.5841,50.3262],[-3.5832,50.325],[-3.5811,50.3254],[-3.5805,50.326],[-3.5791,50.3258],[-3.5776,50.326],[-3.5765,50.325],[-3.5746,50.326],[-3.5703,50.327],[-3.5445,50.3357],[-3.5439,50.3354],[-3.5427,50.3358],[-3.5395,50.3363],[-3.5383,50.3372],[-3.5364,50.3366],[-3.5343,50.3372],[-3.534,50.3383],[-3.5325,50.3391],[-3.5337,50.3397],[-3.532,50.3422],[-3.5307,50.3433],[-3.531,50.3444],[-3.5289,50.3439],[-3.5274,50.3439],[-3.5257,50.3443],[-3.5241,50.3444],[-3.5208,50.3449],[-3.5202,50.3453],[-3.5207,50.346],[-3.518,50.3463],[-3.5187,50.347],[-3.5184,50.3476],[-3.5172,50.3482],[-3.5182,50.3489],[-3.5164,50.3502],[-3.5154,50.3504],[-3.5148,50.3515],[-3.5148,50.3526],[-3.5154,50.3536],[-3.516,50.3556],[-3.5189,50.3562],[-3.5198,50.3567],[-3.5208,50.3567],[-3.5211,50.3574],[-3.5205,50.3604],[-3.5189,50.3632],[-3.5181,50.3641],[-3.516,50.3646],[-3.5163,50.3671],[-3.5155,50.3679],[-3.5146,50.368],[-3.5129,50.3686],[-3.5158,50.3693],[-3.5163,50.3707],[-3.5161,50.3718],[-3.5147,50.3738],[-3.5106,50.3763],[-3.5088,50.3766],[-3.5078,50.3791],[-3.5064,50.3798],[-3.5045,50.3798],[-3.5016,50.3805],[-3.4988,50.3806],[-3.4961,50.3814],[-3.4965,50.3822],[-3.4974,50.3823],[-3.4982,50.3841],[-3.502,50.3841],[-3.5032,50.3847],[-3.5038,50.3862],[-3.5037,50.3878],[-3.5033,50.3889],[-3.502,50.3896],[-3.5,50.3896],[-3.4973,50.391],[-3.4967,50.3918],[-3.4944,50.3915],[-3.493,50.3919],[-3.4923,50.3925],[-3.4925,50.3931],[-3.4899,50.3942],[-3.4889,50.3942],[-3.4893,50.3956],[-3.4892,50.3967],[-3.4881,50.3979],[-3.4847,50.398],[-3.4826,50.3988],[-3.4825,50.3997],[-3.4837,50.4004],[-3.486,50.4006],[-3.4868,50.4009],[-3.4882,50.4004],[-3.4908,50.401],[-3.4928,50.4013],[-3.4939,50.4012],[-3.4965,50.3979],[-3.4983,50.3984],[-3.5025,50.3966],[-3.505,50.3937],[-3.5041,50.3928],[-3.5032,50.3913],[-3.5058,50.3904],[-3.5061,50.389],[-3.506,50.3881],[-3.507,50.3873],[-3.5091,50.3868],[-3.5114,50.387],[-3.5123,50.3856],[-3.5143,50.3851],[-3.5153,50.3845],[-3.5156,50.3836],[-3.5124,50.3838],[-3.5135,50.3825],[-3.516,50.3813],[-3.5185,50.3789],[-3.5242,50.3777],[-3.5262,50.3776],[-3.5286,50.3783],[-3.5297,50.3783],[-3.5325,50.3777],[-3.5337,50.3785],[-3.5341,50.3796],[-3.5356,50.3803],[-3.5371,50.3803],[-3.5404,50.3809],[-3.5397,50.3828],[-3.5387,50.3828],[-3.5357,50.3844],[-3.5321,50.3859],[-3.5308,50.386],[-3.5283,50.386],[-3.526,50.3869],[-3.5242,50.3873],[-3.5243,50.388],[-3.5264,50.3889],[-3.5279,50.3893],[-3.5275,50.3898],[-3.5285,50.3909],[-3.5304,50.3914],[-3.5216,50.3993],[-3.5203,50.4008],[-3.5219,50.4022],[-3.5242,50.4028],[-3.5241,50.4037],[-3.5257,50.4037],[-3.5283,50.4048],[-3.533,50.4048],[-3.5351,50.4043],[-3.5363,50.4046],[-3.5374,50.4038],[-3.5405,50.4034],[-3.5415,50.4028],[-3.5448,50.4021],[-3.5463,50.403],[-3.5459,50.4037],[-3.5468,50.4047],[-3.5483,50.4061],[-3.5491,50.4065],[-3.5512,50.4065],[-3.5518,50.4056],[-3.552,50.4045],[-3.5492,50.4031],[-3.5484,50.4029],[-3.5441,50.3994],[-3.5427,50.3975],[-3.5424,50.3964],[-3.5401,50.3953],[-3.5438,50.3927],[-3.5444,50.3916],[-3.5455,50.3906],[-3.547,50.3914],[-3.5483,50.3894],[-3.5522,50.3879],[-3.5529,50.3871],[-3.5552,50.3858],[-3.5577,50.3849],[-3.5596,50.3837],[-3.5598,50.3847],[-3.5613,50.3864],[-3.5623,50.388],[-3.5631,50.3903],[-3.5636,50.3912],[-3.5666,50.3944],[-3.5687,50.3945],[-3.5687,50.3953],[-3.5698,50.3953],[-3.5748,50.397],[-3.5788,50.3981],[-3.5822,50.3988],[-3.5843,50.4006],[-3.5857,50.401],[-3.588,50.4003],[-3.5922,50.4008],[-3.5938,50.4005],[-3.5959,50.4006],[-3.5971,50.4002],[-3.6005,50.3999],[-3.6031,50.3998],[-3.6045,50.4001],[-3.6062,50.4013],[-3.6068,50.4024],[-3.607,50.4046],[-3.6079,50.4057],[-3.61,50.4068],[-3.6104,50.4077],[-3.6133,50.4096],[-3.6149,50.4103],[-3.6167,50.4118],[-3.6223,50.4144],[-3.6239,50.4159],[-3.6264,50.4173],[-3.6293,50.4184],[-3.6317,50.4191],[-3.6348,50.4198],[-3.6361,50.4199],[-3.6407,50.4182],[-3.6437,50.4178],[-3.6464,50.4178],[-3.649,50.4174],[-3.6517,50.4174],[-3.6518,50.4179],[-3.655,50.4208],[-3.6553,50.4215],[-3.6568,50.4227],[-3.6579,50.4253],[-3.6605,50.426],[-3.6622,50.426],[-3.6648,50.4265],[-3.6651,50.4277],[-3.6651,50.429],[-3.6663,50.4286],[-3.6679,50.4274],[-3.6672,50.4262],[-3.6679,50.4247],[-3.6672,50.4236],[-3.6685,50.422],[-3.6687,50.421],[-3.6672,50.4199],[-3.666,50.4197],[-3.6683,50.4147],[-3.6681,50.4141],[-3.6692,50.4133],[-3.6699,50.4133],[-3.6714,50.4122],[-3.673,50.4094],[-3.676,50.4065],[-3.6759,50.4058],[-3.6744,50.4035],[-3.6742,50.4016],[-3.6739,50.4009],[-3.6738,50.3983],[-3.6724,50.3974],[-3.6721,50.3966],[-3.6702,50.3958],[-3.6677,50.3943],[-3.6635,50.394],[-3.663,50.3932],[-3.6637,50.3923],[-3.6621,50.3909],[-3.659,50.3919],[-3.658,50.3917],[-3.6555,50.3905],[-3.653,50.3888],[-3.6487,50.3884],[-3.6475,50.3876],[-3.6455,50.3871],[-3.6439,50.3864],[-3.6396,50.386],[-3.6379,50.3851],[-3.6361,50.383],[-3.6352,50.3818],[-3.6325,50.3815],[-3.6283,50.3802],[-3.627,50.3787],[-3.6232,50.3794],[-3.6209,50.3796],[-3.6165,50.3792],[-3.6154,50.3793],[-3.6127,50.3779],[-3.61,50.3768],[-3.6069,50.376],[-3.6036,50.3749],[-3.6019,50.3742],[-3.6016,50.3729],[-3.5991,50.3704],[-3.5987,50.3689],[-3.5999,50.3674],[-3.6003,50.366],[-3.6017,50.3651],[-3.6018,50.3637],[-3.6009,50.3619],[-3.5989,50.3596],[-3.5987,50.3565],[-3.5978,50.3541],[-3.5963,50.3531],[-3.5919,50.3532],[-3.5919,50.3527],[-3.5938,50.3511],[-3.5946,50.3502],[-3.5951,50.3484],[-3.595,50.3473],[-3.5945,50.3465],[-3.5914,50.3443],[-3.5895,50.3424],[-3.5899,50.3409],[-3.5896,50.3398],[-3.5917,50.3381],[-3.5956,50.3364],[-3.5975,50.3361],[-3.5998,50.3361],[-3.6039,50.3345],[-3.6047,50.3338],[-3.6071,50.333],[-3.6085,50.3316],[-3.6131,50.3306],[-3.6167,50.3289],[-3.6185,50.3278],[-3.6195,50.3263],[-3.624,50.3248],[-3.6277,50.3263],[-3.629,50.3262],[-3.6319,50.3252],[-3.6351,50.3245],[-3.6388,50.3236],[-3.6401,50.3256],[-3.6419,50.3271],[-3.6435,50.3292],[-3.6463,50.331],[-3.6473,50.3323],[-3.6477,50.3341],[-3.6488,50.3354],[-3.6529,50.3386],[-3.6543,50.3406],[-3.6544,50.3431],[-3.6553,50.3443],[-3.6565,50.3454],[-3.6584,50.345],[-3.6609,50.3436],[-3.6626,50.343],[-3.6648,50.3416],[-3.6665,50.3389],[-3.6705,50.3363],[-3.6719,50.3351],[-3.6753,50.3325],[-3.6774,50.3322],[-3.6786,50.3315],[-3.6782,50.3303],[-3.6807,50.329],[-3.6829,50.3273],[-3.6824,50.3263],[-3.6852,50.3247],[-3.6883,50.3236],[-3.6921,50.3227],[-3.6943,50.3224],[-3.6969,50.3219],[-3.6962,50.3215],[-3.6945,50.3211],[-3.6908,50.3188],[-3.6867,50.3167],[-3.6853,50.3163],[-3.6822,50.3146],[-3.6786,50.3138],[-3.6757,50.3127],[-3.6732,50.3122],[-3.6719,50.3115],[-3.67,50.3093],[-3.669,50.3074],[-3.6665,50.3035],[-3.6659,50.3022],[-3.6649,50.3009],[-3.6644,50.2985],[-3.6638,50.2976],[-3.6627,50.2948],[-3.6607,50.2932],[-3.6635,50.2912],[-3.6652,50.2895],[-3.6671,50.289],[-3.668,50.2885],[-3.6689,50.2886],[-3.6708,50.2885],[-3.6729,50.2878],[-3.6739,50.2869],[-3.676,50.2858],[-3.6797,50.2847],[-3.6819,50.2836],[-3.6827,50.2829],[-3.6834,50.2815],[-3.6835,50.2803],[-3.6827,50.2789],[-3.6828,50.2784],[-3.6872,50.2752],[-3.6909,50.2734],[-3.6949,50.273],[-3.7015,50.2727],[-3.7039,50.273],[-3.7047,50.2737],[-3.7057,50.2737],[-3.7086,50.2724],[-3.7097,50.2724],[-3.7127,50.2716],[-3.7164,50.2713],[-3.7184,50.2714],[-3.7202,50.2708],[-3.7224,50.2708],[-3.7258,50.2714],[-3.7281,50.2721],[-3.7313,50.2737],[-3.7325,50.2749],[-3.7346,50.2761],[-3.737,50.2771],[-3.7376,50.2777],[-3.7394,50.2778],[-3.7421,50.2788],[-3.7445,50.2795],[-3.7477,50.2795],[-3.7492,50.2799],[-3.7577,50.2834],[-3.758,50.284],[-3.7573,50.2848],[-3.7558,50.2856],[-3.7542,50.2883],[-3.7548,50.2894],[-3.7567,50.291],[-3.7589,50.291],[-3.7589,50.2904],[-3.7603,50.289],[-3.7626,50.2878],[-3.7671,50.2861],[-3.7683,50.2853],[-3.7682,50.2822],[-3.7698,50.2817],[-3.7721,50.2815],[-3.7734,50.2819],[-3.7748,50.2812],[-3.7754,50.2822],[-3.777,50.2838],[-3.7796,50.2826],[-3.7817,50.2826],[-3.783,50.2832],[-3.7847,50.2843],[-3.7848,50.2853],[-3.784,50.2865],[-3.7778,50.2922],[-3.7769,50.2938],[-3.7768,50.2964],[-3.7775,50.2978],[-3.7786,50.2988],[-3.7769,50.3001],[-3.7762,50.3012],[-3.7763,50.3021],[-3.7742,50.3029],[-3.7734,50.3035],[-3.7721,50.3036],[-3.7721,50.3058],[-3.7689,50.3081],[-3.7683,50.3103],[-3.767,50.3123],[-3.7657,50.3138],[-3.7628,50.3162],[-3.7673,50.3179],[-3.771,50.3187],[-3.7739,50.3206],[-3.7723,50.3217],[-3.7693,50.3235],[-3.7688,50.3247],[-3.7704,50.3245],[-3.7739,50.3261],[-3.7725,50.3282],[-3.7701,50.3298],[-3.7688,50.3311],[-3.7686,50.3319],[-3.7689,50.3342],[-3.7693,50.3351],[-3.7704,50.336],[-3.7693,50.3363],[-3.7689,50.3379],[-3.7681,50.3389],[-3.7666,50.3405],[-3.7648,50.3414],[-3.7656,50.3422],[-3.7659,50.3437],[-3.7672,50.3445],[-3.7674,50.3459],[-3.7669,50.3491],[-3.7682,50.3501],[-3.7674,50.3511],[-3.7664,50.3516],[-3.7662,50.3522],[-3.7644,50.3532],[-3.7639,50.3545],[-3.7654,50.3574],[-3.7666,50.3579],[-3.7692,50.3581],[-3.7715,50.359],[-3.7686,50.3594],[-3.7672,50.3605],[-3.7668,50.3618],[-3.7632,50.3617],[-3.7645,50.3635],[-3.7645,50.364],[-3.7656,50.3645],[-3.7668,50.366],[-3.766,50.3668],[-3.7644,50.367],[-3.764,50.3676],[-3.7642,50.3696],[-3.7641,50.3719],[-3.763,50.3733],[-3.7637,50.3744],[-3.7607,50.3764],[-3.7591,50.3773],[-3.7607,50.378],[-3.7632,50.3797],[-3.764,50.3807],[-3.7655,50.3817],[-3.7679,50.384],[-3.7686,50.3852],[-3.7693,50.3883],[-3.7705,50.3898],[-3.7728,50.3917],[-3.7788,50.3961],[-3.7803,50.3979],[-3.7811,50.4],[-3.7811,50.4016],[-3.7828,50.4028],[-3.7843,50.4035],[-3.7854,50.4048],[-3.7852,50.407],[-3.7842,50.4084],[-3.7835,50.41],[-3.7826,50.4128],[-3.7844,50.4131],[-3.7873,50.4125],[-3.7881,50.4127],[-3.789,50.4122],[-3.7933,50.4109],[-3.7956,50.4109],[-3.7967,50.4122],[-3.7968,50.4128],[-3.7997,50.4137],[-3.8009,50.4148],[-3.8024,50.4135],[-3.8037,50.4128],[-3.8065,50.4109],[-3.8096,50.4101],[-3.8123,50.4101],[-3.8144,50.4094],[-3.8156,50.4088],[-3.8174,50.4083],[-3.8219,50.4058],[-3.8233,50.4036],[-3.8249,50.4024],[-3.8236,50.4022],[-3.8234,50.4017],[-3.8215,50.4006],[-3.8191,50.3995],[-3.8187,50.3978],[-3.8179,50.3971],[-3.8187,50.3959],[-3.8198,50.3958],[-3.8194,50.3935],[-3.8196,50.39],[-3.8215,50.3889],[-3.8243,50.3866],[-3.8262,50.3855],[-3.8255,50.3847],[-3.8246,50.3846],[-3.8217,50.383],[-3.8202,50.3803],[-3.8236,50.3792],[-3.8206,50.3779],[-3.819,50.3779],[-3.8169,50.3766],[-3.8167,50.3752],[-3.8141,50.3742],[-3.8123,50.3728],[-3.811,50.3711],[-3.8108,50.3693],[-3.8117,50.3678],[-3.8103,50.3669],[-3.8085,50.3668],[-3.8055,50.3654],[-3.8056,50.3648],[-3.8091,50.3629],[-3.812,50.3603],[-3.811,50.3595],[-3.8114,50.3589],[-3.8139,50.3585],[-3.8157,50.358],[-3.8138,50.3569],[-3.8127,50.3554],[-3.8096,50.3533],[-3.806,50.3501],[-3.8047,50.3485],[-3.8035,50.3453],[-3.8019,50.3439],[-3.7993,50.3412],[-3.7987,50.3404],[-3.7985,50.339],[-3.7977,50.3375],[-3.7982,50.3367],[-3.8001,50.3349],[-3.8005,50.3336],[-3.8007,50.332],[-3.8005,50.3297],[-3.8009,50.3287],[-3.8009,50.3273],[-3.8015,50.3267],[-3.8024,50.3244],[-3.8041,50.3217],[-3.8076,50.3181],[-3.809,50.316],[-3.8127,50.3135],[-3.814,50.313],[-3.8154,50.3118],[-3.8198,50.3126],[-3.8205,50.3131],[-3.8223,50.3132],[-3.8258,50.3126],[-3.829,50.3124],[-3.8335,50.3128],[-3.8355,50.3141],[-3.8363,50.3151],[-3.8375,50.3151],[-3.838,50.3166],[-3.8413,50.32],[-3.8428,50.3209],[-3.8429,50.3214],[-3.8426,50.3228],[-3.8435,50.3242],[-3.842,50.327],[-3.8433,50.329],[-3.8458,50.3307],[-3.8487,50.3331],[-3.8537,50.3353],[-3.8593,50.3396],[-3.862,50.3391],[-3.8634,50.3391],[-3.8681,50.3403],[-3.8707,50.3402],[-3.8719,50.3408],[-3.876,50.3416],[-3.8789,50.3428],[-3.8795,50.3433],[-3.8827,50.3445],[-3.8852,50.3449],[-3.8884,50.346],[-3.889,50.3464],[-3.8882,50.3476],[-3.8867,50.348],[-3.8863,50.3489],[-3.8896,50.3493],[-3.8902,50.3498],[-3.8915,50.3501],[-3.8925,50.3496],[-3.8959,50.3499],[-3.8974,50.3495],[-3.8999,50.3493],[-3.9052,50.3501],[-3.909,50.3504],[-3.9109,50.3501],[-3.9179,50.3495],[-3.9204,50.3494],[-3.9219,50.3503],[-3.9235,50.3506],[-3.9258,50.3514],[-3.9296,50.3523],[-3.9311,50.3522],[-3.9355,50.3525],[-3.9382,50.3523],[-3.9419,50.3517],[-3.9452,50.351],[-3.9491,50.3505],[-3.9516,50.3506],[-3.9573,50.3511],[-3.9605,50.351],[-3.9652,50.3512],[-3.9695,50.3518],[-3.9714,50.3519],[-3.9776,50.3513],[-3.9823,50.3506],[-3.9889,50.3509],[-3.9932,50.35],[-3.995,50.349],[-3.9989,50.3485],[-4.0007,50.3484],[-4.0038,50.3479],[-4.0064,50.3472],[-4.0126,50.3463],[-4.0142,50.3462],[-4.0171,50.3468],[-4.0211,50.3485],[-4.0234,50.3502],[-4.0252,50.3506],[-4.0294,50.3507],[-4.0344,50.3515],[-4.0365,50.351],[-4.0404,50.3499],[-4.0428,50.3497],[-4.043,50.349],[-4.0455,50.3485],[-4.0487,50.3474],[-4.051,50.3473],[-4.0529,50.3478],[-4.055,50.3474],[-4.0558,50.3475],[-4.0609,50.3475],[-4.0663,50.3465],[-4.0678,50.3452],[-4.0697,50.3442],[-4.0732,50.3443],[-4.0798,50.3445],[-4.0852,50.3433],[-4.0892,50.3429],[-4.0912,50.342],[-4.0932,50.3433],[-4.094,50.3432],[-4.0979,50.344],[-4.1,50.3443],[-4.1023,50.3452],[-4.1052,50.3457],[-4.1072,50.3456],[-4.109,50.3452],[-4.1106,50.3451],[-4.1129,50.3445],[-4.1148,50.3444],[-4.1159,50.3454],[-4.1193,50.3454],[-4.1202,50.3458],[-4.1208,50.3467],[-4.1205,50.3488],[-4.12,50.3493],[-4.1202,50.3514],[-4.123,50.3533],[-4.1234,50.3546],[-4.1244,50.3553],[-4.1259,50.3544],[-4.1242,50.3534],[-4.1245,50.3531],[-4.1228,50.3522],[-4.1217,50.3506],[-4.1215,50.3486],[-4.124,50.3457],[-4.1249,50.345],[-4.1261,50.3448],[-4.1269,50.3437],[-4.1278,50.3434],[-4.1279,50.3421],[-4.1287,50.3414],[-4.1287,50.3404],[-4.1273,50.3393],[-4.1272,50.3382],[-4.128,50.337],[-4.1267,50.336],[-4.125,50.336],[-4.1243,50.3365],[-4.1226,50.3367],[-4.12,50.3362],[-4.1195,50.3352],[-4.1209,50.3349],[-4.1214,50.3338],[-4.121,50.3331],[-4.1193,50.3329],[-4.1193,50.3318],[-4.1198,50.3311],[-4.1192,50.3305],[-4.119,50.3296],[-4.1194,50.3289],[-4.1211,50.3287],[-4.122,50.3282],[-4.1213,50.3263],[-4.1222,50.3255],[-4.1214,50.3248],[-4.1217,50.3242],[-4.1191,50.3232],[-4.1206,50.322],[-4.1198,50.3205],[-4.119,50.3199],[-4.117,50.3193],[-4.1161,50.3196],[-4.115,50.3193],[-4.1127,50.3193],[-4.1133,50.3169],[-4.1106,50.3158],[-4.1086,50.3155],[-4.1075,50.3151],[-4.106,50.3154],[-4.105,50.315],[-4.1036,50.3157],[-4.1031,50.3164],[-4.1017,50.317],[-4.0994,50.3173],[-4.0936,50.3169],[-4.0905,50.317],[-4.0903,50.3164],[-4.089,50.3164],[-4.0869,50.3175],[-4.0852,50.3178],[-4.0838,50.3173],[-4.0821,50.3165],[-4.0813,50.3166],[-4.0789,50.3159],[-4.0773,50.3162],[-4.0741,50.3149],[-4.0718,50.3149],[-4.0713,50.3141],[-4.0704,50.3138],[-4.0695,50.313],[-4.0697,50.3121],[-4.0712,50.3103],[-4.0717,50.3091],[-4.0725,50.3087],[-4.0737,50.3065],[-4.0736,50.3056],[-4.0749,50.3051],[-4.0744,50.3031],[-4.0721,50.3034],[-4.0718,50.3039],[-4.0699,50.3033],[-4.0691,50.3028],[-4.0658,50.3025],[-4.0647,50.3016],[-4.0631,50.3012],[-4.063,50.3008],[-4.0614,50.3004],[-4.0604,50.3004],[-4.0592,50.2999],[-4.0582,50.2982],[-4.0564,50.2975],[-4.054,50.2974],[-4.0529,50.298],[-4.0522,50.2974],[-4.052,50.2964],[-4.0508,50.296],[-4.0514,50.2952],[-4.0508,50.2943],[-4.049,50.2948],[-4.0482,50.2953],[-4.0459,50.2948],[-4.0464,50.2943],[-4.044,50.2937],[-4.0415,50.2942]]]},"properties":{"name":"South Devon","kind":"national_landscape"},"id":22},
{"type":"Feature","geometry":{"type":"Polygon","coordinates":[[[-3.1151,51.1167],[-3.1146,51.1172],[-3.1194,51.1192],[-3.1207,51.1202],[-3.1239,51.1192],[-3.1273,51.1192],[-3.1347,51.118],[-3.1363,51.1172],[-3.1398,51.1167],[-3.1403,51.1176],[-3.143,51.1186],[-3.1455,51.1198],[-3.1452,51.1216],[-3.1476,51.1217],[-3.1508,51.1227],[-3.1509,51.1238],[-3.1531,51.1247],[-3.1534,51.1263],[-3.154,51.1321],[-3.1542,51.1326],[-3.1565,51.1339],[-3.1568,51.1344],[-3.1571,51.1388],[-3.1583,51.1402],[-3.1587,51.141],[-3.1608,51.1412],[-3.1618,51.1416],[-3.1643,51.1419],[-3.1688,51.1423],[-3.1701,51.1428],[-3.1692,51.1437],[-3.1695,51.146],[-3.1673,51.1472],[-3.1664,51.1486],[-3.1684,51.1487],[-3.1705,51.1495],[-3.1758,51.1508],[-3.1769,51.1516],[-3.1798,51.152],[-3.1812,51.1525],[-3.1859,51.1533],[-3.1899,51.1542],[-3.1926,51.1552],[-3.1965,51.156],[-3.199,51.1573],[-3.2013,51.1577],[-3.2033,51.1578],[-3.2043,51.1581],[-3.2065,51.1599],[-3.2056,51.1622],[-3.2056,51.1635],[-3.206,51.1652],[-3.2056,51.17],[-3.2045,51.1716],[-3.2036,51.1737],[-3.203,51.176],[-3.2017,51.1772],[-3.2009,51.1783],[-3.2012,51.1812],[-3.2011,51.1833],[-3.2028,51.1841],[-3.2036,51.1849],[-3.2049,51.1851],[-3.2082,51.1869],[-3.2111,51.1877],[-3.213,51.1895],[-3.2151,51.1894],[-3.2176,51.193],[-3.2186,51.1937],[-3.221,51.1974],[-3.2237,51.1967],[-3.2242,51.1958],[-3.2255,51.1953],[-3.2289,51.1947],[-3.2331,51.1948],[-3.2338,51.1944],[-3.2351,51.1947],[-3.2358,51.1942],[-3.2381,51.194],[-3.2393,51.1935],[-3.2397,51.193],[-3.2436,51.1924],[-3.2458,51.1916],[-3.2474,51.1917],[-3.2519,51.1905],[-3.2563,51.1903],[-3.2569,51.1896],[-3.2589,51.1893],[-3.2599,51.1887],[-3.2614,51.1893],[-3.2638,51.1887],[-3.2642,51.1884],[-3.2689,51.187],[-3.2699,51.1873],[-3.2709,51.1869],[-3.2723,51.186],[-3.2756,51.1857],[-3.2782,51.1859],[-3.2802,51.1857],[-3.2844,51.1805],[-3.2843,51.1794],[-3.2861,51.1779],[-3.2883,51.1773],[-3.2891,51.1764],[-3.2891,51.1739],[-3.2865,51.1725],[-3.2852,51.1713],[-3.2834,51.1707],[-3.2811,51.1697],[-3.2823,51.1679],[-3.2836,51.1652],[-3.2855,51.1635],[-3.2873,51.1614],[-3.2872,51.1599],[-3.2862,51.1582],[-3.2845,51.1595],[-3.283,51.1601],[-3.2815,51.1578],[-3.2805,51.1571],[-3.2798,51.1559],[-3.2782,51.1543],[-3.2759,51.1523],[-3.2791,51.1514],[-3.2827,51.1502],[-3.2802,51.1482],[-3.2779,51.1457],[-3.2743,51.1432],[-3.2723,51.1426],[-3.2703,51.141],[-3.2663,51.1396],[-3.2616,51.1387],[-3.2558,51.1358],[-3.2552,51.1351],[-3.2542,51.1348],[-3.2526,51.1339],[-3.25,51.1331],[-3.2482,51.1313],[-3.2469,51.1303],[-3.2457,51.1297],[-3.2432,51.128],[-3.2418,51.1266],[-3.2399,51.1254],[-3.2375,51.123],[-3.2349,51.1214],[-3.2342,51.1207],[-3.2342,51.1191],[-3.233,51.1161],[-3.2321,51.1148],[-3.2299,51.1126],[-3.2282,51.1102],[-3.2243,51.1079],[-3.2183,51.1034],[-3.2157,51.1021],[-3.2149,51.1014],[-3.2143,51.1003],[-3.2146,51.0995],[-3.214,51.0983],[-3.2138,51.0966],[-3.2115,51.0919],[-3.2099,51.0925],[-3.2093,51.0922],[-3.2063,51.0926],[-3.2038,51.0922],[-3.2029,51.0914],[-3.1999,51.09],[-3.1962,51.089],[-3.1953,51.0884],[-3.196,51.0871],[-3.193,51.0867],[-3.1928,51.0869],[-3.1876,51.086],[-3.1854,51.0863],[-3.1839,51.086],[-3.1822,51.0861],[-3.1812,51.0859],[-3.1791,51.0834],[-3.1796,51.082],[-3.1805,51.0805],[-3.1812,51.0781],[-3.1809,51.0768],[-3.1802,51.0764],[-3.1768,51.0753],[-3.1726,51.0764],[-3.169,51.0785],[-3.1647,51.0759],[-3.1622,51.0748],[-3.1587,51.0748],[-3.1572,51.0745],[-3.156,51.075],[-3.1552,51.0749],[-3.1528,51.073],[-3.1521,51.0722],[-3.1509,51.0717],[-3.1477,51.0709],[-3.148,51.0701],[-3.1475,51.0696],[-3.1479,51.0685],[-3.1477,51.0672],[-3.1469,51.0663],[-3.1467,51.0649],[-3.1444,51.0643],[-3.1433,51.0627],[-3.1394,51.0611],[-3.1317,51.059],[-3.1283,51.0584],[-3.1262,51.0589],[-3.1252,51.0595],[-3.1244,51.0608],[-3.1168,51.0608],[-3.1154,51.061],[-3.1132,51.061],[-3.1116,51.0602],[-3.1096,51.0617],[-3.1074,51.0625],[-3.1049,51.0628],[-3.1006,51.0642],[-3.0968,51.0648],[-3.0945,51.065],[-3.0881,51.0665],[-3.0877,51.0678],[-3.0852,51.0678],[-3.0831,51.0683],[-3.0815,51.0683],[-3.0809,51.0691],[-3.0793,51.0694],[-3.0779,51.07],[-3.0775,51.0724],[-3.0766,51.072],[-3.0748,51.0723],[-3.0731,51.0733],[-3.0719,51.0737],[-3.0703,51.0748],[-3.0689,51.0751],[-3.0645,51.0754],[-3.0625,51.0759],[-3.0586,51.0771],[-3.0565,51.078],[-3.0545,51.0784],[-3.0529,51.0789],[-3.0534,51.0796],[-3.0524,51.0812],[-3.049,51.0817],[-3.0489,51.083],[-3.0502,51.0841],[-3.051,51.0843],[-3.0531,51.0857],[-3.0557,51.0865],[-3.0568,51.0874],[-3.0607,51.0867],[-3.063,51.0867],[-3.0642,51.0865],[-3.0682,51.0877],[-3.072,51.0885],[-3.074,51.0882],[-3.0763,51.0885],[-3.0781,51.0893],[-3.0811,51.0897],[-3.0866,51.0884],[-3.0886,51.0884],[-3.0907,51.0893],[-3.0949,51.0902],[-3.0933,51.0918],[-3.091,51.0922],[-3.0882,51.0963],[-3.0892,51.097],[-3.0892,51.0988],[-3.0899,51.1016],[-3.0907,51.1031],[-3.0907,51.1051],[-3.0912,51.106],[-3.0905,51.1075],[-3.0944,51.1075],[-3.0959,51.1068],[-3.099,51.1066],[-3.0992,51.107],[-3.0991,51.1098],[-3.0985,51.1118],[-3.0979,51.1148],[-3.0994,51.1161],[-3.1016,51.1169],[-3.1037,51.1172],[-3.1047,51.1169],[-3.106,51.1175],[-3.1074,51.1172],[-3.1084,51.1164],[-3.1096,51.116],[-3.111,51.1164],[-3.1127,51.1155],[-3.1145,51.1162],[-3.1151,51.1167]]]},"properties":{"name":"Quantock Hills","kind":"national_landscape"},"id":23},
{"type":"Feature","geometry":{"type":"Polygon","coordinates":[[[-1.1617,54.1893],[-1.1664,54.189],[-1.1707,54.1885],[-1.173,54.1881],[-1.1751,54.1876],[-1.1778,54.1867],[-1.1832,54.185],[-1.1846,54.1835],[-1.1863,54.1828],[-1.1887,54.1824],[-1.189,54.1819],[-1.1879,54.1792],[-1.1879,54.178],[-1.1919,54.1773],[-1.1928,54.1766],[-1.195,54.1762],[-1.1951,54.1744],[-1.1967,54.1741],[-1.1984,54.1734],[-1.2008,54.1718],[-1.2019,54.1707],[-1.2021,54.1693],[-1.2018,54.1669],[-1.2015,54.1665],[-1.2038,54.1658],[-1.2039,54.1652],[-1.2029,54.1641],[-1.2013,54.163],[-1.2008,54.1585],[-1.2,54.1578],[-1.2003,54.1566],[-1.1993,54.1554],[-1.197,54.1551],[-1.193,54.1554],[-1.1901,54.1546],[-1.1884,54.1536],[-1.187,54.1535],[-1.1844,54.1542],[-1.183,54.154],[-1.1807,54.154],[-1.1788,54.1544],[-1.1761,54.1546],[-1.1757,54.1543],[-1.1645,54.1547],[-1.1641,54.155],[-1.1641,54.1566],[-1.1617,54.1574],[-1.1609,54.1556],[-1.159,54.1549],[-1.159,54.1529],[-1.1569,54.1501],[-1.1569,54.1473],[-1.1578,54.1455],[-1.1579,54.1446],[-1.1571,54.1427],[-1.1566,54.1378],[-1.158,54.1373],[-1.1588,54.1364],[-1.1587,54.135],[-1.1574,54.1323],[-1.1585,54.1298],[-1.1582,54.1287],[-1.1571,54.1265],[-1.1562,54.1259],[-1.1537,54.1268],[-1.1516,54.1271],[-1.148,54.1266],[-1.1471,54.1267],[-1.1437,54.1263],[-1.1429,54.1258],[-1.142,54.1267],[-1.1401,54.1276],[-1.138,54.1291],[-1.1395,54.1297],[-1.1352,54.1333],[-1.1338,54.1352],[-1.1333,54.1368],[-1.1324,54.1376],[-1.13,54.138],[-1.1279,54.1395],[-1.1242,54.1416],[-1.1217,54.1425],[-1.1191,54.144],[-1.1175,54.1439],[-1.1139,54.1423],[-1.1117,54.1421],[-1.1091,54.1416],[-1.1065,54.142],[-1.1027,54.1429],[-1.101,54.1427],[-1.1004,54.1421],[-1.0984,54.1419],[-1.0975,54.1415],[-1.0954,54.1415],[-1.0907,54.1414],[-1.0887,54.141],[-1.0891,54.1403],[-1.0879,54.1401],[-1.0881,54.1391],[-1.0874,54.1386],[-1.0825,54.1387],[-1.0766,54.1369],[-1.0745,54.1355],[-1.0727,54.1347],[-1.0681,54.134],[-1.0657,54.1332],[-1.0624,54.1327],[-1.061,54.132],[-1.0579,54.1315],[-1.0539,54.1299],[-1.0482,54.1281],[-1.0455,54.1269],[-1.0443,54.1249],[-1.0434,54.1241],[-1.0413,54.1231],[-1.0395,54.1248],[-1.0383,54.1257],[-1.0376,54.1268],[-1.0361,54.127],[-1.0336,54.1271],[-1.0323,54.1266],[-1.0295,54.1265],[-1.0272,54.125],[-1.025,54.1242],[-1.024,54.1247],[-1.0229,54.1262],[-1.0215,54.1261],[-1.0195,54.1265],[-1.0126,54.1269],[-1.0106,54.1252],[-1.0085,54.1237],[-1.0068,54.1232],[-1.0048,54.1229],[-1.0042,54.1225],[-1.0007,54.1212],[-0.996,54.1202],[-0.9901,54.1185],[-0.988,54.1185],[-0.984,54.1173],[-0.983,54.1165],[-0.9835,54.1148],[-0.9826,54.113],[-0.9786,54.1108],[-0.9757,54.1098],[-0.9726,54.108],[-0.9714,54.1076],[-0.9694,54.1074],[-0.9662,54.1068],[-0.9635,54.107],[-0.9628,54.1064],[-0.9638,54.1051],[-0.9651,54.1043],[-0.9686,54.1029],[-0.9708,54.1016],[-0.97,54.1002],[-0.9692,54.0999],[-0.97,54.0989],[-0.9709,54.0971],[-0.9692,54.0967],[-0.9704,54.0956],[-0.9708,54.0946],[-0.9695,54.0946],[-0.9668,54.0937],[-0.966,54.0937],[-0.9662,54.0909],[-0.9666,54.0891],[-0.9645,54.0893],[-0.9618,54.089],[-0.9579,54.0895],[-0.9493,54.0876],[-0.9482,54.0871],[-0.9502,54.086],[-0.9466,54.0845],[-0.9452,54.0854],[-0.9419,54.0863],[-0.9378,54.0866],[-0.9357,54.0866],[-0.9331,54.0875],[-0.9298,54.087],[-0.9253,54.0847],[-0.9244,54.0835],[-0.923,54.0823],[-0.9238,54.0807],[-0.9236,54.0795],[-0.9229,54.0785],[-0.9214,54.0787],[-0.9183,54.0789],[-0.9175,54.0786],[-0.9132,54.0787],[-0.9088,54.0791],[-0.9048,54.079],[-0.9024,54.0789],[-0.8999,54.0792],[-0.8994,54.0789],[-0.9026,54.0779],[-0.908,54.0758],[-0.9073,54.0752],[-0.9048,54.0721],[-0.9051,54.0704],[-0.9045,54.0697],[-0.9017,54.0676],[-0.9023,54.0659],[-0.9016,54.0656],[-0.9027,54.0641],[-0.9017,54.0634],[-0.9004,54.0636],[-0.8989,54.0624],[-0.8995,54.0617],[-0.8987,54.0606],[-0.8977,54.0602],[-0.8967,54.0587],[-0.8976,54.0579],[-0.8972,54.0571],[-0.8977,54.0561],[-0.9008,54.0551],[-0.9015,54.0542],[-0.9009,54.0538],[-0.8989,54.0537],[-0.8963,54.0541],[-0.8938,54.054],[-0.8889,54.053],[-0.8836,54.0533],[-0.8802,54.0542],[-0.874,54.0542],[-0.8747,54.0549],[-0.8766,54.0574],[-0.8773,54.0577],[-0.8736,54.0593],[-0.871,54.0596],[-0.8682,54.0608],[-0.868,54.0613],[-0.8661,54.0611],[-0.8638,54.0604],[-0.8623,54.061],[-0.8584,54.0618],[-0.8559,54.0619],[-0.8566,54.0633],[-0.8566,54.0668],[-0.8587,54.0669],[-0.8592,54.0679],[-0.8577,54.0686],[-0.8579,54.0696],[-0.8593,54.0695],[-0.8585,54.0711],[-0.8581,54.0726],[-0.8564,54.0724],[-0.8572,54.0755],[-0.857,54.0765],[-0.8584,54.0782],[-0.8544,54.0785],[-0.8505,54.0791],[-0.8509,54.0808],[-0.8491,54.083],[-0.8486,54.0843],[-0.8462,54.0855],[-0.8445,54.0861],[-0.8413,54.0875],[-0.8357,54.0893],[-0.8309,54.0902],[-0.8288,54.0904],[-0.8271,54.0912],[-0.827,54.0918],[-0.8287,54.0919],[-0.8317,54.0927],[-0.8325,54.0932],[-0.8305,54.0968],[-0.8311,54.0969],[-0.8305,54.0988],[-0.8314,54.0996],[-0.8328,54.0997],[-0.8321,54.1011],[-0.8321,54.1023],[-0.8307,54.1035],[-0.8298,54.1046],[-0.8299,54.1054],[-0.8314,54.1058],[-0.8319,54.1065],[-0.8337,54.1077],[-0.834,54.1088],[-0.8334,54.1097],[-0.8315,54.1112],[-0.8304,54.1124],[-0.83,54.114],[-0.8305,54.1167],[-0.83,54.1194],[-0.8284,54.1212],[-0.8271,54.1231],[-0.827,54.1247],[-0.8261,54.1256],[-0.8251,54.126],[-0.8216,54.1322],[-0.8222,54.1345],[-0.8219,54.1351],[-0.8222,54.1361],[-0.8217,54.1368],[-0.8208,54.1392],[-0.819,54.1419],[-0.8178,54.1457],[-0.8195,54.1457],[-0.8229,54.1464],[-0.823,54.1457],[-0.8248,54.1459],[-0.8245,54.1471],[-0.8258,54.1474],[-0.8341,54.1482],[-0.8383,54.1481],[-0.8404,54.1472],[-0.8418,54.1472],[-0.8415,54.148],[-0.8458,54.1484],[-0.8456,54.1488],[-0.8475,54.149],[-0.8489,54.1487],[-0.8496,54.1466],[-0.8515,54.1469],[-0.8508,54.1485],[-0.8527,54.1487],[-0.8537,54.1493],[-0.857,54.15],[-0.8581,54.1476],[-0.8602,54.1478],[-0.8598,54.1492],[-0.8599,54.1499],[-0.864,54.1503],[-0.8662,54.1507],[-0.8665,54.1501],[-0.8688,54.1505],[-0.8696,54.1512],[-0.8715,54.1518],[-0.8717,54.1513],[-0.873,54.1508],[-0.8754,54.151],[-0.8758,54.1521],[-0.8776,54.1522],[-0.8781,54.1534],[-0.8794,54.1538],[-0.8875,54.1552],[-0.8945,54.157],[-0.8971,54.1576],[-0.8992,54.1578],[-0.9022,54.1592],[-0.9059,54.1601],[-0.9096,54.1604],[-0.9168,54.1612],[-0.9193,54.1616],[-0.9246,54.1622],[-0.9331,54.1621],[-0.9333,54.1614],[-0.9355,54.1615],[-0.9354,54.1622],[-0.9394,54.162],[-0.9449,54.1628],[-0.9487,54.1639],[-0.9555,54.1651],[-0.9576,54.1654],[-0.9617,54.1664],[-0.9653,54.1666],[-0.9677,54.1671],[-0.9702,54.1681],[-0.9715,54.1692],[-0.9751,54.1699],[-0.9781,54.17],[-0.978,54.1721],[-0.9768,54.1723],[-0.9768,54.174],[-0.9763,54.175],[-0.9745,54.1756],[-0.9736,54.1776],[-0.9734,54.1786],[-0.9743,54.1806],[-0.9745,54.1821],[-0.9752,54.184],[-0.9755,54.1858],[-0.976,54.1875],[-0.9702,54.188],[-0.9661,54.1876],[-0.9625,54.1876],[-0.9606,54.1873],[-0.9567,54.1881],[-0.9545,54.1892],[-0.9532,54.1912],[-0.9456,54.1921],[-0.9346,54.1947],[-0.9368,54.1964],[-0.9374,54.1976],[-0.9362,54.2004],[-0.9364,54.2006],[-0.9395,54.2012],[-0.9447,54.2025],[-0.9447,54.2043],[-0.947,54.2051],[-0.9481,54.205],[-0.9503,54.2055],[-0.9531,54.2059],[-0.9555,54.2059],[-0.9561,54.2066],[-0.962,54.2061],[-0.9639,54.2062],[-0.9677,54.2069],[-0.9688,54.2063],[-0.9704,54.2062],[-0.9739,54.2072],[-0.9756,54.2066],[-0.9763,54.2073],[-0.9787,54.208],[-0.9794,54.2071],[-0.9815,54.206],[-0.9829,54.2058],[-0.985,54.2061],[-0.9865,54.2056],[-0.9888,54.2062],[-0.9905,54.2061],[-0.9922,54.2068],[-0.9933,54.2068],[-0.9944,54.2078],[-0.9953,54.2079],[-0.9952,54.2099],[-0.9961,54.2106],[-0.9977,54.2105],[-0.9984,54.2097],[-1.0003,54.2104],[-0.9999,54.2113],[-1.0025,54.2116],[-1.0024,54.2126],[-1.0037,54.2134],[-1.0045,54.2133],[-1.0072,54.212],[-1.01,54.2122],[-1.0111,54.2114],[-1.0133,54.2122],[-1.0139,54.2129],[-1.0152,54.2134],[-1.0156,54.2152],[-1.0167,54.2157],[-1.016,54.2167],[-1.0173,54.2169],[-1.0181,54.2162],[-1.019,54.2168],[-1.019,54.2179],[-1.0176,54.2178],[-1.0164,54.2183],[-1.0177,54.2191],[-1.0191,54.219],[-1.0204,54.2196],[-1.0206,54.2187],[-1.0221,54.2178],[-1.023,54.2181],[-1.0242,54.2178],[-1.0254,54.2185],[-1.0255,54.2194],[-1.0274,54.2202],[-1.0276,54.2213],[-1.0288,54.2224],[-1.0281,54.2232],[-1.0301,54.2247],[-1.0281,54.2255],[-1.0285,54.2265],[-1.0276,54.2272],[-1.0273,54.2282],[-1.0287,54.2279],[-1.0294,54.2287],[-1.0287,54.2299],[-1.0298,54.2307],[-1.0314,54.229],[-1.0325,54.2293],[-1.0319,54.2305],[-1.0322,54.2315],[-1.0317,54.2324],[-1.0321,54.2338],[-1.0333,54.2349],[-1.0342,54.2347],[-1.035,54.2356],[-1.0362,54.2358],[-1.0369,54.2352],[-1.036,54.2346],[-1.0368,54.2341],[-1.0406,54.2358],[-1.0423,54.2369],[-1.0458,54.2381],[-1.0494,54.2389],[-1.0524,54.2401],[-1.0554,54.2407],[-1.0547,54.2416],[-1.0547,54.2424],[-1.0562,54.2435],[-1.0586,54.2439],[-1.0588,54.2426],[-1.0579,54.2415],[-1.0574,54.2395],[-1.0569,54.2383],[-1.0568,54.2378],[-1.0572,54.236],[-1.0585,54.2339],[-1.059,54.231],[-1.0595,54.2292],[-1.0603,54.2276],[-1.0601,54.2263],[-1.062,54.2248],[-1.0613,54.2232],[-1.0623,54.2205],[-1.0627,54.2187],[-1.0619,54.2172],[-1.0618,54.2162],[-1.0607,54.2146],[-1.0611,54.2127],[-1.0598,54.2117],[-1.053,54.2079],[-1.0474,54.2065],[-1.0451,54.2061],[-1.0413,54.205],[-1.0414,54.2046],[-1.0418,54.2044],[-1.0445,54.204],[-1.0492,54.2026],[-1.0514,54.2023],[-1.0549,54.2029],[-1.0569,54.2029],[-1.0612,54.2025],[-1.0631,54.2027],[-1.0675,54.2027],[-1.0709,54.2031],[-1.074,54.2029],[-1.0751,54.2029],[-1.0817,54.2026],[-1.0877,54.2026],[-1.0904,54.2025],[-1.0916,54.2025],[-1.0935,54.2028],[-1.096,54.2027],[-1.0982,54.2024],[-1.1002,54.2016],[-1.1052,54.2014],[-1.1071,54.201],[-1.1103,54.2009],[-1.1129,54.2007],[-1.1166,54.2013],[-1.1194,54.2014],[-1.1233,54.2001],[-1.126,54.1984],[-1.1277,54.1976],[-1.1317,54.1971],[-1.134,54.1966],[-1.1383,54.1974],[-1.1387,54.1981],[-1.1402,54.198],[-1.1415,54.1973],[-1.1428,54.196],[-1.1486,54.1966],[-1.1495,54.1969],[-1.1532,54.1965],[-1.1556,54.1965],[-1.1569,54.1947],[-1.1601,54.1917],[-1.161,54.1911],[-1.1617,54.1893]]]},"properties":{"name":"Howardian Hills","kind":"national_landscape"},"id":24},
{"type":"Feature","geometry":{"type":"Polygon","coordinates":[[[-2.2326,51.2096],[-2.2337,51.2096],[-2.2372,51.211],[-2.2385,51.2111],[-2.2407,51.2108],[-2.2442,51.2111],[-2.2464,51.2102],[-2.2493,51.2077],[-2.2496,51.2062],[-2.2516,51.2058],[-2.254,51.2063],[-2.2561,51.207],[-2.2596,51.2078],[-2.2638,51.2094],[-2.2675,51.2106],[-2.2702,51.211],[-2.2716,51.21],[-2.2737,51.2078],[-2.2748,51.207],[-2.2751,51.2063],[-2.2774,51.206],[-2.2783,51.205],[-2.2832,51.2049],[-2.2841,51.2036],[-2.288,51.2009],[-2.2894,51.1993],[-2.2923,51.1983],[-2.2946,51.1984],[-2.2962,51.1973],[-2.3018,51.1962],[-2.302,51.1971],[-2.3029,51.1976],[-2.3054,51.1964],[-2.305,51.1956],[-2.307,51.1922],[-2.31,51.1898],[-2.3109,51.1884],[-2.3124,51.1867],[-2.3121,51.1862],[-2.3148,51.1851],[-2.3184,51.1822],[-2.316,51.1799],[-2.3176,51.1793],[-2.3147,51.1786],[-2.3159,51.1762],[-2.3159,51.1753],[-2.3151,51.174],[-2.3143,51.1717],[-2.3131,51.1706],[-2.312,51.1702],[-2.3133,51.1695],[-2.3153,51.1677],[-2.3168,51.167],[-2.3182,51.1668],[-2.3189,51.1676],[-2.3201,51.1672],[-2.3196,51.1666],[-2.3236,51.1643],[-2.3248,51.1644],[-2.3258,51.1658],[-2.3277,51.1671],[-2.3295,51.168],[-2.3304,51.1675],[-2.334,51.1638],[-2.3367,51.1616],[-2.3413,51.1603],[-2.3433,51.1593],[-2.3456,51.1616],[-2.3492,51.1591],[-2.3513,51.1604],[-2.3514,51.1611],[-2.354,51.1626],[-2.355,51.1599],[-2.3582,51.1585],[-2.3587,51.1579],[-2.3604,51.1577],[-2.3616,51.1564],[-2.3639,51.1553],[-2.3656,51.154],[-2.3661,51.1533],[-2.3686,51.1546],[-2.3701,51.153],[-2.3681,51.152],[-2.3691,51.1498],[-2.3721,51.1503],[-2.3729,51.1496],[-2.3733,51.1474],[-2.3742,51.1465],[-2.3721,51.145],[-2.375,51.1438],[-2.3715,51.1435],[-2.3699,51.1429],[-2.3692,51.1423],[-2.3683,51.1406],[-2.3666,51.14],[-2.3634,51.1372],[-2.3599,51.1364],[-2.3582,51.1346],[-2.3547,51.1331],[-2.3515,51.1329],[-2.3522,51.1318],[-2.3517,51.1304],[-2.351,51.1294],[-2.3511,51.1287],[-2.3536,51.1274],[-2.3548,51.1271],[-2.3582,51.1257],[-2.3601,51.1263],[-2.3618,51.1254],[-2.3627,51.1237],[-2.3636,51.1239],[-2.3641,51.1246],[-2.3652,51.1252],[-2.3679,51.1245],[-2.3694,51.1233],[-2.3703,51.123],[-2.3697,51.1216],[-2.3712,51.1211],[-2.3724,51.1197],[-2.3709,51.1179],[-2.3707,51.1172],[-2.3707,51.1154],[-2.3712,51.114],[-2.3731,51.1141],[-2.3751,51.1139],[-2.3792,51.113],[-2.3807,51.1129],[-2.3806,51.1118],[-2.3791,51.1066],[-2.3792,51.1056],[-2.3811,51.1029],[-2.3816,51.1006],[-2.3799,51.0977],[-2.3796,51.0964],[-2.3779,51.0971],[-2.3736,51.0951],[-2.3724,51.0948],[-2.3684,51.094],[-2.3705,51.0894],[-2.371,51.087],[-2.3679,51.0871],[-2.3679,51.0858],[-2.3693,51.085],[-2.3702,51.0833],[-2.3701,51.0823],[-2.3693,51.0815],[-2.3657,51.0826],[-2.3642,51.0812],[-2.3626,51.0815],[-2.3636,51.0765],[-2.3666,51.0765],[-2.367,51.0745],[-2.3636,51.075],[-2.3636,51.0735],[-2.3594,51.0733],[-2.3594,51.0715],[-2.3585,51.0708],[-2.3551,51.0706],[-2.3496,51.0705],[-2.3446,51.0737],[-2.3441,51.0745],[-2.3424,51.0751],[-2.3411,51.075],[-2.3403,51.0757],[-2.3404,51.0776],[-2.3383,51.0782],[-2.337,51.0789],[-2.3349,51.0804],[-2.3338,51.0808],[-2.3268,51.0812],[-2.324,51.0802],[-2.3208,51.081],[-2.3199,51.0809],[-2.3173,51.0824],[-2.3146,51.0836],[-2.3131,51.0851],[-2.3113,51.0862],[-2.3083,51.0874],[-2.3049,51.0878],[-2.2999,51.089],[-2.2892,51.0921],[-2.2869,51.0927],[-2.2809,51.0939],[-2.2762,51.0946],[-2.2721,51.0949],[-2.2662,51.095],[-2.2576,51.0949],[-2.2527,51.0951],[-2.2497,51.0954],[-2.248,51.0954],[-2.2414,51.0943],[-2.2393,51.0938],[-2.2363,51.0935],[-2.2333,51.0942],[-2.2302,51.0956],[-2.227,51.0966],[-2.2268,51.0963],[-2.2283,51.0952],[-2.2262,51.0934],[-2.227,51.0911],[-2.2268,51.0888],[-2.2252,51.0866],[-2.2226,51.0868],[-2.2211,51.086],[-2.2176,51.0853],[-2.2155,51.0846],[-2.2145,51.0837],[-2.2182,51.0816],[-2.2166,51.0792],[-2.2169,51.0758],[-2.2055,51.0739],[-2.2,51.074],[-2.1984,51.0742],[-2.195,51.0739],[-2.1948,51.0731],[-2.1924,51.0723],[-2.1912,51.0716],[-2.1908,51.0708],[-2.1899,51.0674],[-2.1882,51.066],[-2.1855,51.0663],[-2.1804,51.0653],[-2.178,51.0653],[-2.1742,51.0643],[-2.1749,51.0634],[-2.176,51.0614],[-2.1766,51.0584],[-2.1774,51.0569],[-2.1786,51.0559],[-2.1817,51.0544],[-2.1829,51.0533],[-2.1834,51.0516],[-2.1835,51.0488],[-2.1844,51.0472],[-2.1836,51.046],[-2.184,51.0453],[-2.1858,51.0405],[-2.1847,51.0377],[-2.1848,51.0364],[-2.1868,51.0343],[-2.1889,51.033],[-2.1898,51.032],[-2.191,51.0314],[-2.1929,51.0315],[-2.1944,51.0318],[-2.1967,51.0305],[-2.1973,51.0299],[-2.1969,51.0287],[-2.1959,51.0284],[-2.1951,51.0277],[-2.1926,51.0271],[-2.1919,51.0234],[-2.1924,51.0233],[-2.194,51.0215],[-2.1966,51.0183],[-2.1975,51.0181],[-2.1984,51.0171],[-2.1986,51.0159],[-2.1973,51.0152],[-2.1957,51.0135],[-2.1953,51.0128],[-2.1937,51.0125],[-2.1919,51.0141],[-2.1908,51.0142],[-2.1902,51.0165],[-2.1895,51.0185],[-2.1887,51.0192],[-2.1888,51.0213],[-2.1813,51.0226],[-2.178,51.0229],[-2.1767,51.0202],[-2.1781,51.0199],[-2.1784,51.019],[-2.18,51.0178],[-2.1778,51.0167],[-2.1795,51.0154],[-2.1793,51.0144],[-2.1747,51.0144],[-2.1725,51.0147],[-2.1681,51.0138],[-2.1662,51.0136],[-2.1631,51.0129],[-2.1605,51.0108],[-2.16,51.01],[-2.1636,51.0093],[-2.1641,51.009],[-2.1658,51.0094],[-2.1676,51.0095],[-2.1702,51.0089],[-2.1745,51.0066],[-2.172,51.0046],[-2.1711,51.003],[-2.1724,51.0011],[-2.1694,51.0008],[-2.1686,50.9996],[-2.1672,50.9982],[-2.1645,50.9961],[-2.1636,50.9962],[-2.1635,50.9951],[-2.1685,50.9942],[-2.1725,50.9932],[-2.1695,50.9883],[-2.1712,50.9874],[-2.1717,50.9864],[-2.1739,50.985],[-2.1749,50.985],[-2.1759,50.9839],[-2.1779,50.9843],[-2.1794,50.9843],[-2.1811,50.9839],[-2.1853,50.9812],[-2.1883,50.9797],[-2.1893,50.9787],[-2.1893,50.978],[-2.1883,50.9765],[-2.1856,50.9757],[-2.1856,50.9744],[-2.1872,50.9722],[-2.1875,50.9713],[-2.1868,50.9693],[-2.1868,50.9679],[-2.1874,50.9664],[-2.1897,50.9643],[-2.1894,50.9636],[-2.1897,50.9618],[-2.1897,50.9599],[-2.19,50.9592],[-2.191,50.9585],[-2.1927,50.9565],[-2.1914,50.9554],[-2.1892,50.954],[-2.1857,50.9524],[-2.1851,50.9509],[-2.1861,50.9492],[-2.1884,50.9487],[-2.191,50.9478],[-2.1925,50.9477],[-2.1941,50.9458],[-2.1951,50.944],[-2.1949,50.9434],[-2.1932,50.9414],[-2.1929,50.9408],[-2.1935,50.9394],[-2.1939,50.9371],[-2.1931,50.9345],[-2.1933,50.9322],[-2.1929,50.9303],[-2.1941,50.9301],[-2.1943,50.9293],[-2.1927,50.9289],[-2.1931,50.9269],[-2.1937,50.9265],[-2.1933,50.9249],[-2.194,50.9241],[-2.1925,50.9239],[-2.1941,50.9227],[-2.1949,50.9218],[-2.1954,50.9187],[-2.1949,50.9174],[-2.1949,50.9162],[-2.1955,50.9136],[-2.1946,50.9107],[-2.1943,50.9087],[-2.1931,50.9061],[-2.1923,50.9049],[-2.1918,50.9043],[-2.1922,50.9042],[-2.1975,50.9035],[-2.198,50.9032],[-2.1986,50.9015],[-2.2,50.9011],[-2.2002,50.9002],[-2.1998,50.8992],[-2.1983,50.8987],[-2.1972,50.8982],[-2.1965,50.8977],[-2.1957,50.8978],[-2.1944,50.8974],[-2.1934,50.8975],[-2.193,50.8967],[-2.1935,50.8952],[-2.1933,50.8934],[-2.1944,50.8916],[-2.1948,50.8905],[-2.1963,50.8892],[-2.1975,50.8876],[-2.1978,50.8868],[-2.1974,50.8857],[-2.1979,50.8848],[-2.1976,50.8835],[-2.1968,50.8813],[-2.1956,50.8801],[-2.1949,50.877],[-2.1936,50.8754],[-2.1915,50.8742],[-2.1888,50.8737],[-2.1842,50.8735],[-2.18,50.8725],[-2.1774,50.8724],[-2.177,50.872],[-2.1741,50.8716],[-2.1725,50.8709],[-2.1712,50.87],[-2.1708,50.8692],[-2.1709,50.8672],[-2.1713,50.8662],[-2.1704,50.8651],[-2.169,50.8655],[-2.1669,50.8663],[-2.1653,50.8673],[-2.1631,50.8694],[-2.1593,50.8722],[-2.1577,50.8704],[-2.1559,50.8691],[-2.1552,50.8678],[-2.1543,50.8672],[-2.1524,50.8677],[-2.1499,50.87],[-2.1495,50.8706],[-2.1468,50.8727],[-2.1453,50.8718],[-2.1433,50.8734],[-2.1387,50.873],[-2.1389,50.8716],[-2.1382,50.8704],[-2.1389,50.8691],[-2.1385,50.8687],[-2.1386,50.8668],[-2.1402,50.8655],[-2.1409,50.8646],[-2.1458,50.8623],[-2.1462,50.8617],[-2.1501,50.8605],[-2.1512,50.86],[-2.1555,50.8575],[-2.1551,50.8572],[-2.1529,50.857],[-2.1506,50.8572],[-2.1535,50.856],[-2.155,50.8542],[-2.15,50.8519],[-2.1487,50.851],[-2.149,50.8498],[-2.1481,50.8496],[-2.1467,50.8501],[-2.143,50.8488],[-2.1425,50.8483],[-2.142,50.846],[-2.1423,50.845],[-2.1402,50.8444],[-2.139,50.8434],[-2.1346,50.8416],[-2.1309,50.8402],[-2.129,50.8387],[-2.1279,50.8381],[-2.1263,50.8361],[-2.1216,50.8331],[-2.1194,50.8309],[-2.1168,50.8279],[-2.1131,50.8253],[-2.1107,50.824],[-2.1101,50.8241],[-2.1063,50.8225],[-2.1007,50.8213],[-2.0976,50.82],[-2.0937,50.8187],[-2.0901,50.8188],[-2.0851,50.819],[-2.0821,50.8178],[-2.0833,50.817],[-2.0852,50.8163],[-2.0832,50.8154],[-2.0819,50.8144],[-2.0817,50.8125],[-2.0792,50.8108],[-2.0779,50.8105],[-2.0764,50.8094],[-2.0732,50.8085],[-2.0702,50.8078],[-2.0688,50.8077],[-2.0652,50.807],[-2.0625,50.8062],[-2.0613,50.8055],[-2.0599,50.8053],[-2.0567,50.8035],[-2.0554,50.8024],[-2.0485,50.799],[-2.0455,50.798],[-2.0414,50.7969],[-2.0379,50.7969],[-2.0353,50.7975],[-2.0336,50.7976],[-2.0307,50.7982],[-2.0283,50.7985],[-2.0271,50.799],[-2.0281,50.8005],[-2.0281,50.8013],[-2.0299,50.8023],[-2.0316,50.8048],[-2.0313,50.8059],[-2.0271,50.8064],[-2.0258,50.8064],[-2.0242,50.8072],[-2.0231,50.8069],[-2.0203,50.8065],[-2.0169,50.8067],[-2.015,50.8081],[-2.0126,50.8085],[-2.0114,50.8091],[-2.0088,50.8087],[-2.0047,50.8071],[-1.9992,50.8057],[-1.997,50.8053],[-1.995,50.808],[-1.9956,50.8091],[-1.9947,50.8104],[-1.9956,50.8112],[-1.997,50.8115],[-2.0023,50.8139],[-2.0024,50.8151],[-2.0029,50.8161],[-2.0015,50.8175],[-1.9988,50.8192],[-1.9962,50.8197],[-1.9924,50.8212],[-1.9919,50.8226],[-1.993,50.8239],[-1.991,50.8255],[-1.9915,50.8268],[-1.991,50.828],[-1.9903,50.8282],[-1.9905,50.8292],[-1.9918,50.8308],[-1.9901,50.8316],[-1.9867,50.8338],[-1.9837,50.8363],[-1.9812,50.8372],[-1.9783,50.8361],[-1.9787,50.8343],[-1.9747,50.8354],[-1.973,50.8371],[-1.9727,50.8379],[-1.9742,50.8385],[-1.9743,50.8404],[-1.9732,50.8423],[-1.979,50.8482],[-1.9814,50.851],[-1.9782,50.8534],[-1.9773,50.8542],[-1.9758,50.8564],[-1.9732,50.8561],[-1.971,50.8566],[-1.971,50.857],[-1.9721,50.8585],[-1.9729,50.8605],[-1.9753,50.862],[-1.9754,50.8628],[-1.9742,50.8644],[-1.9745,50.8669],[-1.9751,50.8674],[-1.9753,50.8687],[-1.9652,50.8763],[-1.9629,50.8764],[-1.9619,50.8774],[-1.9627,50.8783],[-1.9593,50.8809],[-1.9561,50.8793],[-1.9542,50.8806],[-1.953,50.8817],[-1.9542,50.8829],[-1.9534,50.8837],[-1.9515,50.8837],[-1.95,50.8839],[-1.9485,50.8845],[-1.9464,50.8845],[-1.944,50.884],[-1.9403,50.8843],[-1.9378,50.884],[-1.9337,50.8822],[-1.9319,50.8844],[-1.9315,50.8859],[-1.9297,50.8883],[-1.9294,50.8891],[-1.9283,50.8897],[-1.926,50.8914],[-1.9233,50.8937],[-1.9217,50.8952],[-1.9203,50.8958],[-1.9183,50.897],[-1.9173,50.8981],[-1.914,50.8975],[-1.9121,50.8967],[-1.9116,50.897],[-1.9089,50.9],[-1.9087,50.9013],[-1.9039,50.9075],[-1.9054,50.9087],[-1.905,50.9095],[-1.9032,50.9108],[-1.9056,50.9114],[-1.9082,50.9123],[-1.9099,50.9126],[-1.9143,50.9141],[-1.916,50.9141],[-1.9179,50.9139],[-1.9164,50.9165],[-1.9156,50.9168],[-1.9142,50.9164],[-1.9127,50.9165],[-1.9115,50.9171],[-1.9089,50.9178],[-1.9094,50.9189],[-1.9094,50.9235],[-1.907,50.9246],[-1.9045,50.9255],[-1.9033,50.9262],[-1.9003,50.9266],[-1.8957,50.9278],[-1.8915,50.9285],[-1.889,50.93],[-1.8883,50.9294],[-1.8838,50.9272],[-1.8814,50.9262],[-1.8804,50.9249],[-1.8779,50.9231],[-1.8776,50.9222],[-1.876,50.9205],[-1.8751,50.9198],[-1.8744,50.9183],[-1.8737,50.9173],[-1.8706,50.9179],[-1.8647,50.919],[-1.86,50.9213],[-1.8582,50.9229],[-1.8577,50.9231],[-1.8563,50.9245],[-1.8561,50.9259],[-1.8556,50.9267],[-1.8541,50.9276],[-1.8513,50.9288],[-1.8466,50.9296],[-1.8419,50.9317],[-1.8401,50.9318],[-1.8388,50.9308],[-1.8347,50.9299],[-1.8335,50.9316],[-1.8331,50.9347],[-1.8313,50.9359],[-1.8275,50.9387],[-1.8232,50.9425],[-1.8236,50.9428],[-1.8253,50.9458],[-1.8264,50.9465],[-1.8269,50.9477],[-1.8292,50.9504],[-1.8291,50.9517],[-1.8296,50.9531],[-1.8279,50.9548],[-1.8253,50.9568],[-1.8227,50.9577],[-1.821,50.9579],[-1.8194,50.9578],[-1.8152,50.9587],[-1.8121,50.9601],[-1.81,50.9607],[-1.8071,50.9605],[-1.8053,50.9614],[-1.8005,50.9625],[-1.7972,50.9636],[-1.7943,50.961],[-1.7919,50.9598],[-1.791,50.9616],[-1.7891,50.9629],[-1.7893,50.964],[-1.7858,50.9656],[-1.7773,50.9684],[-1.7752,50.9719],[-1.7738,50.9723],[-1.7715,50.9734],[-1.7687,50.9754],[-1.7674,50.9775],[-1.7668,50.9798],[-1.7664,50.9831],[-1.7699,50.9835],[-1.77,50.9838],[-1.7683,50.9866],[-1.7684,50.9879],[-1.77,50.9936],[-1.7699,50.9958],[-1.7695,50.9982],[-1.7688,51.0009],[-1.7676,51.0036],[-1.7662,51.006],[-1.7651,51.0108],[-1.7647,51.0151],[-1.7641,51.0154],[-1.7607,51.0162],[-1.762,51.0191],[-1.7629,51.022],[-1.7644,51.0245],[-1.7641,51.0267],[-1.7642,51.0291],[-1.7646,51.0307],[-1.7654,51.0324],[-1.7663,51.0335],[-1.7681,51.0348],[-1.7714,51.0363],[-1.7734,51.0342],[-1.7778,51.0351],[-1.7808,51.0363],[-1.7824,51.036],[-1.7847,51.0358],[-1.7852,51.0351],[-1.7865,51.0348],[-1.7902,51.035],[-1.7933,51.0354],[-1.7941,51.0363],[-1.7936,51.0368],[-1.795,51.0387],[-1.7972,51.0405],[-1.7988,51.0402],[-1.8004,51.0405],[-1.8015,51.0399],[-1.8029,51.0386],[-1.8049,51.0381],[-1.8047,51.0373],[-1.8068,51.0368],[-1.8077,51.0364],[-1.8099,51.0359],[-1.8121,51.0365],[-1.8132,51.0363],[-1.8142,51.0356],[-1.8151,51.0356],[-1.8163,51.0349],[-1.8196,51.0342],[-1.8197,51.0348],[-1.8214,51.0356],[-1.822,51.0352],[-1.8239,51.035],[-1.8254,51.0352],[-1.8265,51.0346],[-1.8294,51.035],[-1.8301,51.0342],[-1.8319,51.0338],[-1.8333,51.0348],[-1.8355,51.0347],[-1.8379,51.0339],[-1.8395,51.0345],[-1.8415,51.0362],[-1.8433,51.0362],[-1.8452,51.037],[-1.8463,51.0368],[-1.8465,51.0382],[-1.8476,51.0396],[-1.8472,51.0421],[-1.8481,51.047],[-1.8478,51.0481],[-1.8485,51.0493],[-1.8527,51.0523],[-1.8535,51.0532],[-1.8628,51.0547],[-1.8756,51.0568],[-1.8857,51.058],[-1.8797,51.0634],[-1.8816,51.064],[-1.8853,51.0647],[-1.8848,51.067],[-1.8792,51.0729],[-1.8788,51.0734],[-1.8786,51.0758],[-1.8818,51.0758],[-1.8824,51.0799],[-1.8827,51.081],[-1.8801,51.0815],[-1.8806,51.083],[-1.8836,51.0891],[-1.8848,51.0911],[-1.8817,51.0907],[-1.8834,51.0949],[-1.8853,51.097],[-1.8861,51.0976],[-1.8821,51.0979],[-1.8779,51.0998],[-1.8777,51.1],[-1.8808,51.1032],[-1.882,51.1047],[-1.8851,51.1093],[-1.8883,51.1162],[-1.8897,51.1176],[-1.8914,51.1187],[-1.8958,51.1199],[-1.8967,51.1212],[-1.8968,51.1221],[-1.8993,51.123],[-1.9004,51.1244],[-1.9024,51.1251],[-1.9024,51.1258],[-1.9048,51.1261],[-1.9046,51.1268],[-1.9053,51.1274],[-1.9038,51.1277],[-1.904,51.1293],[-1.9031,51.1296],[-1.9038,51.1308],[-1.9025,51.131],[-1.9026,51.132],[-1.9043,51.1319],[-1.9049,51.1327],[-1.9079,51.134],[-1.9109,51.1362],[-1.9141,51.138],[-1.9179,51.1397],[-1.9189,51.1402],[-1.9193,51.1412],[-1.9252,51.1447],[-1.9333,51.1438],[-1.9341,51.1438],[-1.9425,51.147],[-1.9459,51.1482],[-1.9515,51.1503],[-1.9568,51.1526],[-1.9592,51.1533],[-1.9622,51.1539],[-1.9733,51.1557],[-1.9785,51.1565],[-1.9872,51.1581],[-1.9931,51.1587],[-1.9971,51.1588],[-1.9986,51.159],[-2.007,51.1591],[-2.0158,51.1615],[-2.0264,51.1642],[-2.0286,51.1666],[-2.0321,51.1684],[-2.0356,51.1697],[-2.0352,51.1701],[-2.0445,51.1725],[-2.0465,51.1735],[-2.0474,51.1734],[-2.0512,51.1737],[-2.0558,51.1744],[-2.0543,51.1776],[-2.0552,51.1782],[-2.0546,51.1789],[-2.0547,51.1797],[-2.0608,51.1804],[-2.0663,51.1797],[-2.0685,51.1829],[-2.0712,51.1864],[-2.0736,51.1862],[-2.075,51.1859],[-2.0778,51.1848],[-2.081,51.1839],[-2.0877,51.1827],[-2.0912,51.1816],[-2.0949,51.1798],[-2.0972,51.1791],[-2.0987,51.1793],[-2.1004,51.179],[-2.1026,51.1797],[-2.1039,51.1797],[-2.104,51.1804],[-2.1052,51.1812],[-2.1075,51.1816],[-2.1092,51.1815],[-2.1128,51.1817],[-2.1138,51.1805],[-2.1157,51.1797],[-2.1165,51.1799],[-2.1179,51.179],[-2.1189,51.179],[-2.1198,51.1801],[-2.1234,51.1804],[-2.1263,51.1812],[-2.1269,51.1819],[-2.1283,51.1825],[-2.1294,51.1835],[-2.1311,51.1837],[-2.1317,51.1834],[-2.1383,51.1814],[-2.1394,51.1808],[-2.1426,51.1797],[-2.1425,51.1822],[-2.1491,51.1838],[-2.1537,51.1855],[-2.1544,51.1854],[-2.1547,51.1877],[-2.1601,51.1882],[-2.1661,51.1887],[-2.1692,51.1894],[-2.1728,51.1895],[-2.1735,51.1889],[-2.1737,51.1876],[-2.1763,51.188],[-2.1768,51.1877],[-2.1787,51.1886],[-2.1807,51.1878],[-2.1829,51.1872],[-2.1853,51.1874],[-2.1866,51.188],[-2.1876,51.188],[-2.1913,51.1873],[-2.1928,51.1835],[-2.1935,51.1836],[-2.1951,51.183],[-2.1976,51.1827],[-2.2017,51.1841],[-2.2053,51.1848],[-2.207,51.1849],[-2.2098,51.1855],[-2.2065,51.1865],[-2.2052,51.1872],[-2.2033,51.1891],[-2.2089,51.1941],[-2.2101,51.1937],[-2.2138,51.191],[-2.215,51.1928],[-2.2163,51.1922],[-2.2199,51.1933],[-2.2237,51.1937],[-2.2238,51.1955],[-2.2216,51.1962],[-2.2187,51.1978],[-2.2166,51.1994],[-2.217,51.2024],[-2.2189,51.2036],[-2.2215,51.2046],[-2.2212,51.2062],[-2.2238,51.2067],[-2.2281,51.2084],[-2.2292,51.2085],[-2.2326,51.2096]]]},"properties":{"name":"Cranborne Chase & West Wiltshire Downs","kind":"national_landscape"},"id":25},
{"type":"Feature","geometry":{"type":"Polygon","coordinates":[[[-2.2937,52.0629],[-2.2911,52.0669],[-2.2913,52.0671],[-2.297,52.0683],[-2.2984,52.0689],[-2.299,52.0706],[-2.3008,52.0721],[-2.3073,52.0794],[-2.3078,52.0801],[-2.3101,52.087],[-2.3112,52.0899],[-2.3112,52.0915],[-2.3118,52.0944],[-2.3109,52.0974],[-2.31,52.0989],[-2.3119,52.0981],[-2.3148,52.0973],[-2.3186,52.0957],[-2.3195,52.0956],[-2.3231,52.0959],[-2.3226,52.097],[-2.3209,52.1031],[-2.3231,52.1023],[-2.3229,52.1011],[-2.3239,52.0983],[-2.3263,52.0983],[-2.3291,52.0985],[-2.3295,52.1],[-2.3295,52.1017],[-2.3309,52.104],[-2.33,52.106],[-2.3315,52.1086],[-2.3316,52.1106],[-2.332,52.112],[-2.3313,52.1129],[-2.3296,52.1156],[-2.3297,52.1172],[-2.3305,52.1194],[-2.332,52.1199],[-2.3369,52.121],[-2.3386,52.1219],[-2.3396,52.1227],[-2.3413,52.1236],[-2.3427,52.1238],[-2.3431,52.1246],[-2.3406,52.1244],[-2.3412,52.1253],[-2.3428,52.1255],[-2.3434,52.126],[-2.3432,52.1268],[-2.3447,52.1286],[-2.3449,52.1297],[-2.3449,52.1315],[-2.3455,52.132],[-2.3446,52.1326],[-2.3455,52.1338],[-2.3463,52.1344],[-2.3473,52.1359],[-2.3485,52.1367],[-2.3487,52.138],[-2.3496,52.1394],[-2.3497,52.1401],[-2.3516,52.1421],[-2.3518,52.1439],[-2.3508,52.1442],[-2.3524,52.1457],[-2.3544,52.1468],[-2.3562,52.1483],[-2.358,52.1504],[-2.3586,52.1519],[-2.3571,52.1538],[-2.3561,52.1544],[-2.3551,52.1556],[-2.3545,52.1571],[-2.3541,52.1587],[-2.353,52.1598],[-2.3553,52.1602],[-2.3569,52.1614],[-2.3569,52.1623],[-2.3576,52.1635],[-2.3592,52.1654],[-2.3627,52.166],[-2.3661,52.1672],[-2.3677,52.1671],[-2.3695,52.1674],[-2.3715,52.1669],[-2.3729,52.1668],[-2.375,52.1674],[-2.377,52.1686],[-2.3798,52.1695],[-2.3808,52.1713],[-2.3819,52.1724],[-2.3824,52.1736],[-2.3779,52.1743],[-2.3756,52.1739],[-2.3736,52.1739],[-2.3738,52.1756],[-2.3733,52.1761],[-2.3747,52.1773],[-2.3749,52.1785],[-2.3757,52.1798],[-2.3774,52.1817],[-2.3815,52.1828],[-2.3819,52.185],[-2.3823,52.1859],[-2.3825,52.1873],[-2.3831,52.1891],[-2.3831,52.1909],[-2.384,52.1926],[-2.3839,52.1931],[-2.3855,52.194],[-2.3866,52.1941],[-2.389,52.1938],[-2.3903,52.1933],[-2.3921,52.1922],[-2.394,52.1897],[-2.3954,52.1885],[-2.3979,52.1873],[-2.4003,52.1867],[-2.4034,52.1861],[-2.4032,52.1856],[-2.3996,52.1819],[-2.4,52.1809],[-2.4001,52.1793],[-2.4005,52.1787],[-2.4,52.1767],[-2.4002,52.1751],[-2.4,52.1737],[-2.4024,52.1742],[-2.405,52.1741],[-2.4068,52.1737],[-2.4091,52.1734],[-2.4101,52.1731],[-2.4089,52.1711],[-2.4072,52.1687],[-2.4069,52.1667],[-2.4077,52.1642],[-2.4071,52.162],[-2.406,52.1605],[-2.4051,52.1583],[-2.4051,52.1571],[-2.401,52.1547],[-2.3995,52.1533],[-2.3984,52.1516],[-2.3995,52.1507],[-2.4014,52.1503],[-2.403,52.1497],[-2.405,52.1497],[-2.4035,52.1484],[-2.4005,52.1449],[-2.3999,52.1445],[-2.3994,52.1421],[-2.3968,52.1422],[-2.3958,52.1414],[-2.394,52.1394],[-2.3917,52.1393],[-2.3903,52.1398],[-2.3895,52.1392],[-2.388,52.1373],[-2.3881,52.1367],[-2.3869,52.1355],[-2.3868,52.1346],[-2.3857,52.1324],[-2.3845,52.1305],[-2.3818,52.1299],[-2.3824,52.1289],[-2.3825,52.1277],[-2.3831,52.1257],[-2.3847,52.1248],[-2.3861,52.125],[-2.3877,52.1246],[-2.3878,52.1225],[-2.3885,52.1213],[-2.3899,52.1212],[-2.3928,52.1199],[-2.3937,52.1192],[-2.3941,52.1182],[-2.394,52.1173],[-2.3931,52.1151],[-2.3939,52.1129],[-2.3945,52.1119],[-2.3928,52.1111],[-2.3943,52.1107],[-2.3966,52.1115],[-2.3991,52.1112],[-2.3989,52.1086],[-2.398,52.1079],[-2.3983,52.1065],[-2.3972,52.105],[-2.3974,52.1037],[-2.3988,52.1023],[-2.3992,52.1004],[-2.3999,52.0988],[-2.4002,52.0969],[-2.4019,52.0944],[-2.4028,52.0927],[-2.4029,52.091],[-2.4036,52.0891],[-2.4024,52.0882],[-2.4024,52.0871],[-2.4029,52.086],[-2.4043,52.0846],[-2.4046,52.0833],[-2.4054,52.0824],[-2.4082,52.0811],[-2.4093,52.0801],[-2.4135,52.0783],[-2.4132,52.077],[-2.412,52.0738],[-2.4121,52.0727],[-2.4111,52.0712],[-2.4118,52.0707],[-2.4145,52.0676],[-2.4156,52.0657],[-2.4171,52.0647],[-2.419,52.0645],[-2.4205,52.0639],[-2.4228,52.0643],[-2.4246,52.0654],[-2.4249,52.0647],[-2.4249,52.0615],[-2.4261,52.0586],[-2.4261,52.0565],[-2.4242,52.0538],[-2.4243,52.0518],[-2.4274,52.0489],[-2.4265,52.0457],[-2.4246,52.0455],[-2.4219,52.0456],[-2.4201,52.0443],[-2.4182,52.0444],[-2.4172,52.0448],[-2.4135,52.0439],[-2.4158,52.0428],[-2.417,52.0411],[-2.4166,52.0398],[-2.4164,52.0376],[-2.4177,52.0366],[-2.4201,52.0358],[-2.4222,52.0357],[-2.422,52.034],[-2.4216,52.0329],[-2.4166,52.029],[-2.4163,52.0283],[-2.4141,52.0256],[-2.4124,52.0245],[-2.4109,52.0231],[-2.4102,52.02],[-2.4103,52.0192],[-2.4116,52.0167],[-2.4114,52.0146],[-2.4106,52.0118],[-2.4108,52.0102],[-2.4105,52.0089],[-2.4091,52.0075],[-2.4061,52.0057],[-2.4041,52.0048],[-2.4008,52.0042],[-2.3983,52.0042],[-2.3955,52.0045],[-2.393,52.005],[-2.3916,52.005],[-2.3902,52.0045],[-2.3886,52.0033],[-2.3848,52.001],[-2.3822,51.9998],[-2.3796,51.9983],[-2.378,51.9977],[-2.376,51.9976],[-2.3732,51.998],[-2.37,51.9976],[-2.365,51.9978],[-2.3627,51.9976],[-2.361,51.9977],[-2.3598,51.9973],[-2.3463,51.9964],[-2.3446,51.9991],[-2.3434,52],[-2.3406,52.0014],[-2.3394,52.0023],[-2.3357,52.0062],[-2.3333,52.0074],[-2.3314,52.0094],[-2.3292,52.0134],[-2.3277,52.0153],[-2.3274,52.0166],[-2.3261,52.0182],[-2.3244,52.0209],[-2.3226,52.0224],[-2.3224,52.0236],[-2.3233,52.0247],[-2.3228,52.0268],[-2.3216,52.0281],[-2.3206,52.0294],[-2.3207,52.0325],[-2.3173,52.0336],[-2.3139,52.0352],[-2.3139,52.0362],[-2.313,52.0383],[-2.3128,52.0405],[-2.3117,52.0436],[-2.3117,52.0449],[-2.3127,52.0474],[-2.3119,52.0486],[-2.3108,52.0493],[-2.3092,52.0494],[-2.3064,52.0491],[-2.3037,52.0503],[-2.3015,52.0507],[-2.3013,52.0512],[-2.2988,52.0519],[-2.2961,52.0512],[-2.2944,52.0521],[-2.2951,52.0527],[-2.2986,52.0526],[-2.3036,52.0541],[-2.2982,52.0578],[-2.2956,52.0603],[-2.2937,52.0629]]]},"properties":{"name":"Malvern Hills","kind":"national_landscape"},"id":26},
{"type":"Feature","geometry":{"type":"MultiPolygon","coordinates":[[[[0.7485,52.9258],[0.7504,52.926],[0.7544,52.927],[0.7592,52.9287],[0.7604,52.9296],[0.7621,52.93],[0.7633,52.9318],[0.7654,52.9327],[0.7684,52.933],[0.7698,52.9324],[0.7834,52.9253],[0.7844,52.925],[0.7896,52.9238],[0.7927,52.9226],[0.7944,52.9223],[0.802,52.9224],[0.8035,52.9223],[0.8078,52.9213],[0.8099,52.9205],[0.8115,52.9197],[0.8131,52.9184],[0.8137,52.9182],[0.819,52.9197],[0.8253,52.9192],[0.831,52.9194],[0.8336,52.9193],[0.8386,52.9192],[0.8447,52.9193],[0.8558,52.9208],[0.8608,52.921],[0.8675,52.9217],[0.8756,52.9226],[0.8815,52.9231],[0.8821,52.9225],[0.8819,52.9205],[0.8821,52.9199],[0.8855,52.9201],[0.8889,52.9183],[0.8915,52.9175],[0.8945,52.9177],[0.899,52.9182],[0.9037,52.9188],[0.907,52.9186],[0.91,52.9188],[0.9148,52.9195],[0.917,52.9196],[0.9234,52.9193],[0.9255,52.9198],[0.9286,52.9214],[0.93,52.9219],[0.9342,52.9222],[0.9367,52.9223],[0.9425,52.9219],[0.9444,52.9213],[0.9448,52.9202],[0.9479,52.9187],[0.9494,52.9195],[0.9495,52.9202],[0.9522,52.9201],[0.9559,52.9216],[0.9587,52.9231],[0.9617,52.9252],[0.9627,52.926],[0.9683,52.9291],[0.9716,52.9305],[0.9762,52.9319],[0.9772,52.9324],[0.9807,52.9321],[0.9834,52.9316],[0.988,52.931],[0.9916,52.9303],[0.9954,52.9298],[1.0007,52.9294],[1.0048,52.9282],[1.0075,52.9279],[1.0099,52.9271],[1.0134,52.9252],[1.0177,52.9234],[1.0203,52.9228],[1.0254,52.9208],[1.0266,52.9192],[1.0283,52.9177],[1.0288,52.9159],[1.0333,52.9141],[1.0353,52.9125],[1.0374,52.9117],[1.0393,52.9104],[1.0404,52.9092],[1.047,52.9072],[1.051,52.9058],[1.0542,52.9049],[1.0616,52.9033],[1.0627,52.903],[1.0649,52.9042],[1.0661,52.9057],[1.0669,52.9069],[1.0682,52.9064],[1.0728,52.906],[1.0764,52.9063],[1.0797,52.9067],[1.0841,52.9065],[1.0837,52.9098],[1.0849,52.9109],[1.0879,52.9106],[1.0887,52.9087],[1.0921,52.9094],[1.0972,52.9108],[1.1021,52.9119],[1.1075,52.912],[1.1089,52.9108],[1.1139,52.9121],[1.1203,52.9137],[1.1226,52.9141],[1.134,52.9154],[1.1361,52.9157],[1.1436,52.916],[1.1466,52.9157],[1.1529,52.9158],[1.1596,52.9166],[1.1636,52.9181],[1.1702,52.9188],[1.1719,52.9194],[1.1746,52.9209],[1.179,52.9228],[1.1818,52.9236],[1.1871,52.9236],[1.1939,52.924],[1.1983,52.9239],[1.2048,52.9232],[1.207,52.9231],[1.2078,52.9185],[1.2102,52.9155],[1.2108,52.9138],[1.212,52.9129],[1.2141,52.9122],[1.2174,52.9115],[1.2202,52.9105],[1.2243,52.9095],[1.229,52.9068],[1.2307,52.9055],[1.2342,52.904],[1.2373,52.9032],[1.2415,52.9024],[1.2436,52.9017],[1.2475,52.9012],[1.2489,52.9006],[1.2546,52.8942],[1.2551,52.8938],[1.2614,52.8898],[1.2637,52.8884],[1.267,52.8896],[1.2694,52.8902],[1.2743,52.8917],[1.2767,52.8915],[1.2802,52.8922],[1.2842,52.8925],[1.287,52.8915],[1.2897,52.8913],[1.2903,52.89],[1.2927,52.8883],[1.2935,52.8867],[1.2954,52.8854],[1.2981,52.8847],[1.2977,52.8837],[1.2986,52.8833],[1.3009,52.8832],[1.3038,52.8833],[1.3077,52.8828],[1.3104,52.8819],[1.3138,52.881],[1.3155,52.88],[1.3179,52.8791],[1.3217,52.8784],[1.3242,52.8774],[1.3273,52.8777],[1.3306,52.8788],[1.3357,52.8797],[1.3397,52.8804],[1.3437,52.8762],[1.3459,52.8733],[1.3482,52.8728],[1.3495,52.8718],[1.3522,52.8719],[1.3548,52.8725],[1.3578,52.8729],[1.359,52.8726],[1.3601,52.8719],[1.3608,52.8709],[1.3607,52.8702],[1.3599,52.8689],[1.3615,52.8682],[1.368,52.8673],[1.3706,52.8668],[1.3752,52.8665],[1.3789,52.8664],[1.38,52.8661],[1.3825,52.865],[1.3864,52.8637],[1.388,52.8629],[1.3891,52.8629],[1.3923,52.8638],[1.3957,52.8644],[1.398,52.8652],[1.4008,52.8657],[1.4028,52.8664],[1.4034,52.8648],[1.4035,52.8627],[1.403,52.8627],[1.4022,52.8606],[1.4054,52.86],[1.4089,52.8595],[1.4143,52.8575],[1.4158,52.8563],[1.4185,52.8555],[1.4229,52.855],[1.4246,52.8552],[1.4246,52.8545],[1.4277,52.8545],[1.4284,52.8534],[1.4299,52.8525],[1.4347,52.8488],[1.4365,52.8488],[1.442,52.8475],[1.4445,52.8478],[1.4449,52.8487],[1.445,52.8502],[1.4456,52.8512],[1.4495,52.8512],[1.4497,52.8523],[1.4509,52.8533],[1.452,52.8536],[1.4546,52.8537],[1.4546,52.8567],[1.4531,52.8568],[1.4583,52.8664],[1.4581,52.8669],[1.4555,52.8685],[1.4528,52.8697],[1.4519,52.8703],[1.4507,52.8704],[1.4502,52.8717],[1.4482,52.8722],[1.4486,52.8726],[1.4481,52.8738],[1.4456,52.8746],[1.4441,52.8739],[1.4437,52.8725],[1.442,52.8726],[1.4414,52.8709],[1.4403,52.8709],[1.439,52.8722],[1.4374,52.8716],[1.437,52.8721],[1.4342,52.8713],[1.432,52.8715],[1.4312,52.8713],[1.4303,52.87],[1.4285,52.8709],[1.4264,52.8715],[1.4248,52.8714],[1.4246,52.8709],[1.4222,52.8713],[1.4222,52.8722],[1.4233,52.8733],[1.4198,52.8743],[1.418,52.8739],[1.4161,52.8742],[1.4167,52.8769],[1.4167,52.878],[1.4147,52.8781],[1.415,52.8795],[1.4163,52.8792],[1.4162,52.8812],[1.4134,52.8817],[1.4115,52.8829],[1.4127,52.8844],[1.4137,52.8882],[1.4139,52.8912],[1.4106,52.8929],[1.4086,52.8935],[1.407,52.8945],[1.4025,52.8962],[1.4016,52.8968],[1.3995,52.8972],[1.3953,52.8985],[1.3898,52.9008],[1.3883,52.9014],[1.3774,52.9062],[1.3746,52.9072],[1.3689,52.9095],[1.3654,52.9111],[1.364,52.9114],[1.3592,52.9134],[1.3571,52.9142],[1.354,52.9155],[1.3514,52.9123],[1.3505,52.9126],[1.3492,52.9114],[1.347,52.9126],[1.3442,52.9136],[1.337,52.9147],[1.3368,52.9145],[1.3334,52.9149],[1.3305,52.9158],[1.3294,52.9162],[1.3303,52.9174],[1.33,52.9177],[1.3302,52.9198],[1.3326,52.9193],[1.3366,52.9201],[1.3361,52.9231],[1.3344,52.9234],[1.3299,52.9247],[1.3289,52.9248],[1.3256,52.926],[1.3204,52.9277],[1.3146,52.9301],[1.3122,52.9307],[1.3108,52.9308],[1.3107,52.9291],[1.3113,52.9275],[1.3086,52.927],[1.3091,52.9256],[1.3116,52.9253],[1.3131,52.9248],[1.3122,52.9238],[1.3132,52.9233],[1.314,52.9238],[1.3159,52.9236],[1.3182,52.923],[1.3175,52.922],[1.3155,52.9224],[1.316,52.9201],[1.3164,52.9192],[1.309,52.9177],[1.3099,52.916],[1.3083,52.9155],[1.3079,52.9147],[1.3024,52.9173],[1.3007,52.9178],[1.2947,52.9182],[1.2936,52.9186],[1.2941,52.9192],[1.2936,52.9221],[1.2943,52.9234],[1.2951,52.9264],[1.2948,52.928],[1.2895,52.9277],[1.2884,52.9283],[1.2869,52.9268],[1.284,52.9275],[1.2824,52.9299],[1.2787,52.9312],[1.2761,52.9318],[1.271,52.9325],[1.2674,52.9336],[1.2643,52.9348],[1.2604,52.9357],[1.2565,52.9361],[1.2534,52.936],[1.2493,52.9355],[1.2451,52.9356],[1.2427,52.936],[1.2399,52.937],[1.2369,52.9386],[1.2331,52.9387],[1.2328,52.9382],[1.2302,52.9379],[1.2279,52.9371],[1.2278,52.9353],[1.2269,52.9332],[1.2261,52.932],[1.2257,52.9299],[1.2214,52.9302],[1.2211,52.9305],[1.2183,52.9305],[1.2156,52.9309],[1.2146,52.9317],[1.2163,52.9339],[1.2153,52.9341],[1.2123,52.934],[1.2121,52.9369],[1.2082,52.9374],[1.2075,52.9362],[1.2068,52.9356],[1.2057,52.9357],[1.2051,52.9344],[1.2048,52.933],[1.2009,52.9332],[1.1986,52.9331],[1.1968,52.9327],[1.1924,52.9323],[1.1917,52.9327],[1.1914,52.9348],[1.1904,52.9363],[1.1901,52.9376],[1.188,52.9402],[1.1874,52.9436],[1.1925,52.9435],[1.203,52.9423],[1.2033,52.9445],[1.2047,52.946],[1.205,52.9469],[1.1996,52.9468],[1.196,52.947],[1.1944,52.9473],[1.1922,52.9471],[1.1853,52.9469],[1.1813,52.947],[1.175,52.9475],[1.1666,52.9482],[1.157,52.9485],[1.1531,52.9488],[1.1473,52.949],[1.1408,52.9496],[1.1311,52.9508],[1.1249,52.9519],[1.1174,52.9533],[1.1107,52.9544],[1.0957,52.957],[1.0866,52.9589],[1.0789,52.9604],[1.0726,52.9617],[1.0555,52.965],[1.0533,52.9655],[1.0487,52.9664],[1.0359,52.9693],[1.0324,52.9702],[1.0262,52.9716],[1.0239,52.9722],[1.0171,52.9736],[1.0071,52.9756],[1.0035,52.9765],[0.9998,52.9772],[0.9922,52.9789],[0.9873,52.9797],[0.9803,52.9812],[0.9756,52.9826],[0.9725,52.9832],[0.9699,52.9826],[0.9678,52.9816],[0.966,52.9814],[0.9649,52.9818],[0.961,52.9809],[0.9599,52.9824],[0.9605,52.9827],[0.9587,52.9834],[0.9576,52.9826],[0.9581,52.9812],[0.9571,52.9814],[0.9541,52.9805],[0.9508,52.9802],[0.9476,52.9803],[0.9416,52.9808],[0.9385,52.9797],[0.9382,52.9793],[0.9331,52.9792],[0.9276,52.9795],[0.9274,52.9797],[0.923,52.9799],[0.9192,52.98],[0.9144,52.9806],[0.912,52.9812],[0.9062,52.9821],[0.9059,52.9824],[0.9005,52.9838],[0.8952,52.9846],[0.8943,52.9843],[0.8929,52.9849],[0.8919,52.9847],[0.8915,52.9856],[0.8904,52.9861],[0.8818,52.9875],[0.8792,52.9878],[0.8801,52.9869],[0.8744,52.9876],[0.8749,52.9883],[0.8731,52.9886],[0.8722,52.9883],[0.866,52.9893],[0.8639,52.9897],[0.8637,52.9901],[0.8597,52.9913],[0.8547,52.9919],[0.847,52.9927],[0.8452,52.9927],[0.8461,52.9918],[0.8444,52.9917],[0.8416,52.9911],[0.8378,52.9881],[0.84,52.988],[0.8389,52.9871],[0.8387,52.9859],[0.8379,52.9852],[0.8367,52.9836],[0.8359,52.983],[0.8336,52.9821],[0.8309,52.9818],[0.8227,52.9806],[0.8132,52.9796],[0.8021,52.9795],[0.7957,52.9795],[0.7934,52.9794],[0.7936,52.9788],[0.7912,52.9788],[0.789,52.9793],[0.7869,52.9792],[0.78,52.9804],[0.7769,52.9821],[0.771,52.9827],[0.7685,52.9827],[0.7647,52.9821],[0.7689,52.9819],[0.769,52.9817],[0.7642,52.981],[0.7628,52.9813],[0.761,52.981],[0.7605,52.9814],[0.7587,52.9818],[0.7552,52.9816],[0.7506,52.9819],[0.745,52.9825],[0.74,52.9835],[0.7316,52.9845],[0.7263,52.9847],[0.7179,52.9858],[0.7114,52.9864],[0.7063,52.9872],[0.7026,52.9879],[0.7,52.9887],[0.6964,52.9887],[0.6886,52.9895],[0.6856,52.9895],[0.683,52.9899],[0.6807,52.9898],[0.679,52.9899],[0.6729,52.9901],[0.6681,52.9897],[0.6674,52.9895],[0.6653,52.9896],[0.6607,52.9893],[0.6535,52.988],[0.646,52.9861],[0.6427,52.9849],[0.642,52.9841],[0.6376,52.983],[0.6353,52.9819],[0.6357,52.9806],[0.6354,52.9797],[0.6342,52.9791],[0.6321,52.9787],[0.6291,52.9787],[0.6301,52.9772],[0.6296,52.9766],[0.6281,52.9764],[0.6266,52.9766],[0.6249,52.9763],[0.621,52.9763],[0.6199,52.9765],[0.6129,52.9768],[0.6115,52.977],[0.6097,52.9767],[0.6072,52.9768],[0.6061,52.9765],[0.601,52.9768],[0.5938,52.9782],[0.5895,52.9789],[0.5854,52.9798],[0.5811,52.9812],[0.5733,52.9833],[0.5726,52.983],[0.5671,52.9822],[0.5658,52.9818],[0.5633,52.9818],[0.5636,52.9809],[0.5614,52.9806],[0.5591,52.9805],[0.558,52.9801],[0.5559,52.9797],[0.5495,52.9792],[0.5489,52.9794],[0.5404,52.979],[0.5349,52.9783],[0.5304,52.9772],[0.5292,52.9767],[0.5276,52.9755],[0.5258,52.9749],[0.5222,52.973],[0.5196,52.9719],[0.5154,52.9689],[0.5106,52.9652],[0.5058,52.9622],[0.5032,52.9613],[0.5099,52.957],[0.5105,52.9538],[0.5095,52.9526],[0.5101,52.9514],[0.5113,52.9503],[0.5116,52.9492],[0.5096,52.9481],[0.5076,52.9462],[0.5078,52.9443],[0.5084,52.9415],[0.5105,52.9377],[0.5094,52.9368],[0.5075,52.9345],[0.5064,52.9324],[0.5067,52.9314],[0.5074,52.9306],[0.508,52.9293],[0.5072,52.9264],[0.5069,52.9234],[0.5073,52.9208],[0.5068,52.9182],[0.5051,52.9167],[0.5043,52.9155],[0.5035,52.9124],[0.5024,52.9106],[0.5033,52.9084],[0.504,52.9053],[0.504,52.904],[0.4993,52.8917],[0.4896,52.8932],[0.4812,52.8941],[0.4797,52.8944],[0.4769,52.8954],[0.4752,52.8945],[0.4744,52.8937],[0.4701,52.8831],[0.4696,52.8817],[0.4696,52.8793],[0.471,52.8772],[0.4736,52.8752],[0.4752,52.8746],[0.4779,52.8739],[0.4822,52.8732],[0.484,52.8731],[0.485,52.8734],[0.4865,52.8743],[0.4882,52.8757],[0.4914,52.8777],[0.4984,52.8797],[0.4986,52.8808],[0.4999,52.883],[0.5003,52.8839],[0.5001,52.8851],[0.5036,52.8828],[0.505,52.8825],[0.5068,52.8869],[0.5074,52.8872],[0.5094,52.8869],[0.513,52.8867],[0.5133,52.8879],[0.5172,52.8874],[0.5178,52.888],[0.5229,52.8878],[0.5249,52.8875],[0.5268,52.8896],[0.5271,52.8896],[0.537,52.8878],[0.5372,52.891],[0.5423,52.8908],[0.5485,52.8897],[0.5492,52.8909],[0.5511,52.8907],[0.5528,52.8909],[0.5534,52.8924],[0.5545,52.8929],[0.5539,52.8936],[0.552,52.8943],[0.5499,52.8968],[0.5458,52.8986],[0.5452,52.8992],[0.5439,52.8994],[0.5431,52.9096],[0.5424,52.9175],[0.5423,52.9179],[0.547,52.9183],[0.5503,52.9189],[0.5514,52.9171],[0.5568,52.9179],[0.5589,52.9173],[0.564,52.9182],[0.5652,52.9193],[0.5701,52.9248],[0.5752,52.9299],[0.5771,52.9324],[0.5765,52.9351],[0.5796,52.9356],[0.5876,52.9358],[0.5985,52.936],[0.6077,52.9361],[0.609,52.9358],[0.6101,52.9359],[0.6163,52.9361],[0.6216,52.9362],[0.6259,52.9363],[0.6278,52.9363],[0.6333,52.9367],[0.635,52.9364],[0.6411,52.9356],[0.6458,52.9354],[0.6527,52.9361],[0.6562,52.9361],[0.6606,52.9367],[0.6662,52.9367],[0.6816,52.9389],[0.689,52.9389],[0.6931,52.9394],[0.6937,52.9367],[0.6953,52.9323],[0.6999,52.9336],[0.7018,52.9311],[0.7083,52.9301],[0.7088,52.9314],[0.7138,52.9309],[0.7238,52.9301],[0.7238,52.9296],[0.7232,52.9265],[0.7276,52.9246],[0.7304,52.9242],[0.7358,52.9246],[0.7386,52.9219],[0.7402,52.923],[0.7424,52.9234],[0.7485,52.9258]]],[[[0.4629,52.8544],[0.4631,52.856],[0.4624,52.8567],[0.4614,52.857],[0.46,52.8569],[0.4524,52.8557],[0.4533,52.8531],[0.4441,52.8515],[0.4449,52.8527],[0.4448,52.8533],[0.4453,52.8574],[0.445,52.8581],[0.4423,52.858],[0.4401,52.8597],[0.4418,52.8618],[0.4428,52.8624],[0.4435,52.8635],[0.4417,52.8644],[0.4416,52.8654],[0.4389,52.8703],[0.4366,52.8705],[0.4354,52.8714],[0.4356,52.872],[0.4348,52.8728],[0.4348,52.8738],[0.433,52.8762],[0.4317,52.8764],[0.4309,52.8782],[0.4301,52.8822],[0.4294,52.8833],[0.4279,52.8839],[0.4246,52.8838],[0.4218,52.8839],[0.4192,52.8843],[0.4127,52.8849],[0.4092,52.8845],[0.4049,52.8832],[0.4025,52.8819],[0.4001,52.88],[0.3971,52.8781],[0.3936,52.8752],[0.3926,52.8737],[0.3912,52.8705],[0.3901,52.8689],[0.3892,52.8663],[0.3884,52.8649],[0.3873,52.8622],[0.386,52.8596],[0.3847,52.8581],[0.3825,52.8564],[0.3809,52.8541],[0.3801,52.8532],[0.3776,52.8525],[0.377,52.8528],[0.3785,52.8543],[0.381,52.8578],[0.3816,52.8592],[0.3801,52.8599],[0.3814,52.8612],[0.3817,52.8631],[0.3804,52.8629],[0.3787,52.8605],[0.3776,52.8577],[0.3765,52.8557],[0.3739,52.8527],[0.3732,52.8508],[0.376,52.8476],[0.3763,52.8452],[0.3753,52.8438],[0.3736,52.8427],[0.3703,52.8413],[0.367,52.8404],[0.3652,52.8396],[0.3637,52.8385],[0.3615,52.8364],[0.3599,52.8346],[0.3583,52.8325],[0.3581,52.8306],[0.3577,52.8299],[0.3562,52.83],[0.3566,52.8315],[0.3567,52.8332],[0.3574,52.8353],[0.3587,52.8365],[0.3583,52.837],[0.3562,52.8366],[0.3562,52.8376],[0.3568,52.8387],[0.3567,52.8398],[0.3571,52.8406],[0.3578,52.843],[0.3559,52.8433],[0.3551,52.8428],[0.3543,52.8413],[0.3541,52.8396],[0.353,52.8381],[0.3528,52.8366],[0.3529,52.8352],[0.3539,52.8344],[0.3545,52.8316],[0.3551,52.8303],[0.3557,52.8266],[0.3568,52.8227],[0.3573,52.8178],[0.3569,52.8153],[0.3568,52.814],[0.3564,52.8135],[0.3549,52.8157],[0.3545,52.8154],[0.3544,52.8127],[0.3547,52.8117],[0.3566,52.8084],[0.3589,52.8063],[0.3614,52.8031],[0.362,52.8014],[0.364,52.799],[0.3676,52.7944],[0.3689,52.7953],[0.3698,52.7954],[0.3716,52.7946],[0.3727,52.7947],[0.375,52.7956],[0.3774,52.7963],[0.3821,52.7979],[0.3872,52.7995],[0.394,52.7996],[0.3948,52.7993],[0.4075,52.7995],[0.4083,52.7972],[0.4082,52.7932],[0.4089,52.7929],[0.4123,52.7924],[0.4128,52.7906],[0.4172,52.7885],[0.424,52.7858],[0.4248,52.7883],[0.4262,52.7904],[0.428,52.7926],[0.4303,52.7919],[0.4323,52.7919],[0.4325,52.7925],[0.4362,52.7928],[0.4375,52.7946],[0.4399,52.7942],[0.4404,52.7936],[0.4451,52.7927],[0.4447,52.7917],[0.4428,52.791],[0.441,52.7863],[0.4419,52.7838],[0.4405,52.7836],[0.4417,52.7809],[0.4433,52.7801],[0.4426,52.7777],[0.444,52.7774],[0.4447,52.7765],[0.4459,52.7767],[0.447,52.7749],[0.4691,52.7785],[0.4705,52.7787],[0.4715,52.7793],[0.4724,52.781],[0.4733,52.7812],[0.4785,52.7819],[0.4827,52.7826],[0.4862,52.7837],[0.4919,52.7858],[0.494,52.7862],[0.5004,52.7873],[0.504,52.7883],[0.5115,52.7909],[0.5186,52.7932],[0.5177,52.7957],[0.517,52.7969],[0.5149,52.7987],[0.5132,52.8009],[0.5124,52.8015],[0.5126,52.8039],[0.5132,52.8051],[0.5161,52.8069],[0.5165,52.8079],[0.5164,52.8103],[0.5138,52.8165],[0.5155,52.8179],[0.516,52.8187],[0.5178,52.82],[0.5217,52.821],[0.5188,52.8266],[0.5175,52.8286],[0.5166,52.8311],[0.5154,52.832],[0.5133,52.8328],[0.5127,52.8328],[0.5111,52.8367],[0.5089,52.8372],[0.5084,52.8377],[0.5063,52.8387],[0.5058,52.8382],[0.504,52.8391],[0.5046,52.8401],[0.5022,52.841],[0.5005,52.8409],[0.5001,52.8421],[0.496,52.842],[0.4927,52.8424],[0.4865,52.8423],[0.4812,52.8415],[0.4812,52.8381],[0.4802,52.8373],[0.4794,52.838],[0.48,52.8395],[0.4786,52.84],[0.4774,52.8397],[0.477,52.8414],[0.4732,52.8413],[0.473,52.8445],[0.4691,52.8447],[0.4687,52.849],[0.4671,52.8497],[0.4672,52.8509],[0.4667,52.8527],[0.4629,52.8544]]],[[[1.6568,52.7191],[1.6569,52.7191],[1.6571,52.7192],[1.6575,52.7192],[1.6614,52.7186],[1.6657,52.7185],[1.666,52.7188],[1.6679,52.7192],[1.6712,52.7188],[1.672,52.7185],[1.6737,52.7186],[1.6749,52.718],[1.6779,52.7176],[1.6797,52.7176],[1.6821,52.7171],[1.6845,52.7171],[1.6903,52.7174],[1.6903,52.7182],[1.6921,52.7184],[1.6932,52.7178],[1.6946,52.7162],[1.6968,52.7169],[1.6996,52.718],[1.7009,52.7188],[1.6983,52.7206],[1.6962,52.7227],[1.6941,52.7253],[1.6921,52.7272],[1.6899,52.73],[1.6892,52.7305],[1.6866,52.7333],[1.6809,52.7385],[1.6791,52.7398],[1.6738,52.7439],[1.6664,52.7504],[1.6643,52.7519],[1.6616,52.7542],[1.6547,52.759],[1.6522,52.7605],[1.6488,52.7629],[1.6469,52.764],[1.6443,52.7661],[1.6414,52.7679],[1.6361,52.7716],[1.6311,52.7738],[1.6257,52.777],[1.6236,52.7786],[1.6223,52.7793],[1.6194,52.7816],[1.6172,52.7827],[1.6157,52.784],[1.6135,52.7849],[1.6127,52.7857],[1.6107,52.7864],[1.6081,52.7879],[1.6039,52.7862],[1.6026,52.7855],[1.606,52.7848],[1.6077,52.7842],[1.6109,52.7825],[1.6079,52.7813],[1.6038,52.779],[1.6031,52.7781],[1.5991,52.7761],[1.5968,52.7752],[1.5952,52.7722],[1.5957,52.7717],[1.5958,52.7717],[1.596,52.7716],[1.5961,52.7716],[1.6048,52.7706],[1.6073,52.77],[1.6119,52.7662],[1.6134,52.7656],[1.6142,52.7656],[1.6157,52.7661],[1.6177,52.7658],[1.623,52.7643],[1.6265,52.7583],[1.6266,52.7541],[1.6282,52.7541],[1.6279,52.7497],[1.628,52.7477],[1.6354,52.7442],[1.6367,52.7438],[1.6367,52.742],[1.6387,52.7421],[1.6394,52.7409],[1.641,52.7369],[1.642,52.735],[1.6525,52.7252],[1.6541,52.7221],[1.6544,52.7205],[1.6561,52.7202],[1.6562,52.7191],[1.6565,52.7191],[1.6566,52.7191],[1.6568,52.7191]]]]},"properties":{"name":"Norfolk Coast","kind":"national_landscape"},"id":27},
{"type":"Feature","geometry":{"type":"Polygon","coordinates":[[[-2.6351,51.7775],[-2.6342,51.7776],[-2.6326,51.7795],[-2.6319,51.7816],[-2.6319,51.7827],[-2.6314,51.7837],[-2.6316,51.7862],[-2.6326,51.7864],[-2.6369,51.7887],[-2.6371,51.7894],[-2.6389,51.7911],[-2.6406,51.7919],[-2.6416,51.7927],[-2.6417,51.794],[-2.6407,51.7948],[-2.6362,51.7959],[-2.6355,51.7964],[-2.6322,51.7981],[-2.629,51.7992],[-2.6276,51.801],[-2.6256,51.8026],[-2.6216,51.8042],[-2.6223,51.8066],[-2.6234,51.8074],[-2.6241,51.8094],[-2.6254,51.8108],[-2.6252,51.8124],[-2.628,51.8136],[-2.6286,51.8141],[-2.6274,51.8156],[-2.6265,51.8181],[-2.6255,51.819],[-2.6246,51.8184],[-2.6229,51.8182],[-2.6216,51.8186],[-2.6218,51.8174],[-2.6201,51.8168],[-2.6183,51.8173],[-2.6167,51.8172],[-2.6131,51.8186],[-2.6115,51.8175],[-2.6088,51.817],[-2.6065,51.8158],[-2.6055,51.8162],[-2.6039,51.816],[-2.6003,51.8166],[-2.5975,51.8164],[-2.5942,51.8169],[-2.5913,51.8182],[-2.5886,51.8185],[-2.5879,51.8198],[-2.5905,51.8221],[-2.5918,51.8236],[-2.5927,51.8239],[-2.5912,51.8254],[-2.5906,51.8264],[-2.589,51.8266],[-2.5884,51.8277],[-2.5889,51.8282],[-2.5877,51.8294],[-2.5865,51.8319],[-2.584,51.8341],[-2.5832,51.8357],[-2.5814,51.8374],[-2.5823,51.8383],[-2.5834,51.8385],[-2.5849,51.8393],[-2.5857,51.8402],[-2.5849,51.8409],[-2.5859,51.8412],[-2.5878,51.8428],[-2.587,51.8434],[-2.5894,51.8459],[-2.5886,51.8468],[-2.587,51.8444],[-2.5857,51.843],[-2.5836,51.842],[-2.5833,51.8428],[-2.5845,51.8435],[-2.5855,51.8444],[-2.5861,51.8457],[-2.5865,51.8481],[-2.5851,51.8471],[-2.5842,51.8472],[-2.5815,51.8469],[-2.5795,51.8472],[-2.5761,51.8478],[-2.5754,51.8485],[-2.574,51.8488],[-2.5726,51.8487],[-2.5717,51.8492],[-2.5713,51.8502],[-2.5697,51.8503],[-2.5684,51.8495],[-2.5664,51.8489],[-2.5643,51.8495],[-2.5609,51.8517],[-2.5596,51.8536],[-2.5609,51.8563],[-2.5627,51.8567],[-2.5653,51.8568],[-2.5682,51.858],[-2.5668,51.8581],[-2.5662,51.859],[-2.5652,51.8595],[-2.5637,51.8597],[-2.5616,51.8606],[-2.5663,51.8629],[-2.5678,51.8635],[-2.5698,51.8652],[-2.571,51.8656],[-2.5736,51.8646],[-2.5767,51.8645],[-2.5786,51.8645],[-2.58,51.8648],[-2.5815,51.8655],[-2.5828,51.8658],[-2.5819,51.867],[-2.5802,51.8685],[-2.5802,51.8695],[-2.5779,51.8704],[-2.5761,51.8717],[-2.5786,51.8722],[-2.5815,51.8731],[-2.5825,51.8737],[-2.5806,51.8767],[-2.5787,51.8776],[-2.5767,51.8787],[-2.574,51.881],[-2.5727,51.8818],[-2.5717,51.8833],[-2.5716,51.8843],[-2.5724,51.8855],[-2.5746,51.886],[-2.5749,51.8865],[-2.5764,51.8865],[-2.5756,51.8875],[-2.5735,51.8879],[-2.5698,51.8896],[-2.5673,51.8902],[-2.5671,51.8905],[-2.5684,51.8915],[-2.5682,51.893],[-2.5664,51.8945],[-2.568,51.8961],[-2.5712,51.8982],[-2.5716,51.8986],[-2.5723,51.9009],[-2.5727,51.9009],[-2.5768,51.9029],[-2.5795,51.9025],[-2.5817,51.9026],[-2.584,51.9038],[-2.586,51.9055],[-2.5831,51.9059],[-2.5814,51.9064],[-2.5709,51.9116],[-2.5698,51.9125],[-2.5694,51.9142],[-2.5708,51.9155],[-2.5724,51.9159],[-2.5748,51.9161],[-2.5772,51.9159],[-2.5773,51.9166],[-2.5809,51.9176],[-2.5785,51.9197],[-2.575,51.9244],[-2.5719,51.9273],[-2.564,51.9297],[-2.5631,51.93],[-2.5607,51.933],[-2.5597,51.9347],[-2.5591,51.9368],[-2.5573,51.9392],[-2.5553,51.9406],[-2.5542,51.9418],[-2.5523,51.9429],[-2.549,51.9465],[-2.5449,51.9492],[-2.5421,51.9508],[-2.5414,51.9516],[-2.5395,51.9549],[-2.5391,51.9573],[-2.5377,51.958],[-2.5353,51.9602],[-2.5333,51.9603],[-2.5313,51.961],[-2.5305,51.9615],[-2.5309,51.9635],[-2.5306,51.9647],[-2.5295,51.9657],[-2.5291,51.9666],[-2.5296,51.9675],[-2.5297,51.9689],[-2.5314,51.9711],[-2.5326,51.971],[-2.5342,51.9703],[-2.5349,51.9707],[-2.5352,51.9736],[-2.5362,51.9749],[-2.5421,51.9743],[-2.5447,51.9745],[-2.5479,51.9758],[-2.5471,51.9767],[-2.5468,51.9784],[-2.5439,51.9806],[-2.5436,51.9817],[-2.5421,51.9821],[-2.5417,51.9833],[-2.5411,51.9838],[-2.5423,51.9857],[-2.5438,51.9869],[-2.5458,51.987],[-2.5468,51.9877],[-2.5516,51.9886],[-2.5541,51.9894],[-2.557,51.9897],[-2.5589,51.9892],[-2.5608,51.9903],[-2.5612,51.9914],[-2.5592,51.9915],[-2.558,51.9923],[-2.5582,51.9943],[-2.5571,51.9952],[-2.5582,51.9965],[-2.5585,51.9979],[-2.5577,51.9995],[-2.5559,52.0018],[-2.5543,52.0019],[-2.5561,52.0031],[-2.5608,52.0055],[-2.5612,52.0059],[-2.5614,52.0077],[-2.5627,52.0086],[-2.5619,52.0101],[-2.5639,52.0105],[-2.5646,52.011],[-2.5639,52.012],[-2.5655,52.0131],[-2.5654,52.014],[-2.567,52.0147],[-2.5667,52.0158],[-2.5668,52.0182],[-2.5655,52.0188],[-2.565,52.0201],[-2.5668,52.0232],[-2.5642,52.0238],[-2.5646,52.0253],[-2.5664,52.0266],[-2.5685,52.0289],[-2.5681,52.0306],[-2.569,52.0315],[-2.5688,52.0328],[-2.568,52.0344],[-2.5698,52.0356],[-2.5682,52.0369],[-2.568,52.038],[-2.5717,52.0385],[-2.5739,52.039],[-2.5852,52.0437],[-2.5886,52.0443],[-2.5903,52.0443],[-2.5923,52.0436],[-2.5942,52.0424],[-2.596,52.043],[-2.5984,52.0429],[-2.6016,52.0434],[-2.6024,52.0431],[-2.6053,52.0432],[-2.6077,52.0436],[-2.6138,52.0436],[-2.6153,52.0441],[-2.6164,52.0436],[-2.6179,52.0444],[-2.6192,52.0461],[-2.6191,52.0477],[-2.6202,52.047],[-2.6205,52.0462],[-2.6231,52.0465],[-2.6253,52.0439],[-2.6259,52.0428],[-2.6263,52.0412],[-2.6264,52.04],[-2.6255,52.0373],[-2.6264,52.0333],[-2.626,52.0325],[-2.6268,52.0303],[-2.6292,52.0277],[-2.6305,52.025],[-2.6326,52.0254],[-2.6337,52.0253],[-2.6386,52.0237],[-2.6405,52.0228],[-2.6423,52.0216],[-2.6434,52.0204],[-2.6499,52.0175],[-2.6515,52.0172],[-2.6539,52.0164],[-2.6504,52.015],[-2.6485,52.0138],[-2.6452,52.013],[-2.6444,52.0125],[-2.6439,52.0114],[-2.6454,52.0098],[-2.6449,52.0084],[-2.6443,52.0079],[-2.6423,52.0071],[-2.6403,52.0061],[-2.6377,52.0035],[-2.6376,52.0024],[-2.6384,52.0012],[-2.6391,51.9994],[-2.6394,51.9977],[-2.6403,51.9965],[-2.6445,51.9957],[-2.6477,51.9944],[-2.6482,51.9939],[-2.6514,51.9934],[-2.6542,51.9923],[-2.6559,51.9914],[-2.6542,51.9904],[-2.6539,51.9895],[-2.6543,51.9886],[-2.6527,51.9879],[-2.6519,51.9865],[-2.6518,51.9856],[-2.6537,51.9851],[-2.6542,51.9842],[-2.6573,51.9836],[-2.657,51.983],[-2.6589,51.9824],[-2.6617,51.982],[-2.6623,51.9806],[-2.6624,51.9796],[-2.6621,51.9774],[-2.6646,51.9778],[-2.6691,51.9789],[-2.6736,51.9797],[-2.6719,51.9779],[-2.6698,51.9763],[-2.6726,51.9759],[-2.6728,51.9738],[-2.6733,51.9727],[-2.6749,51.9703],[-2.6754,51.9681],[-2.6769,51.968],[-2.6783,51.9676],[-2.6807,51.9663],[-2.6819,51.966],[-2.6843,51.9648],[-2.6868,51.9641],[-2.6883,51.9631],[-2.693,51.9624],[-2.6948,51.962],[-2.6976,51.9619],[-2.7012,51.9605],[-2.7034,51.96],[-2.704,51.9595],[-2.7066,51.9583],[-2.7064,51.9569],[-2.7057,51.9553],[-2.703,51.9518],[-2.6995,51.9496],[-2.6955,51.947],[-2.6938,51.946],[-2.6914,51.9425],[-2.6895,51.9407],[-2.6872,51.939],[-2.6844,51.9373],[-2.6794,51.9326],[-2.6742,51.9292],[-2.6694,51.9268],[-2.6664,51.9258],[-2.6631,51.9254],[-2.6595,51.9243],[-2.6575,51.9234],[-2.6539,51.9224],[-2.6478,51.9217],[-2.6474,51.9201],[-2.6477,51.9179],[-2.647,51.9154],[-2.6459,51.9134],[-2.6457,51.9125],[-2.6444,51.9101],[-2.6435,51.9056],[-2.6433,51.9038],[-2.6429,51.902],[-2.6414,51.9004],[-2.6417,51.8974],[-2.6427,51.8964],[-2.644,51.8958],[-2.6481,51.8953],[-2.6516,51.8942],[-2.6532,51.8935],[-2.6553,51.8919],[-2.6548,51.89],[-2.6549,51.888],[-2.6554,51.8861],[-2.6554,51.8851],[-2.6529,51.8812],[-2.6513,51.8766],[-2.6506,51.8734],[-2.6515,51.8711],[-2.6513,51.8679],[-2.6555,51.8684],[-2.6592,51.8698],[-2.6605,51.8699],[-2.6643,51.87],[-2.6669,51.8697],[-2.6685,51.8697],[-2.6703,51.8669],[-2.6697,51.8643],[-2.6692,51.8631],[-2.6693,51.8614],[-2.6681,51.86],[-2.6681,51.8591],[-2.6699,51.8563],[-2.6703,51.8547],[-2.6715,51.8535],[-2.674,51.8533],[-2.6765,51.8521],[-2.6767,51.8517],[-2.6783,51.8512],[-2.6798,51.8494],[-2.6815,51.8484],[-2.682,51.8468],[-2.6812,51.8456],[-2.6801,51.8458],[-2.6787,51.8452],[-2.6805,51.8437],[-2.6845,51.8399],[-2.6853,51.8386],[-2.6873,51.8367],[-2.6884,51.8343],[-2.6885,51.8323],[-2.688,51.8284],[-2.6885,51.8257],[-2.6897,51.8238],[-2.6929,51.8214],[-2.6956,51.8202],[-2.6993,51.8192],[-2.6992,51.819],[-2.7044,51.8161],[-2.7004,51.815],[-2.6988,51.814],[-2.6996,51.8126],[-2.6999,51.8111],[-2.6991,51.8107],[-2.6993,51.8098],[-2.695,51.8084],[-2.6924,51.8062],[-2.6928,51.8057],[-2.6944,51.806],[-2.6963,51.8046],[-2.6965,51.8039],[-2.7024,51.8049],[-2.7057,51.8047],[-2.7096,51.8041],[-2.71,51.8037],[-2.7139,51.8024],[-2.7138,51.8012],[-2.7163,51.8011],[-2.719,51.8001],[-2.7194,51.7988],[-2.7202,51.7979],[-2.7219,51.797],[-2.7234,51.7984],[-2.728,51.7956],[-2.7306,51.7942],[-2.733,51.7933],[-2.7347,51.7924],[-2.7423,51.7896],[-2.7459,51.7892],[-2.7502,51.7893],[-2.7521,51.7895],[-2.7596,51.7893],[-2.7619,51.789],[-2.7631,51.7891],[-2.7658,51.7888],[-2.7661,51.788],[-2.768,51.7857],[-2.7686,51.784],[-2.7686,51.7828],[-2.7675,51.7809],[-2.7672,51.7794],[-2.7665,51.7784],[-2.7665,51.7774],[-2.7659,51.7761],[-2.7667,51.7743],[-2.7674,51.7714],[-2.7684,51.7693],[-2.7681,51.7659],[-2.7689,51.7624],[-2.7702,51.7599],[-2.7714,51.759],[-2.7727,51.7584],[-2.7759,51.7575],[-2.7803,51.7575],[-2.7827,51.7571],[-2.7849,51.7562],[-2.7842,51.7554],[-2.782,51.7542],[-2.7838,51.752],[-2.785,51.7493],[-2.7853,51.7479],[-2.7853,51.7462],[-2.7864,51.7449],[-2.7864,51.744],[-2.7845,51.7431],[-2.7838,51.7426],[-2.7827,51.7428],[-2.7816,51.7425],[-2.7791,51.741],[-2.7776,51.7404],[-2.7774,51.7392],[-2.7779,51.7383],[-2.777,51.7378],[-2.7768,51.7363],[-2.778,51.7353],[-2.7779,51.7339],[-2.7768,51.734],[-2.7737,51.7332],[-2.7713,51.7332],[-2.7691,51.7328],[-2.7692,51.7321],[-2.7704,51.7314],[-2.7709,51.7305],[-2.7703,51.7292],[-2.7695,51.7285],[-2.7661,51.7277],[-2.7659,51.7272],[-2.7634,51.7245],[-2.7621,51.724],[-2.7627,51.7233],[-2.7641,51.7223],[-2.766,51.7215],[-2.7673,51.72],[-2.7683,51.7192],[-2.7679,51.7176],[-2.769,51.7162],[-2.7699,51.7147],[-2.7695,51.7138],[-2.7659,51.7133],[-2.7647,51.7129],[-2.7631,51.7116],[-2.762,51.7111],[-2.7612,51.7104],[-2.7599,51.7063],[-2.7591,51.7058],[-2.7583,51.7046],[-2.7572,51.7039],[-2.7557,51.7041],[-2.7539,51.6993],[-2.7518,51.6976],[-2.7512,51.6965],[-2.7481,51.6957],[-2.748,51.6951],[-2.7486,51.6924],[-2.7495,51.6915],[-2.7493,51.6909],[-2.7514,51.6906],[-2.7536,51.6889],[-2.7557,51.6882],[-2.7537,51.6872],[-2.7512,51.6862],[-2.7484,51.6855],[-2.7502,51.6838],[-2.7511,51.6824],[-2.7521,51.6815],[-2.7526,51.6792],[-2.7557,51.6764],[-2.756,51.6743],[-2.7572,51.6717],[-2.757,51.6693],[-2.7572,51.6669],[-2.757,51.6661],[-2.757,51.6637],[-2.7564,51.6621],[-2.7555,51.6613],[-2.7548,51.6597],[-2.756,51.6567],[-2.7555,51.6555],[-2.7547,51.6549],[-2.7543,51.6539],[-2.7559,51.6523],[-2.7562,51.6514],[-2.7553,51.6498],[-2.755,51.6488],[-2.7559,51.6472],[-2.7558,51.6455],[-2.7568,51.6444],[-2.7559,51.6439],[-2.7544,51.6441],[-2.7518,51.6458],[-2.7499,51.6464],[-2.7485,51.6461],[-2.7465,51.6449],[-2.7458,51.6442],[-2.745,51.6441],[-2.7419,51.6455],[-2.7394,51.6453],[-2.7374,51.6448],[-2.7351,51.6447],[-2.7339,51.6452],[-2.7327,51.6451],[-2.7299,51.6437],[-2.7276,51.6435],[-2.7262,51.643],[-2.7248,51.6415],[-2.7247,51.6401],[-2.7209,51.6387],[-2.7182,51.637],[-2.7181,51.6364],[-2.7212,51.6356],[-2.7222,51.635],[-2.721,51.6346],[-2.7216,51.6334],[-2.7238,51.6331],[-2.725,51.6338],[-2.7256,51.6331],[-2.7288,51.6338],[-2.7305,51.6339],[-2.7303,51.6329],[-2.7315,51.6312],[-2.7289,51.6295],[-2.73,51.6291],[-2.7306,51.6281],[-2.7299,51.6247],[-2.7281,51.6234],[-2.7264,51.6239],[-2.7229,51.6256],[-2.7212,51.6245],[-2.7208,51.6255],[-2.7191,51.6272],[-2.7154,51.6276],[-2.7151,51.6286],[-2.7142,51.6287],[-2.713,51.63],[-2.713,51.6322],[-2.7136,51.6337],[-2.7081,51.6316],[-2.706,51.63],[-2.7047,51.6303],[-2.7042,51.6312],[-2.7018,51.6334],[-2.7002,51.6325],[-2.6989,51.6342],[-2.6999,51.6349],[-2.6976,51.6369],[-2.6975,51.6376],[-2.6964,51.639],[-2.6964,51.6397],[-2.6949,51.6439],[-2.6948,51.6449],[-2.6938,51.6457],[-2.6919,51.6459],[-2.6879,51.6471],[-2.6878,51.6479],[-2.6862,51.6487],[-2.6855,51.6501],[-2.6833,51.6494],[-2.6821,51.6494],[-2.6825,51.6482],[-2.6823,51.6464],[-2.6811,51.6449],[-2.6797,51.644],[-2.677,51.6434],[-2.675,51.6436],[-2.673,51.6442],[-2.6719,51.6454],[-2.6724,51.647],[-2.6743,51.6471],[-2.6753,51.6484],[-2.675,51.6493],[-2.6738,51.6497],[-2.6694,51.6488],[-2.6674,51.6491],[-2.668,51.6505],[-2.6673,51.6516],[-2.6654,51.6536],[-2.6656,51.6547],[-2.6651,51.6558],[-2.664,51.6572],[-2.6622,51.6577],[-2.6619,51.6587],[-2.6632,51.6617],[-2.6634,51.6642],[-2.6621,51.6649],[-2.6599,51.6656],[-2.6599,51.6663],[-2.6591,51.6676],[-2.6596,51.6687],[-2.6594,51.6693],[-2.6571,51.6704],[-2.655,51.6716],[-2.6532,51.6723],[-2.6503,51.6741],[-2.6502,51.6752],[-2.6481,51.6794],[-2.6466,51.6836],[-2.6445,51.6853],[-2.6428,51.6863],[-2.6421,51.6876],[-2.6397,51.6907],[-2.6393,51.692],[-2.639,51.6944],[-2.6392,51.6953],[-2.6408,51.6969],[-2.6407,51.6975],[-2.6384,51.7011],[-2.6371,51.7021],[-2.6325,51.7039],[-2.6321,51.7046],[-2.6324,51.7058],[-2.6317,51.7083],[-2.6315,51.71],[-2.6316,51.7117],[-2.6323,51.7152],[-2.6321,51.7159],[-2.6327,51.7171],[-2.635,51.719],[-2.6354,51.7197],[-2.6351,51.7215],[-2.6351,51.7236],[-2.6357,51.725],[-2.637,51.7263],[-2.638,51.7269],[-2.6388,51.7282],[-2.6403,51.7291],[-2.6407,51.7301],[-2.6406,51.7355],[-2.641,51.7365],[-2.6408,51.7375],[-2.6396,51.7378],[-2.6358,51.7369],[-2.6353,51.7378],[-2.6311,51.7393],[-2.6237,51.7425],[-2.621,51.7433],[-2.6207,51.744],[-2.6211,51.7453],[-2.6206,51.7484],[-2.6215,51.7494],[-2.6272,51.7494],[-2.6296,51.7504],[-2.6312,51.7516],[-2.6309,51.752],[-2.6313,51.7544],[-2.6328,51.7559],[-2.6325,51.7566],[-2.633,51.7579],[-2.6326,51.76],[-2.6335,51.7625],[-2.6329,51.7654],[-2.633,51.7668],[-2.6316,51.7681],[-2.6309,51.7693],[-2.6282,51.7718],[-2.6316,51.7737],[-2.6321,51.7745],[-2.6351,51.7768],[-2.6351,51.7775]]]},"properties":{"name":"Wye Valley","kind":"national_landscape"},"id":28},
{"type":"Feature","geometry":{"type":"Polygon","coordinates":[[[-2.8272,54.2196],[-2.8282,54.2193],[-2.8286,54.2196],[-2.8302,54.2198],[-2.8321,54.2189],[-2.8338,54.2167],[-2.8351,54.2157],[-2.8397,54.2088],[-2.8404,54.2068],[-2.8401,54.2046],[-2.8388,54.2026],[-2.8436,54.1993],[-2.8457,54.1983],[-2.8484,54.1978],[-2.8511,54.1969],[-2.8543,54.1952],[-2.8576,54.1943],[-2.8605,54.1943],[-2.8627,54.1938],[-2.864,54.1928],[-2.8658,54.192],[-2.8683,54.1915],[-2.8708,54.1915],[-2.8731,54.1923],[-2.8757,54.1934],[-2.8785,54.1936],[-2.8785,54.1942],[-2.8786,54.1774],[-2.8781,54.1678],[-2.876,54.1664],[-2.8743,54.1648],[-2.8727,54.1629],[-2.8717,54.1612],[-2.8706,54.1577],[-2.8703,54.1559],[-2.8702,54.1522],[-2.8711,54.1473],[-2.8728,54.1436],[-2.8743,54.141],[-2.8768,54.1374],[-2.8782,54.1344],[-2.8781,54.1331],[-2.8773,54.1311],[-2.8743,54.1243],[-2.8647,54.1241],[-2.8535,54.1238],[-2.8434,54.1236],[-2.8339,54.1233],[-2.826,54.1231],[-2.7945,54.1223],[-2.7953,54.1228],[-2.7953,54.1243],[-2.7963,54.1252],[-2.7942,54.126],[-2.7932,54.1268],[-2.7929,54.1282],[-2.792,54.1298],[-2.7933,54.1304],[-2.7916,54.1309],[-2.7901,54.1327],[-2.7876,54.1334],[-2.7872,54.1339],[-2.7857,54.134],[-2.7855,54.1347],[-2.7834,54.1359],[-2.7814,54.1364],[-2.7776,54.1363],[-2.7759,54.1371],[-2.773,54.1373],[-2.7722,54.1366],[-2.771,54.1375],[-2.7695,54.1368],[-2.768,54.1381],[-2.7671,54.1381],[-2.7663,54.1369],[-2.765,54.1364],[-2.7628,54.1377],[-2.7616,54.1369],[-2.7604,54.1375],[-2.7597,54.1368],[-2.7551,54.1422],[-2.7525,54.1452],[-2.7498,54.1488],[-2.7493,54.149],[-2.7467,54.149],[-2.7461,54.15],[-2.7463,54.1507],[-2.7482,54.1536],[-2.7481,54.1563],[-2.7478,54.1607],[-2.7504,54.1632],[-2.7518,54.1655],[-2.7518,54.1672],[-2.7508,54.1694],[-2.7502,54.1713],[-2.7482,54.173],[-2.7479,54.174],[-2.7492,54.1772],[-2.7496,54.1778],[-2.7523,54.1803],[-2.7532,54.1815],[-2.7536,54.1842],[-2.7528,54.1863],[-2.7532,54.193],[-2.7534,54.1948],[-2.7538,54.1957],[-2.7556,54.1972],[-2.7612,54.2009],[-2.7638,54.2029],[-2.7681,54.2063],[-2.7723,54.2088],[-2.773,54.2096],[-2.7727,54.2107],[-2.7715,54.2119],[-2.7716,54.2142],[-2.7737,54.2165],[-2.7741,54.218],[-2.7739,54.2202],[-2.7734,54.2215],[-2.7741,54.2223],[-2.7752,54.223],[-2.7743,54.2244],[-2.7767,54.2247],[-2.7776,54.2256],[-2.7793,54.2259],[-2.7804,54.2253],[-2.7817,54.2242],[-2.7832,54.2239],[-2.7849,54.225],[-2.7874,54.2273],[-2.79,54.2273],[-2.7905,54.2278],[-2.7983,54.2278],[-2.8017,54.2277],[-2.8022,54.2277],[-2.8031,54.2277],[-2.804,54.2276],[-2.8042,54.2276],[-2.8045,54.2269],[-2.8048,54.2261],[-2.8057,54.225],[-2.8066,54.2241],[-2.8093,54.222],[-2.81,54.2216],[-2.8101,54.2215],[-2.8108,54.2212],[-2.8119,54.2208],[-2.8155,54.2205],[-2.8168,54.2206],[-2.8202,54.2211],[-2.821,54.2211],[-2.8213,54.2211],[-2.8214,54.2211],[-2.8225,54.2207],[-2.8265,54.2199],[-2.827,54.2197],[-2.8272,54.2196]]]},"properties":{"name":"Arnside & Silverdale","kind":"national_landscape"},"id":29},
{"type":"Feature","geometry":{"type":"MultiPolygon","coordinates":[[[[-0.6195,51.0872],[-0.6194,51.0894],[-0.6181,51.0911],[-0.6206,51.094],[-0.621,51.0956],[-0.6205,51.0961],[-0.619,51.0964],[-0.6148,51.0979],[-0.6143,51.0994],[-0.6111,51.1003],[-0.6049,51.104],[-0.6023,51.1052],[-0.5993,51.1063],[-0.594,51.1107],[-0.5958,51.112],[-0.5972,51.1126],[-0.5968,51.1141],[-0.5981,51.1151],[-0.5992,51.1155],[-0.6016,51.1189],[-0.5999,51.1206],[-0.5984,51.1231],[-0.5981,51.1254],[-0.5976,51.1288],[-0.5969,51.1308],[-0.5932,51.1311],[-0.5901,51.1322],[-0.5876,51.1334],[-0.5865,51.1327],[-0.5857,51.1327],[-0.5831,51.132],[-0.5823,51.1312],[-0.5813,51.131],[-0.5772,51.1314],[-0.5743,51.1324],[-0.5722,51.1329],[-0.5689,51.1332],[-0.5654,51.1332],[-0.5632,51.1325],[-0.5546,51.1291],[-0.554,51.129],[-0.5483,51.1304],[-0.5453,51.1316],[-0.5387,51.1351],[-0.5383,51.1373],[-0.5375,51.139],[-0.5359,51.1412],[-0.5349,51.1432],[-0.5343,51.1458],[-0.5346,51.1488],[-0.5342,51.1531],[-0.5334,51.1552],[-0.5336,51.1582],[-0.5342,51.1606],[-0.5354,51.1619],[-0.5375,51.1629],[-0.5387,51.1642],[-0.5389,51.1651],[-0.5385,51.1667],[-0.5384,51.1688],[-0.5388,51.1709],[-0.5399,51.1725],[-0.5439,51.1774],[-0.5451,51.1784],[-0.5465,51.1799],[-0.5457,51.1828],[-0.5464,51.1839],[-0.5486,51.1855],[-0.5493,51.1874],[-0.5526,51.1898],[-0.5544,51.1906],[-0.5555,51.1893],[-0.5571,51.1897],[-0.5588,51.1906],[-0.5602,51.192],[-0.5619,51.1929],[-0.5629,51.1939],[-0.5701,51.1999],[-0.5707,51.1994],[-0.574,51.1981],[-0.5748,51.197],[-0.5761,51.1965],[-0.5771,51.1966],[-0.5795,51.198],[-0.5809,51.1977],[-0.5819,51.1969],[-0.5832,51.1965],[-0.5838,51.1968],[-0.5864,51.1948],[-0.5877,51.1942],[-0.5893,51.192],[-0.5874,51.1925],[-0.5856,51.1914],[-0.5856,51.1897],[-0.5861,51.1893],[-0.5876,51.19],[-0.5895,51.1902],[-0.5907,51.1899],[-0.5924,51.1885],[-0.5985,51.1867],[-0.5991,51.1862],[-0.5984,51.1848],[-0.5989,51.1841],[-0.5979,51.1825],[-0.596,51.181],[-0.5952,51.18],[-0.5938,51.1795],[-0.5937,51.1788],[-0.5956,51.1774],[-0.5966,51.1758],[-0.5922,51.1749],[-0.596,51.1737],[-0.599,51.173],[-0.5987,51.1722],[-0.5991,51.1703],[-0.601,51.1674],[-0.6019,51.1668],[-0.6017,51.1653],[-0.6042,51.1636],[-0.6053,51.1632],[-0.6071,51.1621],[-0.6101,51.1611],[-0.6131,51.1595],[-0.6164,51.1569],[-0.6172,51.1556],[-0.6173,51.1543],[-0.6185,51.1518],[-0.618,51.1495],[-0.618,51.1473],[-0.6186,51.145],[-0.6181,51.1432],[-0.6186,51.1416],[-0.6186,51.1405],[-0.6236,51.1407],[-0.6253,51.1404],[-0.6271,51.1394],[-0.6286,51.1395],[-0.6294,51.1392],[-0.6322,51.1406],[-0.6332,51.1407],[-0.6351,51.1418],[-0.6378,51.1429],[-0.6389,51.1423],[-0.6416,51.1422],[-0.6446,51.1429],[-0.646,51.1431],[-0.6468,51.1455],[-0.6465,51.1463],[-0.6469,51.1483],[-0.6485,51.1484],[-0.65,51.1478],[-0.652,51.1498],[-0.6535,51.1499],[-0.6542,51.1505],[-0.6554,51.1528],[-0.6546,51.1534],[-0.6549,51.1542],[-0.6567,51.1543],[-0.6559,51.1565],[-0.6579,51.1566],[-0.6603,51.1576],[-0.6566,51.1598],[-0.6563,51.1605],[-0.6563,51.162],[-0.6567,51.1624],[-0.6571,51.1644],[-0.6592,51.167],[-0.6563,51.1682],[-0.6532,51.17],[-0.652,51.1717],[-0.6506,51.1728],[-0.65,51.1742],[-0.6488,51.176],[-0.6497,51.1777],[-0.6509,51.1785],[-0.6507,51.1789],[-0.6509,51.1818],[-0.6514,51.1819],[-0.6512,51.1854],[-0.6516,51.1888],[-0.651,51.1907],[-0.6471,51.1952],[-0.6463,51.197],[-0.6462,51.1987],[-0.6468,51.2],[-0.6499,51.2034],[-0.6508,51.2049],[-0.651,51.2059],[-0.6508,51.2097],[-0.6498,51.2118],[-0.6476,51.2141],[-0.646,51.2154],[-0.6452,51.2151],[-0.6425,51.2147],[-0.6407,51.2118],[-0.6398,51.212],[-0.6369,51.2108],[-0.6352,51.2094],[-0.6317,51.2083],[-0.6325,51.2076],[-0.6315,51.2056],[-0.6313,51.2043],[-0.6261,51.2047],[-0.6262,51.2072],[-0.6254,51.2091],[-0.6235,51.211],[-0.6197,51.2103],[-0.6145,51.2084],[-0.6112,51.2077],[-0.6096,51.2065],[-0.6036,51.2043],[-0.5999,51.2045],[-0.5946,51.2033],[-0.5904,51.2058],[-0.5858,51.209],[-0.5837,51.2109],[-0.5829,51.212],[-0.5827,51.2134],[-0.5811,51.2165],[-0.581,51.2181],[-0.5806,51.2199],[-0.5799,51.2207],[-0.5777,51.2201],[-0.5776,51.2214],[-0.578,51.2249],[-0.5796,51.2253],[-0.5829,51.2257],[-0.5855,51.2254],[-0.5858,51.2262],[-0.59,51.2258],[-0.5907,51.2275],[-0.5893,51.2277],[-0.5899,51.2301],[-0.593,51.2299],[-0.5925,51.2315],[-0.593,51.2328],[-0.598,51.2315],[-0.6,51.2308],[-0.6036,51.2302],[-0.6108,51.2299],[-0.6131,51.2295],[-0.6164,51.2286],[-0.6184,51.2285],[-0.6187,51.2309],[-0.6246,51.2306],[-0.6285,51.23],[-0.6329,51.2297],[-0.6375,51.2294],[-0.6406,51.2294],[-0.6433,51.2292],[-0.6477,51.2289],[-0.6505,51.2289],[-0.6515,51.2322],[-0.6545,51.2317],[-0.6577,51.2317],[-0.6602,51.2319],[-0.6622,51.2314],[-0.6642,51.2315],[-0.666,51.2311],[-0.6735,51.2302],[-0.6819,51.2302],[-0.6874,51.2301],[-0.6917,51.2303],[-0.6949,51.2299],[-0.7019,51.2303],[-0.7056,51.2304],[-0.7126,51.2302],[-0.7192,51.2297],[-0.723,51.2291],[-0.7252,51.2281],[-0.7266,51.2283],[-0.7291,51.2274],[-0.7307,51.2267],[-0.732,51.2258],[-0.7335,51.2244],[-0.736,51.2246],[-0.7418,51.2234],[-0.7451,51.2222],[-0.7461,51.221],[-0.7498,51.2206],[-0.7519,51.2205],[-0.7559,51.2208],[-0.7587,51.2201],[-0.7546,51.2183],[-0.7534,51.2184],[-0.7516,51.2159],[-0.7491,51.2078],[-0.7492,51.2073],[-0.7516,51.2051],[-0.7525,51.2037],[-0.7553,51.2024],[-0.7566,51.2031],[-0.7612,51.2046],[-0.7621,51.2051],[-0.765,51.2061],[-0.7667,51.2072],[-0.7681,51.2075],[-0.7693,51.2073],[-0.7702,51.2059],[-0.7712,51.2053],[-0.7721,51.2036],[-0.7738,51.2018],[-0.7755,51.2007],[-0.7738,51.1995],[-0.7727,51.1975],[-0.78,51.1954],[-0.7829,51.1941],[-0.7856,51.1926],[-0.7844,51.1905],[-0.7844,51.19],[-0.7853,51.1877],[-0.7883,51.1867],[-0.7898,51.1845],[-0.7908,51.1847],[-0.7913,51.1832],[-0.7913,51.1814],[-0.791,51.178],[-0.7903,51.1761],[-0.789,51.175],[-0.7884,51.1738],[-0.7904,51.1732],[-0.7951,51.1731],[-0.7981,51.1726],[-0.7999,51.1716],[-0.8003,51.1704],[-0.8,51.1691],[-0.8014,51.1683],[-0.8028,51.1661],[-0.8039,51.1649],[-0.8058,51.1632],[-0.8061,51.1625],[-0.8076,51.1607],[-0.8085,51.1593],[-0.8095,51.1584],[-0.8113,51.1577],[-0.8105,51.1555],[-0.8088,51.1539],[-0.8072,51.1541],[-0.8047,51.1554],[-0.8033,51.154],[-0.8022,51.1537],[-0.8002,51.1535],[-0.7959,51.154],[-0.7939,51.1539],[-0.7933,51.1529],[-0.7954,51.1521],[-0.7953,51.1508],[-0.7944,51.1498],[-0.7945,51.148],[-0.7942,51.1466],[-0.7935,51.1454],[-0.7938,51.1448],[-0.7926,51.1438],[-0.7924,51.1424],[-0.7915,51.141],[-0.7913,51.1394],[-0.7901,51.1385],[-0.787,51.1376],[-0.7848,51.1361],[-0.7819,51.1356],[-0.7806,51.1346],[-0.7809,51.1324],[-0.7806,51.1312],[-0.7829,51.1298],[-0.7823,51.1285],[-0.7789,51.1275],[-0.7773,51.1265],[-0.7758,51.1245],[-0.7726,51.1223],[-0.7724,51.1218],[-0.7708,51.121],[-0.7695,51.1188],[-0.7694,51.1173],[-0.7666,51.1162],[-0.7656,51.1156],[-0.7624,51.1149],[-0.7605,51.1153],[-0.7583,51.1153],[-0.7562,51.1142],[-0.7541,51.1137],[-0.7531,51.1132],[-0.7501,51.1135],[-0.7485,51.1124],[-0.7428,51.1121],[-0.7405,51.1122],[-0.7411,51.1131],[-0.742,51.1135],[-0.7426,51.1144],[-0.744,51.1154],[-0.7357,51.1174],[-0.7375,51.1187],[-0.7417,51.1192],[-0.7462,51.1197],[-0.7499,51.1211],[-0.7518,51.1217],[-0.7544,51.122],[-0.758,51.1211],[-0.7612,51.1216],[-0.7634,51.1225],[-0.7623,51.1233],[-0.7614,51.1231],[-0.7583,51.124],[-0.7606,51.1262],[-0.7619,51.1271],[-0.7587,51.1278],[-0.7533,51.1295],[-0.7525,51.1282],[-0.7513,51.1286],[-0.7504,51.1295],[-0.7498,51.1279],[-0.7479,51.1258],[-0.746,51.1262],[-0.7457,51.1254],[-0.7445,51.1255],[-0.7441,51.1247],[-0.7431,51.1244],[-0.7416,51.1228],[-0.7396,51.1232],[-0.7387,51.1222],[-0.7401,51.1218],[-0.7394,51.121],[-0.7377,51.1208],[-0.7364,51.1211],[-0.7355,51.1207],[-0.7344,51.1192],[-0.7334,51.1194],[-0.7321,51.1171],[-0.7309,51.1161],[-0.7302,51.1138],[-0.7294,51.1122],[-0.7293,51.1107],[-0.7306,51.1108],[-0.7315,51.112],[-0.7324,51.1118],[-0.7339,51.1123],[-0.7346,51.1112],[-0.7364,51.1094],[-0.7387,51.1103],[-0.7419,51.1081],[-0.7442,51.1078],[-0.7446,51.1093],[-0.7466,51.1093],[-0.7476,51.1078],[-0.747,51.1074],[-0.7477,51.1054],[-0.7476,51.1044],[-0.7492,51.1032],[-0.7562,51.1046],[-0.7594,51.1049],[-0.7606,51.1047],[-0.763,51.1035],[-0.7654,51.1028],[-0.7678,51.1034],[-0.7671,51.1024],[-0.7637,51.1027],[-0.7613,51.1038],[-0.7598,51.1039],[-0.7586,51.1024],[-0.7583,51.1009],[-0.757,51.0992],[-0.7557,51.0985],[-0.7543,51.0959],[-0.7551,51.0953],[-0.7556,51.0944],[-0.7585,51.0921],[-0.7589,51.0908],[-0.7582,51.0903],[-0.7575,51.0889],[-0.7576,51.0879],[-0.7542,51.0865],[-0.7522,51.0865],[-0.7527,51.0876],[-0.7527,51.0887],[-0.7532,51.0895],[-0.7495,51.0914],[-0.7495,51.0921],[-0.746,51.0923],[-0.7454,51.0916],[-0.7435,51.0915],[-0.743,51.091],[-0.7417,51.0909],[-0.741,51.0922],[-0.7411,51.0952],[-0.7385,51.0955],[-0.7332,51.0951],[-0.7319,51.0957],[-0.7312,51.0965],[-0.7315,51.0973],[-0.7307,51.0984],[-0.7292,51.0988],[-0.7276,51.098],[-0.7232,51.0975],[-0.7214,51.0967],[-0.7196,51.0966],[-0.7184,51.096],[-0.7165,51.0956],[-0.7152,51.0966],[-0.7145,51.098],[-0.7124,51.0992],[-0.7088,51.0989],[-0.7045,51.0979],[-0.7015,51.0966],[-0.6999,51.0963],[-0.6993,51.0977],[-0.6967,51.0986],[-0.6955,51.0978],[-0.6941,51.0984],[-0.6927,51.0976],[-0.6945,51.0964],[-0.694,51.096],[-0.6941,51.0951],[-0.6949,51.0946],[-0.6973,51.0942],[-0.6981,51.0925],[-0.6978,51.0915],[-0.7009,51.089],[-0.7041,51.0895],[-0.7054,51.09],[-0.707,51.0899],[-0.7072,51.089],[-0.7081,51.0877],[-0.7066,51.0873],[-0.7058,51.0879],[-0.7044,51.0877],[-0.7023,51.087],[-0.7034,51.0858],[-0.7025,51.0856],[-0.7027,51.0848],[-0.7007,51.0848],[-0.7009,51.084],[-0.704,51.0843],[-0.7046,51.0832],[-0.7043,51.0819],[-0.7028,51.0815],[-0.7001,51.0801],[-0.7015,51.0792],[-0.7042,51.0804],[-0.7055,51.0801],[-0.7066,51.0804],[-0.709,51.0802],[-0.7118,51.0806],[-0.7131,51.0804],[-0.7134,51.0813],[-0.7155,51.0814],[-0.7188,51.0814],[-0.7194,51.0828],[-0.7209,51.0829],[-0.7231,51.0834],[-0.7238,51.0844],[-0.7237,51.0853],[-0.7258,51.0857],[-0.7275,51.0854],[-0.7302,51.084],[-0.7292,51.0834],[-0.7279,51.0808],[-0.7291,51.0798],[-0.7283,51.0794],[-0.7271,51.079],[-0.727,51.0789],[-0.7269,51.0789],[-0.7263,51.0787],[-0.725,51.0782],[-0.7245,51.0781],[-0.724,51.0781],[-0.7228,51.0779],[-0.7226,51.0785],[-0.7226,51.0786],[-0.7226,51.0787],[-0.7225,51.0787],[-0.7225,51.0788],[-0.7225,51.0789],[-0.7225,51.079],[-0.7223,51.0794],[-0.7222,51.0794],[-0.7221,51.0794],[-0.7221,51.0793],[-0.722,51.0793],[-0.7219,51.0793],[-0.7218,51.0793],[-0.7217,51.0792],[-0.7216,51.0792],[-0.7215,51.0792],[-0.7213,51.0791],[-0.7212,51.0791],[-0.7211,51.0791],[-0.721,51.0791],[-0.721,51.079],[-0.7209,51.079],[-0.7208,51.079],[-0.7206,51.0789],[-0.7204,51.0789],[-0.7204,51.0788],[-0.7203,51.0788],[-0.7202,51.0788],[-0.7201,51.0788],[-0.72,51.0787],[-0.7199,51.0786],[-0.7198,51.0785],[-0.7198,51.0784],[-0.7171,51.0776],[-0.7144,51.0774],[-0.7129,51.0779],[-0.7106,51.0779],[-0.7104,51.078],[-0.7102,51.078],[-0.7101,51.078],[-0.7101,51.0781],[-0.71,51.0781],[-0.7099,51.0781],[-0.7097,51.0781],[-0.7095,51.0783],[-0.7091,51.0785],[-0.709,51.0785],[-0.7088,51.0785],[-0.7085,51.0786],[-0.7083,51.0787],[-0.7082,51.0787],[-0.7081,51.0787],[-0.7072,51.0788],[-0.7071,51.0788],[-0.7069,51.0788],[-0.7063,51.0786],[-0.706,51.0783],[-0.7057,51.0781],[-0.7057,51.078],[-0.7055,51.0778],[-0.7054,51.0778],[-0.7054,51.0777],[-0.7048,51.0771],[-0.7047,51.0771],[-0.7035,51.0765],[-0.7024,51.0762],[-0.7022,51.0761],[-0.7017,51.0758],[-0.7013,51.0754],[-0.7012,51.0752],[-0.7011,51.0751],[-0.701,51.0748],[-0.7009,51.0748],[-0.7006,51.0745],[-0.6981,51.0738],[-0.6979,51.0731],[-0.696,51.0723],[-0.6946,51.0724],[-0.6946,51.0727],[-0.6944,51.0729],[-0.6923,51.0735],[-0.6905,51.0738],[-0.6898,51.0743],[-0.6896,51.0745],[-0.6871,51.0756],[-0.6852,51.0754],[-0.6837,51.0754],[-0.6833,51.0753],[-0.6825,51.0753],[-0.681,51.0758],[-0.6805,51.076],[-0.6787,51.0763],[-0.6774,51.0764],[-0.6743,51.0766],[-0.6724,51.0772],[-0.669,51.0774],[-0.668,51.0781],[-0.6667,51.0796],[-0.6663,51.0796],[-0.6656,51.0804],[-0.664,51.0817],[-0.6615,51.082],[-0.6605,51.082],[-0.6598,51.082],[-0.6596,51.082],[-0.6584,51.0821],[-0.6582,51.0822],[-0.6579,51.0822],[-0.6576,51.0822],[-0.6572,51.0823],[-0.6544,51.0834],[-0.6511,51.0836],[-0.6481,51.0834],[-0.6459,51.0844],[-0.6426,51.0844],[-0.6378,51.0853],[-0.6357,51.0861],[-0.6338,51.0865],[-0.6315,51.0881],[-0.6294,51.089],[-0.628,51.0889],[-0.6274,51.0887],[-0.6258,51.0882],[-0.6233,51.088],[-0.623,51.0881],[-0.6215,51.0882],[-0.6214,51.0882],[-0.6212,51.0882],[-0.621,51.0882],[-0.6202,51.0875],[-0.6201,51.0875],[-0.62,51.0874],[-0.6195,51.0872]]],[[[0.0469,51.2881],[0.0446,51.2876],[0.0382,51.2873],[0.0353,51.2875],[0.0308,51.287],[0.0223,51.2864],[0.019,51.2858],[0.0138,51.2853],[0.0071,51.2844],[0.0039,51.2837],[0.0002,51.2819],[-0.0013,51.2808],[-0.0023,51.2796],[-0.0038,51.28],[-0.0059,51.2783],[-0.0081,51.2772],[-0.0114,51.2763],[-0.0135,51.2762],[-0.0152,51.2758],[-0.0164,51.276],[-0.0225,51.2758],[-0.0216,51.2744],[-0.0247,51.2734],[-0.0247,51.2725],[-0.0297,51.2711],[-0.0317,51.2712],[-0.0314,51.2718],[-0.0325,51.2731],[-0.0334,51.2736],[-0.0359,51.2732],[-0.0373,51.2733],[-0.0397,51.274],[-0.0411,51.2755],[-0.0424,51.2778],[-0.0438,51.2819],[-0.0449,51.2835],[-0.046,51.2845],[-0.0497,51.2871],[-0.0516,51.2896],[-0.0549,51.2929],[-0.058,51.2948],[-0.0604,51.2959],[-0.0633,51.2956],[-0.0651,51.2952],[-0.0675,51.2938],[-0.0697,51.2922],[-0.0707,51.2911],[-0.0714,51.2898],[-0.0736,51.2884],[-0.0752,51.2866],[-0.0755,51.2853],[-0.0744,51.2832],[-0.0738,51.2829],[-0.0717,51.2812],[-0.0709,51.281],[-0.0712,51.2783],[-0.0718,51.2771],[-0.0704,51.2725],[-0.0703,51.2705],[-0.0732,51.2717],[-0.0714,51.2698],[-0.0711,51.269],[-0.0714,51.2673],[-0.0722,51.2671],[-0.0725,51.266],[-0.0734,51.2645],[-0.0779,51.2633],[-0.0802,51.2634],[-0.0844,51.2622],[-0.0856,51.2624],[-0.0873,51.2631],[-0.0913,51.2634],[-0.0924,51.2637],[-0.0934,51.2628],[-0.0956,51.2629],[-0.0964,51.2625],[-0.0991,51.2629],[-0.0993,51.2649],[-0.1008,51.2673],[-0.1041,51.2704],[-0.1053,51.2717],[-0.1096,51.2723],[-0.1108,51.2726],[-0.1128,51.2725],[-0.114,51.273],[-0.116,51.2731],[-0.1187,51.2737],[-0.1198,51.2742],[-0.1224,51.2746],[-0.1234,51.2751],[-0.1283,51.2769],[-0.1386,51.2803],[-0.1435,51.2811],[-0.1456,51.2822],[-0.1465,51.2842],[-0.1475,51.2849],[-0.1488,51.2852],[-0.1497,51.2858],[-0.1523,51.287],[-0.1535,51.287],[-0.1554,51.2886],[-0.1573,51.2895],[-0.16,51.2914],[-0.1618,51.2921],[-0.1633,51.2914],[-0.1651,51.2909],[-0.1666,51.29],[-0.1702,51.2884],[-0.1711,51.2878],[-0.1712,51.2865],[-0.1717,51.2855],[-0.1702,51.285],[-0.1716,51.2825],[-0.1725,51.2815],[-0.1777,51.2825],[-0.1792,51.2836],[-0.1809,51.2843],[-0.1825,51.2833],[-0.1829,51.2824],[-0.1826,51.2817],[-0.1834,51.2802],[-0.1839,51.274],[-0.1837,51.2733],[-0.1852,51.2709],[-0.1882,51.269],[-0.1909,51.267],[-0.1911,51.2666],[-0.1937,51.2644],[-0.1955,51.2621],[-0.197,51.2599],[-0.1973,51.259],[-0.1968,51.2581],[-0.1982,51.2575],[-0.1992,51.2592],[-0.1989,51.26],[-0.2028,51.2651],[-0.2038,51.266],[-0.2061,51.2667],[-0.2089,51.2656],[-0.2116,51.2649],[-0.2138,51.2647],[-0.2239,51.263],[-0.225,51.2621],[-0.2261,51.2621],[-0.2278,51.2625],[-0.2275,51.2596],[-0.2277,51.2593],[-0.2235,51.2584],[-0.2238,51.2574],[-0.2234,51.2564],[-0.2267,51.2563],[-0.2283,51.2565],[-0.2292,51.257],[-0.2344,51.2587],[-0.2335,51.2594],[-0.2352,51.2603],[-0.2358,51.2622],[-0.2383,51.2625],[-0.2399,51.2642],[-0.2405,51.2654],[-0.244,51.265],[-0.2465,51.266],[-0.2482,51.2661],[-0.2494,51.2673],[-0.2512,51.2675],[-0.2525,51.267],[-0.2528,51.2642],[-0.2581,51.2643],[-0.2588,51.2652],[-0.2602,51.2663],[-0.2649,51.2676],[-0.2677,51.2682],[-0.272,51.2683],[-0.2731,51.2685],[-0.2733,51.2704],[-0.2692,51.2711],[-0.2704,51.2729],[-0.2732,51.2729],[-0.2724,51.2747],[-0.2739,51.2751],[-0.2759,51.2746],[-0.2766,51.2753],[-0.2786,51.2764],[-0.2802,51.2767],[-0.2804,51.2759],[-0.28,51.2751],[-0.2771,51.2737],[-0.2756,51.2726],[-0.2768,51.2719],[-0.2782,51.272],[-0.2803,51.2732],[-0.2806,51.2736],[-0.2822,51.2736],[-0.2831,51.2746],[-0.2844,51.2733],[-0.2839,51.2729],[-0.2839,51.2708],[-0.285,51.2706],[-0.2864,51.2699],[-0.2874,51.2705],[-0.2889,51.2696],[-0.289,51.2688],[-0.2899,51.2684],[-0.2914,51.2695],[-0.2918,51.2705],[-0.2912,51.2708],[-0.2917,51.2718],[-0.2937,51.2714],[-0.2944,51.2709],[-0.2953,51.2697],[-0.297,51.2689],[-0.2989,51.2718],[-0.3,51.273],[-0.3012,51.2738],[-0.3016,51.2746],[-0.3047,51.2746],[-0.3104,51.2744],[-0.3123,51.2746],[-0.3144,51.2754],[-0.3165,51.2747],[-0.317,51.2759],[-0.3193,51.2755],[-0.3208,51.2765],[-0.3228,51.2767],[-0.3235,51.2761],[-0.3251,51.277],[-0.3256,51.2776],[-0.3267,51.28],[-0.3278,51.2835],[-0.328,51.2883],[-0.3273,51.2899],[-0.3291,51.2892],[-0.3292,51.2884],[-0.3306,51.2878],[-0.3305,51.2865],[-0.3317,51.2853],[-0.3324,51.2851],[-0.3327,51.2839],[-0.3322,51.2831],[-0.3358,51.2823],[-0.3365,51.2833],[-0.3391,51.2828],[-0.3404,51.2833],[-0.3436,51.282],[-0.345,51.2819],[-0.3472,51.2837],[-0.3502,51.2826],[-0.3506,51.2819],[-0.3534,51.2819],[-0.3558,51.2813],[-0.3552,51.2806],[-0.357,51.2799],[-0.3593,51.2793],[-0.3609,51.2792],[-0.3577,51.2768],[-0.3578,51.2764],[-0.3596,51.275],[-0.3587,51.2739],[-0.3605,51.2725],[-0.3608,51.2709],[-0.3618,51.2696],[-0.3627,51.2688],[-0.3663,51.2673],[-0.367,51.2693],[-0.3675,51.272],[-0.376,51.2701],[-0.3787,51.2737],[-0.3811,51.2726],[-0.384,51.2706],[-0.3832,51.2698],[-0.3841,51.269],[-0.3833,51.2679],[-0.3827,51.2664],[-0.3811,51.264],[-0.3811,51.2624],[-0.3804,51.2609],[-0.3853,51.2598],[-0.3853,51.2591],[-0.39,51.2584],[-0.3896,51.2567],[-0.3928,51.2569],[-0.395,51.2568],[-0.399,51.2572],[-0.4015,51.2572],[-0.4018,51.2562],[-0.404,51.2561],[-0.407,51.2548],[-0.4084,51.2544],[-0.4092,51.2556],[-0.4137,51.2552],[-0.4138,51.2566],[-0.4156,51.2587],[-0.4163,51.2608],[-0.418,51.2604],[-0.4182,51.2598],[-0.4207,51.2583],[-0.4227,51.2562],[-0.4257,51.2533],[-0.4297,51.2519],[-0.4317,51.25],[-0.4317,51.2522],[-0.436,51.2521],[-0.4363,51.2524],[-0.4356,51.2541],[-0.4364,51.2554],[-0.4373,51.2557],[-0.4377,51.2566],[-0.4367,51.2579],[-0.4351,51.2587],[-0.4348,51.2594],[-0.4351,51.261],[-0.4359,51.2626],[-0.4395,51.2627],[-0.4397,51.262],[-0.4412,51.2619],[-0.4425,51.2624],[-0.4423,51.2597],[-0.4462,51.2596],[-0.4466,51.2566],[-0.4506,51.2559],[-0.454,51.2548],[-0.4562,51.2545],[-0.4607,51.2533],[-0.4725,51.2498],[-0.491,51.2472],[-0.4917,51.2467],[-0.4983,51.2452],[-0.5012,51.2436],[-0.5021,51.2438],[-0.5047,51.2425],[-0.5054,51.2437],[-0.5086,51.2433],[-0.5085,51.242],[-0.5116,51.2417],[-0.5135,51.2417],[-0.5141,51.2429],[-0.5166,51.2423],[-0.5161,51.2409],[-0.5197,51.2407],[-0.52,51.2418],[-0.5217,51.2412],[-0.523,51.2415],[-0.5246,51.2425],[-0.5254,51.2414],[-0.5262,51.2412],[-0.5276,51.2424],[-0.5288,51.2419],[-0.5285,51.2413],[-0.536,51.2402],[-0.5379,51.2408],[-0.5415,51.2398],[-0.5441,51.2395],[-0.5465,51.2389],[-0.5444,51.2368],[-0.543,51.2374],[-0.539,51.2378],[-0.5383,51.2363],[-0.5423,51.236],[-0.543,51.2352],[-0.5429,51.234],[-0.5471,51.2348],[-0.5497,51.2351],[-0.5498,51.2347],[-0.5557,51.2346],[-0.5567,51.2343],[-0.5566,51.2335],[-0.5575,51.232],[-0.561,51.2327],[-0.5614,51.232],[-0.561,51.2308],[-0.5594,51.2305],[-0.5604,51.229],[-0.5611,51.2271],[-0.5637,51.2271],[-0.5639,51.2255],[-0.5644,51.2245],[-0.5645,51.223],[-0.5644,51.221],[-0.5646,51.2202],[-0.5673,51.2207],[-0.5691,51.2199],[-0.566,51.2178],[-0.5637,51.2173],[-0.5619,51.2161],[-0.5622,51.2159],[-0.5609,51.2146],[-0.5464,51.2151],[-0.5387,51.2148],[-0.5382,51.2159],[-0.5369,51.2169],[-0.5363,51.2168],[-0.5346,51.2179],[-0.5347,51.2183],[-0.5331,51.219],[-0.5313,51.2194],[-0.5293,51.2182],[-0.5274,51.2184],[-0.5254,51.2185],[-0.5252,51.219],[-0.5236,51.2191],[-0.5214,51.2187],[-0.5206,51.2182],[-0.5186,51.2166],[-0.5179,51.2155],[-0.5251,51.215],[-0.5245,51.2145],[-0.5238,51.2132],[-0.5243,51.2119],[-0.5255,51.212],[-0.5301,51.2102],[-0.5294,51.2096],[-0.5304,51.2091],[-0.5317,51.2077],[-0.5317,51.207],[-0.5306,51.2055],[-0.5307,51.2041],[-0.5295,51.203],[-0.528,51.201],[-0.5284,51.1986],[-0.5296,51.1964],[-0.5304,51.1957],[-0.5342,51.1944],[-0.5327,51.1935],[-0.5314,51.1921],[-0.5302,51.1899],[-0.5284,51.1871],[-0.525,51.1846],[-0.5235,51.1828],[-0.5229,51.1796],[-0.5222,51.1788],[-0.5212,51.1784],[-0.5191,51.1762],[-0.5164,51.1748],[-0.5138,51.1733],[-0.5118,51.1715],[-0.5109,51.169],[-0.5114,51.1651],[-0.5105,51.1641],[-0.5076,51.1641],[-0.5019,51.163],[-0.4948,51.1595],[-0.4934,51.1589],[-0.4916,51.1571],[-0.4899,51.1558],[-0.4902,51.1541],[-0.4889,51.1523],[-0.4877,51.1521],[-0.4839,51.1528],[-0.4821,51.1529],[-0.4783,51.152],[-0.4756,51.1517],[-0.4754,51.1522],[-0.4728,51.152],[-0.4701,51.1525],[-0.4686,51.1522],[-0.4682,51.1526],[-0.4645,51.1526],[-0.4635,51.152],[-0.4604,51.1526],[-0.4562,51.1532],[-0.4529,51.1543],[-0.4514,51.1556],[-0.4476,51.1556],[-0.4431,51.1563],[-0.4428,51.1565],[-0.4404,51.1564],[-0.4374,51.156],[-0.4343,51.156],[-0.4333,51.1562],[-0.4266,51.156],[-0.4247,51.1564],[-0.4237,51.1572],[-0.4217,51.1574],[-0.4192,51.1584],[-0.4178,51.1586],[-0.4135,51.1583],[-0.4119,51.1602],[-0.4092,51.1607],[-0.4067,51.1613],[-0.4042,51.1613],[-0.4006,51.1604],[-0.3967,51.1599],[-0.3953,51.1603],[-0.3943,51.161],[-0.3938,51.1626],[-0.3917,51.1628],[-0.3894,51.1614],[-0.387,51.1612],[-0.3828,51.1612],[-0.3806,51.1607],[-0.3796,51.1595],[-0.3782,51.1597],[-0.3759,51.1587],[-0.3734,51.158],[-0.3721,51.1579],[-0.3702,51.1584],[-0.3666,51.1582],[-0.3661,51.1579],[-0.3632,51.1547],[-0.3598,51.1521],[-0.3589,51.1518],[-0.356,51.1557],[-0.3537,51.1593],[-0.3513,51.1625],[-0.3489,51.162],[-0.348,51.162],[-0.344,51.163],[-0.339,51.1635],[-0.3368,51.164],[-0.3346,51.1661],[-0.334,51.1682],[-0.3285,51.1698],[-0.3281,51.1728],[-0.3273,51.1747],[-0.3258,51.177],[-0.3246,51.1783],[-0.3221,51.1804],[-0.3206,51.1813],[-0.3221,51.1823],[-0.3225,51.1843],[-0.3221,51.1858],[-0.3224,51.1876],[-0.3195,51.1881],[-0.3173,51.1887],[-0.3178,51.1907],[-0.3205,51.1909],[-0.3207,51.1914],[-0.3183,51.193],[-0.3168,51.1928],[-0.3152,51.1931],[-0.3135,51.1929],[-0.3115,51.1924],[-0.3096,51.1934],[-0.3071,51.1927],[-0.3071,51.1962],[-0.3067,51.1972],[-0.3064,51.1993],[-0.3072,51.1994],[-0.307,51.2014],[-0.3069,51.2037],[-0.3061,51.2048],[-0.3067,51.2059],[-0.3095,51.2068],[-0.3112,51.2054],[-0.3122,51.2067],[-0.3133,51.2056],[-0.3147,51.2047],[-0.315,51.2042],[-0.3165,51.203],[-0.3193,51.2048],[-0.3223,51.2057],[-0.3251,51.2063],[-0.3254,51.2071],[-0.3251,51.208],[-0.3255,51.2087],[-0.3258,51.2111],[-0.3263,51.2124],[-0.3259,51.2128],[-0.3283,51.2135],[-0.3296,51.2109],[-0.33,51.2117],[-0.3326,51.212],[-0.3327,51.2132],[-0.3321,51.2142],[-0.33,51.2151],[-0.3307,51.2171],[-0.3304,51.2181],[-0.332,51.2182],[-0.3329,51.2193],[-0.3339,51.2191],[-0.3335,51.2183],[-0.3346,51.218],[-0.3352,51.2191],[-0.3372,51.2208],[-0.3376,51.2227],[-0.337,51.2256],[-0.339,51.2252],[-0.3439,51.2248],[-0.345,51.2249],[-0.3457,51.2257],[-0.3466,51.2261],[-0.3525,51.2266],[-0.3527,51.2276],[-0.3538,51.229],[-0.3538,51.2307],[-0.356,51.2313],[-0.3569,51.2322],[-0.358,51.234],[-0.3592,51.2347],[-0.3592,51.2368],[-0.3426,51.2364],[-0.3426,51.238],[-0.3419,51.2396],[-0.3342,51.2398],[-0.3319,51.2402],[-0.3305,51.2412],[-0.3307,51.2417],[-0.3284,51.243],[-0.3255,51.2437],[-0.3244,51.2451],[-0.323,51.2441],[-0.3213,51.2435],[-0.3177,51.2412],[-0.3169,51.2402],[-0.314,51.2408],[-0.3131,51.2398],[-0.3132,51.2379],[-0.3124,51.2371],[-0.3123,51.2361],[-0.3136,51.236],[-0.3165,51.2355],[-0.3156,51.2333],[-0.3154,51.2316],[-0.3165,51.2319],[-0.3191,51.2315],[-0.3208,51.232],[-0.3223,51.232],[-0.3247,51.2299],[-0.3247,51.2289],[-0.3239,51.2281],[-0.3221,51.2273],[-0.3206,51.2263],[-0.3197,51.2249],[-0.3163,51.2241],[-0.3142,51.224],[-0.3127,51.2244],[-0.3132,51.2262],[-0.3113,51.2297],[-0.3116,51.2312],[-0.3105,51.2314],[-0.3102,51.2334],[-0.3096,51.2337],[-0.3039,51.2335],[-0.3021,51.2335],[-0.2992,51.2333],[-0.2985,51.2339],[-0.2953,51.2326],[-0.2944,51.2329],[-0.2953,51.2341],[-0.2952,51.2356],[-0.2939,51.237],[-0.2949,51.2376],[-0.2945,51.2399],[-0.2937,51.2407],[-0.2947,51.2412],[-0.2959,51.2407],[-0.2964,51.2427],[-0.2886,51.2422],[-0.285,51.2421],[-0.2801,51.2427],[-0.2773,51.2435],[-0.2699,51.247],[-0.2653,51.249],[-0.2633,51.2496],[-0.2577,51.2504],[-0.2539,51.2505],[-0.249,51.2501],[-0.2398,51.2485],[-0.2363,51.2479],[-0.228,51.2463],[-0.2275,51.2474],[-0.2265,51.2475],[-0.2259,51.25],[-0.2245,51.2517],[-0.2227,51.2515],[-0.2223,51.2533],[-0.2207,51.2528],[-0.2177,51.2529],[-0.2166,51.2524],[-0.2138,51.2519],[-0.2121,51.251],[-0.2094,51.2507],[-0.2069,51.2513],[-0.2058,51.2518],[-0.2036,51.2517],[-0.201,51.251],[-0.1973,51.2515],[-0.1965,51.2505],[-0.1934,51.2511],[-0.1924,51.2505],[-0.1903,51.2506],[-0.1903,51.251],[-0.1883,51.251],[-0.1871,51.2513],[-0.1866,51.2493],[-0.1841,51.249],[-0.1822,51.2497],[-0.1799,51.2508],[-0.1756,51.2521],[-0.1692,51.2536],[-0.1661,51.2538],[-0.1644,51.254],[-0.1597,51.256],[-0.157,51.2583],[-0.1598,51.2594],[-0.1582,51.2604],[-0.1561,51.2609],[-0.1555,51.2617],[-0.1559,51.2626],[-0.1554,51.2629],[-0.1555,51.2639],[-0.1561,51.2651],[-0.1569,51.2677],[-0.1579,51.2686],[-0.1584,51.2696],[-0.1571,51.27],[-0.1536,51.2702],[-0.1531,51.2706],[-0.1534,51.272],[-0.1549,51.2719],[-0.1558,51.2737],[-0.1552,51.2751],[-0.1528,51.2746],[-0.1516,51.2739],[-0.1508,51.2744],[-0.1477,51.275],[-0.1453,51.2741],[-0.1447,51.2743],[-0.1428,51.2734],[-0.1407,51.2714],[-0.14,51.2706],[-0.1396,51.269],[-0.1399,51.2664],[-0.1373,51.266],[-0.1333,51.2659],[-0.1318,51.2653],[-0.1298,51.2653],[-0.1286,51.2641],[-0.1278,51.2615],[-0.1296,51.2599],[-0.1298,51.2591],[-0.1316,51.2565],[-0.1318,51.2542],[-0.1305,51.2536],[-0.128,51.2533],[-0.1214,51.2542],[-0.118,51.2546],[-0.1126,51.2549],[-0.1088,51.2548],[-0.1065,51.2543],[-0.105,51.2535],[-0.1026,51.253],[-0.102,51.2537],[-0.0972,51.2532],[-0.0932,51.2526],[-0.0896,51.2522],[-0.0849,51.252],[-0.0819,51.252],[-0.0779,51.2543],[-0.0755,51.2553],[-0.0707,51.2552],[-0.0696,51.2556],[-0.0708,51.2565],[-0.0681,51.2572],[-0.0656,51.2574],[-0.065,51.2579],[-0.0636,51.2578],[-0.063,51.2582],[-0.0608,51.2578],[-0.0576,51.2584],[-0.0543,51.2578],[-0.0528,51.2578],[-0.0509,51.2574],[-0.0478,51.2573],[-0.0465,51.2571],[-0.0438,51.2571],[-0.0442,51.258],[-0.0399,51.2588],[-0.0391,51.2595],[-0.0394,51.26],[-0.0366,51.2608],[-0.0364,51.2604],[-0.0334,51.2608],[-0.0309,51.2617],[-0.0289,51.2622],[-0.0305,51.263],[-0.027,51.2652],[-0.0251,51.2662],[-0.0215,51.2676],[-0.0191,51.2683],[-0.0166,51.2687],[-0.0168,51.2676],[-0.0146,51.2675],[-0.0117,51.2679],[-0.009,51.2677],[-0.0086,51.2659],[-0.0061,51.2665],[-0.0055,51.2659],[-0.0053,51.2646],[-0.0044,51.2641],[-0.0008,51.2644],[0.0004,51.263],[0.0042,51.2646],[0.0038,51.2651],[0.0068,51.2658],[0.0087,51.2658],[0.0087,51.264],[0.01,51.2623],[0.0112,51.2619],[0.0124,51.2626],[0.0137,51.2615],[0.0142,51.2617],[0.0154,51.2605],[0.0152,51.2596],[0.0165,51.2587],[0.0165,51.2577],[0.0184,51.258],[0.0208,51.2592],[0.0217,51.2567],[0.0233,51.257],[0.0253,51.258],[0.0267,51.2591],[0.0286,51.2599],[0.0299,51.2602],[0.0304,51.259],[0.0296,51.2589],[0.0265,51.2574],[0.0276,51.2569],[0.0267,51.2564],[0.029,51.2529],[0.0314,51.2534],[0.0334,51.2525],[0.0329,51.2508],[0.0342,51.2511],[0.0381,51.2514],[0.0392,51.2514],[0.0432,51.2521],[0.0426,51.251],[0.0422,51.2479],[0.0427,51.2471],[0.0462,51.2446],[0.0472,51.2434],[0.0488,51.2434],[0.0494,51.2437],[0.0552,51.2426],[0.0561,51.2426],[0.0563,51.2432],[0.0575,51.2441],[0.0583,51.2478],[0.058,51.249],[0.0571,51.2513],[0.0554,51.2522],[0.054,51.2539],[0.0543,51.2552],[0.0543,51.2566],[0.0533,51.2579],[0.0528,51.2597],[0.0527,51.2609],[0.0515,51.2633],[0.0505,51.2643],[0.0496,51.2659],[0.0499,51.2665],[0.0496,51.268],[0.049,51.2686],[0.0479,51.2705],[0.0476,51.2715],[0.0465,51.2735],[0.0461,51.2755],[0.0455,51.2764],[0.0453,51.2779],[0.0463,51.2794],[0.0474,51.2827],[0.0475,51.284],[0.0482,51.2856],[0.0469,51.2881]]]]},"properties":{"name":"Surrey Hills","kind":"national_landscape"},"id":30},
{"type":"Feature","geometry":{"type":"MultiPolygon","coordinates":[[[[-4.1293,50.5235],[-4.1332,50.523],[-4.1351,50.524],[-4.1368,50.5244],[-4.1381,50.5251],[-4.1398,50.5254],[-4.1417,50.5261],[-4.1443,50.5287],[-4.1467,50.5308],[-4.1468,50.5328],[-4.1472,50.5336],[-4.1523,50.5331],[-4.1552,50.5326],[-4.1567,50.5319],[-4.1573,50.5326],[-4.1593,50.533],[-4.1602,50.5323],[-4.161,50.5329],[-4.1653,50.5333],[-4.1668,50.533],[-4.168,50.5345],[-4.1689,50.5351],[-4.1696,50.5362],[-4.171,50.5365],[-4.173,50.5373],[-4.1738,50.5384],[-4.1749,50.5372],[-4.1768,50.5365],[-4.1775,50.5358],[-4.181,50.5347],[-4.185,50.5328],[-4.1869,50.5324],[-4.1888,50.5328],[-4.1907,50.5337],[-4.1928,50.5343],[-4.1935,50.5357],[-4.1962,50.5385],[-4.1968,50.5401],[-4.1975,50.5411],[-4.1988,50.5422],[-4.1998,50.5437],[-4.201,50.5449],[-4.2011,50.5464],[-4.2035,50.55],[-4.2062,50.5528],[-4.2078,50.5546],[-4.2101,50.5584],[-4.2107,50.5602],[-4.2107,50.5618],[-4.2102,50.5693],[-4.2105,50.5747],[-4.2124,50.5755],[-4.2138,50.5782],[-4.2146,50.5786],[-4.2164,50.5784],[-4.2179,50.5775],[-4.2197,50.5772],[-4.222,50.5786],[-4.2312,50.5826],[-4.235,50.5837],[-4.2366,50.5839],[-4.2393,50.5846],[-4.2435,50.5855],[-4.2446,50.5869],[-4.2476,50.5885],[-4.2538,50.59],[-4.2563,50.5902],[-4.2579,50.59],[-4.2582,50.5905],[-4.2596,50.5903],[-4.2593,50.5926],[-4.261,50.5933],[-4.2645,50.5934],[-4.2676,50.5939],[-4.2723,50.5951],[-4.2763,50.5955],[-4.2791,50.5955],[-4.2863,50.5961],[-4.2909,50.5978],[-4.2948,50.598],[-4.3002,50.5988],[-4.3001,50.6003],[-4.3011,50.6008],[-4.3034,50.6005],[-4.3051,50.5996],[-4.3062,50.6],[-4.3075,50.5998],[-4.3083,50.598],[-4.3105,50.5982],[-4.3123,50.599],[-4.3158,50.5993],[-4.3155,50.5974],[-4.3145,50.596],[-4.3147,50.5948],[-4.3163,50.5947],[-4.3176,50.5937],[-4.3182,50.5918],[-4.3201,50.5917],[-4.3205,50.5909],[-4.3199,50.5887],[-4.3203,50.5871],[-4.3187,50.5854],[-4.3182,50.5845],[-4.3181,50.5818],[-4.3168,50.5788],[-4.3166,50.5774],[-4.3168,50.5762],[-4.3174,50.5759],[-4.3179,50.5745],[-4.3174,50.5734],[-4.3195,50.5712],[-4.3188,50.569],[-4.3189,50.5677],[-4.3186,50.5672],[-4.3162,50.5658],[-4.3147,50.5655],[-4.3116,50.5651],[-4.308,50.5644],[-4.3041,50.5638],[-4.3009,50.5632],[-4.2978,50.5621],[-4.2994,50.5593],[-4.3019,50.5564],[-4.3016,50.5554],[-4.3005,50.5539],[-4.2988,50.5527],[-4.2969,50.5502],[-4.2957,50.5492],[-4.294,50.5466],[-4.296,50.5462],[-4.2993,50.5445],[-4.2991,50.5425],[-4.2997,50.5415],[-4.3016,50.542],[-4.3024,50.5408],[-4.3012,50.538],[-4.2999,50.536],[-4.2986,50.5344],[-4.2975,50.5326],[-4.2983,50.5325],[-4.3001,50.5312],[-4.297,50.5303],[-4.2961,50.5297],[-4.2949,50.5282],[-4.2966,50.5282],[-4.3029,50.526],[-4.3056,50.5253],[-4.3077,50.5243],[-4.3089,50.5232],[-4.3097,50.5221],[-4.3101,50.5207],[-4.3088,50.5193],[-4.31,50.5193],[-4.3104,50.5181],[-4.3099,50.5174],[-4.311,50.5166],[-4.3119,50.5165],[-4.3116,50.5146],[-4.3096,50.5129],[-4.3079,50.5118],[-4.3059,50.511],[-4.3034,50.5104],[-4.2974,50.5096],[-4.2947,50.5098],[-4.2872,50.5107],[-4.2862,50.5123],[-4.2777,50.5147],[-4.273,50.5164],[-4.2698,50.5169],[-4.2713,50.5183],[-4.2698,50.5201],[-4.2685,50.5208],[-4.265,50.5215],[-4.2616,50.5218],[-4.2596,50.5223],[-4.2558,50.5239],[-4.2496,50.5258],[-4.2465,50.527],[-4.2447,50.5272],[-4.2434,50.527],[-4.2383,50.5254],[-4.2361,50.5252],[-4.233,50.526],[-4.2316,50.526],[-4.2281,50.5251],[-4.2263,50.5239],[-4.2256,50.5226],[-4.2239,50.5208],[-4.221,50.5188],[-4.2197,50.5169],[-4.2191,50.5154],[-4.2197,50.5137],[-4.2208,50.5144],[-4.2218,50.5144],[-4.2239,50.5119],[-4.2252,50.5117],[-4.2255,50.5111],[-4.2243,50.5097],[-4.2249,50.5094],[-4.2268,50.5096],[-4.2266,50.5108],[-4.2294,50.5116],[-4.2318,50.5104],[-4.2332,50.51],[-4.2369,50.5092],[-4.2372,50.5089],[-4.2362,50.5072],[-4.2373,50.5064],[-4.2372,50.5056],[-4.2358,50.5047],[-4.2354,50.5035],[-4.2356,50.5018],[-4.2352,50.5002],[-4.2368,50.4996],[-4.238,50.4995],[-4.2399,50.4988],[-4.2414,50.5001],[-4.2423,50.4992],[-4.2438,50.5001],[-4.2457,50.4995],[-4.247,50.4987],[-4.2505,50.4971],[-4.252,50.4985],[-4.2528,50.4978],[-4.2552,50.4978],[-4.2569,50.4974],[-4.2577,50.4968],[-4.2576,50.495],[-4.2589,50.4941],[-4.2604,50.4934],[-4.2622,50.4921],[-4.2619,50.4914],[-4.2622,50.4899],[-4.2602,50.4892],[-4.259,50.49],[-4.2574,50.49],[-4.2545,50.4906],[-4.2534,50.4892],[-4.2499,50.4872],[-4.2498,50.4862],[-4.2518,50.4861],[-4.253,50.4854],[-4.2574,50.4838],[-4.2589,50.4837],[-4.2625,50.4827],[-4.265,50.4822],[-4.2668,50.4811],[-4.2683,50.481],[-4.2697,50.4802],[-4.2714,50.4789],[-4.2749,50.478],[-4.2759,50.4774],[-4.2741,50.4751],[-4.2726,50.4722],[-4.2707,50.4703],[-4.2693,50.4673],[-4.2698,50.466],[-4.2694,50.4651],[-4.2676,50.4638],[-4.2629,50.4611],[-4.2611,50.4598],[-4.258,50.4564],[-4.256,50.456],[-4.2557,50.454],[-4.2533,50.4542],[-4.2519,50.453],[-4.2502,50.4536],[-4.2496,50.4541],[-4.248,50.4536],[-4.2463,50.4534],[-4.2447,50.4528],[-4.2409,50.4509],[-4.2388,50.4506],[-4.2368,50.4499],[-4.2344,50.4498],[-4.2299,50.449],[-4.2265,50.4473],[-4.2249,50.4459],[-4.2262,50.4457],[-4.23,50.4439],[-4.2317,50.4429],[-4.2328,50.4415],[-4.2346,50.4407],[-4.2362,50.4416],[-4.2383,50.4396],[-4.2383,50.4388],[-4.2394,50.4386],[-4.2406,50.4373],[-4.2407,50.4368],[-4.2427,50.4346],[-4.243,50.434],[-4.2451,50.4329],[-4.2458,50.4335],[-4.2478,50.4331],[-4.2505,50.4328],[-4.2525,50.4335],[-4.2543,50.4334],[-4.2552,50.4328],[-4.2558,50.4315],[-4.2553,50.4307],[-4.2559,50.4286],[-4.2547,50.4276],[-4.2527,50.4268],[-4.2485,50.4258],[-4.2468,50.425],[-4.2431,50.4238],[-4.2379,50.4233],[-4.2376,50.4242],[-4.2359,50.4254],[-4.2347,50.4247],[-4.2336,50.4246],[-4.232,50.424],[-4.2321,50.4225],[-4.2308,50.4206],[-4.229,50.4209],[-4.2274,50.4197],[-4.2264,50.4198],[-4.2251,50.4205],[-4.224,50.4218],[-4.2217,50.4234],[-4.2217,50.4248],[-4.2202,50.4252],[-4.219,50.425],[-4.2179,50.4258],[-4.2163,50.426],[-4.2132,50.4261],[-4.2117,50.4263],[-4.2101,50.4256],[-4.1988,50.4247],[-4.1928,50.4241],[-4.1923,50.4247],[-4.1903,50.4247],[-4.1882,50.4239],[-4.1861,50.4236],[-4.1861,50.4227],[-4.1856,50.4212],[-4.1849,50.4214],[-4.1848,50.4228],[-4.1836,50.4232],[-4.1806,50.4231],[-4.1796,50.4228],[-4.1779,50.4221],[-4.1759,50.4219],[-4.1742,50.4224],[-4.1709,50.4225],[-4.1699,50.4217],[-4.1688,50.423],[-4.1665,50.424],[-4.165,50.4256],[-4.1628,50.4272],[-4.1638,50.4277],[-4.1654,50.43],[-4.1635,50.4306],[-4.1601,50.4313],[-4.157,50.4335],[-4.1538,50.4344],[-4.1539,50.4365],[-4.1511,50.4366],[-4.1513,50.4369],[-4.1451,50.438],[-4.1446,50.437],[-4.1435,50.4376],[-4.1425,50.4391],[-4.1409,50.4401],[-4.1397,50.4406],[-4.1367,50.4407],[-4.1335,50.4412],[-4.1277,50.4431],[-4.1248,50.4439],[-4.123,50.4452],[-4.1219,50.4463],[-4.1201,50.4476],[-4.1197,50.4486],[-4.1186,50.4483],[-4.1154,50.4503],[-4.1137,50.4498],[-4.1083,50.4494],[-4.1077,50.4521],[-4.1082,50.4544],[-4.1097,50.4539],[-4.1104,50.4541],[-4.1095,50.4561],[-4.1095,50.4562],[-4.1092,50.4583],[-4.1095,50.459],[-4.1095,50.4591],[-4.1093,50.4611],[-4.1086,50.4632],[-4.1091,50.464],[-4.1091,50.4641],[-4.1093,50.4642],[-4.1093,50.4643],[-4.1119,50.468],[-4.1129,50.4693],[-4.1144,50.4704],[-4.112,50.471],[-4.1114,50.4709],[-4.1079,50.4702],[-4.1071,50.4696],[-4.1051,50.4702],[-4.1034,50.47],[-4.1033,50.47],[-4.1031,50.4701],[-4.103,50.4701],[-4.102,50.4704],[-4.1006,50.472],[-4.1005,50.4721],[-4.1005,50.4722],[-4.0995,50.473],[-4.0975,50.4756],[-4.0969,50.4769],[-4.0969,50.4771],[-4.0966,50.4775],[-4.0966,50.4776],[-4.0952,50.4785],[-4.0952,50.4786],[-4.0943,50.4801],[-4.094,50.4829],[-4.0962,50.4831],[-4.0963,50.4832],[-4.097,50.484],[-4.0958,50.4848],[-4.0959,50.4855],[-4.0974,50.4855],[-4.0975,50.4857],[-4.0975,50.4862],[-4.0964,50.4877],[-4.0969,50.4893],[-4.097,50.4895],[-4.0981,50.4902],[-4.0982,50.4901],[-4.0999,50.4895],[-4.1005,50.4914],[-4.1028,50.4919],[-4.1054,50.4914],[-4.1055,50.4914],[-4.1076,50.491],[-4.11,50.4908],[-4.111,50.4905],[-4.1108,50.491],[-4.1106,50.4911],[-4.1104,50.4911],[-4.1102,50.4913],[-4.1091,50.4918],[-4.109,50.4919],[-4.1075,50.4926],[-4.106,50.4946],[-4.1073,50.4962],[-4.1075,50.4969],[-4.1075,50.497],[-4.1076,50.4981],[-4.1085,50.4999],[-4.1082,50.5001],[-4.1092,50.5013],[-4.1104,50.5019],[-4.111,50.5013],[-4.1132,50.5018],[-4.1123,50.5022],[-4.1123,50.5023],[-4.1115,50.5028],[-4.1154,50.5041],[-4.1155,50.5041],[-4.1208,50.5052],[-4.119,50.507],[-4.1208,50.5072],[-4.1217,50.5075],[-4.1217,50.5076],[-4.1228,50.5079],[-4.1229,50.5079],[-4.1265,50.5076],[-4.1267,50.508],[-4.1296,50.5076],[-4.1296,50.5084],[-4.1319,50.5083],[-4.1352,50.5075],[-4.1353,50.5075],[-4.1354,50.5077],[-4.1358,50.5081],[-4.1413,50.5069],[-4.1412,50.5069],[-4.1398,50.506],[-4.1415,50.5057],[-4.1469,50.5037],[-4.1474,50.5026],[-4.1467,50.5022],[-4.1464,50.5007],[-4.1477,50.5005],[-4.1497,50.5004],[-4.1508,50.5011],[-4.1502,50.5016],[-4.1493,50.5034],[-4.1508,50.5042],[-4.1521,50.504],[-4.1523,50.505],[-4.1537,50.5058],[-4.1568,50.507],[-4.1558,50.5079],[-4.1558,50.5078],[-4.1552,50.5074],[-4.1551,50.5075],[-4.155,50.5076],[-4.1548,50.5079],[-4.1547,50.5079],[-4.1547,50.508],[-4.1552,50.5087],[-4.1554,50.5088],[-4.1533,50.5092],[-4.1501,50.5086],[-4.15,50.5086],[-4.1491,50.5085],[-4.1476,50.509],[-4.1455,50.5095],[-4.1445,50.5105],[-4.1445,50.5106],[-4.1441,50.5107],[-4.144,50.5107],[-4.143,50.5108],[-4.1429,50.5108],[-4.1408,50.5108],[-4.1393,50.511],[-4.1393,50.5111],[-4.1378,50.5116],[-4.1378,50.5117],[-4.1367,50.5121],[-4.1328,50.5151],[-4.134,50.5164],[-4.134,50.5165],[-4.1343,50.5171],[-4.1338,50.5186],[-4.1338,50.5187],[-4.1336,50.5189],[-4.1336,50.519],[-4.1313,50.519],[-4.1308,50.5207],[-4.1298,50.5222],[-4.1298,50.5223],[-4.1293,50.5235]]],[[[-4.2629,50.4179],[-4.2633,50.4211],[-4.2654,50.4236],[-4.2665,50.4243],[-4.2678,50.4246],[-4.2712,50.4249],[-4.2748,50.4247],[-4.2779,50.4243],[-4.2809,50.4246],[-4.2837,50.4242],[-4.2848,50.4237],[-4.2853,50.4229],[-4.2838,50.4224],[-4.283,50.4211],[-4.2847,50.4204],[-4.2843,50.4197],[-4.2883,50.4195],[-4.289,50.4193],[-4.2868,50.4164],[-4.2853,50.4156],[-4.2879,50.4153],[-4.2892,50.4149],[-4.2928,50.4148],[-4.2931,50.4136],[-4.2924,50.412],[-4.2946,50.4118],[-4.2975,50.4121],[-4.2991,50.4137],[-4.3007,50.4135],[-4.3019,50.4138],[-4.3039,50.4135],[-4.3076,50.4142],[-4.3094,50.4154],[-4.3099,50.4165],[-4.3105,50.4167],[-4.3144,50.4166],[-4.3159,50.4159],[-4.3178,50.4158],[-4.3205,50.4162],[-4.3223,50.4157],[-4.3234,50.4141],[-4.326,50.414],[-4.3268,50.4126],[-4.3267,50.4119],[-4.3301,50.4128],[-4.3318,50.4127],[-4.332,50.4118],[-4.3305,50.4108],[-4.3309,50.4099],[-4.3315,50.4065],[-4.33,50.4055],[-4.3308,50.4038],[-4.3294,50.4028],[-4.3273,50.4008],[-4.3289,50.3996],[-4.3297,50.3984],[-4.3294,50.3968],[-4.3284,50.3963],[-4.3278,50.3951],[-4.3251,50.3889],[-4.3247,50.3888],[-4.3223,50.3889],[-4.3215,50.3882],[-4.3202,50.3877],[-4.3195,50.3864],[-4.3173,50.3858],[-4.3161,50.3853],[-4.3153,50.3843],[-4.315,50.3827],[-4.314,50.3813],[-4.3133,50.3789],[-4.3118,50.3772],[-4.3107,50.3754],[-4.3087,50.3745],[-4.3065,50.3743],[-4.3063,50.3747],[-4.3044,50.3741],[-4.2997,50.3733],[-4.2957,50.3734],[-4.2955,50.3729],[-4.2939,50.372],[-4.2927,50.3722],[-4.2886,50.3718],[-4.287,50.3715],[-4.2873,50.3707],[-4.2865,50.3689],[-4.2851,50.3677],[-4.2824,50.3662],[-4.2808,50.3643],[-4.2788,50.3643],[-4.2775,50.3646],[-4.2746,50.3638],[-4.2729,50.3646],[-4.2691,50.3649],[-4.2657,50.3657],[-4.2637,50.3657],[-4.2616,50.3654],[-4.26,50.3655],[-4.259,50.366],[-4.257,50.3677],[-4.2555,50.3683],[-4.2535,50.3674],[-4.2513,50.3686],[-4.249,50.3693],[-4.2491,50.3704],[-4.2477,50.371],[-4.2459,50.3711],[-4.2425,50.3723],[-4.2399,50.3734],[-4.2327,50.3774],[-4.2302,50.3783],[-4.2234,50.3803],[-4.22,50.3811],[-4.2182,50.3823],[-4.2165,50.3828],[-4.2132,50.3831],[-4.2133,50.3838],[-4.2147,50.3848],[-4.2136,50.386],[-4.2138,50.3868],[-4.2107,50.3868],[-4.2084,50.3874],[-4.2083,50.3889],[-4.2087,50.3898],[-4.2081,50.3906],[-4.2102,50.4014],[-4.2114,50.4012],[-4.2134,50.4017],[-4.2149,50.4003],[-4.2168,50.4011],[-4.2177,50.4009],[-4.2196,50.4016],[-4.2233,50.4013],[-4.2237,50.4022],[-4.2268,50.4019],[-4.2309,50.4022],[-4.2321,50.4028],[-4.2337,50.4029],[-4.2356,50.4023],[-4.2364,50.4031],[-4.2387,50.4039],[-4.2392,50.4045],[-4.2429,50.4046],[-4.2452,50.404],[-4.2468,50.4037],[-4.2485,50.4039],[-4.2498,50.4033],[-4.2504,50.4039],[-4.2529,50.4053],[-4.2548,50.4059],[-4.2563,50.4067],[-4.259,50.4078],[-4.2619,50.4113],[-4.2621,50.4125],[-4.2627,50.4142],[-4.2635,50.4143],[-4.2642,50.4154],[-4.2641,50.4168],[-4.2629,50.4179]]]]},"properties":{"name":"Tamar Valley","kind":"national_landscape"},"id":31},
{"type":"Feature","geometry":{"type":"Polygon","coordinates":[[[-2.9622,52.6279],[-2.9648,52.6275],[-2.9663,52.6268],[-2.9683,52.6268],[-2.9699,52.6274],[-2.9722,52.6272],[-2.9744,52.6266],[-2.979,52.6268],[-2.9841,52.6262],[-2.9857,52.625],[-2.9867,52.6248],[-2.991,52.625],[-2.9943,52.6245],[-2.9964,52.6246],[-2.9977,52.625],[-2.9998,52.6236],[-3.001,52.6219],[-3.0012,52.6203],[-3.0023,52.6194],[-3.0017,52.6178],[-3.0037,52.6168],[-3.0058,52.6169],[-3.0074,52.618],[-3.0107,52.6175],[-3.0116,52.6172],[-3.015,52.6175],[-3.017,52.6172],[-3.0192,52.6163],[-3.0219,52.6167],[-3.0226,52.6154],[-3.0249,52.6153],[-3.028,52.6139],[-3.0325,52.6134],[-3.0341,52.6128],[-3.0356,52.6125],[-3.0378,52.611],[-3.0387,52.6086],[-3.0376,52.6075],[-3.0372,52.6056],[-3.0385,52.6028],[-3.038,52.6009],[-3.0372,52.6008],[-3.0363,52.5988],[-3.035,52.5987],[-3.0345,52.5974],[-3.0346,52.5964],[-3.0371,52.593],[-3.0368,52.5925],[-3.0377,52.5914],[-3.0375,52.5903],[-3.0367,52.5889],[-3.0387,52.5877],[-3.0392,52.5867],[-3.0394,52.5847],[-3.0405,52.5831],[-3.0419,52.5822],[-3.045,52.5782],[-3.0459,52.5778],[-3.0467,52.5763],[-3.0478,52.5759],[-3.0488,52.5752],[-3.049,52.5716],[-3.0477,52.571],[-3.0476,52.5694],[-3.0464,52.5685],[-3.0477,52.5662],[-3.049,52.5655],[-3.0505,52.5638],[-3.0498,52.5631],[-3.0488,52.563],[-3.0474,52.5637],[-3.0439,52.5674],[-3.0434,52.5682],[-3.0411,52.569],[-3.0393,52.5704],[-3.0363,52.5718],[-3.0348,52.5722],[-3.0283,52.5729],[-3.0229,52.5741],[-3.021,52.5742],[-3.0204,52.5746],[-3.0186,52.5745],[-3.0165,52.5752],[-3.0141,52.5754],[-3.0123,52.5751],[-3.0098,52.5745],[-3.008,52.5744],[-3.0067,52.5739],[-3.0053,52.5723],[-3.0033,52.5705],[-3.0032,52.5693],[-3.0019,52.5689],[-3.0006,52.568],[-3.0009,52.5672],[-3.0001,52.5663],[-3.0001,52.5656],[-2.9986,52.5652],[-2.9986,52.5645],[-2.9976,52.5638],[-2.9988,52.5621],[-2.9985,52.5614],[-2.9994,52.5599],[-2.9994,52.559],[-2.9979,52.5581],[-2.998,52.5565],[-2.9994,52.5556],[-2.9997,52.5549],[-2.9984,52.554],[-2.9954,52.553],[-2.9942,52.5524],[-2.9949,52.5511],[-2.9962,52.55],[-2.9961,52.5496],[-2.9976,52.5483],[-2.9982,52.547],[-2.9982,52.5454],[-2.999,52.5431],[-2.9998,52.542],[-2.9997,52.5413],[-3.0004,52.54],[-3.0017,52.5385],[-3.002,52.5367],[-3.0029,52.5359],[-3.0032,52.534],[-3.0039,52.5335],[-3.0038,52.5324],[-3.0018,52.532],[-3.0035,52.5309],[-3.0042,52.5296],[-3.0051,52.5295],[-3.0037,52.5279],[-3.0034,52.5272],[-3.0021,52.5259],[-3.0023,52.525],[-3.001,52.5246],[-3.0009,52.524],[-3.0015,52.5225],[-3.0035,52.5216],[-3.0024,52.521],[-2.9981,52.5211],[-2.992,52.5206],[-2.9912,52.5213],[-2.9891,52.5219],[-2.9884,52.5224],[-2.9896,52.5241],[-2.9897,52.525],[-2.9891,52.5267],[-2.9889,52.5281],[-2.9855,52.527],[-2.9831,52.5261],[-2.9822,52.5254],[-2.9783,52.525],[-2.9777,52.5247],[-2.9753,52.5247],[-2.9737,52.5257],[-2.9687,52.5274],[-2.9644,52.5277],[-2.9592,52.5294],[-2.9572,52.5296],[-2.9543,52.5302],[-2.9503,52.5302],[-2.9481,52.5297],[-2.9443,52.529],[-2.9414,52.5286],[-2.9395,52.5288],[-2.9366,52.5285],[-2.9327,52.5276],[-2.9311,52.5276],[-2.9291,52.528],[-2.9246,52.5278],[-2.9238,52.5281],[-2.918,52.5282],[-2.917,52.5288],[-2.9171,52.5296],[-2.9164,52.5301],[-2.9131,52.5298],[-2.91,52.5289],[-2.9081,52.5306],[-2.9036,52.5298],[-2.9004,52.5294],[-2.8988,52.5299],[-2.8949,52.5303],[-2.8951,52.529],[-2.8926,52.523],[-2.8917,52.5222],[-2.8909,52.5206],[-2.8901,52.517],[-2.8886,52.5152],[-2.8886,52.5131],[-2.889,52.5111],[-2.8895,52.5107],[-2.8906,52.508],[-2.892,52.5065],[-2.8936,52.5041],[-2.895,52.5025],[-2.8961,52.499],[-2.9003,52.4943],[-2.9023,52.4927],[-2.9028,52.4907],[-2.9037,52.4892],[-2.9054,52.4876],[-2.907,52.487],[-2.9077,52.4864],[-2.9083,52.4852],[-2.9104,52.4838],[-2.9112,52.4828],[-2.9103,52.4815],[-2.9116,52.481],[-2.9124,52.4811],[-2.9146,52.4829],[-2.9148,52.484],[-2.9167,52.4839],[-2.9181,52.4834],[-2.9205,52.4834],[-2.9268,52.4827],[-2.9297,52.482],[-2.9326,52.4819],[-2.9357,52.4825],[-2.9376,52.4824],[-2.9393,52.4825],[-2.9416,52.4835],[-2.943,52.4851],[-2.9459,52.4862],[-2.9489,52.4888],[-2.9531,52.4915],[-2.9541,52.4923],[-2.9572,52.4939],[-2.9606,52.4949],[-2.9646,52.4949],[-2.9666,52.4951],[-2.9672,52.4943],[-2.9723,52.4934],[-2.9732,52.4937],[-2.9762,52.4925],[-2.9753,52.4915],[-2.9788,52.4891],[-2.9812,52.4869],[-2.9819,52.4871],[-2.984,52.4865],[-2.9854,52.4854],[-2.9869,52.4849],[-2.989,52.4831],[-2.9915,52.4832],[-2.9927,52.4822],[-2.9943,52.4821],[-2.9959,52.4802],[-2.9968,52.4793],[-2.9983,52.4791],[-2.9989,52.4797],[-3.0016,52.4801],[-3.0037,52.4794],[-3.0047,52.4783],[-3.0071,52.4777],[-3.0093,52.478],[-3.0118,52.4792],[-3.0118,52.4798],[-3.0132,52.4808],[-3.0134,52.4813],[-3.0148,52.4821],[-3.0153,52.4834],[-3.0176,52.4843],[-3.0184,52.4853],[-3.0207,52.4861],[-3.0248,52.4883],[-3.0266,52.4887],[-3.0314,52.4904],[-3.0317,52.491],[-3.0335,52.4924],[-3.0353,52.4932],[-3.037,52.4934],[-3.038,52.4944],[-3.0399,52.4951],[-3.0411,52.4952],[-3.0443,52.4962],[-3.0457,52.4969],[-3.0476,52.4989],[-3.0516,52.4997],[-3.0558,52.5],[-3.0587,52.4996],[-3.0635,52.4999],[-3.0689,52.4995],[-3.0776,52.4993],[-3.079,52.4989],[-3.0821,52.4988],[-3.0855,52.4985],[-3.0897,52.4992],[-3.0957,52.4993],[-3.0976,52.4997],[-3.0994,52.4998],[-3.106,52.4994],[-3.108,52.4993],[-3.1115,52.4988],[-3.1136,52.4982],[-3.1153,52.4967],[-3.1172,52.4959],[-3.1178,52.4947],[-3.1208,52.4944],[-3.1249,52.4928],[-3.1283,52.492],[-3.1326,52.492],[-3.1362,52.4917],[-3.1388,52.4919],[-3.1404,52.4916],[-3.1426,52.4908],[-3.1444,52.4894],[-3.1451,52.4886],[-3.1485,52.4873],[-3.1571,52.4853],[-3.1632,52.4824],[-3.1712,52.4787],[-3.1778,52.4749],[-3.1807,52.4738],[-3.1944,52.4764],[-3.1972,52.476],[-3.1968,52.4746],[-3.2013,52.4731],[-3.2025,52.4725],[-3.204,52.4713],[-3.2065,52.4702],[-3.2081,52.4699],[-3.2113,52.4682],[-3.212,52.4681],[-3.2137,52.4664],[-3.2159,52.4655],[-3.2167,52.4641],[-3.2166,52.4633],[-3.2175,52.4624],[-3.2183,52.4609],[-3.2197,52.46],[-3.2212,52.4586],[-3.2226,52.4579],[-3.223,52.4571],[-3.2248,52.4565],[-3.2278,52.4546],[-3.2316,52.4532],[-3.2331,52.4514],[-3.2341,52.4495],[-3.2335,52.4462],[-3.2343,52.445],[-3.2351,52.4449],[-3.2353,52.4437],[-3.2349,52.4432],[-3.2355,52.4426],[-3.2349,52.4414],[-3.2336,52.4406],[-3.2335,52.4398],[-3.2307,52.44],[-3.2287,52.4397],[-3.2285,52.4391],[-3.2297,52.4383],[-3.2296,52.4376],[-3.2289,52.4367],[-3.2301,52.4353],[-3.2296,52.4339],[-3.2303,52.4335],[-3.2308,52.4318],[-3.2308,52.4303],[-3.2298,52.4298],[-3.2279,52.4297],[-3.2262,52.4294],[-3.2249,52.4288],[-3.2249,52.4283],[-3.2224,52.4269],[-3.221,52.4252],[-3.2208,52.4237],[-3.2192,52.422],[-3.2191,52.4211],[-3.2148,52.4202],[-3.2137,52.4197],[-3.2101,52.4192],[-3.2086,52.4187],[-3.2076,52.4187],[-3.2065,52.4181],[-3.2038,52.4177],[-3.2005,52.4171],[-3.199,52.4169],[-3.1979,52.4158],[-3.1946,52.4145],[-3.1917,52.4145],[-3.1902,52.4135],[-3.188,52.413],[-3.1883,52.4121],[-3.1874,52.4116],[-3.186,52.4115],[-3.1832,52.4107],[-3.1818,52.4101],[-3.1809,52.4102],[-3.1782,52.4092],[-3.1772,52.4083],[-3.1729,52.4065],[-3.1726,52.4057],[-3.1715,52.4054],[-3.1714,52.4039],[-3.1693,52.4027],[-3.1669,52.4024],[-3.1645,52.4015],[-3.1644,52.4006],[-3.1627,52.4002],[-3.161,52.4001],[-3.1599,52.3984],[-3.1593,52.3981],[-3.1598,52.3967],[-3.1605,52.3959],[-3.1602,52.3954],[-3.162,52.3938],[-3.1615,52.3921],[-3.1607,52.3913],[-3.1583,52.3916],[-3.1569,52.3899],[-3.1557,52.3896],[-3.1548,52.3879],[-3.1524,52.3873],[-3.1496,52.3882],[-3.1472,52.3873],[-3.1434,52.387],[-3.1367,52.3858],[-3.1346,52.3851],[-3.1336,52.3853],[-3.1304,52.3845],[-3.1293,52.3844],[-3.1279,52.3834],[-3.1271,52.3821],[-3.1271,52.3814],[-3.126,52.3803],[-3.1232,52.3794],[-3.1202,52.3774],[-3.1188,52.3776],[-3.1168,52.3774],[-3.111,52.3772],[-3.108,52.3754],[-3.1066,52.3748],[-3.1054,52.3738],[-3.1041,52.3737],[-3.1033,52.3725],[-3.102,52.3715],[-3.1022,52.3705],[-3.1016,52.3688],[-3.1008,52.3678],[-3.0998,52.3678],[-3.0988,52.3685],[-3.0976,52.3679],[-3.0976,52.3668],[-3.0953,52.3655],[-3.0951,52.3649],[-3.0921,52.3627],[-3.0871,52.361],[-3.0853,52.3607],[-3.0833,52.3595],[-3.0772,52.3582],[-3.0742,52.3574],[-3.0706,52.356],[-3.0706,52.3551],[-3.0677,52.3538],[-3.0653,52.3533],[-3.0651,52.3521],[-3.0652,52.3501],[-3.0606,52.3482],[-3.0573,52.3476],[-3.0542,52.3478],[-3.0521,52.3478],[-3.0513,52.3474],[-3.0474,52.347],[-3.0461,52.3462],[-3.044,52.3453],[-3.044,52.3449],[-3.0414,52.3443],[-3.0369,52.3448],[-3.036,52.3453],[-3.0332,52.3457],[-3.0319,52.3457],[-3.0293,52.3463],[-3.0258,52.3468],[-3.0218,52.3465],[-3.02,52.347],[-3.0157,52.3477],[-3.0132,52.3483],[-3.0105,52.3492],[-3.0102,52.3495],[-3.0059,52.349],[-3.0043,52.3492],[-3.0027,52.3499],[-3.0031,52.3506],[-3.0021,52.3512],[-2.9982,52.3519],[-2.9955,52.3517],[-2.9939,52.3508],[-2.9926,52.3508],[-2.9925,52.3515],[-2.9907,52.3517],[-2.9896,52.3507],[-2.9878,52.3514],[-2.9865,52.3509],[-2.9856,52.351],[-2.9838,52.353],[-2.9831,52.3533],[-2.9819,52.3521],[-2.9805,52.3526],[-2.9789,52.3528],[-2.9781,52.3541],[-2.9767,52.354],[-2.9752,52.355],[-2.9738,52.3551],[-2.9714,52.3549],[-2.9669,52.3553],[-2.9643,52.3562],[-2.9627,52.357],[-2.9589,52.3586],[-2.9573,52.3589],[-2.9554,52.3601],[-2.9541,52.3605],[-2.9506,52.3609],[-2.9494,52.3606],[-2.9493,52.3615],[-2.9454,52.3615],[-2.944,52.3619],[-2.9425,52.3616],[-2.9391,52.3638],[-2.937,52.3645],[-2.9337,52.3654],[-2.9313,52.3671],[-2.9286,52.3683],[-2.9282,52.3706],[-2.927,52.372],[-2.9262,52.3741],[-2.9272,52.3747],[-2.9297,52.3755],[-2.9289,52.3771],[-2.9281,52.38],[-2.9282,52.3829],[-2.9286,52.3852],[-2.9286,52.3874],[-2.9297,52.3899],[-2.9294,52.3915],[-2.9297,52.3928],[-2.9307,52.3946],[-2.9312,52.3965],[-2.933,52.3969],[-2.9331,52.3978],[-2.931,52.3984],[-2.9274,52.4],[-2.9262,52.4017],[-2.9241,52.4022],[-2.9227,52.4034],[-2.9226,52.4043],[-2.9213,52.4041],[-2.9167,52.4045],[-2.9148,52.4043],[-2.9093,52.4043],[-2.9074,52.4046],[-2.9054,52.4047],[-2.9026,52.4045],[-2.9016,52.4038],[-2.8998,52.4029],[-2.8988,52.4043],[-2.8965,52.4083],[-2.8961,52.4093],[-2.8945,52.4146],[-2.8934,52.4167],[-2.8925,52.4178],[-2.8933,52.4183],[-2.8934,52.4198],[-2.895,52.4203],[-2.8945,52.421],[-2.8948,52.4222],[-2.8944,52.4226],[-2.895,52.4245],[-2.8961,52.4253],[-2.897,52.4289],[-2.8965,52.4298],[-2.8945,52.4301],[-2.8938,52.4293],[-2.8925,52.429],[-2.8846,52.4297],[-2.8818,52.4305],[-2.8803,52.4313],[-2.8752,52.4324],[-2.8727,52.4332],[-2.8695,52.4348],[-2.8686,52.4363],[-2.8676,52.4371],[-2.8653,52.4384],[-2.8633,52.4404],[-2.8619,52.4415],[-2.8587,52.4434],[-2.8574,52.4451],[-2.8559,52.446],[-2.8541,52.4482],[-2.8537,52.4504],[-2.8519,52.4526],[-2.8506,52.455],[-2.8465,52.4591],[-2.8453,52.4606],[-2.8442,52.4608],[-2.843,52.4615],[-2.8415,52.4617],[-2.8398,52.4617],[-2.8388,52.462],[-2.8373,52.4632],[-2.8374,52.4644],[-2.8322,52.4633],[-2.8304,52.4625],[-2.8266,52.4602],[-2.8277,52.4595],[-2.8301,52.4591],[-2.8297,52.4567],[-2.8282,52.4557],[-2.8289,52.4544],[-2.8311,52.4539],[-2.8316,52.4532],[-2.8332,52.4524],[-2.8322,52.4482],[-2.8312,52.4456],[-2.8299,52.4449],[-2.829,52.4439],[-2.8284,52.4417],[-2.8265,52.4403],[-2.8252,52.4388],[-2.8241,52.4368],[-2.8247,52.436],[-2.8235,52.4356],[-2.8236,52.4323],[-2.8246,52.4316],[-2.8256,52.429],[-2.8266,52.4303],[-2.8269,52.4313],[-2.8284,52.432],[-2.8301,52.4312],[-2.8322,52.4312],[-2.8341,52.4309],[-2.8329,52.4277],[-2.8302,52.424],[-2.827,52.4212],[-2.8249,52.4199],[-2.8232,52.4186],[-2.8185,52.4158],[-2.8077,52.4094],[-2.8044,52.4073],[-2.8033,52.4079],[-2.8033,52.4086],[-2.802,52.41],[-2.8013,52.4117],[-2.7996,52.4133],[-2.7983,52.4142],[-2.7988,52.4181],[-2.7983,52.4218],[-2.7973,52.4254],[-2.7966,52.4288],[-2.7959,52.4305],[-2.7955,52.4328],[-2.7959,52.4342],[-2.7957,52.4358],[-2.7951,52.4369],[-2.7951,52.4382],[-2.7956,52.4396],[-2.7965,52.4406],[-2.7942,52.4409],[-2.7921,52.4415],[-2.7902,52.4422],[-2.786,52.4431],[-2.7789,52.4439],[-2.7698,52.4458],[-2.7673,52.447],[-2.7659,52.4484],[-2.7627,52.4508],[-2.7609,52.4529],[-2.7595,52.4537],[-2.7576,52.4544],[-2.7549,52.456],[-2.7527,52.4569],[-2.749,52.4579],[-2.7474,52.4587],[-2.7453,52.4601],[-2.7426,52.4616],[-2.7385,52.4631],[-2.7328,52.4656],[-2.732,52.4665],[-2.7318,52.4678],[-2.7313,52.4682],[-2.7259,52.4712],[-2.7228,52.4726],[-2.7199,52.4743],[-2.7193,52.4754],[-2.7181,52.4766],[-2.715,52.4784],[-2.7105,52.4801],[-2.7059,52.4824],[-2.6972,52.4862],[-2.6931,52.4877],[-2.6916,52.4893],[-2.6911,52.4906],[-2.6896,52.4925],[-2.6879,52.4951],[-2.6865,52.4968],[-2.6845,52.4986],[-2.6842,52.4992],[-2.681,52.5004],[-2.6793,52.5016],[-2.677,52.5029],[-2.6759,52.5039],[-2.6747,52.5038],[-2.6737,52.5022],[-2.6712,52.5005],[-2.6725,52.4998],[-2.6717,52.4989],[-2.6719,52.4982],[-2.6694,52.4946],[-2.6683,52.4942],[-2.6655,52.4911],[-2.6649,52.4902],[-2.6627,52.4887],[-2.6643,52.4879],[-2.6648,52.4873],[-2.6641,52.4867],[-2.6613,52.4852],[-2.6601,52.4843],[-2.6602,52.4839],[-2.6584,52.4829],[-2.6553,52.4821],[-2.6542,52.4815],[-2.654,52.4802],[-2.6549,52.4796],[-2.6546,52.479],[-2.658,52.4772],[-2.6599,52.4743],[-2.6624,52.4734],[-2.666,52.4726],[-2.6712,52.4719],[-2.6716,52.4688],[-2.6724,52.4669],[-2.6716,52.465],[-2.6699,52.4634],[-2.6699,52.4626],[-2.6724,52.4622],[-2.6735,52.461],[-2.6766,52.4599],[-2.6793,52.4597],[-2.684,52.4587],[-2.6877,52.4596],[-2.6889,52.4598],[-2.6928,52.4597],[-2.6943,52.4587],[-2.6956,52.4572],[-2.6961,52.4559],[-2.6986,52.4543],[-2.7014,52.4529],[-2.7023,52.4522],[-2.7057,52.4508],[-2.7093,52.4481],[-2.7096,52.4473],[-2.7112,52.4448],[-2.7114,52.4438],[-2.7124,52.4435],[-2.7141,52.4439],[-2.7162,52.4432],[-2.7208,52.4412],[-2.723,52.4399],[-2.7246,52.4379],[-2.7281,52.4359],[-2.7287,52.4344],[-2.7289,52.432],[-2.7297,52.4289],[-2.7311,52.428],[-2.7316,52.427],[-2.7312,52.4249],[-2.7317,52.424],[-2.7311,52.4224],[-2.7311,52.4212],[-2.7315,52.4192],[-2.7313,52.4183],[-2.732,52.4166],[-2.7322,52.4131],[-2.7316,52.4123],[-2.7312,52.4088],[-2.7305,52.408],[-2.7291,52.4047],[-2.7289,52.403],[-2.7281,52.4016],[-2.7234,52.3966],[-2.7208,52.3951],[-2.7173,52.3921],[-2.7149,52.3899],[-2.7127,52.3875],[-2.713,52.3865],[-2.715,52.3843],[-2.712,52.3853],[-2.7067,52.3863],[-2.7039,52.3867],[-2.7025,52.3865],[-2.7003,52.3878],[-2.6994,52.3878],[-2.6973,52.3885],[-2.694,52.3879],[-2.6912,52.3868],[-2.6919,52.3862],[-2.6902,52.3848],[-2.6805,52.3879],[-2.6794,52.3887],[-2.6748,52.3898],[-2.6741,52.3901],[-2.672,52.3919],[-2.6704,52.3937],[-2.6683,52.3946],[-2.6669,52.3958],[-2.6644,52.3973],[-2.6638,52.3982],[-2.6634,52.4008],[-2.6624,52.4019],[-2.6603,52.4037],[-2.6585,52.4047],[-2.6566,52.4055],[-2.6559,52.405],[-2.655,52.4029],[-2.6535,52.4012],[-2.6509,52.3998],[-2.6488,52.3988],[-2.6476,52.3987],[-2.6464,52.3979],[-2.6457,52.397],[-2.6454,52.396],[-2.6462,52.394],[-2.6456,52.3928],[-2.6439,52.3932],[-2.6431,52.3926],[-2.642,52.3925],[-2.6402,52.3917],[-2.639,52.3908],[-2.6373,52.3902],[-2.634,52.3895],[-2.6328,52.3897],[-2.6315,52.3894],[-2.6307,52.3885],[-2.6303,52.3864],[-2.6307,52.3854],[-2.6303,52.3846],[-2.6306,52.3824],[-2.6296,52.3816],[-2.6294,52.3803],[-2.6271,52.3801],[-2.6267,52.3797],[-2.6265,52.3781],[-2.6306,52.3755],[-2.6318,52.3743],[-2.6317,52.3737],[-2.6286,52.3729],[-2.627,52.3717],[-2.624,52.3711],[-2.6247,52.3702],[-2.625,52.3683],[-2.6243,52.3677],[-2.6247,52.367],[-2.6246,52.3651],[-2.6262,52.3622],[-2.6262,52.3611],[-2.6271,52.3588],[-2.6288,52.358],[-2.6257,52.3556],[-2.6232,52.3546],[-2.6196,52.3553],[-2.6171,52.3557],[-2.615,52.3556],[-2.6141,52.3559],[-2.6127,52.3572],[-2.6106,52.358],[-2.6089,52.358],[-2.6072,52.3584],[-2.6052,52.3584],[-2.6027,52.3588],[-2.5988,52.359],[-2.5941,52.3571],[-2.5901,52.3576],[-2.5882,52.3582],[-2.5854,52.36],[-2.5838,52.3613],[-2.5833,52.3631],[-2.5822,52.3639],[-2.5809,52.3639],[-2.5793,52.3649],[-2.5799,52.3656],[-2.5793,52.3665],[-2.5771,52.3666],[-2.5753,52.3683],[-2.5735,52.3706],[-2.5734,52.3723],[-2.5738,52.3728],[-2.5723,52.374],[-2.5727,52.3751],[-2.5718,52.3762],[-2.5703,52.377],[-2.5679,52.3774],[-2.566,52.3771],[-2.5654,52.3782],[-2.5674,52.3796],[-2.5689,52.381],[-2.5655,52.3823],[-2.5628,52.3849],[-2.5598,52.3859],[-2.5592,52.3869],[-2.5578,52.3881],[-2.5547,52.3897],[-2.5541,52.3904],[-2.5526,52.3929],[-2.5522,52.3947],[-2.5513,52.3968],[-2.5498,52.3994],[-2.5486,52.4022],[-2.5411,52.4057],[-2.5389,52.4065],[-2.5373,52.4091],[-2.5366,52.4118],[-2.5374,52.413],[-2.5368,52.414],[-2.5365,52.4159],[-2.5365,52.4178],[-2.5352,52.42],[-2.5327,52.4213],[-2.5319,52.422],[-2.5301,52.4225],[-2.5306,52.4234],[-2.5287,52.4235],[-2.5287,52.4266],[-2.528,52.4272],[-2.5296,52.4279],[-2.5324,52.4305],[-2.5338,52.4313],[-2.5343,52.4323],[-2.5365,52.4337],[-2.5376,52.4347],[-2.5411,52.4354],[-2.5418,52.4357],[-2.5424,52.4372],[-2.5437,52.4389],[-2.5451,52.441],[-2.5482,52.442],[-2.5491,52.4419],[-2.5521,52.4424],[-2.5563,52.4423],[-2.5621,52.4426],[-2.5642,52.4431],[-2.5658,52.4433],[-2.5684,52.445],[-2.5697,52.4462],[-2.5717,52.4471],[-2.5723,52.4477],[-2.5724,52.4489],[-2.5731,52.4505],[-2.5745,52.4507],[-2.5715,52.4547],[-2.5684,52.4573],[-2.5678,52.4583],[-2.5659,52.4594],[-2.5651,52.4615],[-2.5646,52.4624],[-2.5629,52.4624],[-2.5617,52.4647],[-2.5607,52.4671],[-2.5609,52.4676],[-2.5599,52.4705],[-2.5597,52.4717],[-2.5582,52.4732],[-2.5581,52.4747],[-2.5575,52.4762],[-2.5589,52.4776],[-2.5588,52.4786],[-2.5606,52.4799],[-2.5608,52.4806],[-2.562,52.4811],[-2.5641,52.4827],[-2.5657,52.4836],[-2.568,52.4844],[-2.57,52.4849],[-2.572,52.4863],[-2.5772,52.4904],[-2.5786,52.491],[-2.5782,52.4917],[-2.5762,52.4935],[-2.5738,52.4969],[-2.5732,52.4997],[-2.5764,52.499],[-2.5775,52.4989],[-2.5785,52.501],[-2.5776,52.5018],[-2.5779,52.5045],[-2.5768,52.5078],[-2.5769,52.509],[-2.5764,52.5112],[-2.5767,52.5117],[-2.578,52.5127],[-2.5766,52.5163],[-2.5766,52.5175],[-2.5754,52.5192],[-2.5751,52.5208],[-2.5752,52.5234],[-2.5741,52.5247],[-2.5776,52.5266],[-2.5789,52.5279],[-2.5803,52.5295],[-2.5832,52.5303],[-2.5861,52.5305],[-2.5906,52.5323],[-2.5914,52.5329],[-2.5947,52.5325],[-2.5962,52.5342],[-2.5991,52.5355],[-2.6018,52.5355],[-2.6056,52.5365],[-2.6107,52.5375],[-2.6135,52.538],[-2.6178,52.5396],[-2.6188,52.5398],[-2.6209,52.5397],[-2.6233,52.54],[-2.6263,52.5419],[-2.6289,52.543],[-2.6299,52.5443],[-2.6331,52.5452],[-2.6347,52.5463],[-2.6368,52.548],[-2.6374,52.5504],[-2.6375,52.552],[-2.6406,52.5528],[-2.6389,52.5568],[-2.637,52.5601],[-2.6359,52.5624],[-2.6353,52.5638],[-2.6333,52.5655],[-2.6283,52.5682],[-2.6253,52.5701],[-2.6224,52.5716],[-2.62,52.5726],[-2.6177,52.5733],[-2.6149,52.5744],[-2.6081,52.576],[-2.6055,52.5772],[-2.6042,52.5784],[-2.6019,52.5801],[-2.6,52.5809],[-2.5992,52.5816],[-2.602,52.5834],[-2.6005,52.584],[-2.5993,52.5841],[-2.5958,52.5853],[-2.5919,52.5887],[-2.5883,52.5911],[-2.587,52.5925],[-2.588,52.593],[-2.5874,52.5937],[-2.5851,52.5947],[-2.5826,52.596],[-2.5795,52.5981],[-2.5771,52.5992],[-2.5711,52.6033],[-2.5689,52.6051],[-2.5626,52.6082],[-2.5621,52.6081],[-2.5587,52.6087],[-2.5582,52.6084],[-2.5589,52.6075],[-2.5587,52.6065],[-2.5566,52.6052],[-2.555,52.606],[-2.5502,52.6074],[-2.5474,52.609],[-2.5459,52.6105],[-2.5451,52.6128],[-2.5455,52.6144],[-2.5451,52.6154],[-2.5439,52.6164],[-2.54,52.6176],[-2.538,52.6206],[-2.5375,52.6223],[-2.5379,52.6234],[-2.5376,52.6255],[-2.5368,52.6275],[-2.5358,52.6288],[-2.5343,52.6303],[-2.5333,52.6309],[-2.5291,52.6325],[-2.5282,52.633],[-2.5259,52.6351],[-2.5258,52.637],[-2.5269,52.6374],[-2.5303,52.6374],[-2.5328,52.6376],[-2.5358,52.6384],[-2.5381,52.6388],[-2.5407,52.64],[-2.5453,52.6404],[-2.5487,52.6411],[-2.5488,52.6429],[-2.5504,52.6449],[-2.5506,52.6462],[-2.5481,52.6472],[-2.5475,52.648],[-2.548,52.6495],[-2.5476,52.6502],[-2.5457,52.6508],[-2.5448,52.6518],[-2.5452,52.6532],[-2.5462,52.6536],[-2.547,52.6545],[-2.5483,52.6546],[-2.5483,52.6553],[-2.5472,52.6558],[-2.5459,52.6571],[-2.5454,52.659],[-2.5429,52.6608],[-2.5426,52.6628],[-2.5411,52.664],[-2.5388,52.6631],[-2.5376,52.6646],[-2.5376,52.6664],[-2.533,52.6692],[-2.5324,52.6712],[-2.5332,52.6725],[-2.5316,52.6765],[-2.528,52.6754],[-2.5265,52.6756],[-2.5222,52.6776],[-2.5202,52.6782],[-2.5189,52.6779],[-2.5191,52.6774],[-2.5206,52.6758],[-2.5219,52.6748],[-2.5245,52.6734],[-2.521,52.6735],[-2.5192,52.6737],[-2.5171,52.6753],[-2.5162,52.6752],[-2.5155,52.6746],[-2.5138,52.6741],[-2.511,52.6745],[-2.5109,52.6739],[-2.5081,52.6735],[-2.5042,52.672],[-2.5023,52.6727],[-2.5042,52.6741],[-2.507,52.676],[-2.5074,52.6766],[-2.5091,52.6777],[-2.5103,52.6796],[-2.5118,52.6802],[-2.5129,52.6812],[-2.513,52.6825],[-2.5135,52.6845],[-2.5132,52.6849],[-2.5136,52.6864],[-2.5148,52.6875],[-2.5154,52.687],[-2.5181,52.6872],[-2.5193,52.6879],[-2.5203,52.6893],[-2.5247,52.6893],[-2.5251,52.6887],[-2.5285,52.6862],[-2.5332,52.6842],[-2.5346,52.6831],[-2.5372,52.6799],[-2.5379,52.6804],[-2.5394,52.6795],[-2.5406,52.6807],[-2.5422,52.6805],[-2.5452,52.6793],[-2.548,52.6772],[-2.5486,52.677],[-2.5503,52.6776],[-2.5541,52.6765],[-2.5561,52.6754],[-2.5571,52.674],[-2.5585,52.673],[-2.5621,52.6722],[-2.5634,52.6712],[-2.5641,52.6699],[-2.574,52.672],[-2.574,52.671],[-2.5752,52.6701],[-2.5733,52.6692],[-2.5708,52.6689],[-2.5706,52.6691],[-2.5643,52.6684],[-2.5652,52.667],[-2.5669,52.6672],[-2.568,52.6667],[-2.5676,52.6661],[-2.5687,52.6653],[-2.5712,52.666],[-2.5742,52.6621],[-2.5777,52.6609],[-2.5796,52.6608],[-2.5821,52.6602],[-2.5802,52.6587],[-2.58,52.6579],[-2.5807,52.6566],[-2.5805,52.6542],[-2.5797,52.6528],[-2.5807,52.652],[-2.5827,52.6516],[-2.5814,52.6502],[-2.5784,52.648],[-2.5778,52.6464],[-2.5779,52.6458],[-2.577,52.6453],[-2.5762,52.6441],[-2.5776,52.643],[-2.5805,52.642],[-2.5805,52.6414],[-2.5821,52.6408],[-2.5825,52.6398],[-2.5809,52.6389],[-2.5827,52.6383],[-2.5824,52.6355],[-2.5799,52.6339],[-2.5814,52.6324],[-2.5817,52.6307],[-2.5807,52.6285],[-2.5792,52.6276],[-2.5783,52.6264],[-2.5774,52.6259],[-2.5781,52.6248],[-2.5799,52.6247],[-2.5838,52.6233],[-2.5822,52.6227],[-2.5787,52.6208],[-2.5768,52.6194],[-2.5745,52.6182],[-2.5714,52.6169],[-2.5723,52.6159],[-2.5738,52.6153],[-2.5736,52.6148],[-2.5748,52.614],[-2.5757,52.6143],[-2.5775,52.6141],[-2.5789,52.613],[-2.58,52.6126],[-2.5819,52.6111],[-2.5841,52.611],[-2.5845,52.6105],[-2.5839,52.6097],[-2.5831,52.6096],[-2.5818,52.6086],[-2.5824,52.6076],[-2.5843,52.6077],[-2.5853,52.6073],[-2.5879,52.6072],[-2.5895,52.6076],[-2.5913,52.6069],[-2.5924,52.6061],[-2.5933,52.6041],[-2.5965,52.6034],[-2.5976,52.6036],[-2.5992,52.6025],[-2.6013,52.6023],[-2.6025,52.6017],[-2.6033,52.599],[-2.6041,52.5983],[-2.6035,52.5979],[-2.6044,52.5973],[-2.6061,52.5967],[-2.608,52.5973],[-2.6099,52.5967],[-2.6112,52.5956],[-2.6111,52.5946],[-2.6128,52.5929],[-2.6142,52.5929],[-2.6147,52.5922],[-2.6159,52.5923],[-2.6166,52.5915],[-2.618,52.5908],[-2.6203,52.5903],[-2.622,52.5896],[-2.6243,52.5873],[-2.6265,52.5868],[-2.6284,52.5858],[-2.63,52.5847],[-2.6307,52.5848],[-2.6325,52.5832],[-2.6343,52.5827],[-2.6344,52.5818],[-2.6355,52.5813],[-2.6391,52.5815],[-2.6409,52.5818],[-2.6418,52.5811],[-2.6432,52.5809],[-2.6444,52.5803],[-2.6453,52.5788],[-2.6453,52.5776],[-2.6475,52.5763],[-2.6522,52.5752],[-2.6555,52.5743],[-2.6577,52.5739],[-2.6576,52.5708],[-2.6579,52.5705],[-2.6575,52.5686],[-2.656,52.5676],[-2.6546,52.5662],[-2.6532,52.5661],[-2.6499,52.5647],[-2.648,52.5629],[-2.645,52.5613],[-2.6455,52.5598],[-2.6468,52.5593],[-2.6502,52.5583],[-2.6533,52.5564],[-2.6523,52.5559],[-2.6522,52.555],[-2.6544,52.5532],[-2.6563,52.5527],[-2.6599,52.5533],[-2.6609,52.554],[-2.6607,52.5545],[-2.6612,52.5562],[-2.6625,52.5566],[-2.6643,52.5563],[-2.6658,52.5558],[-2.6669,52.556],[-2.6668,52.5568],[-2.6687,52.5575],[-2.6705,52.5587],[-2.6715,52.5588],[-2.6745,52.5582],[-2.6756,52.5588],[-2.674,52.5607],[-2.6773,52.5608],[-2.6789,52.561],[-2.6822,52.561],[-2.685,52.5625],[-2.6858,52.5635],[-2.6845,52.5645],[-2.6825,52.5685],[-2.6817,52.5722],[-2.6806,52.5745],[-2.6798,52.5757],[-2.6783,52.5765],[-2.6784,52.577],[-2.6779,52.5798],[-2.678,52.5814],[-2.6762,52.5832],[-2.673,52.5843],[-2.6708,52.5848],[-2.6684,52.5865],[-2.6661,52.5888],[-2.6643,52.5901],[-2.6623,52.5909],[-2.662,52.5918],[-2.6606,52.5928],[-2.6625,52.5948],[-2.6648,52.5942],[-2.6665,52.5933],[-2.6678,52.5921],[-2.6686,52.5905],[-2.6727,52.5894],[-2.6735,52.5893],[-2.6762,52.5881],[-2.6785,52.5874],[-2.6834,52.5871],[-2.6841,52.588],[-2.689,52.586],[-2.6918,52.5856],[-2.6948,52.5847],[-2.6971,52.5836],[-2.6984,52.5832],[-2.7023,52.5815],[-2.7042,52.5808],[-2.7049,52.5815],[-2.7028,52.5822],[-2.7022,52.5829],[-2.7025,52.5851],[-2.7021,52.5865],[-2.7015,52.5871],[-2.6976,52.5901],[-2.696,52.5921],[-2.6942,52.5947],[-2.6952,52.5951],[-2.6969,52.594],[-2.6989,52.5945],[-2.7007,52.5943],[-2.7024,52.5935],[-2.7054,52.5933],[-2.7071,52.5939],[-2.7095,52.5937],[-2.712,52.5932],[-2.7126,52.594],[-2.7145,52.5937],[-2.7154,52.5945],[-2.7252,52.5907],[-2.7261,52.5911],[-2.7267,52.5899],[-2.7276,52.5893],[-2.7272,52.5879],[-2.7283,52.5873],[-2.7297,52.5876],[-2.7308,52.5886],[-2.7316,52.5874],[-2.7356,52.5856],[-2.738,52.5842],[-2.7412,52.582],[-2.7448,52.5793],[-2.7474,52.577],[-2.7511,52.5743],[-2.7523,52.5732],[-2.7552,52.5712],[-2.7577,52.5688],[-2.7584,52.5676],[-2.7597,52.5668],[-2.7603,52.566],[-2.7604,52.5644],[-2.7609,52.5639],[-2.763,52.5631],[-2.7645,52.5634],[-2.767,52.5627],[-2.7711,52.5625],[-2.773,52.561],[-2.7763,52.5596],[-2.7785,52.5594],[-2.7803,52.5589],[-2.783,52.5599],[-2.7876,52.5606],[-2.787,52.5626],[-2.7861,52.5639],[-2.7881,52.5641],[-2.7888,52.5648],[-2.7882,52.5663],[-2.7874,52.5669],[-2.7875,52.5679],[-2.7867,52.5699],[-2.7864,52.5715],[-2.788,52.5727],[-2.7898,52.5736],[-2.7919,52.5729],[-2.7926,52.5718],[-2.7942,52.5716],[-2.7971,52.5703],[-2.7998,52.5701],[-2.8017,52.5698],[-2.8036,52.5698],[-2.805,52.57],[-2.8068,52.5711],[-2.8066,52.5727],[-2.8077,52.5747],[-2.8092,52.5753],[-2.8101,52.576],[-2.8097,52.5766],[-2.8103,52.5774],[-2.8098,52.5797],[-2.8101,52.5807],[-2.8076,52.5812],[-2.8087,52.5833],[-2.8098,52.584],[-2.8084,52.5859],[-2.8084,52.5867],[-2.8064,52.5876],[-2.8078,52.5892],[-2.8091,52.5913],[-2.8091,52.5924],[-2.8102,52.5931],[-2.8123,52.5935],[-2.8141,52.5956],[-2.818,52.5979],[-2.8118,52.6021],[-2.8149,52.6034],[-2.8166,52.6037],[-2.8184,52.6038],[-2.8189,52.603],[-2.8204,52.6047],[-2.8207,52.6058],[-2.8222,52.6067],[-2.8243,52.6065],[-2.8249,52.6069],[-2.8278,52.6072],[-2.8305,52.6064],[-2.8311,52.6066],[-2.8316,52.6078],[-2.833,52.6093],[-2.8351,52.6098],[-2.8366,52.6106],[-2.8386,52.6122],[-2.8394,52.6126],[-2.8408,52.6147],[-2.8417,52.6155],[-2.8431,52.6158],[-2.8439,52.6194],[-2.8438,52.6199],[-2.8446,52.6212],[-2.8444,52.6222],[-2.8451,52.623],[-2.8448,52.6237],[-2.8438,52.6246],[-2.8439,52.625],[-2.8454,52.6269],[-2.8461,52.6273],[-2.8494,52.6271],[-2.8499,52.6282],[-2.8496,52.6288],[-2.8499,52.6304],[-2.8491,52.6311],[-2.8497,52.6327],[-2.8528,52.6345],[-2.8543,52.636],[-2.8527,52.6382],[-2.8537,52.6394],[-2.8538,52.6427],[-2.8546,52.6441],[-2.8545,52.6451],[-2.8566,52.646],[-2.8569,52.6472],[-2.8558,52.6483],[-2.8556,52.6496],[-2.8562,52.6511],[-2.8563,52.6531],[-2.8561,52.6553],[-2.8568,52.6555],[-2.8586,52.655],[-2.8608,52.6547],[-2.8627,52.6547],[-2.8643,52.6543],[-2.8687,52.6539],[-2.871,52.6534],[-2.8724,52.6534],[-2.8752,52.6506],[-2.874,52.6493],[-2.874,52.6466],[-2.8765,52.6453],[-2.8784,52.6438],[-2.8792,52.6424],[-2.8814,52.6406],[-2.8837,52.6426],[-2.885,52.6431],[-2.8861,52.644],[-2.8874,52.6423],[-2.8889,52.6408],[-2.8894,52.6394],[-2.8891,52.6379],[-2.8893,52.6358],[-2.8882,52.6343],[-2.8882,52.6313],[-2.8893,52.6292],[-2.8904,52.6276],[-2.8911,52.6272],[-2.8949,52.6273],[-2.8974,52.6277],[-2.8998,52.6288],[-2.9025,52.6295],[-2.9046,52.6303],[-2.907,52.6306],[-2.9087,52.6312],[-2.9095,52.6321],[-2.9109,52.6324],[-2.9154,52.6321],[-2.9167,52.6302],[-2.918,52.6291],[-2.9178,52.628],[-2.9205,52.625],[-2.9214,52.623],[-2.9232,52.6217],[-2.9239,52.6203],[-2.9254,52.6192],[-2.9262,52.618],[-2.9265,52.617],[-2.93,52.6114],[-2.9324,52.6087],[-2.9336,52.6083],[-2.9351,52.6066],[-2.9365,52.607],[-2.9395,52.6069],[-2.9398,52.6081],[-2.9393,52.6091],[-2.9393,52.6106],[-2.9385,52.6116],[-2.939,52.6124],[-2.9399,52.6131],[-2.942,52.614],[-2.9455,52.613],[-2.9466,52.6134],[-2.9466,52.6141],[-2.9519,52.6139],[-2.9542,52.613],[-2.9567,52.613],[-2.9553,52.6146],[-2.9534,52.6148],[-2.9525,52.6156],[-2.9517,52.6187],[-2.9496,52.6199],[-2.947,52.6228],[-2.9454,52.6245],[-2.9472,52.6255],[-2.9504,52.627],[-2.9519,52.6279],[-2.9511,52.6286],[-2.9533,52.6292],[-2.9557,52.6292],[-2.9592,52.6287],[-2.9622,52.6279]]]},"properties":{"name":"Shropshire Hills","kind":"national_landscape"},"id":32},
{"type":"Feature","geometry":{"type":"MultiPolygon","coordinates":[[[[1.5559,52.3263],[1.558,52.3235],[1.5596,52.3209],[1.5614,52.3189],[1.5646,52.3171],[1.5658,52.3161],[1.5685,52.3155],[1.5686,52.314],[1.5702,52.3117],[1.5746,52.3076],[1.5772,52.3056],[1.5782,52.3035],[1.5803,52.3029],[1.5816,52.3021],[1.5839,52.2992],[1.5851,52.2986],[1.5875,52.2982],[1.5908,52.2968],[1.5919,52.2969],[1.5913,52.2954],[1.5906,52.2926],[1.5905,52.2901],[1.591,52.2886],[1.5912,52.2865],[1.591,52.284],[1.5905,52.2826],[1.5904,52.2811],[1.5894,52.2793],[1.589,52.2744],[1.5886,52.2737],[1.5869,52.272],[1.5846,52.27],[1.5847,52.2674],[1.5891,52.2673],[1.5888,52.2643],[1.5883,52.2625],[1.5854,52.2616],[1.5834,52.2604],[1.5805,52.2595],[1.575,52.2565],[1.5743,52.2557],[1.5742,52.2547],[1.5735,52.2539],[1.5728,52.2519],[1.5744,52.2523],[1.5749,52.2514],[1.5783,52.251],[1.5795,52.2503],[1.5802,52.2494],[1.5813,52.2488],[1.581,52.248],[1.5811,52.2461],[1.5846,52.2434],[1.5858,52.2426],[1.5881,52.2404],[1.589,52.2401],[1.5911,52.2403],[1.5906,52.2393],[1.5906,52.2372],[1.5918,52.2326],[1.5911,52.2314],[1.5923,52.2307],[1.5917,52.2288],[1.5911,52.2255],[1.5909,52.2218],[1.5899,52.2194],[1.5909,52.2162],[1.5915,52.2153],[1.5933,52.2135],[1.5948,52.2124],[1.5947,52.2109],[1.5964,52.2075],[1.5979,52.2023],[1.5997,52.2002],[1.6003,52.1986],[1.5964,52.1974],[1.5953,52.1968],[1.596,52.1959],[1.5931,52.1942],[1.5935,52.1939],[1.591,52.1905],[1.5891,52.191],[1.5883,52.1902],[1.5864,52.1866],[1.5838,52.1863],[1.5823,52.1849],[1.5791,52.1846],[1.5812,52.1813],[1.5777,52.1808],[1.5773,52.1819],[1.5705,52.182],[1.5699,52.1804],[1.5689,52.1791],[1.5657,52.1735],[1.5659,52.172],[1.5649,52.1706],[1.559,52.1733],[1.5573,52.174],[1.5542,52.1748],[1.5504,52.1763],[1.5481,52.177],[1.546,52.1775],[1.5415,52.1779],[1.538,52.1787],[1.5358,52.18],[1.5348,52.1803],[1.5322,52.1804],[1.5276,52.1798],[1.5039,52.1799],[1.5025,52.1797],[1.5028,52.1784],[1.5018,52.1768],[1.5013,52.1754],[1.5009,52.1713],[1.4999,52.1692],[1.4969,52.1661],[1.4961,52.1648],[1.4959,52.1636],[1.4935,52.1626],[1.4908,52.1622],[1.4892,52.1615],[1.4879,52.1606],[1.4868,52.1587],[1.4842,52.1565],[1.4815,52.1555],[1.4777,52.1544],[1.4726,52.1531],[1.4712,52.1522],[1.4681,52.1512],[1.4668,52.1504],[1.4643,52.15],[1.4617,52.1501],[1.4597,52.1493],[1.4576,52.148],[1.4556,52.147],[1.4544,52.146],[1.4514,52.145],[1.4494,52.1437],[1.4465,52.1436],[1.4456,52.1423],[1.4429,52.141],[1.4413,52.1396],[1.4383,52.1377],[1.4353,52.1361],[1.4314,52.1349],[1.4297,52.134],[1.4267,52.1315],[1.4241,52.1299],[1.4206,52.1289],[1.4192,52.1283],[1.4153,52.1263],[1.4129,52.1255],[1.4038,52.1236],[1.4004,52.1234],[1.398,52.1232],[1.394,52.1221],[1.3918,52.1218],[1.3904,52.1212],[1.3865,52.1183],[1.3789,52.1133],[1.3774,52.1124],[1.3751,52.1109],[1.3719,52.109],[1.3691,52.1061],[1.3653,52.1029],[1.3652,52.1024],[1.3616,52.102],[1.3596,52.1016],[1.3584,52.1016],[1.3556,52.1022],[1.3519,52.1018],[1.3475,52.1015],[1.3462,52.1012],[1.3426,52.1029],[1.3408,52.1034],[1.3391,52.1044],[1.3332,52.1027],[1.3303,52.1011],[1.3272,52.0986],[1.3249,52.0954],[1.3227,52.0925],[1.3205,52.0911],[1.3182,52.0904],[1.3165,52.0895],[1.3139,52.0865],[1.3109,52.0838],[1.3088,52.0825],[1.3068,52.0816],[1.3039,52.081],[1.2997,52.0809],[1.2952,52.0809],[1.2874,52.0795],[1.2863,52.0788],[1.2852,52.0772],[1.2872,52.076],[1.2877,52.0754],[1.2894,52.0747],[1.2904,52.0739],[1.2902,52.0715],[1.2906,52.0711],[1.2938,52.0711],[1.2943,52.0709],[1.2951,52.0678],[1.2979,52.0671],[1.2986,52.0654],[1.3004,52.0622],[1.301,52.0609],[1.3011,52.0594],[1.3033,52.057],[1.312,52.0492],[1.3122,52.0477],[1.3138,52.0424],[1.3157,52.0409],[1.3175,52.0406],[1.3214,52.0406],[1.3222,52.0382],[1.3247,52.0365],[1.3283,52.0328],[1.3298,52.0323],[1.3316,52.0324],[1.3304,52.0301],[1.3307,52.0284],[1.3318,52.0281],[1.3349,52.0267],[1.3369,52.0252],[1.3377,52.023],[1.3375,52.0226],[1.3355,52.021],[1.332,52.0206],[1.3258,52.0195],[1.3272,52.016],[1.3289,52.0158],[1.3289,52.0148],[1.3299,52.014],[1.3334,52.0138],[1.3347,52.0146],[1.3368,52.0109],[1.3372,52.0108],[1.3384,52.0093],[1.3392,52.0054],[1.3396,52.0053],[1.34,52.0027],[1.3405,52.002],[1.3426,52.0022],[1.3447,52.0019],[1.3443,52.0012],[1.3443,51.9997],[1.3448,51.9976],[1.3442,51.9958],[1.3477,51.9952],[1.3498,51.9944],[1.3526,51.9937],[1.3484,51.9909],[1.3484,51.99],[1.3495,51.989],[1.3478,51.9883],[1.3467,51.9882],[1.3448,51.9861],[1.3443,51.9826],[1.3468,51.9826],[1.3493,51.9822],[1.3514,51.9816],[1.357,51.9817],[1.3578,51.9811],[1.3648,51.9828],[1.3661,51.9831],[1.3666,51.9824],[1.3689,51.9831],[1.3698,51.9819],[1.3704,51.9796],[1.3712,51.978],[1.3719,51.9777],[1.3749,51.9784],[1.3786,51.9775],[1.3807,51.9776],[1.3803,51.9769],[1.3833,51.9762],[1.3844,51.9769],[1.3889,51.9791],[1.39,51.9823],[1.3905,51.9842],[1.3919,51.9818],[1.3955,51.9828],[1.3945,51.9851],[1.394,51.9859],[1.3941,51.9867],[1.4038,51.9898],[1.4086,51.992],[1.4122,51.9935],[1.4192,51.9975],[1.4244,52.0001],[1.4276,52.0021],[1.4315,52.0048],[1.4333,52.0068],[1.4343,52.0082],[1.4349,52.0085],[1.4355,52.0114],[1.4387,52.0171],[1.4425,52.0233],[1.4448,52.0265],[1.4468,52.0288],[1.4484,52.03],[1.4502,52.0312],[1.4538,52.0326],[1.4552,52.0339],[1.4567,52.0359],[1.457,52.037],[1.4642,52.0412],[1.4653,52.0427],[1.468,52.0456],[1.4718,52.0488],[1.4759,52.0514],[1.48,52.0535],[1.4847,52.0555],[1.495,52.0592],[1.4973,52.06],[1.5037,52.0617],[1.5147,52.065],[1.5236,52.0676],[1.53,52.0698],[1.5349,52.0712],[1.5421,52.0733],[1.5453,52.0741],[1.5534,52.0764],[1.5614,52.0784],[1.5672,52.0803],[1.5706,52.0815],[1.5752,52.0833],[1.5784,52.0851],[1.5801,52.0862],[1.5824,52.0891],[1.5834,52.0909],[1.5847,52.0951],[1.586,52.0986],[1.5874,52.1034],[1.5892,52.1089],[1.591,52.1179],[1.5919,52.1206],[1.5945,52.1277],[1.5967,52.1339],[1.5973,52.1348],[1.5996,52.1408],[1.6007,52.1435],[1.6019,52.1473],[1.6033,52.1509],[1.6065,52.1602],[1.6086,52.1653],[1.6099,52.1676],[1.6116,52.1709],[1.6131,52.1732],[1.6158,52.1764],[1.6178,52.179],[1.6213,52.1838],[1.6223,52.1856],[1.6227,52.1869],[1.6231,52.1896],[1.6228,52.1932],[1.6227,52.2006],[1.6228,52.2042],[1.6235,52.2092],[1.6238,52.2106],[1.6241,52.2143],[1.6246,52.2153],[1.6249,52.2224],[1.6255,52.2276],[1.6262,52.2303],[1.6289,52.2378],[1.6293,52.2408],[1.6294,52.2514],[1.6296,52.2583],[1.63,52.2638],[1.6302,52.2661],[1.6307,52.2689],[1.6314,52.2716],[1.633,52.276],[1.6354,52.2811],[1.6382,52.2857],[1.6389,52.2867],[1.6415,52.2912],[1.6435,52.294],[1.646,52.2969],[1.651,52.3011],[1.6571,52.3054],[1.6607,52.3077],[1.6631,52.3091],[1.6698,52.3127],[1.673,52.3139],[1.6749,52.3131],[1.6757,52.3133],[1.6775,52.3158],[1.6797,52.321],[1.6811,52.3231],[1.6831,52.3263],[1.6849,52.3298],[1.6854,52.3303],[1.6866,52.3326],[1.6871,52.3341],[1.6875,52.3377],[1.6879,52.3392],[1.6905,52.3456],[1.6918,52.3483],[1.6937,52.3514],[1.6958,52.3545],[1.6983,52.3573],[1.6988,52.3585],[1.7005,52.3613],[1.7027,52.3642],[1.704,52.3656],[1.7047,52.3658],[1.7059,52.3686],[1.7073,52.3706],[1.7088,52.3726],[1.7134,52.3791],[1.7174,52.3842],[1.7186,52.3852],[1.7193,52.3867],[1.7224,52.3911],[1.7249,52.3942],[1.7273,52.3979],[1.7286,52.4004],[1.7296,52.4041],[1.7252,52.4043],[1.723,52.403],[1.7197,52.4035],[1.719,52.4042],[1.7178,52.4061],[1.7178,52.4074],[1.7162,52.4077],[1.7128,52.4075],[1.7112,52.4077],[1.7095,52.4083],[1.7087,52.4081],[1.7058,52.4081],[1.7036,52.4099],[1.702,52.4105],[1.6992,52.4113],[1.6976,52.4116],[1.6977,52.4126],[1.6972,52.4136],[1.6978,52.4141],[1.6946,52.4148],[1.692,52.4171],[1.6921,52.4177],[1.6909,52.4183],[1.6932,52.4199],[1.6901,52.4202],[1.6875,52.4215],[1.686,52.4219],[1.6838,52.4214],[1.6826,52.4218],[1.6811,52.4246],[1.6783,52.4253],[1.6742,52.4249],[1.674,52.4262],[1.6743,52.427],[1.6739,52.4281],[1.6723,52.4281],[1.6715,52.4294],[1.6682,52.4314],[1.6668,52.4326],[1.6689,52.4334],[1.6684,52.4342],[1.6671,52.435],[1.663,52.4358],[1.6599,52.4374],[1.6588,52.4383],[1.6571,52.4389],[1.6561,52.4388],[1.653,52.4379],[1.6495,52.4362],[1.6435,52.4339],[1.639,52.4325],[1.6357,52.4313],[1.6315,52.4311],[1.6292,52.4311],[1.6258,52.4298],[1.6253,52.4289],[1.6264,52.4271],[1.6286,52.426],[1.6322,52.4231],[1.6332,52.4229],[1.6372,52.4231],[1.6409,52.4225],[1.6422,52.4226],[1.6456,52.4223],[1.6483,52.4215],[1.6522,52.4198],[1.6533,52.4191],[1.6546,52.4177],[1.6565,52.4163],[1.6575,52.416],[1.6614,52.4157],[1.6647,52.4152],[1.6671,52.415],[1.6681,52.4142],[1.6721,52.4118],[1.6743,52.409],[1.6783,52.4081],[1.6798,52.4072],[1.6805,52.4063],[1.6761,52.4042],[1.6743,52.4027],[1.6736,52.4016],[1.6713,52.3972],[1.6711,52.3963],[1.6719,52.3924],[1.6715,52.3907],[1.6716,52.3891],[1.6719,52.3888],[1.6751,52.3883],[1.6785,52.3882],[1.6784,52.3841],[1.68,52.384],[1.6826,52.3845],[1.6828,52.3843],[1.6827,52.3814],[1.6817,52.3803],[1.6806,52.3777],[1.6799,52.3778],[1.6785,52.3747],[1.6778,52.3722],[1.6717,52.3725],[1.6707,52.3703],[1.6703,52.3688],[1.6699,52.3686],[1.6675,52.3694],[1.6652,52.3703],[1.6615,52.3709],[1.6584,52.3706],[1.6572,52.37],[1.6565,52.3687],[1.6547,52.3674],[1.6521,52.3658],[1.6477,52.3648],[1.6441,52.3649],[1.6416,52.3638],[1.6391,52.3644],[1.6376,52.3635],[1.6344,52.3624],[1.6311,52.3608],[1.6263,52.3592],[1.6241,52.3582],[1.6216,52.3559],[1.6205,52.3561],[1.6166,52.3594],[1.6125,52.3612],[1.6105,52.3614],[1.6067,52.3614],[1.6011,52.3623],[1.5982,52.3633],[1.5966,52.3632],[1.5939,52.3634],[1.592,52.3626],[1.5893,52.3622],[1.5877,52.3622],[1.5873,52.3606],[1.588,52.3592],[1.5885,52.3524],[1.5892,52.3505],[1.589,52.3478],[1.5884,52.3454],[1.5882,52.3432],[1.5881,52.3386],[1.5891,52.3362],[1.5935,52.3305],[1.5932,52.3305],[1.5885,52.3326],[1.5879,52.3327],[1.5828,52.3324],[1.5765,52.3324],[1.5727,52.333],[1.5703,52.3337],[1.5646,52.3351],[1.5601,52.3354],[1.5581,52.3345],[1.5571,52.3306],[1.5573,52.3294],[1.5562,52.328],[1.5559,52.3263]]],[[[1.0703,51.9557],[1.0694,51.9553],[1.0676,51.9529],[1.067,51.9496],[1.0659,51.949],[1.0651,51.9464],[1.0656,51.9459],[1.0696,51.946],[1.0737,51.9467],[1.0756,51.9466],[1.0777,51.9458],[1.0775,51.9467],[1.0785,51.9467],[1.0796,51.9453],[1.0808,51.9446],[1.0838,51.9445],[1.0869,51.9453],[1.0871,51.9441],[1.0889,51.9442],[1.0948,51.9437],[1.0962,51.9434],[1.0954,51.941],[1.0952,51.9388],[1.0959,51.9387],[1.0958,51.9373],[1.095,51.9367],[1.0976,51.9365],[1.1042,51.9343],[1.1063,51.9334],[1.1111,51.9334],[1.1133,51.9335],[1.1133,51.934],[1.1153,51.9339],[1.1155,51.9351],[1.1201,51.9352],[1.1211,51.9355],[1.1233,51.9344],[1.1256,51.9341],[1.1284,51.9334],[1.1299,51.9327],[1.1313,51.9327],[1.133,51.9316],[1.1349,51.9308],[1.1368,51.9308],[1.1387,51.93],[1.1397,51.9299],[1.1429,51.9303],[1.1464,51.9299],[1.1512,51.9307],[1.1536,51.9314],[1.157,51.932],[1.161,51.9315],[1.1613,51.933],[1.1608,51.9334],[1.1613,51.9349],[1.1614,51.9362],[1.1623,51.9366],[1.163,51.9376],[1.1648,51.9388],[1.1663,51.9393],[1.1717,51.9397],[1.1762,51.9397],[1.1768,51.9391],[1.1756,51.9372],[1.1766,51.9368],[1.1796,51.9363],[1.1792,51.9355],[1.1779,51.9347],[1.1754,51.934],[1.1749,51.9334],[1.1799,51.9324],[1.1819,51.9333],[1.1832,51.9335],[1.1861,51.9345],[1.1874,51.9348],[1.1918,51.9343],[1.1915,51.9352],[1.192,51.9379],[1.1919,51.9393],[1.1972,51.9395],[1.1988,51.9385],[1.1989,51.9377],[1.2018,51.9377],[1.2024,51.9382],[1.2044,51.9375],[1.2052,51.9384],[1.2075,51.9395],[1.2099,51.9391],[1.2137,51.9395],[1.2137,51.9397],[1.2198,51.9391],[1.2219,51.939],[1.2269,51.9391],[1.2295,51.9393],[1.2294,51.9398],[1.2318,51.9401],[1.2328,51.9406],[1.2349,51.9432],[1.2359,51.9442],[1.2381,51.9458],[1.2401,51.9463],[1.2409,51.9476],[1.2388,51.9471],[1.2356,51.9467],[1.2306,51.9465],[1.2262,51.9462],[1.2204,51.9462],[1.2199,51.9523],[1.2229,51.9525],[1.2233,51.9528],[1.2281,51.9535],[1.2328,51.9546],[1.2367,51.9553],[1.2398,51.9557],[1.247,51.9556],[1.2506,51.9553],[1.261,51.9541],[1.2645,51.9538],[1.2672,51.9539],[1.2677,51.9553],[1.2646,51.9564],[1.2652,51.957],[1.2588,51.9593],[1.2597,51.9601],[1.26,51.9614],[1.2619,51.9613],[1.2645,51.9617],[1.2651,51.9624],[1.2644,51.9638],[1.2623,51.9635],[1.2546,51.9639],[1.2518,51.9648],[1.2476,51.9656],[1.2474,51.9679],[1.2465,51.9691],[1.2427,51.9687],[1.242,51.9691],[1.2396,51.9695],[1.237,51.9708],[1.2348,51.9707],[1.2343,51.9693],[1.2337,51.9688],[1.2334,51.9667],[1.2322,51.9664],[1.2275,51.9666],[1.2241,51.9653],[1.221,51.9645],[1.2189,51.9644],[1.217,51.9647],[1.2156,51.9639],[1.2125,51.9646],[1.2111,51.9654],[1.2071,51.9647],[1.2057,51.9646],[1.2017,51.9634],[1.1986,51.9634],[1.1967,51.9619],[1.1942,51.9629],[1.1933,51.9636],[1.1876,51.964],[1.1842,51.9675],[1.1831,51.9683],[1.1802,51.9684],[1.1776,51.97],[1.1762,51.9699],[1.1713,51.9706],[1.1683,51.9714],[1.1679,51.9722],[1.1688,51.9733],[1.1672,51.9758],[1.167,51.9786],[1.1689,51.9791],[1.1715,51.9801],[1.1747,51.9808],[1.1743,51.9815],[1.1759,51.9826],[1.1759,51.9839],[1.1755,51.9859],[1.174,51.987],[1.1732,51.9885],[1.1697,51.988],[1.1691,51.9884],[1.1671,51.9877],[1.1676,51.9864],[1.1655,51.9864],[1.1617,51.9818],[1.1599,51.9823],[1.1585,51.9824],[1.1583,51.9811],[1.1562,51.9809],[1.1545,51.9814],[1.153,51.9814],[1.1517,51.9807],[1.1533,51.9799],[1.1528,51.9789],[1.1508,51.9783],[1.1505,51.9779],[1.1488,51.9774],[1.1469,51.9772],[1.1453,51.9774],[1.1446,51.9765],[1.1441,51.9746],[1.1428,51.971],[1.1382,51.9706],[1.1322,51.9704],[1.1291,51.9704],[1.128,51.9707],[1.1229,51.9708],[1.1196,51.97],[1.1176,51.9693],[1.1153,51.9691],[1.1138,51.9707],[1.1128,51.9713],[1.1118,51.9714],[1.1109,51.9729],[1.114,51.9731],[1.1132,51.9741],[1.1133,51.9752],[1.1149,51.976],[1.1129,51.9785],[1.1121,51.9807],[1.1107,51.9819],[1.1073,51.9816],[1.1014,51.9822],[1.0982,51.9821],[1.0963,51.9826],[1.0955,51.9811],[1.0947,51.9803],[1.093,51.9805],[1.0921,51.9792],[1.0909,51.9793],[1.0918,51.9815],[1.0906,51.9813],[1.0886,51.9815],[1.0864,51.9814],[1.0834,51.981],[1.0826,51.9816],[1.0802,51.9812],[1.0801,51.9804],[1.0783,51.9807],[1.0765,51.9804],[1.0756,51.9805],[1.0751,51.9814],[1.0741,51.9811],[1.0724,51.9814],[1.0728,51.9823],[1.0717,51.9828],[1.0701,51.9828],[1.0691,51.986],[1.0658,51.9864],[1.0625,51.9858],[1.0618,51.9852],[1.0613,51.9839],[1.0592,51.9842],[1.0596,51.9856],[1.0582,51.9857],[1.0586,51.9879],[1.0599,51.9876],[1.0617,51.9876],[1.0649,51.9911],[1.0639,51.9922],[1.0626,51.9921],[1.0594,51.991],[1.0592,51.9906],[1.0567,51.99],[1.0547,51.9886],[1.0539,51.989],[1.0518,51.9919],[1.0515,51.991],[1.05,51.9906],[1.0473,51.9889],[1.0454,51.9886],[1.0415,51.9894],[1.0408,51.9902],[1.0381,51.9896],[1.0362,51.9894],[1.0353,51.9903],[1.0344,51.9902],[1.0333,51.9911],[1.0307,51.9902],[1.0329,51.9868],[1.0314,51.9865],[1.0306,51.9869],[1.0268,51.9856],[1.0258,51.9855],[1.0261,51.9847],[1.0274,51.9844],[1.0301,51.9827],[1.0307,51.9813],[1.0319,51.9806],[1.0349,51.9811],[1.0349,51.9781],[1.0364,51.9779],[1.0388,51.9787],[1.0411,51.9767],[1.0447,51.9778],[1.0437,51.979],[1.0457,51.9796],[1.0465,51.9782],[1.048,51.9786],[1.0487,51.9778],[1.0508,51.979],[1.0525,51.9783],[1.0537,51.9782],[1.0535,51.9769],[1.0562,51.9772],[1.0572,51.9769],[1.0572,51.9759],[1.058,51.9737],[1.0607,51.9728],[1.0643,51.9726],[1.065,51.9739],[1.0688,51.974],[1.0686,51.9735],[1.0717,51.9729],[1.0719,51.9712],[1.073,51.9712],[1.0729,51.97],[1.075,51.9699],[1.0749,51.9695],[1.0774,51.9696],[1.0772,51.9683],[1.0758,51.9675],[1.073,51.9664],[1.0721,51.9664],[1.0708,51.9674],[1.0683,51.9675],[1.067,51.9679],[1.0651,51.9675],[1.0645,51.9669],[1.0676,51.9659],[1.0688,51.9663],[1.0699,51.965],[1.0697,51.9645],[1.0677,51.964],[1.0705,51.9607],[1.0688,51.9607],[1.0694,51.9581],[1.071,51.9579],[1.0725,51.9584],[1.0737,51.9573],[1.0703,51.9557]]],[[[1.1548,52.0099],[1.1552,52.0079],[1.1562,52.0067],[1.1598,52.0076],[1.1654,52.0064],[1.1663,52.0058],[1.169,52.0049],[1.1717,52.0044],[1.1762,52.003],[1.178,52.0027],[1.1829,52.0024],[1.1845,52.0018],[1.1857,52.0002],[1.1872,51.9986],[1.1883,51.9968],[1.1916,51.9946],[1.1966,51.9918],[1.1986,51.9913],[1.2019,51.9902],[1.2055,51.9895],[1.2083,51.9892],[1.2114,51.9894],[1.2158,51.9892],[1.219,51.9893],[1.2223,51.9888],[1.2256,51.9869],[1.2282,51.9857],[1.2293,51.9845],[1.2327,51.9827],[1.2337,51.9821],[1.2349,51.9796],[1.2371,51.9774],[1.2403,51.9781],[1.2422,51.9784],[1.2442,51.9781],[1.2463,51.9785],[1.248,51.9781],[1.2529,51.9777],[1.2553,51.9773],[1.255,51.9758],[1.2551,51.9743],[1.2574,51.9698],[1.2583,51.9696],[1.2595,51.9685],[1.2617,51.9683],[1.2639,51.9679],[1.2648,51.9673],[1.2654,51.9639],[1.2672,51.9613],[1.273,51.9607],[1.2765,51.961],[1.2802,51.9616],[1.2819,51.9605],[1.2823,51.9599],[1.2821,51.9584],[1.2835,51.9582],[1.294,51.961],[1.2988,51.9633],[1.2997,51.9646],[1.303,51.9664],[1.307,51.9676],[1.3106,51.97],[1.315,51.9733],[1.3158,51.9744],[1.3185,51.9771],[1.3106,51.9814],[1.3065,51.9823],[1.3049,51.983],[1.304,51.9828],[1.3002,51.9836],[1.297,51.9851],[1.293,51.9904],[1.2932,51.9917],[1.2905,51.9951],[1.2891,51.9961],[1.2908,51.9979],[1.2886,51.9989],[1.2852,51.9995],[1.2759,52.0005],[1.2759,52.003],[1.2682,52.0033],[1.2673,52.004],[1.269,52.0063],[1.2669,52.0069],[1.2637,52.0076],[1.2622,52.0078],[1.2603,52.0086],[1.2589,52.0086],[1.2559,52.0093],[1.2536,52.0091],[1.2537,52.0106],[1.2509,52.0128],[1.251,52.0138],[1.2484,52.0151],[1.2477,52.0158],[1.2483,52.017],[1.249,52.0195],[1.2499,52.0208],[1.2441,52.0221],[1.2423,52.023],[1.2343,52.0262],[1.23,52.0275],[1.227,52.0237],[1.2269,52.0229],[1.2254,52.0211],[1.2241,52.0198],[1.2264,52.0189],[1.2229,52.0163],[1.2217,52.017],[1.2183,52.0183],[1.2165,52.0203],[1.2151,52.0213],[1.2103,52.0236],[1.207,52.0257],[1.2048,52.0274],[1.2028,52.024],[1.2017,52.0243],[1.1984,52.0246],[1.1953,52.0245],[1.1941,52.0238],[1.1914,52.0231],[1.1901,52.0231],[1.1866,52.022],[1.1848,52.0243],[1.1832,52.0245],[1.1829,52.0228],[1.1813,52.0227],[1.1788,52.0216],[1.1754,52.023],[1.1718,52.022],[1.1695,52.0202],[1.1694,52.0189],[1.1679,52.0182],[1.167,52.0183],[1.1668,52.0191],[1.1652,52.0202],[1.1645,52.0212],[1.1635,52.0235],[1.1613,52.0252],[1.162,52.0264],[1.1616,52.0271],[1.1588,52.0276],[1.1568,52.029],[1.1551,52.0308],[1.1546,52.0317],[1.1529,52.0335],[1.1515,52.0333],[1.1504,52.0336],[1.1484,52.0302],[1.1469,52.0292],[1.1459,52.0281],[1.1424,52.0267],[1.1424,52.0248],[1.143,52.0223],[1.1413,52.0209],[1.1406,52.0201],[1.1407,52.0194],[1.1401,52.0181],[1.1427,52.0173],[1.1442,52.0171],[1.1463,52.0176],[1.1486,52.0173],[1.1492,52.0149],[1.1485,52.0147],[1.1473,52.0131],[1.1399,52.0111],[1.137,52.011],[1.1365,52.0103],[1.1348,52.011],[1.1348,52.0103],[1.1358,52.008],[1.1304,52.0074],[1.1211,52.0078],[1.1206,52.0051],[1.1199,52.0039],[1.1227,52.0028],[1.122,52.0016],[1.1245,52.0012],[1.125,52.0014],[1.1269,52.0012],[1.1271,52.0019],[1.129,52.0014],[1.134,51.9997],[1.1339,51.9992],[1.1355,51.9957],[1.1361,51.9954],[1.1396,51.9961],[1.1405,51.9979],[1.1396,51.9994],[1.142,52.0002],[1.1425,52.0012],[1.1457,52.0025],[1.1442,52.0036],[1.1455,52.0042],[1.1448,52.0051],[1.1452,52.0069],[1.1441,52.0075],[1.1437,52.0085],[1.1429,52.0094],[1.1455,52.0101],[1.1479,52.0097],[1.149,52.0089],[1.15,52.0094],[1.1512,52.0086],[1.152,52.0086],[1.1548,52.0099]]]]},"properties":{"name":"Suffolk Coast & Heaths","kind":"national_landscape"},"id":33},
{"type":"Feature","geometry":{"type":"MultiPolygon","coordinates":[[[[-4.546,50.9284],[-4.5498,50.929],[-4.552,50.9272],[-4.5535,50.9266],[-4.5578,50.9263],[-4.5561,50.9258],[-4.5534,50.9243],[-4.5567,50.923],[-4.5588,50.9213],[-4.5586,50.9209],[-4.5595,50.9199],[-4.5585,50.9197],[-4.558,50.9191],[-4.5617,50.9174],[-4.5632,50.9171],[-4.5656,50.917],[-4.564,50.916],[-4.5651,50.9153],[-4.5648,50.9146],[-4.5635,50.9139],[-4.5638,50.9133],[-4.5668,50.9126],[-4.5665,50.9113],[-4.5674,50.9109],[-4.5664,50.9097],[-4.5653,50.9095],[-4.5649,50.9086],[-4.5668,50.9081],[-4.5678,50.9071],[-4.5667,50.907],[-4.5668,50.9062],[-4.5684,50.906],[-4.5685,50.9051],[-4.5699,50.9054],[-4.5716,50.9037],[-4.5703,50.9037],[-4.5684,50.9029],[-4.5667,50.9016],[-4.5671,50.9012],[-4.5666,50.9],[-4.5673,50.8987],[-4.5656,50.8973],[-4.5661,50.8958],[-4.5654,50.8954],[-4.567,50.8947],[-4.567,50.8943],[-4.5638,50.8925],[-4.5636,50.8891],[-4.5652,50.8878],[-4.5684,50.8867],[-4.5684,50.8859],[-4.5699,50.8855],[-4.5673,50.8848],[-4.565,50.8829],[-4.5644,50.8828],[-4.564,50.8817],[-4.5633,50.8813],[-4.5622,50.8796],[-4.5618,50.8783],[-4.5626,50.8765],[-4.5621,50.8756],[-4.5609,50.8753],[-4.5605,50.8744],[-4.5611,50.8725],[-4.562,50.8723],[-4.5612,50.8712],[-4.5615,50.8704],[-4.5593,50.8656],[-4.5595,50.8645],[-4.5594,50.8613],[-4.5599,50.8606],[-4.5595,50.8588],[-4.5592,50.8527],[-4.559,50.8517],[-4.5587,50.8486],[-4.5542,50.8487],[-4.5518,50.8493],[-4.5475,50.85],[-4.5468,50.8512],[-4.546,50.8518],[-4.5422,50.8528],[-4.5364,50.8549],[-4.5335,50.8558],[-4.5266,50.8551],[-4.5246,50.8543],[-4.5228,50.854],[-4.5207,50.8543],[-4.5226,50.8565],[-4.5221,50.8589],[-4.5224,50.861],[-4.5228,50.862],[-4.523,50.8643],[-4.5238,50.8662],[-4.5235,50.8685],[-4.5221,50.8693],[-4.5218,50.8705],[-4.5196,50.8722],[-4.518,50.8743],[-4.5155,50.8753],[-4.5127,50.8757],[-4.5107,50.8757],[-4.5067,50.8777],[-4.5066,50.8782],[-4.5075,50.8789],[-4.509,50.8793],[-4.5103,50.8799],[-4.512,50.8804],[-4.5137,50.8821],[-4.5138,50.883],[-4.515,50.8839],[-4.5164,50.8838],[-4.5168,50.8868],[-4.5159,50.8887],[-4.5162,50.8909],[-4.5158,50.8925],[-4.5182,50.8932],[-4.5182,50.8939],[-4.517,50.8964],[-4.5181,50.8996],[-4.52,50.9013],[-4.5207,50.903],[-4.5196,50.904],[-4.5192,50.9047],[-4.5198,50.9057],[-4.5196,50.9066],[-4.5185,50.9073],[-4.5188,50.9103],[-4.5185,50.915],[-4.5189,50.9164],[-4.519,50.9176],[-4.5198,50.9199],[-4.5197,50.9209],[-4.5201,50.9223],[-4.5185,50.9242],[-4.5192,50.9256],[-4.5176,50.9269],[-4.5198,50.9273],[-4.5217,50.9271],[-4.5244,50.9274],[-4.5255,50.9272],[-4.5281,50.9273],[-4.53,50.9267],[-4.5319,50.9267],[-4.5331,50.9271],[-4.5338,50.9268],[-4.5361,50.9273],[-4.538,50.9282],[-4.5386,50.9281],[-4.5416,50.9289],[-4.5429,50.9285],[-4.5442,50.929],[-4.5446,50.9285],[-4.546,50.9284]]],[[[-5.2334,49.9731],[-5.2338,49.9724],[-5.2314,49.9727],[-5.2315,49.9731],[-5.2334,49.9731]]],[[[-5.2665,50.0117],[-5.2656,50.0113],[-5.265,50.0119],[-5.2658,50.0123],[-5.2663,50.0133],[-5.2677,50.0133],[-5.2665,50.0117]]],[[[-5.5333,50.0823],[-5.5323,50.0805],[-5.5316,50.0811],[-5.5319,50.0823],[-5.5333,50.0823]]],[[[-5.7058,50.0801],[-5.7039,50.0801],[-5.7042,50.0808],[-5.7058,50.0801]]],[[[-5.7085,50.0812],[-5.7084,50.0804],[-5.7069,50.0808],[-5.7074,50.0814],[-5.7085,50.0812]]],[[[-5.4788,50.1188],[-5.4802,50.117],[-5.4797,50.1159],[-5.478,50.1156],[-5.4766,50.116],[-5.4758,50.1167],[-5.4756,50.118],[-5.4769,50.1189],[-5.4773,50.1196],[-5.4784,50.1197],[-5.4788,50.1188]]],[[[-5.7212,50.1198],[-5.7212,50.1207],[-5.7219,50.1215],[-5.723,50.1214],[-5.7224,50.1194],[-5.7212,50.1198]]],[[[-5.2794,50.0432],[-5.2799,50.0427],[-5.2815,50.0425],[-5.2812,50.0413],[-5.2794,50.0411],[-5.2782,50.0415],[-5.2768,50.0408],[-5.2755,50.0412],[-5.2737,50.0401],[-5.2723,50.0395],[-5.2725,50.039],[-5.2707,50.0377],[-5.2694,50.0377],[-5.268,50.0372],[-5.2676,50.0353],[-5.2662,50.0341],[-5.2646,50.034],[-5.2632,50.0333],[-5.2635,50.0325],[-5.2653,50.0323],[-5.2663,50.031],[-5.2657,50.0303],[-5.2664,50.0295],[-5.2651,50.029],[-5.2636,50.0276],[-5.2637,50.0266],[-5.2625,50.0263],[-5.2612,50.0255],[-5.2612,50.0249],[-5.2593,50.0244],[-5.2596,50.0239],[-5.2583,50.0234],[-5.2575,50.0214],[-5.2589,50.0196],[-5.2589,50.0185],[-5.2604,50.0168],[-5.26,50.016],[-5.2587,50.0142],[-5.2599,50.0132],[-5.2626,50.0121],[-5.2619,50.0113],[-5.2634,50.0095],[-5.2644,50.0086],[-5.2647,50.0074],[-5.2665,50.0066],[-5.2683,50.0064],[-5.2687,50.006],[-5.2686,50.0046],[-5.2679,50.0027],[-5.2671,50.0029],[-5.2661,49.9998],[-5.2654,49.9989],[-5.2641,49.9979],[-5.2627,49.9976],[-5.2603,49.9965],[-5.2581,49.9964],[-5.258,49.9968],[-5.2555,49.9971],[-5.2545,49.9948],[-5.2535,49.994],[-5.2521,49.9913],[-5.2538,49.9904],[-5.2548,49.9903],[-5.2554,49.9883],[-5.2539,49.9876],[-5.2535,49.9868],[-5.2523,49.9872],[-5.251,49.9868],[-5.2493,49.9857],[-5.248,49.9859],[-5.2468,49.9855],[-5.2454,49.9848],[-5.2457,49.9838],[-5.2471,49.9836],[-5.2474,49.9831],[-5.2464,49.9824],[-5.2479,49.9805],[-5.2488,49.9801],[-5.2493,49.9793],[-5.2472,49.9793],[-5.2469,49.9782],[-5.2457,49.9774],[-5.2471,49.9767],[-5.2454,49.9751],[-5.2444,49.9757],[-5.2433,49.9749],[-5.2417,49.9746],[-5.2417,49.9757],[-5.2394,49.9755],[-5.237,49.9756],[-5.2331,49.9749],[-5.2336,49.9737],[-5.2329,49.9733],[-5.2315,49.9733],[-5.2314,49.974],[-5.2298,49.9746],[-5.2286,49.9736],[-5.2274,49.9734],[-5.2267,49.9718],[-5.2254,49.9723],[-5.2234,49.9722],[-5.2221,49.9715],[-5.2199,49.9709],[-5.2191,49.97],[-5.2192,49.9694],[-5.2183,49.9681],[-5.2166,49.967],[-5.217,49.9662],[-5.2181,49.9656],[-5.216,49.9648],[-5.2165,49.9637],[-5.2166,49.9621],[-5.2159,49.9612],[-5.216,49.9594],[-5.2138,49.959],[-5.2131,49.9586],[-5.2112,49.9591],[-5.2098,49.9589],[-5.2084,49.9594],[-5.2078,49.9588],[-5.2078,49.9575],[-5.2059,49.9576],[-5.2052,49.959],[-5.2034,49.9591],[-5.2019,49.9585],[-5.2012,49.959],[-5.1987,49.9586],[-5.1994,49.9605],[-5.1989,49.9619],[-5.1963,49.9636],[-5.1947,49.9633],[-5.1926,49.9625],[-5.1918,49.9618],[-5.1904,49.9614],[-5.1881,49.9625],[-5.1877,49.9622],[-5.185,49.9632],[-5.1852,49.9639],[-5.1862,49.9653],[-5.1842,49.966],[-5.1843,49.9668],[-5.1834,49.9675],[-5.1843,49.9679],[-5.1841,49.9687],[-5.1852,49.9695],[-5.1863,49.9696],[-5.1876,49.9714],[-5.188,49.9738],[-5.1868,49.9743],[-5.1866,49.9749],[-5.1855,49.9759],[-5.1852,49.9777],[-5.1846,49.9785],[-5.1855,49.9792],[-5.1842,49.9806],[-5.1825,49.9804],[-5.1814,49.9813],[-5.1807,49.9814],[-5.1801,49.9828],[-5.1795,49.9834],[-5.1794,49.9864],[-5.1772,49.9867],[-5.1764,49.9875],[-5.1746,49.9877],[-5.1738,49.9886],[-5.1721,49.9889],[-5.1718,49.9906],[-5.1702,49.9912],[-5.1699,49.9925],[-5.1708,49.9945],[-5.1707,49.9974],[-5.171,49.9982],[-5.1694,49.9986],[-5.1683,50.0006],[-5.1668,50.0018],[-5.1665,50.0028],[-5.163,50.0041],[-5.1615,50.0051],[-5.159,50.0046],[-5.1573,50.0045],[-5.1568,50.0051],[-5.1576,50.0062],[-5.156,50.0068],[-5.1547,50.007],[-5.1519,50.0064],[-5.1474,50.0069],[-5.1462,50.0073],[-5.1448,50.0069],[-5.1423,50.0074],[-5.1407,50.007],[-5.1388,50.0074],[-5.1378,50.0078],[-5.1357,50.0069],[-5.1355,50.0062],[-5.1335,50.0052],[-5.1324,50.0051],[-5.1321,50.0058],[-5.1327,50.0068],[-5.1323,50.0075],[-5.1307,50.0081],[-5.1278,50.0082],[-5.1271,50.0077],[-5.1256,50.0074],[-5.1252,50.0079],[-5.1218,50.0088],[-5.1205,50.0081],[-5.1205,50.0074],[-5.1193,50.0064],[-5.1172,50.0065],[-5.1163,50.0062],[-5.1155,50.0065],[-5.1152,50.005],[-5.1129,50.0029],[-5.1097,50.0024],[-5.1084,50.0038],[-5.107,50.0045],[-5.1051,50.0048],[-5.1042,50.0044],[-5.1021,50.0042],[-5.1015,50.0038],[-5.1001,50.005],[-5.0995,50.006],[-5.0996,50.0072],[-5.0986,50.0075],[-5.0974,50.0084],[-5.0978,50.009],[-5.097,50.01],[-5.0971,50.0122],[-5.0967,50.0137],[-5.0949,50.0156],[-5.0939,50.0155],[-5.0918,50.0148],[-5.0902,50.0151],[-5.0907,50.0164],[-5.0921,50.0165],[-5.0944,50.0181],[-5.0953,50.0209],[-5.0944,50.0213],[-5.0934,50.0211],[-5.0922,50.0225],[-5.0928,50.023],[-5.0951,50.023],[-5.0963,50.0238],[-5.0964,50.0258],[-5.0949,50.0272],[-5.0914,50.0293],[-5.091,50.0299],[-5.0897,50.0308],[-5.0878,50.0313],[-5.0853,50.0319],[-5.0823,50.0315],[-5.0793,50.0319],[-5.0773,50.0334],[-5.0749,50.0337],[-5.0719,50.0333],[-5.0695,50.0337],[-5.069,50.0343],[-5.0677,50.0348],[-5.0668,50.0368],[-5.0683,50.0375],[-5.069,50.0403],[-5.0686,50.0409],[-5.067,50.0415],[-5.0669,50.0422],[-5.0655,50.0431],[-5.0653,50.0442],[-5.0662,50.0465],[-5.0653,50.0486],[-5.0636,50.0501],[-5.0615,50.0504],[-5.059,50.0509],[-5.059,50.0512],[-5.0575,50.0528],[-5.0596,50.0549],[-5.0626,50.055],[-5.0634,50.0554],[-5.0638,50.0565],[-5.0618,50.0577],[-5.0616,50.0591],[-5.0608,50.0604],[-5.0615,50.0607],[-5.062,50.062],[-5.0649,50.0628],[-5.066,50.0637],[-5.0661,50.0654],[-5.0659,50.0659],[-5.0673,50.0674],[-5.0692,50.068],[-5.0704,50.0678],[-5.0712,50.0682],[-5.0729,50.0679],[-5.0772,50.0683],[-5.0792,50.0693],[-5.0783,50.07],[-5.0788,50.0708],[-5.0783,50.0719],[-5.0786,50.0724],[-5.0781,50.0735],[-5.0788,50.0754],[-5.0779,50.077],[-5.0761,50.0774],[-5.0772,50.0784],[-5.0774,50.0793],[-5.0762,50.0802],[-5.0753,50.0814],[-5.0747,50.0817],[-5.0765,50.0836],[-5.0745,50.0863],[-5.0762,50.0866],[-5.0786,50.086],[-5.0799,50.0847],[-5.0798,50.0837],[-5.0821,50.0838],[-5.0836,50.0845],[-5.0856,50.0848],[-5.0851,50.0859],[-5.0852,50.0867],[-5.0877,50.0869],[-5.0885,50.0864],[-5.0935,50.0878],[-5.0924,50.0882],[-5.0923,50.0895],[-5.0934,50.0908],[-5.0988,50.0997],[-5.0982,50.0999],[-5.0957,50.102],[-5.0932,50.1026],[-5.0924,50.1025],[-5.0893,50.1036],[-5.0874,50.1042],[-5.0874,50.1052],[-5.0858,50.1069],[-5.0857,50.1079],[-5.0837,50.1088],[-5.0812,50.1092],[-5.0811,50.1108],[-5.0822,50.1108],[-5.0844,50.112],[-5.0857,50.1114],[-5.0865,50.1117],[-5.0869,50.1127],[-5.0887,50.113],[-5.0907,50.115],[-5.0904,50.117],[-5.0897,50.1174],[-5.0896,50.1182],[-5.0907,50.1191],[-5.0896,50.1198],[-5.0888,50.1198],[-5.0889,50.1213],[-5.0898,50.1219],[-5.0892,50.1243],[-5.0903,50.1248],[-5.0913,50.1249],[-5.0912,50.1264],[-5.0885,50.1265],[-5.0878,50.1273],[-5.086,50.1275],[-5.084,50.1284],[-5.082,50.1289],[-5.0811,50.1297],[-5.0812,50.1306],[-5.08,50.1312],[-5.0793,50.1321],[-5.0741,50.1339],[-5.0728,50.1342],[-5.0735,50.1354],[-5.0746,50.1356],[-5.0763,50.1376],[-5.0758,50.138],[-5.0763,50.1391],[-5.0798,50.139],[-5.083,50.1392],[-5.0859,50.1388],[-5.0884,50.139],[-5.0908,50.1398],[-5.0923,50.1397],[-5.0929,50.1413],[-5.094,50.1414],[-5.0944,50.1407],[-5.0957,50.1396],[-5.0973,50.1391],[-5.1005,50.1385],[-5.1015,50.1381],[-5.1049,50.1383],[-5.1056,50.1369],[-5.1063,50.1373],[-5.1083,50.1369],[-5.1104,50.1359],[-5.1108,50.1354],[-5.113,50.1359],[-5.114,50.1347],[-5.1147,50.1329],[-5.1159,50.132],[-5.1178,50.1312],[-5.1191,50.1316],[-5.121,50.1319],[-5.1247,50.1316],[-5.1264,50.1306],[-5.128,50.1268],[-5.1294,50.1254],[-5.1305,50.1254],[-5.132,50.1247],[-5.1335,50.1236],[-5.1354,50.1229],[-5.1359,50.1231],[-5.1391,50.1224],[-5.1421,50.1212],[-5.1435,50.121],[-5.1473,50.1209],[-5.1482,50.1214],[-5.1502,50.1209],[-5.1509,50.1202],[-5.1532,50.119],[-5.1558,50.1165],[-5.1571,50.1162],[-5.1577,50.1156],[-5.158,50.114],[-5.1623,50.113],[-5.1632,50.1129],[-5.166,50.1133],[-5.1666,50.1127],[-5.1685,50.1119],[-5.1708,50.1114],[-5.1714,50.1116],[-5.1732,50.111],[-5.1753,50.1108],[-5.1796,50.1101],[-5.1822,50.1095],[-5.1824,50.1079],[-5.1857,50.1077],[-5.1882,50.1081],[-5.1898,50.1087],[-5.1912,50.1088],[-5.1947,50.1081],[-5.1959,50.1075],[-5.1975,50.1041],[-5.2006,50.1025],[-5.203,50.1003],[-5.2045,50.0994],[-5.207,50.0981],[-5.209,50.0957],[-5.211,50.0943],[-5.2112,50.0934],[-5.2094,50.0929],[-5.2071,50.0926],[-5.2045,50.0905],[-5.2076,50.0903],[-5.2086,50.089],[-5.2105,50.0873],[-5.2115,50.0849],[-5.2099,50.0839],[-5.2098,50.0834],[-5.2107,50.0814],[-5.2129,50.0802],[-5.2146,50.0785],[-5.2149,50.0771],[-5.2156,50.0765],[-5.216,50.0749],[-5.2189,50.0751],[-5.2202,50.076],[-5.2224,50.0727],[-5.2237,50.072],[-5.2243,50.0711],[-5.2239,50.0699],[-5.2258,50.0689],[-5.2275,50.069],[-5.2324,50.07],[-5.234,50.0696],[-5.2353,50.0699],[-5.238,50.0699],[-5.2411,50.0708],[-5.2436,50.0695],[-5.2445,50.0717],[-5.2448,50.0734],[-5.2444,50.0741],[-5.2444,50.0751],[-5.249,50.0728],[-5.2489,50.0719],[-5.2522,50.0708],[-5.2556,50.0703],[-5.2578,50.0691],[-5.2589,50.0702],[-5.2588,50.0718],[-5.2592,50.0727],[-5.2605,50.073],[-5.2619,50.0725],[-5.2663,50.0724],[-5.2691,50.0729],[-5.2706,50.0727],[-5.2744,50.0738],[-5.2755,50.0739],[-5.2762,50.0759],[-5.2782,50.0773],[-5.2788,50.078],[-5.2816,50.0792],[-5.2825,50.0815],[-5.2843,50.0825],[-5.2856,50.0827],[-5.2845,50.0839],[-5.2821,50.0848],[-5.2812,50.0871],[-5.2801,50.0888],[-5.2813,50.089],[-5.2823,50.0896],[-5.2828,50.0906],[-5.2824,50.0918],[-5.2834,50.094],[-5.2833,50.095],[-5.2851,50.0959],[-5.2871,50.0958],[-5.289,50.0953],[-5.2911,50.0944],[-5.2934,50.0928],[-5.2947,50.0915],[-5.2973,50.0896],[-5.3006,50.0888],[-5.3019,50.0889],[-5.3026,50.0882],[-5.3017,50.0873],[-5.3022,50.0865],[-5.3077,50.0868],[-5.3096,50.0872],[-5.3124,50.087],[-5.3138,50.0864],[-5.3151,50.0863],[-5.3159,50.0853],[-5.3178,50.0853],[-5.318,50.0832],[-5.3194,50.0831],[-5.3212,50.0838],[-5.3215,50.0847],[-5.3229,50.0868],[-5.3253,50.0876],[-5.3279,50.0896],[-5.3324,50.0919],[-5.3329,50.0925],[-5.3343,50.0932],[-5.3377,50.0956],[-5.3416,50.0964],[-5.3437,50.0979],[-5.3462,50.099],[-5.348,50.1],[-5.3494,50.1004],[-5.3521,50.1017],[-5.3555,50.1035],[-5.3598,50.1052],[-5.3648,50.1076],[-5.366,50.1084],[-5.3667,50.1094],[-5.366,50.1106],[-5.3677,50.1109],[-5.3762,50.1117],[-5.3801,50.1126],[-5.3817,50.1128],[-5.3895,50.1128],[-5.3952,50.1131],[-5.3994,50.1126],[-5.4043,50.1129],[-5.4081,50.1134],[-5.4113,50.114],[-5.416,50.1153],[-5.4183,50.1158],[-5.4226,50.117],[-5.4256,50.1176],[-5.4315,50.1185],[-5.4361,50.1201],[-5.4444,50.1221],[-5.4518,50.1234],[-5.454,50.1236],[-5.4584,50.1237],[-5.4599,50.124],[-5.464,50.1251],[-5.4683,50.1247],[-5.4697,50.124],[-5.4711,50.1236],[-5.4742,50.1234],[-5.4774,50.1255],[-5.4787,50.1268],[-5.4802,50.1274],[-5.4798,50.126],[-5.4773,50.1243],[-5.4751,50.1233],[-5.4719,50.1229],[-5.471,50.1225],[-5.4702,50.1232],[-5.4682,50.1235],[-5.4646,50.1234],[-5.4626,50.123],[-5.4606,50.1221],[-5.4595,50.1199],[-5.4576,50.1191],[-5.4543,50.1183],[-5.4539,50.1179],[-5.4533,50.1149],[-5.4535,50.114],[-5.4514,50.1138],[-5.4505,50.1131],[-5.4503,50.1121],[-5.4488,50.1123],[-5.448,50.111],[-5.4474,50.111],[-5.4443,50.1128],[-5.4413,50.112],[-5.4403,50.1112],[-5.4367,50.1092],[-5.4348,50.1086],[-5.434,50.1079],[-5.4348,50.1069],[-5.4333,50.1058],[-5.4318,50.1054],[-5.4317,50.105],[-5.4296,50.1046],[-5.4282,50.1024],[-5.4287,50.1016],[-5.4275,50.101],[-5.4277,50.1001],[-5.4286,50.0994],[-5.4284,50.0983],[-5.4295,50.0976],[-5.4282,50.0973],[-5.4271,50.0983],[-5.4258,50.0988],[-5.4232,50.0983],[-5.4222,50.0992],[-5.4213,50.0987],[-5.4203,50.0987],[-5.4187,50.0993],[-5.4173,50.1006],[-5.4163,50.0995],[-5.4152,50.0995],[-5.4147,50.1004],[-5.4145,50.102],[-5.4135,50.1025],[-5.4109,50.1033],[-5.4076,50.1037],[-5.4049,50.1032],[-5.4033,50.1022],[-5.402,50.1018],[-5.4005,50.1009],[-5.3975,50.1],[-5.3944,50.1025],[-5.3928,50.1026],[-5.388,50.1017],[-5.3832,50.1002],[-5.3811,50.0992],[-5.378,50.0984],[-5.3775,50.0978],[-5.3755,50.0971],[-5.375,50.0964],[-5.3732,50.0953],[-5.3727,50.094],[-5.3729,50.0934],[-5.372,50.0929],[-5.3698,50.0934],[-5.367,50.093],[-5.3653,50.0918],[-5.3641,50.0904],[-5.364,50.0896],[-5.3623,50.0886],[-5.3608,50.0891],[-5.3589,50.0892],[-5.3579,50.089],[-5.357,50.09],[-5.3554,50.0902],[-5.3546,50.0899],[-5.3529,50.0904],[-5.3522,50.0909],[-5.3505,50.0908],[-5.3486,50.0919],[-5.3471,50.0915],[-5.3464,50.0921],[-5.3439,50.0913],[-5.3426,50.0914],[-5.3409,50.0909],[-5.3403,50.0911],[-5.3371,50.091],[-5.3333,50.0903],[-5.3326,50.09],[-5.3326,50.089],[-5.3305,50.0884],[-5.329,50.0877],[-5.3293,50.0869],[-5.3284,50.0865],[-5.3282,50.0853],[-5.3276,50.0848],[-5.3242,50.0836],[-5.3233,50.0832],[-5.3229,50.082],[-5.3213,50.0815],[-5.3167,50.0813],[-5.3135,50.0801],[-5.3102,50.0785],[-5.3043,50.0749],[-5.3004,50.0721],[-5.2971,50.0698],[-5.2893,50.0639],[-5.2874,50.0622],[-5.2846,50.06],[-5.2825,50.0582],[-5.2802,50.0556],[-5.2794,50.0543],[-5.2804,50.0532],[-5.2799,50.0525],[-5.2783,50.0516],[-5.2786,50.0509],[-5.2774,50.0502],[-5.2765,50.0491],[-5.279,50.047],[-5.2801,50.0456],[-5.2822,50.044],[-5.2815,50.0433],[-5.2794,50.0432]]],[[[-4.9063,50.1945],[-4.9057,50.1939],[-4.904,50.1959],[-4.9053,50.1961],[-4.9063,50.1955],[-4.9063,50.1945]]],[[[-5.5525,50.2133],[-5.5508,50.2135],[-5.5511,50.2143],[-5.5521,50.2144],[-5.5525,50.2133]]],[[[-5.577,50.0741],[-5.5776,50.073],[-5.579,50.0726],[-5.5789,50.0718],[-5.581,50.0708],[-5.5835,50.0698],[-5.5841,50.069],[-5.5839,50.0681],[-5.5851,50.0661],[-5.5882,50.0668],[-5.5888,50.0657],[-5.5902,50.0649],[-5.592,50.0644],[-5.594,50.0635],[-5.5982,50.0626],[-5.6,50.0626],[-5.6039,50.062],[-5.6062,50.0602],[-5.6076,50.0596],[-5.6087,50.0585],[-5.6105,50.0583],[-5.6125,50.0586],[-5.616,50.0588],[-5.6202,50.0582],[-5.6231,50.0575],[-5.6245,50.0581],[-5.6248,50.0587],[-5.627,50.0604],[-5.6287,50.0607],[-5.6307,50.0605],[-5.6342,50.0597],[-5.6364,50.0599],[-5.6354,50.0616],[-5.6363,50.0623],[-5.6348,50.0637],[-5.6343,50.0651],[-5.6359,50.0653],[-5.6395,50.0642],[-5.6405,50.065],[-5.6432,50.0649],[-5.6465,50.0637],[-5.6484,50.0638],[-5.65,50.0634],[-5.6515,50.0619],[-5.6519,50.0609],[-5.6532,50.0611],[-5.6544,50.0607],[-5.6537,50.0594],[-5.6539,50.0586],[-5.6551,50.0577],[-5.6594,50.0572],[-5.6621,50.0562],[-5.6667,50.056],[-5.6668,50.0575],[-5.6688,50.059],[-5.6737,50.0631],[-5.6756,50.0637],[-5.6763,50.0631],[-5.6786,50.0633],[-5.6811,50.063],[-5.684,50.063],[-5.687,50.0627],[-5.6871,50.0635],[-5.6886,50.064],[-5.6922,50.064],[-5.6935,50.0653],[-5.6955,50.0649],[-5.6963,50.0671],[-5.6952,50.0694],[-5.6954,50.0707],[-5.6941,50.0734],[-5.6928,50.0747],[-5.6911,50.0755],[-5.6867,50.0767],[-5.6854,50.0771],[-5.682,50.0801],[-5.6812,50.0809],[-5.6803,50.0826],[-5.6769,50.0836],[-5.6763,50.0852],[-5.6751,50.086],[-5.6732,50.0868],[-5.67,50.0875],[-5.667,50.0881],[-5.6636,50.0885],[-5.661,50.089],[-5.6593,50.0891],[-5.6576,50.0885],[-5.6567,50.0887],[-5.6547,50.0885],[-5.6529,50.0885],[-5.6513,50.089],[-5.6499,50.089],[-5.648,50.0897],[-5.6474,50.0908],[-5.6463,50.0913],[-5.6435,50.0915],[-5.6396,50.0933],[-5.6382,50.094],[-5.6371,50.0939],[-5.6353,50.0945],[-5.6318,50.097],[-5.6296,50.0979],[-5.6283,50.0975],[-5.6272,50.0979],[-5.625,50.0994],[-5.6207,50.1015],[-5.6193,50.1013],[-5.6175,50.1017],[-5.6157,50.1026],[-5.6131,50.1037],[-5.6095,50.1045],[-5.6063,50.1059],[-5.6075,50.1066],[-5.6083,50.1067],[-5.6093,50.1078],[-5.6105,50.1085],[-5.6107,50.11],[-5.6149,50.112],[-5.6172,50.1127],[-5.6182,50.1136],[-5.6164,50.1143],[-5.6131,50.1167],[-5.6117,50.1174],[-5.6132,50.1202],[-5.613,50.1229],[-5.6125,50.1235],[-5.6132,50.1277],[-5.6139,50.1291],[-5.6118,50.129],[-5.6094,50.1292],[-5.6058,50.1289],[-5.6028,50.1283],[-5.6,50.1284],[-5.5998,50.129],[-5.6013,50.1316],[-5.597,50.1355],[-5.5963,50.1366],[-5.5949,50.1363],[-5.5941,50.1356],[-5.593,50.1355],[-5.5912,50.1341],[-5.5906,50.1331],[-5.5872,50.1305],[-5.5855,50.1309],[-5.5828,50.1295],[-5.5786,50.1265],[-5.5776,50.129],[-5.5765,50.1298],[-5.5757,50.13],[-5.5764,50.1326],[-5.5762,50.1339],[-5.5742,50.1336],[-5.5727,50.1339],[-5.5705,50.134],[-5.5695,50.136],[-5.5677,50.135],[-5.5655,50.1342],[-5.5651,50.135],[-5.5662,50.1364],[-5.5663,50.1376],[-5.5669,50.1393],[-5.5689,50.1408],[-5.5693,50.1416],[-5.5678,50.1423],[-5.5655,50.1446],[-5.5639,50.1483],[-5.5609,50.1472],[-5.5593,50.1468],[-5.557,50.1453],[-5.5543,50.1453],[-5.5533,50.1443],[-5.5503,50.1424],[-5.5454,50.14],[-5.5432,50.1383],[-5.5414,50.1361],[-5.5407,50.1341],[-5.5387,50.1352],[-5.5373,50.1349],[-5.5358,50.1352],[-5.5344,50.1349],[-5.5337,50.1362],[-5.5321,50.1354],[-5.5307,50.1359],[-5.5301,50.1355],[-5.5272,50.1345],[-5.5263,50.1348],[-5.5256,50.1359],[-5.5255,50.1367],[-5.5231,50.1382],[-5.5204,50.1384],[-5.5205,50.1393],[-5.5199,50.1396],[-5.5191,50.1412],[-5.519,50.1423],[-5.5201,50.1441],[-5.5204,50.1451],[-5.5196,50.1476],[-5.5175,50.1517],[-5.5152,50.1539],[-5.5139,50.1548],[-5.5133,50.1556],[-5.5128,50.1572],[-5.5116,50.1588],[-5.5102,50.1594],[-5.5109,50.161],[-5.5093,50.1666],[-5.5082,50.1688],[-5.5083,50.1704],[-5.5079,50.171],[-5.5087,50.1734],[-5.5085,50.1741],[-5.5073,50.1747],[-5.5062,50.1748],[-5.5036,50.1756],[-5.5022,50.1763],[-5.5024,50.1773],[-5.5014,50.1772],[-5.4991,50.1777],[-5.4959,50.1765],[-5.4935,50.1767],[-5.4922,50.1757],[-5.4897,50.1755],[-5.4858,50.1734],[-5.4825,50.1724],[-5.4808,50.1711],[-5.4791,50.1708],[-5.4775,50.1714],[-5.4762,50.1711],[-5.4729,50.1712],[-5.4698,50.1716],[-5.4647,50.1724],[-5.4634,50.1725],[-5.4651,50.1741],[-5.4642,50.1746],[-5.4654,50.1761],[-5.4685,50.1788],[-5.4708,50.1796],[-5.4726,50.1795],[-5.4739,50.1799],[-5.4752,50.1812],[-5.4766,50.182],[-5.479,50.1823],[-5.4808,50.1837],[-5.4834,50.1845],[-5.4857,50.1849],[-5.4875,50.1854],[-5.489,50.1864],[-5.4909,50.1874],[-5.4921,50.1887],[-5.4944,50.1896],[-5.4953,50.1897],[-5.4992,50.1895],[-5.5028,50.1883],[-5.5068,50.1882],[-5.5094,50.1884],[-5.5101,50.19],[-5.5115,50.1905],[-5.5156,50.1922],[-5.515,50.1951],[-5.5144,50.1955],[-5.5121,50.1958],[-5.5098,50.1965],[-5.509,50.1971],[-5.5075,50.1989],[-5.506,50.1994],[-5.5056,50.2],[-5.5043,50.2002],[-5.5027,50.2015],[-5.5013,50.2035],[-5.5,50.2058],[-5.4879,50.2168],[-5.4889,50.217],[-5.4902,50.2167],[-5.4928,50.2172],[-5.4932,50.2178],[-5.4961,50.2202],[-5.4976,50.2199],[-5.4995,50.2198],[-5.5007,50.219],[-5.5009,50.2181],[-5.5022,50.2184],[-5.5038,50.2177],[-5.5058,50.2181],[-5.5079,50.2179],[-5.5082,50.2187],[-5.5096,50.2184],[-5.5107,50.2172],[-5.5104,50.2167],[-5.5125,50.216],[-5.515,50.2159],[-5.5158,50.2161],[-5.5168,50.2171],[-5.518,50.2169],[-5.5188,50.2175],[-5.5208,50.2172],[-5.5209,50.215],[-5.524,50.2149],[-5.525,50.2145],[-5.5261,50.2145],[-5.528,50.2141],[-5.5287,50.2145],[-5.53,50.2144],[-5.5307,50.2139],[-5.5323,50.2141],[-5.5345,50.2155],[-5.5367,50.2155],[-5.538,50.2163],[-5.5398,50.2151],[-5.542,50.2142],[-5.5424,50.2124],[-5.5435,50.2119],[-5.5456,50.2137],[-5.5464,50.2137],[-5.5496,50.2131],[-5.5504,50.2112],[-5.5512,50.2107],[-5.5509,50.2098],[-5.5522,50.2096],[-5.5541,50.2099],[-5.5552,50.2094],[-5.5558,50.2079],[-5.555,50.2073],[-5.555,50.2056],[-5.5553,50.2046],[-5.5567,50.2041],[-5.559,50.2043],[-5.5596,50.2046],[-5.5609,50.2035],[-5.562,50.2037],[-5.5637,50.203],[-5.5668,50.2035],[-5.5678,50.2032],[-5.5682,50.202],[-5.5667,50.2021],[-5.5659,50.2017],[-5.5657,50.2003],[-5.5671,50.1999],[-5.5689,50.2],[-5.5698,50.1991],[-5.5714,50.1988],[-5.5729,50.2003],[-5.5746,50.2012],[-5.5759,50.201],[-5.5765,50.2],[-5.5784,50.1993],[-5.5786,50.1974],[-5.5774,50.1962],[-5.5782,50.1953],[-5.5798,50.1956],[-5.5815,50.1947],[-5.5827,50.1952],[-5.5831,50.1958],[-5.5853,50.1952],[-5.586,50.1941],[-5.5859,50.1926],[-5.5853,50.1917],[-5.5861,50.1914],[-5.589,50.1922],[-5.5904,50.1922],[-5.5898,50.191],[-5.5909,50.1896],[-5.593,50.1897],[-5.5952,50.1894],[-5.5969,50.19],[-5.5977,50.1924],[-5.5992,50.1935],[-5.6005,50.1929],[-5.5998,50.1912],[-5.5989,50.191],[-5.6001,50.1898],[-5.6012,50.1899],[-5.6026,50.1887],[-5.6038,50.1883],[-5.6038,50.1868],[-5.6047,50.186],[-5.606,50.1859],[-5.6071,50.1868],[-5.6081,50.1862],[-5.6101,50.1857],[-5.6102,50.1849],[-5.6093,50.1844],[-5.6085,50.1826],[-5.6078,50.1818],[-5.609,50.1813],[-5.6104,50.1822],[-5.6128,50.1825],[-5.614,50.1819],[-5.615,50.1819],[-5.6158,50.1808],[-5.6159,50.1801],[-5.6166,50.1793],[-5.6176,50.1795],[-5.6188,50.1789],[-5.6185,50.1775],[-5.6206,50.1778],[-5.6219,50.1773],[-5.6211,50.1762],[-5.6214,50.1754],[-5.6207,50.1749],[-5.6226,50.1744],[-5.6224,50.1737],[-5.6247,50.1733],[-5.6258,50.1718],[-5.6253,50.1708],[-5.6261,50.1696],[-5.6277,50.1697],[-5.6295,50.1682],[-5.6326,50.1683],[-5.633,50.1681],[-5.6353,50.1686],[-5.6371,50.1679],[-5.6402,50.1678],[-5.6417,50.1683],[-5.6432,50.1682],[-5.6462,50.1689],[-5.6472,50.1682],[-5.6489,50.168],[-5.6521,50.1682],[-5.6532,50.1675],[-5.6551,50.1673],[-5.6563,50.1664],[-5.6568,50.1651],[-5.6586,50.1646],[-5.6607,50.1646],[-5.6624,50.1655],[-5.6635,50.1656],[-5.6657,50.1662],[-5.6672,50.166],[-5.6687,50.1663],[-5.6701,50.1662],[-5.6708,50.167],[-5.6732,50.1665],[-5.6736,50.1652],[-5.6727,50.1643],[-5.6725,50.1624],[-5.6744,50.1627],[-5.6758,50.162],[-5.6764,50.1604],[-5.6806,50.1597],[-5.6793,50.1584],[-5.6809,50.1571],[-5.6808,50.1564],[-5.6816,50.156],[-5.6831,50.1558],[-5.6839,50.1548],[-5.6851,50.1542],[-5.686,50.1531],[-5.6876,50.1529],[-5.6894,50.1522],[-5.6898,50.1515],[-5.6917,50.1503],[-5.6915,50.1494],[-5.6922,50.1488],[-5.6924,50.1477],[-5.694,50.1471],[-5.6944,50.1463],[-5.6944,50.1451],[-5.6941,50.1444],[-5.6944,50.1431],[-5.6933,50.1427],[-5.6929,50.1417],[-5.6941,50.1412],[-5.6939,50.1402],[-5.6939,50.1386],[-5.6948,50.1378],[-5.6965,50.1369],[-5.6979,50.1367],[-5.699,50.137],[-5.7013,50.1364],[-5.7015,50.1353],[-5.7025,50.1349],[-5.7032,50.1354],[-5.7049,50.1349],[-5.7042,50.1341],[-5.7042,50.133],[-5.7027,50.1321],[-5.7036,50.1315],[-5.7034,50.1307],[-5.7052,50.1287],[-5.7073,50.1291],[-5.708,50.1298],[-5.7096,50.1292],[-5.7089,50.1288],[-5.7105,50.1277],[-5.7107,50.1266],[-5.7086,50.1255],[-5.707,50.1253],[-5.7074,50.1247],[-5.7067,50.1233],[-5.7061,50.123],[-5.7058,50.1219],[-5.7037,50.1205],[-5.7027,50.1204],[-5.7013,50.1194],[-5.702,50.1184],[-5.7012,50.1168],[-5.7006,50.1151],[-5.7008,50.1142],[-5.7021,50.1131],[-5.7028,50.1131],[-5.7023,50.1117],[-5.6987,50.1111],[-5.6986,50.1097],[-5.6998,50.1083],[-5.6993,50.1064],[-5.7001,50.106],[-5.6986,50.1053],[-5.6976,50.1045],[-5.6974,50.1028],[-5.6989,50.1017],[-5.6989,50.1012],[-5.6976,50.1002],[-5.6982,50.0989],[-5.698,50.0985],[-5.6961,50.0972],[-5.6941,50.0943],[-5.6919,50.0937],[-5.691,50.0932],[-5.691,50.0913],[-5.6915,50.0901],[-5.6909,50.0887],[-5.6935,50.0848],[-5.6943,50.0843],[-5.6946,50.0829],[-5.6968,50.0814],[-5.6977,50.0811],[-5.6988,50.08],[-5.7007,50.0798],[-5.7019,50.0789],[-5.7036,50.0789],[-5.7049,50.0792],[-5.7067,50.0787],[-5.7092,50.0775],[-5.7097,50.0767],[-5.7093,50.0758],[-5.7096,50.0749],[-5.7087,50.0742],[-5.7104,50.0708],[-5.7112,50.0703],[-5.713,50.0698],[-5.7138,50.0691],[-5.7158,50.0692],[-5.7164,50.0684],[-5.7161,50.0671],[-5.7165,50.0664],[-5.7159,50.0651],[-5.7149,50.0645],[-5.7144,50.0637],[-5.7146,50.0628],[-5.7128,50.062],[-5.7127,50.0612],[-5.7114,50.0612],[-5.7103,50.0607],[-5.7099,50.0597],[-5.711,50.0586],[-5.7107,50.0579],[-5.7085,50.0578],[-5.706,50.0565],[-5.7062,50.0557],[-5.7057,50.0549],[-5.7042,50.0546],[-5.7016,50.0549],[-5.7,50.0557],[-5.6987,50.0551],[-5.6965,50.0549],[-5.6939,50.0542],[-5.6937,50.0537],[-5.6946,50.0528],[-5.6942,50.0518],[-5.6954,50.0504],[-5.6948,50.0497],[-5.6938,50.0501],[-5.6925,50.0499],[-5.6924,50.0494],[-5.6907,50.0495],[-5.6886,50.0485],[-5.6886,50.0468],[-5.6899,50.0455],[-5.6911,50.0452],[-5.6913,50.0446],[-5.6894,50.0432],[-5.6872,50.0427],[-5.6866,50.0406],[-5.6854,50.0401],[-5.6837,50.0401],[-5.6824,50.0391],[-5.6829,50.0385],[-5.6846,50.0378],[-5.6826,50.037],[-5.6803,50.0358],[-5.68,50.0351],[-5.6768,50.0347],[-5.6765,50.0353],[-5.6723,50.0347],[-5.6717,50.0369],[-5.6703,50.0361],[-5.6694,50.0369],[-5.6683,50.0373],[-5.6665,50.0374],[-5.6645,50.038],[-5.6618,50.0376],[-5.6593,50.0383],[-5.659,50.0388],[-5.6575,50.039],[-5.6537,50.0375],[-5.6528,50.0382],[-5.6528,50.0393],[-5.6505,50.0404],[-5.6502,50.0412],[-5.6508,50.0423],[-5.6494,50.043],[-5.6473,50.0436],[-5.6459,50.0432],[-5.645,50.0438],[-5.6435,50.0437],[-5.6416,50.0439],[-5.6388,50.0427],[-5.6378,50.0425],[-5.6374,50.0417],[-5.6377,50.0408],[-5.637,50.0405],[-5.6354,50.0408],[-5.6353,50.0416],[-5.6342,50.0424],[-5.634,50.0438],[-5.6328,50.0439],[-5.631,50.0429],[-5.629,50.0439],[-5.6277,50.0452],[-5.6291,50.0472],[-5.6261,50.0472],[-5.6246,50.0488],[-5.625,50.0492],[-5.6235,50.0498],[-5.6224,50.0493],[-5.6203,50.0497],[-5.6189,50.0511],[-5.6171,50.0499],[-5.6158,50.0487],[-5.6151,50.0494],[-5.6132,50.0494],[-5.6127,50.0489],[-5.6113,50.0492],[-5.6104,50.0487],[-5.6072,50.0482],[-5.6051,50.0488],[-5.6012,50.0511],[-5.6003,50.0519],[-5.5971,50.052],[-5.5962,50.0525],[-5.5941,50.0525],[-5.59,50.0508],[-5.5878,50.0511],[-5.5859,50.0517],[-5.5856,50.0522],[-5.5828,50.0528],[-5.5786,50.0522],[-5.5778,50.0517],[-5.5768,50.0518],[-5.5754,50.053],[-5.5742,50.0531],[-5.5728,50.054],[-5.5723,50.0546],[-5.5689,50.0552],[-5.5678,50.0562],[-5.5649,50.0575],[-5.5636,50.0582],[-5.5634,50.0596],[-5.5638,50.0601],[-5.5637,50.062],[-5.5628,50.0624],[-5.5605,50.062],[-5.5581,50.061],[-5.5567,50.0611],[-5.5554,50.06],[-5.5546,50.0598],[-5.5526,50.0607],[-5.5519,50.0615],[-5.5501,50.0622],[-5.5504,50.0636],[-5.5491,50.0642],[-5.5484,50.0649],[-5.5483,50.0666],[-5.5476,50.0669],[-5.5466,50.0682],[-5.5456,50.0684],[-5.5451,50.0692],[-5.5439,50.0694],[-5.542,50.0704],[-5.5424,50.071],[-5.5418,50.0719],[-5.5411,50.0738],[-5.5403,50.075],[-5.5391,50.076],[-5.5396,50.077],[-5.5392,50.078],[-5.5382,50.0785],[-5.5383,50.0791],[-5.5375,50.0801],[-5.5377,50.0813],[-5.5384,50.0818],[-5.5362,50.0838],[-5.5353,50.0845],[-5.5349,50.0854],[-5.5327,50.0885],[-5.5334,50.0889],[-5.5357,50.0913],[-5.5379,50.0899],[-5.5391,50.0904],[-5.5406,50.09],[-5.5421,50.089],[-5.5421,50.0884],[-5.5433,50.0883],[-5.5452,50.0892],[-5.5464,50.0894],[-5.5471,50.0878],[-5.5475,50.0863],[-5.5484,50.0858],[-5.5508,50.0836],[-5.5517,50.0822],[-5.5535,50.0825],[-5.5542,50.0829],[-5.5563,50.0832],[-5.558,50.0826],[-5.5604,50.0812],[-5.5615,50.0801],[-5.5645,50.0789],[-5.566,50.0785],[-5.5693,50.0789],[-5.5701,50.0789],[-5.5725,50.0778],[-5.575,50.0776],[-5.5774,50.0767],[-5.5777,50.076],[-5.577,50.0741]]],[[[-5.2893,50.259],[-5.2897,50.2596],[-5.2931,50.2604],[-5.2959,50.2608],[-5.2975,50.2607],[-5.2971,50.2618],[-5.2994,50.262],[-5.2998,50.2627],[-5.3038,50.2618],[-5.3033,50.261],[-5.3053,50.2598],[-5.3075,50.2589],[-5.3097,50.2575],[-5.3107,50.2573],[-5.3104,50.2555],[-5.312,50.2556],[-5.3136,50.2552],[-5.3132,50.2545],[-5.3141,50.2537],[-5.3138,50.253],[-5.3158,50.2527],[-5.3152,50.2518],[-5.3159,50.2509],[-5.3178,50.2499],[-5.3199,50.2496],[-5.3219,50.2498],[-5.3211,50.2485],[-5.3219,50.2479],[-5.3229,50.2478],[-5.3243,50.247],[-5.3255,50.2452],[-5.327,50.2445],[-5.3284,50.2441],[-5.3293,50.2434],[-5.3317,50.2426],[-5.3331,50.2426],[-5.3343,50.2429],[-5.3365,50.2407],[-5.3407,50.2399],[-5.3415,50.2389],[-5.3439,50.2387],[-5.3472,50.2391],[-5.3498,50.24],[-5.3508,50.2399],[-5.3534,50.2409],[-5.3554,50.2403],[-5.3565,50.2405],[-5.3579,50.2403],[-5.3587,50.2388],[-5.3597,50.2391],[-5.363,50.238],[-5.3639,50.2383],[-5.3653,50.2381],[-5.3668,50.2385],[-5.3668,50.2377],[-5.368,50.2373],[-5.3689,50.2365],[-5.3702,50.2372],[-5.3722,50.2372],[-5.3733,50.2375],[-5.3736,50.2387],[-5.3748,50.239],[-5.3749,50.2399],[-5.3764,50.2404],[-5.3763,50.2413],[-5.377,50.2421],[-5.3767,50.2427],[-5.3779,50.2437],[-5.378,50.2443],[-5.3798,50.244],[-5.3813,50.2432],[-5.3823,50.2431],[-5.3829,50.2418],[-5.3842,50.2411],[-5.3849,50.2403],[-5.3867,50.2409],[-5.3904,50.2406],[-5.3916,50.2413],[-5.3927,50.2409],[-5.3943,50.2411],[-5.396,50.2401],[-5.3956,50.2384],[-5.3971,50.2379],[-5.3956,50.2372],[-5.3943,50.2359],[-5.3946,50.2341],[-5.3946,50.2324],[-5.3951,50.2316],[-5.3916,50.2307],[-5.3889,50.2296],[-5.3844,50.2286],[-5.3832,50.2286],[-5.3808,50.2291],[-5.3775,50.229],[-5.3753,50.2283],[-5.3723,50.2265],[-5.3673,50.2247],[-5.364,50.2249],[-5.3621,50.2248],[-5.3565,50.2252],[-5.3531,50.2252],[-5.3508,50.2249],[-5.3486,50.2253],[-5.3445,50.2267],[-5.3422,50.2277],[-5.3386,50.2283],[-5.3304,50.2311],[-5.3292,50.2317],[-5.3258,50.2329],[-5.3252,50.2336],[-5.3234,50.2351],[-5.3218,50.2357],[-5.32,50.2368],[-5.3171,50.2357],[-5.313,50.2347],[-5.3123,50.2348],[-5.3102,50.2359],[-5.3103,50.2361],[-5.3081,50.2377],[-5.3071,50.2379],[-5.3045,50.2392],[-5.3046,50.2406],[-5.3065,50.2409],[-5.3081,50.2414],[-5.3086,50.2432],[-5.3081,50.2436],[-5.3063,50.2434],[-5.3036,50.2445],[-5.3012,50.2448],[-5.2996,50.2454],[-5.2987,50.2462],[-5.296,50.2465],[-5.2954,50.247],[-5.2915,50.2479],[-5.2895,50.2482],[-5.2859,50.2481],[-5.285,50.2483],[-5.2879,50.2508],[-5.2897,50.2532],[-5.2896,50.2547],[-5.2905,50.2563],[-5.2896,50.2573],[-5.2893,50.259]]],[[[-5.3025,50.2652],[-5.3026,50.2648],[-5.3008,50.2644],[-5.301,50.2652],[-5.3025,50.2652]]],[[[-4.7584,50.2988],[-4.7582,50.2995],[-4.7562,50.2995],[-4.7558,50.2989],[-4.7541,50.298],[-4.7525,50.2982],[-4.7525,50.2992],[-4.7544,50.3007],[-4.755,50.3024],[-4.7547,50.3037],[-4.7536,50.3049],[-4.7535,50.3059],[-4.7546,50.3066],[-4.7553,50.3077],[-4.7568,50.3074],[-4.7579,50.3076],[-4.7613,50.3088],[-4.7629,50.31],[-4.7633,50.3114],[-4.7646,50.3131],[-4.7644,50.3142],[-4.7636,50.3156],[-4.765,50.3162],[-4.7661,50.3159],[-4.7691,50.3143],[-4.7706,50.3163],[-4.7725,50.3157],[-4.7737,50.3182],[-4.7741,50.3198],[-4.774,50.3227],[-4.7765,50.3227],[-4.7789,50.323],[-4.7799,50.3209],[-4.7808,50.3207],[-4.7829,50.3212],[-4.7861,50.3215],[-4.7865,50.3212],[-4.7927,50.3199],[-4.7956,50.32],[-4.7973,50.3191],[-4.7983,50.3182],[-4.7982,50.3147],[-4.7991,50.3139],[-4.8003,50.3146],[-4.8,50.3126],[-4.8018,50.3105],[-4.8015,50.3082],[-4.8017,50.3068],[-4.8002,50.3017],[-4.7989,50.299],[-4.7978,50.2978],[-4.7957,50.2966],[-4.7967,50.2957],[-4.8003,50.2933],[-4.8022,50.2927],[-4.8031,50.2917],[-4.8032,50.2902],[-4.8039,50.2896],[-4.8055,50.289],[-4.8073,50.2895],[-4.8087,50.2895],[-4.8122,50.2892],[-4.8148,50.2891],[-4.8142,50.287],[-4.8132,50.2851],[-4.8124,50.2845],[-4.8126,50.2834],[-4.8106,50.2816],[-4.8092,50.2788],[-4.8082,50.2785],[-4.8058,50.2792],[-4.8043,50.2792],[-4.8047,50.2783],[-4.8058,50.2774],[-4.8065,50.2758],[-4.8065,50.2748],[-4.8077,50.2728],[-4.8081,50.2711],[-4.8076,50.2691],[-4.8082,50.267],[-4.81,50.2673],[-4.811,50.266],[-4.8109,50.2641],[-4.8114,50.2634],[-4.8116,50.262],[-4.811,50.2612],[-4.8146,50.2608],[-4.8163,50.2605],[-4.8165,50.2594],[-4.8182,50.2593],[-4.8206,50.2578],[-4.824,50.2567],[-4.8253,50.2556],[-4.8237,50.254],[-4.826,50.2526],[-4.8277,50.2534],[-4.8316,50.2534],[-4.8324,50.2529],[-4.8352,50.2529],[-4.8378,50.2522],[-4.8401,50.252],[-4.8416,50.2521],[-4.8423,50.2527],[-4.8438,50.2512],[-4.8459,50.2506],[-4.8468,50.2507],[-4.8486,50.2515],[-4.8512,50.2519],[-4.8519,50.2527],[-4.8534,50.2535],[-4.8546,50.2536],[-4.8567,50.2532],[-4.858,50.2534],[-4.8595,50.2529],[-4.8617,50.2541],[-4.8636,50.2537],[-4.8658,50.2522],[-4.8666,50.2519],[-4.8684,50.252],[-4.8689,50.2518],[-4.8693,50.2505],[-4.8724,50.2492],[-4.8728,50.2485],[-4.874,50.2475],[-4.8758,50.2468],[-4.8778,50.2457],[-4.88,50.2452],[-4.8823,50.245],[-4.884,50.2445],[-4.8862,50.2442],[-4.8878,50.2438],[-4.8899,50.2436],[-4.8945,50.2435],[-4.8965,50.2429],[-4.8988,50.2426],[-4.8996,50.242],[-4.9014,50.2421],[-4.9034,50.2414],[-4.9074,50.242],[-4.9087,50.2417],[-4.9107,50.2423],[-4.9141,50.2436],[-4.915,50.2452],[-4.9163,50.2466],[-4.9168,50.2475],[-4.9171,50.2498],[-4.9169,50.251],[-4.9171,50.2526],[-4.918,50.2529],[-4.9217,50.2532],[-4.925,50.255],[-4.9252,50.2573],[-4.9269,50.2593],[-4.9285,50.2592],[-4.9292,50.2597],[-4.9316,50.2612],[-4.9318,50.2616],[-4.9311,50.2634],[-4.9316,50.2639],[-4.9332,50.2636],[-4.9362,50.2633],[-4.9425,50.2644],[-4.946,50.2646],[-4.9471,50.2638],[-4.9492,50.2631],[-4.9501,50.2625],[-4.9502,50.2613],[-4.9516,50.2615],[-4.9557,50.2611],[-4.9571,50.2613],[-4.9596,50.2613],[-4.9613,50.2618],[-4.9634,50.2615],[-4.9688,50.2636],[-4.969,50.2642],[-4.9724,50.2653],[-4.9754,50.2654],[-4.9802,50.2672],[-4.9815,50.2673],[-4.9826,50.2665],[-4.9846,50.2658],[-4.9885,50.2651],[-4.9948,50.2643],[-4.9966,50.2646],[-5.0002,50.2645],[-5.0008,50.2641],[-5.0019,50.2655],[-4.9995,50.2674],[-4.9976,50.2694],[-4.9962,50.2702],[-4.9941,50.2709],[-4.9941,50.2714],[-4.9954,50.2718],[-5.0018,50.2744],[-5.003,50.2736],[-5.0045,50.2718],[-5.0087,50.271],[-5.01,50.2701],[-5.0113,50.2703],[-5.0122,50.2699],[-5.0139,50.2702],[-5.0151,50.2699],[-5.0182,50.2702],[-5.0197,50.2692],[-5.0225,50.2683],[-5.0283,50.2668],[-5.027,50.2654],[-5.0301,50.2645],[-5.0285,50.2639],[-5.0268,50.262],[-5.0254,50.2608],[-5.0239,50.2601],[-5.026,50.258],[-5.0263,50.2571],[-5.028,50.2547],[-5.0304,50.2554],[-5.0303,50.2544],[-5.0337,50.2505],[-5.0351,50.2493],[-5.0386,50.2496],[-5.0391,50.2487],[-5.038,50.2481],[-5.0387,50.2475],[-5.0408,50.2472],[-5.0427,50.2475],[-5.0438,50.2474],[-5.0461,50.2487],[-5.0477,50.2488],[-5.0478,50.248],[-5.049,50.2478],[-5.0501,50.2482],[-5.0508,50.2476],[-5.0542,50.2473],[-5.0559,50.2474],[-5.0563,50.247],[-5.0526,50.2454],[-5.0509,50.2454],[-5.05,50.2449],[-5.0501,50.2421],[-5.0503,50.2415],[-5.0494,50.24],[-5.0495,50.2395],[-5.0473,50.2386],[-5.0463,50.2379],[-5.0457,50.2361],[-5.0449,50.2355],[-5.0431,50.2347],[-5.0428,50.2335],[-5.0432,50.2299],[-5.043,50.229],[-5.0439,50.2277],[-5.0436,50.2271],[-5.0446,50.225],[-5.0461,50.2234],[-5.047,50.2231],[-5.0472,50.2222],[-5.0458,50.2216],[-5.0455,50.221],[-5.0454,50.2188],[-5.0458,50.2176],[-5.048,50.2174],[-5.0573,50.218],[-5.0597,50.2183],[-5.0596,50.2168],[-5.063,50.2162],[-5.066,50.2149],[-5.0658,50.2123],[-5.0665,50.2108],[-5.0674,50.2097],[-5.0677,50.2076],[-5.0681,50.2067],[-5.0701,50.2057],[-5.0714,50.2063],[-5.0716,50.2068],[-5.0748,50.2084],[-5.0761,50.208],[-5.0791,50.2081],[-5.0794,50.2066],[-5.0829,50.2062],[-5.0878,50.2072],[-5.0907,50.2071],[-5.0936,50.2073],[-5.0962,50.2079],[-5.0986,50.2082],[-5.0998,50.209],[-5.1013,50.2091],[-5.1045,50.2085],[-5.1059,50.2078],[-5.107,50.2077],[-5.1087,50.207],[-5.1096,50.2073],[-5.1113,50.2071],[-5.1142,50.2061],[-5.1177,50.204],[-5.1196,50.203],[-5.1228,50.2008],[-5.124,50.1998],[-5.124,50.1986],[-5.1233,50.1965],[-5.1215,50.1962],[-5.1183,50.196],[-5.1132,50.1949],[-5.1108,50.1923],[-5.1063,50.1906],[-5.1032,50.1887],[-5.1008,50.1876],[-5.0987,50.1867],[-5.0969,50.1873],[-5.089,50.1887],[-5.0856,50.1881],[-5.0852,50.187],[-5.0872,50.1854],[-5.0873,50.1848],[-5.0892,50.1822],[-5.09,50.1815],[-5.0954,50.1797],[-5.0981,50.1786],[-5.0989,50.1781],[-5.0972,50.1774],[-5.0974,50.1769],[-5.0968,50.1761],[-5.095,50.1754],[-5.0933,50.1736],[-5.0923,50.1713],[-5.0917,50.1708],[-5.0909,50.1667],[-5.0869,50.1659],[-5.0831,50.1657],[-5.0798,50.1658],[-5.0775,50.1653],[-5.0775,50.1667],[-5.0757,50.1668],[-5.0752,50.1655],[-5.0728,50.165],[-5.0711,50.1643],[-5.0697,50.1628],[-5.0693,50.1617],[-5.0673,50.1617],[-5.0666,50.1614],[-5.0644,50.1617],[-5.0628,50.1615],[-5.0593,50.1619],[-5.0577,50.1607],[-5.0564,50.1606],[-5.0545,50.1612],[-5.0211,50.1437],[-5.0165,50.1413],[-5.0166,50.1407],[-5.0153,50.1402],[-5.013,50.1409],[-5.011,50.1394],[-5.009,50.1392],[-5.0062,50.1408],[-5.0052,50.1416],[-5.0049,50.1425],[-5.0013,50.1437],[-5.0003,50.1447],[-4.9995,50.145],[-4.9985,50.1461],[-4.9969,50.1472],[-4.9968,50.1477],[-4.995,50.1481],[-4.994,50.1487],[-4.9896,50.15],[-4.988,50.1495],[-4.9842,50.1496],[-4.9831,50.1507],[-4.9816,50.1514],[-4.9811,50.152],[-4.982,50.1534],[-4.9832,50.1536],[-4.9834,50.1556],[-4.9827,50.1578],[-4.9798,50.159],[-4.9783,50.1593],[-4.9756,50.1612],[-4.9737,50.1633],[-4.9723,50.1637],[-4.9716,50.1643],[-4.9722,50.1668],[-4.9728,50.1678],[-4.972,50.1686],[-4.973,50.1694],[-4.9727,50.1699],[-4.9734,50.1706],[-4.9728,50.172],[-4.9721,50.1725],[-4.9721,50.1737],[-4.9726,50.1747],[-4.9725,50.1754],[-4.971,50.1771],[-4.9708,50.1791],[-4.9728,50.1801],[-4.9742,50.1802],[-4.9738,50.1813],[-4.974,50.1819],[-4.9734,50.1835],[-4.9727,50.1846],[-4.9716,50.1854],[-4.9706,50.1851],[-4.9676,50.1854],[-4.967,50.1859],[-4.9678,50.1864],[-4.9669,50.187],[-4.9677,50.1885],[-4.967,50.1892],[-4.968,50.1902],[-4.9678,50.1917],[-4.9659,50.1935],[-4.9652,50.1934],[-4.9642,50.1948],[-4.9614,50.1963],[-4.9618,50.197],[-4.9595,50.1986],[-4.9593,50.1999],[-4.9579,50.2006],[-4.9556,50.2022],[-4.9531,50.2028],[-4.9507,50.2039],[-4.9484,50.2047],[-4.9471,50.2047],[-4.9435,50.2054],[-4.9389,50.2058],[-4.9328,50.2059],[-4.9322,50.2053],[-4.9299,50.2046],[-4.9281,50.2035],[-4.9262,50.2028],[-4.9253,50.2017],[-4.9237,50.2018],[-4.9231,50.2007],[-4.9233,50.2001],[-4.9226,50.1992],[-4.9222,50.1977],[-4.9224,50.1964],[-4.9218,50.1954],[-4.9206,50.1956],[-4.918,50.1967],[-4.9159,50.1971],[-4.9127,50.1996],[-4.9108,50.2002],[-4.9108,50.201],[-4.9097,50.2025],[-4.9103,50.2049],[-4.9082,50.2058],[-4.9047,50.2049],[-4.9031,50.2062],[-4.9023,50.2075],[-4.9024,50.209],[-4.9031,50.209],[-4.9043,50.2096],[-4.9032,50.2109],[-4.903,50.2117],[-4.9006,50.2135],[-4.8991,50.2139],[-4.8968,50.2131],[-4.8955,50.213],[-4.8945,50.214],[-4.8933,50.2146],[-4.893,50.2162],[-4.8927,50.2169],[-4.8898,50.2184],[-4.8883,50.2185],[-4.8873,50.2198],[-4.8853,50.2206],[-4.8835,50.2224],[-4.8833,50.2233],[-4.8825,50.2237],[-4.8796,50.2232],[-4.8793,50.224],[-4.8764,50.2245],[-4.8759,50.2251],[-4.8754,50.2269],[-4.8746,50.2275],[-4.8735,50.2288],[-4.8731,50.2298],[-4.8734,50.2308],[-4.8723,50.2309],[-4.8712,50.2316],[-4.8702,50.2311],[-4.8684,50.2327],[-4.8661,50.2331],[-4.8649,50.2342],[-4.8614,50.2347],[-4.8596,50.2342],[-4.8583,50.2345],[-4.8578,50.2339],[-4.856,50.2347],[-4.8547,50.2346],[-4.8506,50.2345],[-4.8493,50.2344],[-4.8456,50.2345],[-4.8446,50.2344],[-4.8444,50.2353],[-4.8412,50.2348],[-4.8401,50.2342],[-4.8403,50.233],[-4.8396,50.2321],[-4.8369,50.2319],[-4.836,50.2325],[-4.8346,50.2328],[-4.8327,50.2329],[-4.8315,50.2324],[-4.8316,50.232],[-4.8306,50.2313],[-4.8302,50.2305],[-4.8279,50.2302],[-4.8259,50.2309],[-4.8244,50.2303],[-4.8229,50.2309],[-4.8203,50.231],[-4.8186,50.2307],[-4.8168,50.2299],[-4.8148,50.2296],[-4.8135,50.2291],[-4.8127,50.2277],[-4.813,50.227],[-4.8124,50.2264],[-4.813,50.2245],[-4.8119,50.2249],[-4.8108,50.2246],[-4.8106,50.2228],[-4.8092,50.2231],[-4.8085,50.2226],[-4.8075,50.2209],[-4.8061,50.221],[-4.805,50.22],[-4.8053,50.2186],[-4.8018,50.2186],[-4.7997,50.2192],[-4.7987,50.2191],[-4.7977,50.22],[-4.7969,50.2217],[-4.7976,50.2229],[-4.7979,50.2246],[-4.7974,50.2258],[-4.7983,50.226],[-4.7981,50.2269],[-4.7988,50.2278],[-4.7981,50.2297],[-4.7959,50.2312],[-4.7945,50.2318],[-4.794,50.2324],[-4.7913,50.2336],[-4.7886,50.2338],[-4.7873,50.2347],[-4.7864,50.2348],[-4.7845,50.2341],[-4.7834,50.2344],[-4.7822,50.2357],[-4.7826,50.2366],[-4.7806,50.2377],[-4.7833,50.2382],[-4.7842,50.2393],[-4.7859,50.2403],[-4.7872,50.2413],[-4.7869,50.2426],[-4.785,50.2439],[-4.7852,50.2449],[-4.783,50.2469],[-4.7812,50.2478],[-4.7805,50.2486],[-4.7785,50.2494],[-4.7772,50.2502],[-4.7756,50.2507],[-4.7732,50.2505],[-4.7717,50.251],[-4.7714,50.2518],[-4.77,50.2517],[-4.7683,50.2529],[-4.7685,50.2534],[-4.7672,50.2538],[-4.7692,50.2554],[-4.7656,50.256],[-4.7661,50.2569],[-4.7689,50.2573],[-4.7695,50.2571],[-4.7709,50.2583],[-4.7736,50.2584],[-4.7772,50.2591],[-4.7781,50.259],[-4.7805,50.2602],[-4.7809,50.2609],[-4.7819,50.261],[-4.7823,50.2616],[-4.7838,50.2617],[-4.7843,50.2627],[-4.7833,50.2629],[-4.784,50.2654],[-4.783,50.2658],[-4.7817,50.2669],[-4.782,50.268],[-4.7828,50.2686],[-4.7849,50.2687],[-4.7862,50.2691],[-4.7837,50.2703],[-4.7836,50.2724],[-4.7839,50.2733],[-4.7831,50.2752],[-4.7811,50.2756],[-4.7818,50.2766],[-4.7804,50.2774],[-4.7802,50.2783],[-4.7782,50.2787],[-4.7795,50.2801],[-4.7825,50.2818],[-4.782,50.2826],[-4.7826,50.2835],[-4.781,50.2859],[-4.7796,50.2873],[-4.7775,50.2886],[-4.7763,50.2913],[-4.7737,50.2923],[-4.7729,50.2933],[-4.7738,50.2941],[-4.7727,50.2945],[-4.7717,50.2954],[-4.7699,50.2958],[-4.769,50.2964],[-4.7669,50.2971],[-4.7663,50.2976],[-4.767,50.2987],[-4.7657,50.2988],[-4.7652,50.2996],[-4.7622,50.3002],[-4.7615,50.2994],[-4.7595,50.2984],[-4.7584,50.2988]]],[[[-4.2052,50.3455],[-4.2055,50.344],[-4.2067,50.3432],[-4.2071,50.3422],[-4.2088,50.3397],[-4.21,50.3386],[-4.2096,50.3381],[-4.2099,50.3364],[-4.2118,50.333],[-4.2116,50.3317],[-4.2106,50.3296],[-4.2117,50.3283],[-4.212,50.327],[-4.2131,50.3251],[-4.2143,50.3256],[-4.2147,50.3266],[-4.2157,50.3274],[-4.2173,50.3268],[-4.2179,50.3235],[-4.2186,50.3224],[-4.2209,50.3223],[-4.2225,50.3215],[-4.2263,50.3201],[-4.2278,50.319],[-4.2243,50.3168],[-4.2241,50.3158],[-4.2252,50.3148],[-4.2262,50.3147],[-4.2275,50.3137],[-4.2267,50.3134],[-4.2265,50.3127],[-4.2255,50.3123],[-4.2243,50.3111],[-4.223,50.3111],[-4.2207,50.3117],[-4.2197,50.3123],[-4.2202,50.3132],[-4.2204,50.3144],[-4.2192,50.3144],[-4.2184,50.315],[-4.2168,50.3152],[-4.2162,50.3159],[-4.215,50.3159],[-4.2143,50.3167],[-4.2131,50.3174],[-4.212,50.3174],[-4.2077,50.3185],[-4.2065,50.3179],[-4.2043,50.3181],[-4.2014,50.3181],[-4.2,50.3177],[-4.1965,50.3179],[-4.1959,50.3182],[-4.1943,50.3178],[-4.1922,50.3178],[-4.1912,50.3175],[-4.1882,50.3175],[-4.1883,50.3192],[-4.189,50.3197],[-4.1893,50.3209],[-4.1885,50.3222],[-4.1888,50.3231],[-4.192,50.3254],[-4.1963,50.327],[-4.1988,50.3283],[-4.2004,50.3298],[-4.2002,50.3305],[-4.2007,50.3313],[-4.2001,50.3318],[-4.2007,50.3327],[-4.1994,50.3341],[-4.1988,50.334],[-4.1958,50.3364],[-4.1936,50.3369],[-4.1921,50.3377],[-4.1916,50.3386],[-4.1906,50.3393],[-4.1889,50.3397],[-4.1873,50.3404],[-4.186,50.3404],[-4.1847,50.3409],[-4.1812,50.3408],[-4.1797,50.3417],[-4.1776,50.3425],[-4.1762,50.3426],[-4.1735,50.3431],[-4.1728,50.3426],[-4.1715,50.3427],[-4.1713,50.3434],[-4.1702,50.3434],[-4.1677,50.3448],[-4.1662,50.3462],[-4.1653,50.3481],[-4.1666,50.3502],[-4.1663,50.3513],[-4.1692,50.3537],[-4.1708,50.3541],[-4.171,50.3546],[-4.1725,50.3557],[-4.1723,50.3566],[-4.1711,50.3584],[-4.1727,50.3598],[-4.1747,50.3603],[-4.1766,50.3591],[-4.1786,50.3584],[-4.1809,50.3565],[-4.1839,50.3547],[-4.1839,50.3541],[-4.1831,50.3529],[-4.1851,50.3528],[-4.1896,50.3518],[-4.19,50.3513],[-4.1922,50.3511],[-4.1924,50.3506],[-4.1952,50.3498],[-4.1969,50.3498],[-4.1981,50.3492],[-4.2005,50.3487],[-4.2009,50.3483],[-4.2026,50.3477],[-4.2041,50.3469],[-4.205,50.3472],[-4.2059,50.347],[-4.2052,50.3455]]],[[[-5.1835,50.3333],[-5.1844,50.333],[-5.1855,50.3334],[-5.1875,50.3328],[-5.1882,50.3329],[-5.19,50.3317],[-5.1889,50.3312],[-5.1888,50.3302],[-5.1902,50.33],[-5.1907,50.3294],[-5.1899,50.3284],[-5.1917,50.3284],[-5.1922,50.3274],[-5.1932,50.3266],[-5.1939,50.3266],[-5.1968,50.326],[-5.196,50.3252],[-5.1978,50.3251],[-5.1975,50.3238],[-5.1982,50.3233],[-5.1993,50.3234],[-5.2009,50.3225],[-5.2009,50.3214],[-5.2029,50.3211],[-5.2049,50.3222],[-5.2063,50.3212],[-5.2071,50.3216],[-5.2087,50.321],[-5.2134,50.3214],[-5.2139,50.3212],[-5.2186,50.3214],[-5.2204,50.3224],[-5.2212,50.3225],[-5.2228,50.3216],[-5.2247,50.3212],[-5.2256,50.3203],[-5.2269,50.3199],[-5.2295,50.3195],[-5.2313,50.319],[-5.2331,50.3194],[-5.2357,50.3183],[-5.2343,50.3171],[-5.2344,50.3158],[-5.2353,50.3151],[-5.2343,50.3134],[-5.2346,50.3124],[-5.2338,50.312],[-5.2343,50.3096],[-5.234,50.308],[-5.2346,50.3063],[-5.2369,50.3018],[-5.2376,50.3009],[-5.2378,50.2997],[-5.2394,50.2982],[-5.2401,50.2971],[-5.2406,50.2953],[-5.2419,50.2942],[-5.2437,50.2921],[-5.2448,50.2912],[-5.2418,50.2883],[-5.2398,50.2871],[-5.2401,50.2888],[-5.2399,50.2897],[-5.2384,50.2911],[-5.2371,50.2929],[-5.2339,50.2941],[-5.2321,50.2943],[-5.2306,50.294],[-5.2261,50.2962],[-5.2282,50.297],[-5.2294,50.298],[-5.2279,50.2988],[-5.2186,50.3026],[-5.2146,50.3044],[-5.2125,50.3047],[-5.2123,50.3059],[-5.2126,50.3077],[-5.2131,50.309],[-5.2153,50.3111],[-5.216,50.3124],[-5.2167,50.3129],[-5.2172,50.3141],[-5.2144,50.3146],[-5.2123,50.3155],[-5.2111,50.3155],[-5.209,50.316],[-5.2074,50.3155],[-5.2071,50.3161],[-5.2055,50.3166],[-5.2043,50.3174],[-5.2042,50.3179],[-5.1951,50.3207],[-5.1922,50.3218],[-5.191,50.3217],[-5.1897,50.323],[-5.1871,50.3244],[-5.1852,50.3249],[-5.1857,50.3255],[-5.1834,50.3267],[-5.1835,50.3275],[-5.1807,50.329],[-5.1785,50.3309],[-5.1762,50.3333],[-5.1754,50.3343],[-5.1739,50.3372],[-5.1722,50.3377],[-5.1677,50.3379],[-5.1661,50.3392],[-5.165,50.3398],[-5.1667,50.3414],[-5.1683,50.3433],[-5.17,50.3418],[-5.173,50.3409],[-5.1743,50.3412],[-5.176,50.3408],[-5.1782,50.3409],[-5.1814,50.3404],[-5.1818,50.3393],[-5.1818,50.3382],[-5.1811,50.3376],[-5.181,50.3363],[-5.1814,50.3356],[-5.181,50.3344],[-5.1824,50.3343],[-5.1835,50.3333]]],[[[-4.6091,50.3429],[-4.6106,50.3431],[-4.6121,50.3441],[-4.6162,50.3452],[-4.6165,50.3456],[-4.6188,50.3454],[-4.6169,50.3468],[-4.6159,50.3478],[-4.6134,50.3501],[-4.6121,50.3509],[-4.6072,50.3525],[-4.606,50.3533],[-4.6059,50.3547],[-4.6065,50.3551],[-4.6063,50.3581],[-4.6068,50.3592],[-4.6063,50.3606],[-4.6093,50.3612],[-4.6115,50.361],[-4.6127,50.3613],[-4.6157,50.3633],[-4.6168,50.3643],[-4.6179,50.3662],[-4.6191,50.3684],[-4.6192,50.3699],[-4.6202,50.3746],[-4.619,50.3754],[-4.6189,50.3776],[-4.6176,50.3794],[-4.618,50.3817],[-4.6177,50.3836],[-4.6182,50.3838],[-4.6166,50.3848],[-4.6174,50.3853],[-4.6199,50.3861],[-4.6222,50.3873],[-4.6248,50.3884],[-4.6268,50.39],[-4.6274,50.3918],[-4.629,50.394],[-4.6311,50.3949],[-4.6325,50.3952],[-4.6352,50.3953],[-4.6415,50.3961],[-4.6443,50.396],[-4.6463,50.3944],[-4.6479,50.3927],[-4.6495,50.3914],[-4.6505,50.3892],[-4.6522,50.388],[-4.6517,50.3864],[-4.652,50.3841],[-4.6515,50.3824],[-4.6521,50.382],[-4.6533,50.3823],[-4.6541,50.3831],[-4.6569,50.3843],[-4.6591,50.3856],[-4.6604,50.3867],[-4.6609,50.3862],[-4.6646,50.3845],[-4.6656,50.3843],[-4.6664,50.3851],[-4.6672,50.3852],[-4.6667,50.3838],[-4.6664,50.3818],[-4.6669,50.38],[-4.6678,50.3782],[-4.6697,50.3776],[-4.669,50.3771],[-4.6674,50.3751],[-4.6681,50.373],[-4.6696,50.3716],[-4.6707,50.3701],[-4.6706,50.3689],[-4.6692,50.3669],[-4.6687,50.3653],[-4.6688,50.3623],[-4.6666,50.3594],[-4.6661,50.3574],[-4.6644,50.3553],[-4.6636,50.3539],[-4.6629,50.3513],[-4.6632,50.3497],[-4.6627,50.3486],[-4.6628,50.3471],[-4.6625,50.3448],[-4.6621,50.3444],[-4.6636,50.3428],[-4.6651,50.343],[-4.6684,50.3432],[-4.6716,50.3441],[-4.6728,50.3443],[-4.6771,50.3443],[-4.6805,50.3443],[-4.6821,50.3456],[-4.6837,50.3486],[-4.6852,50.35],[-4.6867,50.3505],[-4.6888,50.3499],[-4.6906,50.3501],[-4.6909,50.3494],[-4.6896,50.3489],[-4.6898,50.3474],[-4.6896,50.3466],[-4.6903,50.3448],[-4.689,50.3433],[-4.6895,50.3419],[-4.6905,50.3411],[-4.6869,50.3401],[-4.6865,50.339],[-4.6855,50.3392],[-4.6825,50.3381],[-4.6822,50.3376],[-4.6833,50.3363],[-4.6827,50.3346],[-4.6832,50.3341],[-4.6833,50.3304],[-4.6826,50.3298],[-4.6824,50.3274],[-4.683,50.3263],[-4.6832,50.3252],[-4.6826,50.3245],[-4.6824,50.3228],[-4.6835,50.3227],[-4.6836,50.3219],[-4.685,50.3202],[-4.6819,50.3189],[-4.682,50.3183],[-4.6809,50.3179],[-4.6791,50.318],[-4.6774,50.3173],[-4.6765,50.3165],[-4.6759,50.3147],[-4.6754,50.3141],[-4.6735,50.3133],[-4.6716,50.3134],[-4.6706,50.3142],[-4.6704,50.3149],[-4.6694,50.3151],[-4.6694,50.3161],[-4.669,50.317],[-4.6675,50.3177],[-4.6674,50.3187],[-4.6681,50.319],[-4.6681,50.3205],[-4.6669,50.3206],[-4.6665,50.3212],[-4.6663,50.3228],[-4.6652,50.3226],[-4.6648,50.3214],[-4.6634,50.3212],[-4.6622,50.3219],[-4.6607,50.3219],[-4.6581,50.323],[-4.6546,50.3229],[-4.6514,50.3243],[-4.6518,50.3255],[-4.6488,50.3269],[-4.6463,50.3268],[-4.6461,50.3275],[-4.6436,50.3283],[-4.6403,50.3286],[-4.6396,50.3278],[-4.6402,50.3273],[-4.638,50.3258],[-4.6365,50.3259],[-4.6365,50.325],[-4.6325,50.3242],[-4.6297,50.3244],[-4.6283,50.324],[-4.6271,50.3243],[-4.6245,50.324],[-4.6226,50.3244],[-4.6206,50.3242],[-4.6189,50.3238],[-4.6183,50.3242],[-4.6164,50.3243],[-4.6147,50.325],[-4.6131,50.3274],[-4.6122,50.3279],[-4.6106,50.3279],[-4.6083,50.3285],[-4.6057,50.3285],[-4.6028,50.3276],[-4.6022,50.3262],[-4.6025,50.3254],[-4.6034,50.325],[-4.602,50.3241],[-4.5983,50.3237],[-4.5966,50.3246],[-4.5969,50.3263],[-4.5925,50.328],[-4.5915,50.3292],[-4.5903,50.3292],[-4.5896,50.3298],[-4.5897,50.3307],[-4.5884,50.3304],[-4.5867,50.3318],[-4.5849,50.3318],[-4.5838,50.3311],[-4.5822,50.3309],[-4.5802,50.3317],[-4.578,50.3309],[-4.5751,50.3303],[-4.5743,50.3305],[-4.5714,50.3292],[-4.5704,50.3295],[-4.5697,50.3284],[-4.5686,50.3288],[-4.567,50.3283],[-4.563,50.3275],[-4.5606,50.3268],[-4.5597,50.3263],[-4.5558,50.3259],[-4.5542,50.3251],[-4.5524,50.3255],[-4.5525,50.3246],[-4.5506,50.3239],[-4.549,50.3241],[-4.5474,50.324],[-4.5443,50.3248],[-4.543,50.324],[-4.54,50.3245],[-4.5381,50.324],[-4.5338,50.3246],[-4.5317,50.3248],[-4.5302,50.3253],[-4.5287,50.3254],[-4.5267,50.3263],[-4.526,50.327],[-4.5245,50.3273],[-4.5234,50.3271],[-4.5219,50.3276],[-4.5199,50.3278],[-4.5175,50.3287],[-4.5164,50.3295],[-4.5144,50.3298],[-4.5162,50.3307],[-4.5158,50.3312],[-4.5142,50.3308],[-4.5132,50.3298],[-4.5112,50.3299],[-4.5081,50.3306],[-4.5061,50.3301],[-4.5045,50.3306],[-4.5039,50.3302],[-4.5018,50.3306],[-4.4997,50.3321],[-4.4981,50.3327],[-4.4991,50.3341],[-4.499,50.3351],[-4.4979,50.3358],[-4.4981,50.3363],[-4.4951,50.3362],[-4.4938,50.3367],[-4.4928,50.3363],[-4.4929,50.3357],[-4.4909,50.3348],[-4.4892,50.3345],[-4.4879,50.335],[-4.4868,50.3348],[-4.4858,50.3353],[-4.4855,50.3343],[-4.4824,50.3337],[-4.4801,50.3338],[-4.4783,50.3331],[-4.4773,50.3332],[-4.4756,50.3327],[-4.4747,50.3318],[-4.4738,50.3327],[-4.4718,50.3333],[-4.4707,50.3357],[-4.4715,50.3358],[-4.4726,50.3375],[-4.4719,50.3386],[-4.4705,50.3384],[-4.4676,50.3397],[-4.468,50.3423],[-4.4688,50.3431],[-4.4704,50.3442],[-4.4703,50.3459],[-4.4693,50.3472],[-4.4694,50.3483],[-4.4682,50.3486],[-4.4669,50.3494],[-4.4671,50.3499],[-4.4701,50.3499],[-4.4743,50.3493],[-4.4765,50.3486],[-4.4766,50.3482],[-4.4805,50.3489],[-4.4869,50.3503],[-4.4913,50.3514],[-4.4932,50.3523],[-4.4939,50.3519],[-4.4985,50.3509],[-4.5019,50.3505],[-4.504,50.3505],[-4.5057,50.3491],[-4.5107,50.3467],[-4.5128,50.3462],[-4.5128,50.3445],[-4.512,50.342],[-4.5132,50.3408],[-4.5148,50.3403],[-4.5182,50.3404],[-4.5204,50.339],[-4.522,50.3371],[-4.5233,50.3366],[-4.5237,50.336],[-4.5256,50.3359],[-4.529,50.3364],[-4.5308,50.3372],[-4.5324,50.3375],[-4.5341,50.3374],[-4.5348,50.3369],[-4.5369,50.337],[-4.5438,50.3363],[-4.5462,50.3351],[-4.548,50.3347],[-4.5493,50.3346],[-4.5512,50.3363],[-4.554,50.3381],[-4.5564,50.3381],[-4.5587,50.3376],[-4.5628,50.3374],[-4.5644,50.3371],[-4.5682,50.3359],[-4.5692,50.336],[-4.5685,50.3375],[-4.5675,50.3381],[-4.5679,50.3399],[-4.5676,50.3414],[-4.5685,50.343],[-4.5707,50.3427],[-4.5723,50.342],[-4.5764,50.3423],[-4.5768,50.342],[-4.5797,50.3413],[-4.5835,50.3419],[-4.5857,50.342],[-4.5909,50.3419],[-4.5931,50.3417],[-4.5966,50.3401],[-4.5996,50.3394],[-4.6005,50.3396],[-4.6045,50.3415],[-4.607,50.3421],[-4.6091,50.3429]]],[[[-5.0393,50.5463],[-5.0401,50.5457],[-5.0398,50.5449],[-5.038,50.5444],[-5.0361,50.5452],[-5.0347,50.5434],[-5.0337,50.5427],[-5.0327,50.5426],[-5.0319,50.5419],[-5.0302,50.541],[-5.0292,50.5412],[-5.0279,50.5404],[-5.0275,50.5342],[-5.0282,50.5337],[-5.0277,50.5317],[-5.0285,50.5307],[-5.0264,50.5304],[-5.0274,50.5297],[-5.0287,50.5293],[-5.0278,50.5287],[-5.0264,50.5286],[-5.0262,50.5271],[-5.0269,50.527],[-5.0285,50.5258],[-5.0284,50.5251],[-5.0299,50.5247],[-5.0289,50.524],[-5.0299,50.5233],[-5.0298,50.5223],[-5.0292,50.5212],[-5.0304,50.5201],[-5.0292,50.5201],[-5.0283,50.5196],[-5.0274,50.5176],[-5.0288,50.5174],[-5.0304,50.5155],[-5.029,50.5141],[-5.0297,50.5128],[-5.0295,50.5114],[-5.0304,50.5099],[-5.032,50.5091],[-5.0344,50.5082],[-5.0356,50.5075],[-5.0356,50.5064],[-5.0374,50.5043],[-5.0386,50.5039],[-5.0394,50.5042],[-5.041,50.5038],[-5.0407,50.5029],[-5.0424,50.5029],[-5.0432,50.5023],[-5.0427,50.5015],[-5.0424,50.4999],[-5.0426,50.4989],[-5.0435,50.4989],[-5.0448,50.4978],[-5.0469,50.498],[-5.0461,50.4968],[-5.0446,50.4963],[-5.0432,50.4965],[-5.0429,50.496],[-5.0415,50.4959],[-5.0408,50.4963],[-5.038,50.4943],[-5.0367,50.4922],[-5.0369,50.4912],[-5.0362,50.4899],[-5.0361,50.4885],[-5.0363,50.4846],[-5.0367,50.48],[-5.0311,50.4791],[-5.0282,50.4789],[-5.0231,50.4795],[-5.0222,50.4809],[-5.0195,50.4805],[-5.0178,50.4809],[-5.0144,50.4822],[-5.0142,50.4833],[-5.014,50.4869],[-5.0137,50.4888],[-5.013,50.4894],[-5.0132,50.4909],[-5.0117,50.4924],[-5.0114,50.4932],[-5.0102,50.494],[-5.0123,50.4951],[-5.0135,50.4955],[-5.0183,50.4978],[-5.0179,50.499],[-5.0184,50.4999],[-5.0189,50.5032],[-5.0196,50.5039],[-5.0188,50.5046],[-5.0172,50.5069],[-5.0161,50.5075],[-5.0141,50.5095],[-5.0122,50.51],[-5.0094,50.5109],[-5.0084,50.5115],[-5.0063,50.5133],[-5.0053,50.5139],[-5.0042,50.5157],[-5.0044,50.5174],[-5.0041,50.5198],[-5.0037,50.5204],[-5.0026,50.5207],[-5.0003,50.5219],[-4.9976,50.5228],[-4.9966,50.5229],[-4.9941,50.525],[-4.9909,50.5261],[-4.9855,50.5289],[-4.9841,50.5293],[-4.9833,50.53],[-4.9816,50.5326],[-4.9802,50.5334],[-4.9801,50.5344],[-4.9787,50.5351],[-4.9777,50.5352],[-4.9742,50.5362],[-4.9672,50.5372],[-4.9652,50.5377],[-4.9632,50.5377],[-4.9584,50.5383],[-4.9581,50.5387],[-4.9563,50.5392],[-4.9545,50.5391],[-4.952,50.5393],[-4.951,50.5398],[-4.9487,50.5401],[-4.9459,50.5408],[-4.9447,50.5415],[-4.9451,50.5423],[-4.9418,50.5422],[-4.9407,50.5418],[-4.9388,50.5416],[-4.9376,50.5422],[-4.9361,50.5424],[-4.935,50.5442],[-4.9335,50.5473],[-4.9341,50.5485],[-4.9355,50.5505],[-4.9363,50.5529],[-4.937,50.5524],[-4.9391,50.5549],[-4.944,50.5548],[-4.9484,50.5554],[-4.9499,50.5562],[-4.9487,50.5576],[-4.9488,50.5588],[-4.9484,50.5599],[-4.9473,50.561],[-4.9469,50.5631],[-4.9471,50.5641],[-4.9449,50.5682],[-4.9448,50.5688],[-4.946,50.5691],[-4.9468,50.5688],[-4.9494,50.5693],[-4.9525,50.5692],[-4.9553,50.5676],[-4.9562,50.5676],[-4.957,50.5666],[-4.9561,50.5659],[-4.957,50.5645],[-4.9561,50.5633],[-4.9592,50.5614],[-4.9615,50.5604],[-4.9622,50.5595],[-4.9636,50.5592],[-4.9654,50.5584],[-4.9703,50.5587],[-4.9713,50.5578],[-4.9729,50.5573],[-4.9744,50.5558],[-4.9742,50.554],[-4.9753,50.5543],[-4.9757,50.5524],[-4.977,50.5521],[-4.9769,50.5507],[-4.978,50.5503],[-4.978,50.5495],[-4.9809,50.5486],[-4.9824,50.5483],[-4.982,50.5476],[-4.9806,50.5471],[-4.9819,50.5454],[-4.9846,50.5457],[-4.9851,50.5436],[-4.9858,50.5433],[-4.9874,50.5437],[-4.9883,50.5432],[-4.9896,50.5441],[-4.9916,50.5435],[-4.9951,50.5435],[-4.9959,50.5428],[-4.9996,50.5425],[-5.0019,50.5429],[-5.0038,50.5439],[-5.003,50.5451],[-5.0036,50.5466],[-5.0054,50.5466],[-5.0076,50.5461],[-5.0092,50.5456],[-5.0124,50.5451],[-5.0142,50.5453],[-5.0146,50.545],[-5.0169,50.5453],[-5.019,50.5458],[-5.0203,50.5464],[-5.0209,50.5472],[-5.0214,50.5489],[-5.021,50.5497],[-5.0242,50.5506],[-5.0243,50.5516],[-5.0264,50.5514],[-5.0278,50.5515],[-5.0301,50.5505],[-5.0329,50.5505],[-5.0332,50.5502],[-5.0359,50.5496],[-5.0368,50.5491],[-5.0356,50.5479],[-5.0362,50.547],[-5.0386,50.5468],[-5.0393,50.5463]]],[[[-4.8985,50.5502],[-4.9,50.5497],[-4.9001,50.5488],[-4.8991,50.5474],[-4.9002,50.5473],[-4.9044,50.5446],[-4.9063,50.5435],[-4.9093,50.5424],[-4.9112,50.5422],[-4.9135,50.5423],[-4.9178,50.5413],[-4.932,50.5317],[-4.9331,50.5319],[-4.9364,50.5318],[-4.9363,50.5312],[-4.939,50.5312],[-4.9393,50.5337],[-4.9416,50.534],[-4.9437,50.5346],[-4.9444,50.534],[-4.9468,50.5353],[-4.9508,50.5334],[-4.9519,50.5301],[-4.9529,50.5289],[-4.9536,50.5269],[-4.9531,50.5249],[-4.9523,50.5236],[-4.9513,50.52],[-4.9502,50.5174],[-4.9494,50.5148],[-4.9486,50.5137],[-4.9448,50.5147],[-4.944,50.5135],[-4.9418,50.5123],[-4.9413,50.5117],[-4.9398,50.5113],[-4.9374,50.5116],[-4.9367,50.5103],[-4.9356,50.51],[-4.9346,50.5092],[-4.9329,50.5094],[-4.9317,50.5114],[-4.9254,50.5104],[-4.9254,50.5111],[-4.9232,50.5109],[-4.9235,50.5119],[-4.922,50.5114],[-4.9199,50.5115],[-4.9179,50.5114],[-4.9184,50.5105],[-4.918,50.5097],[-4.9106,50.5092],[-4.9065,50.5085],[-4.8985,50.5078],[-4.8975,50.5077],[-4.8909,50.5074],[-4.8825,50.5081],[-4.882,50.508],[-4.8798,50.509],[-4.8772,50.5105],[-4.8753,50.5111],[-4.8725,50.5124],[-4.8717,50.5142],[-4.8716,50.517],[-4.8717,50.5186],[-4.8662,50.5189],[-4.8627,50.5179],[-4.8585,50.5177],[-4.8566,50.5178],[-4.851,50.5185],[-4.8503,50.5198],[-4.8508,50.52],[-4.8481,50.5216],[-4.8472,50.5225],[-4.8449,50.5242],[-4.8434,50.5249],[-4.8409,50.5254],[-4.8369,50.5254],[-4.8352,50.5262],[-4.8336,50.528],[-4.8358,50.5303],[-4.837,50.5321],[-4.8378,50.5325],[-4.84,50.533],[-4.8426,50.5341],[-4.844,50.5341],[-4.8462,50.5344],[-4.8516,50.537],[-4.8534,50.5381],[-4.8554,50.54],[-4.8557,50.5408],[-4.8572,50.5424],[-4.8598,50.5416],[-4.8617,50.5421],[-4.862,50.5414],[-4.8639,50.5395],[-4.8649,50.5388],[-4.8673,50.5381],[-4.8682,50.5383],[-4.8682,50.5394],[-4.8693,50.5421],[-4.8688,50.5427],[-4.8696,50.5433],[-4.8716,50.5439],[-4.8753,50.5441],[-4.8805,50.5453],[-4.8827,50.5463],[-4.8836,50.5479],[-4.8853,50.5492],[-4.8853,50.5503],[-4.8882,50.5514],[-4.8911,50.5522],[-4.8929,50.5519],[-4.895,50.5514],[-4.8953,50.5518],[-4.8976,50.5511],[-4.8985,50.5502]]],[[[-4.9959,50.5713],[-4.996,50.5723],[-4.9997,50.573],[-5.0003,50.5719],[-4.9996,50.5716],[-4.9959,50.5713]]],[[[-4.9484,50.592],[-4.9468,50.5921],[-4.9475,50.593],[-4.9487,50.5929],[-4.9484,50.592]]],[[[-4.9156,50.5967],[-4.9153,50.596],[-4.9134,50.5962],[-4.9134,50.5976],[-4.9153,50.5978],[-4.9156,50.5967]]],[[[-4.6729,50.5174],[-4.6718,50.5165],[-4.6679,50.5155],[-4.6653,50.514],[-4.6644,50.513],[-4.6629,50.5123],[-4.6591,50.5081],[-4.6561,50.5063],[-4.6522,50.5032],[-4.6509,50.5015],[-4.6491,50.5005],[-4.6467,50.4986],[-4.6452,50.4979],[-4.6446,50.4969],[-4.6429,50.4956],[-4.6406,50.4944],[-4.6394,50.4933],[-4.6384,50.4914],[-4.6368,50.4897],[-4.6326,50.4893],[-4.6303,50.4886],[-4.6301,50.4878],[-4.6311,50.4861],[-4.6306,50.4852],[-4.6293,50.4845],[-4.6253,50.4843],[-4.6211,50.484],[-4.6177,50.4834],[-4.6154,50.4829],[-4.6114,50.4824],[-4.6077,50.482],[-4.6065,50.4821],[-4.6038,50.4827],[-4.602,50.4828],[-4.5989,50.4826],[-4.5962,50.4831],[-4.5932,50.4832],[-4.5915,50.4827],[-4.5897,50.4827],[-4.589,50.4824],[-4.5869,50.4823],[-4.583,50.4816],[-4.5815,50.4816],[-4.5731,50.4814],[-4.5692,50.4817],[-4.5634,50.4816],[-4.561,50.4818],[-4.5597,50.4824],[-4.5585,50.4821],[-4.5566,50.482],[-4.5537,50.481],[-4.5521,50.4809],[-4.5478,50.4823],[-4.5458,50.4827],[-4.5424,50.4828],[-4.5413,50.4822],[-4.5388,50.4819],[-4.5364,50.4808],[-4.5352,50.4805],[-4.5336,50.4805],[-4.5311,50.4801],[-4.5298,50.4793],[-4.528,50.4791],[-4.5262,50.4779],[-4.5244,50.4772],[-4.5227,50.4777],[-4.5209,50.4792],[-4.5181,50.4804],[-4.5172,50.4805],[-4.5133,50.4813],[-4.5109,50.4826],[-4.5096,50.4838],[-4.5076,50.4851],[-4.5071,50.4862],[-4.5052,50.4876],[-4.5018,50.4889],[-4.4987,50.4908],[-4.4942,50.4922],[-4.4917,50.4922],[-4.4887,50.4928],[-4.4845,50.494],[-4.4817,50.495],[-4.4773,50.4964],[-4.4751,50.4969],[-4.4744,50.4974],[-4.4733,50.4994],[-4.469,50.5031],[-4.4687,50.504],[-4.4677,50.5056],[-4.465,50.5075],[-4.4615,50.5094],[-4.4563,50.513],[-4.4548,50.5143],[-4.4536,50.5146],[-4.4519,50.5157],[-4.4488,50.5171],[-4.4455,50.5183],[-4.4429,50.519],[-4.4405,50.52],[-4.4386,50.5203],[-4.4359,50.521],[-4.4345,50.5217],[-4.4307,50.523],[-4.427,50.5233],[-4.428,50.525],[-4.4287,50.5251],[-4.429,50.5265],[-4.4308,50.5272],[-4.4316,50.528],[-4.4331,50.5305],[-4.436,50.5315],[-4.4361,50.5321],[-4.4326,50.533],[-4.4304,50.534],[-4.43,50.5346],[-4.4298,50.5367],[-4.4287,50.5381],[-4.4289,50.54],[-4.4308,50.5426],[-4.4315,50.5442],[-4.4312,50.5461],[-4.4316,50.5476],[-4.4381,50.5516],[-4.438,50.5528],[-4.4396,50.5551],[-4.4394,50.5555],[-4.4414,50.5578],[-4.4421,50.5589],[-4.4433,50.5596],[-4.4436,50.5608],[-4.4465,50.5618],[-4.4477,50.5631],[-4.4483,50.5643],[-4.4504,50.5653],[-4.4522,50.5665],[-4.4537,50.5669],[-4.4558,50.5665],[-4.4569,50.5666],[-4.4573,50.5673],[-4.4561,50.5685],[-4.4564,50.5721],[-4.456,50.5729],[-4.4541,50.5744],[-4.4538,50.5752],[-4.4528,50.5759],[-4.4527,50.5773],[-4.4535,50.5775],[-4.455,50.5793],[-4.4563,50.5802],[-4.4563,50.5807],[-4.4581,50.5814],[-4.4587,50.5825],[-4.4609,50.5836],[-4.4611,50.584],[-4.4638,50.585],[-4.4657,50.5866],[-4.4686,50.5871],[-4.4693,50.5871],[-4.4708,50.588],[-4.4723,50.5884],[-4.4744,50.5877],[-4.4746,50.5867],[-4.4752,50.5864],[-4.4759,50.5848],[-4.4773,50.5848],[-4.4772,50.5839],[-4.4793,50.5831],[-4.4804,50.5831],[-4.481,50.5837],[-4.4836,50.5838],[-4.4856,50.5846],[-4.4869,50.588],[-4.4916,50.5891],[-4.4922,50.5888],[-4.4938,50.5889],[-4.4951,50.5887],[-4.496,50.5891],[-4.4993,50.5893],[-4.4996,50.589],[-4.5017,50.5891],[-4.5035,50.5898],[-4.5074,50.5903],[-4.5105,50.5905],[-4.5139,50.5914],[-4.5142,50.5929],[-4.5115,50.594],[-4.51,50.5964],[-4.5092,50.599],[-4.5078,50.6005],[-4.5058,50.6019],[-4.5031,50.6029],[-4.5056,50.6034],[-4.5064,50.6041],[-4.5119,50.6072],[-4.513,50.6081],[-4.5167,50.6101],[-4.5173,50.6108],[-4.5181,50.6123],[-4.5184,50.6142],[-4.5192,50.6159],[-4.5205,50.6156],[-4.5227,50.6146],[-4.5243,50.6158],[-4.5257,50.6158],[-4.5301,50.6179],[-4.5344,50.6186],[-4.5373,50.6194],[-4.5396,50.6197],[-4.5414,50.6198],[-4.5449,50.6195],[-4.55,50.6197],[-4.5526,50.62],[-4.5573,50.6212],[-4.5605,50.6218],[-4.5667,50.6225],[-4.5708,50.6239],[-4.5725,50.6242],[-4.5763,50.6244],[-4.5797,50.625],[-4.5832,50.6248],[-4.5849,50.6246],[-4.5892,50.6244],[-4.5916,50.6248],[-4.5947,50.6266],[-4.6,50.6283],[-4.5998,50.6251],[-4.6,50.6241],[-4.6006,50.6231],[-4.6029,50.6214],[-4.6074,50.6185],[-4.6141,50.6143],[-4.6164,50.6129],[-4.6177,50.6118],[-4.6217,50.6107],[-4.6273,50.6103],[-4.63,50.6084],[-4.6312,50.6068],[-4.6315,50.6029],[-4.6314,50.6013],[-4.6314,50.5971],[-4.6322,50.5959],[-4.6337,50.5951],[-4.6353,50.5938],[-4.6374,50.5925],[-4.6404,50.5893],[-4.6421,50.5891],[-4.6433,50.5894],[-4.6459,50.5908],[-4.6478,50.5906],[-4.6483,50.5898],[-4.6504,50.59],[-4.6502,50.5905],[-4.6537,50.5905],[-4.6541,50.5908],[-4.6533,50.5922],[-4.6534,50.5935],[-4.6547,50.5946],[-4.6558,50.5944],[-4.6601,50.5916],[-4.662,50.5912],[-4.6637,50.5915],[-4.6666,50.5902],[-4.6675,50.5902],[-4.6683,50.5895],[-4.6698,50.5888],[-4.6715,50.5888],[-4.6718,50.5876],[-4.6731,50.587],[-4.6742,50.5857],[-4.676,50.5846],[-4.6759,50.5829],[-4.6771,50.5827],[-4.677,50.5812],[-4.6789,50.5799],[-4.6789,50.5778],[-4.6781,50.5769],[-4.6792,50.5755],[-4.6818,50.5745],[-4.6827,50.5732],[-4.6847,50.5715],[-4.6887,50.5712],[-4.6896,50.5703],[-4.6889,50.5682],[-4.6889,50.5669],[-4.6884,50.5651],[-4.6884,50.5641],[-4.6862,50.5631],[-4.6842,50.563],[-4.6804,50.5623],[-4.677,50.5608],[-4.6733,50.5594],[-4.6717,50.5592],[-4.6682,50.5579],[-4.6638,50.556],[-4.6627,50.5544],[-4.663,50.5522],[-4.6617,50.5517],[-4.6614,50.5505],[-4.6619,50.5503],[-4.6606,50.5477],[-4.6598,50.5467],[-4.6621,50.5458],[-4.6674,50.5437],[-4.668,50.5432],[-4.6685,50.5413],[-4.6707,50.54],[-4.6721,50.5369],[-4.675,50.5357],[-4.6764,50.5354],[-4.6785,50.5344],[-4.6804,50.533],[-4.6849,50.5317],[-4.6866,50.5308],[-4.6876,50.5293],[-4.6842,50.5283],[-4.6846,50.5278],[-4.6868,50.5272],[-4.6917,50.5269],[-4.6935,50.5276],[-4.6949,50.5285],[-4.6956,50.5287],[-4.6971,50.5275],[-4.6965,50.5265],[-4.6966,50.525],[-4.6947,50.5249],[-4.6927,50.5236],[-4.6921,50.5223],[-4.6895,50.5221],[-4.6877,50.5218],[-4.6848,50.5206],[-4.6829,50.5201],[-4.6785,50.5193],[-4.6743,50.5181],[-4.6729,50.5174]]],[[[-4.7268,50.683],[-4.7282,50.6834],[-4.7286,50.6826],[-4.7268,50.6825],[-4.7268,50.683]]],[[[-4.7065,50.6924],[-4.7045,50.6926],[-4.7041,50.6934],[-4.7062,50.693],[-4.7065,50.6924]]],[[[-4.7837,50.6122],[-4.7828,50.6107],[-4.7833,50.6098],[-4.7843,50.609],[-4.7852,50.609],[-4.7859,50.6082],[-4.7858,50.6071],[-4.7863,50.6063],[-4.7878,50.6054],[-4.7899,50.605],[-4.7904,50.6045],[-4.7901,50.6035],[-4.7912,50.6029],[-4.7928,50.6027],[-4.7926,50.6022],[-4.7939,50.602],[-4.7938,50.6007],[-4.7951,50.6],[-4.7966,50.5997],[-4.7974,50.5987],[-4.7999,50.5978],[-4.8013,50.5978],[-4.8036,50.597],[-4.8048,50.5973],[-4.8059,50.597],[-4.8094,50.5973],[-4.8102,50.5967],[-4.8129,50.5964],[-4.8138,50.5968],[-4.8158,50.5965],[-4.8159,50.596],[-4.8176,50.5962],[-4.8179,50.5952],[-4.8206,50.5957],[-4.8224,50.5957],[-4.8236,50.5953],[-4.8251,50.5957],[-4.8261,50.5944],[-4.8278,50.5954],[-4.8298,50.5959],[-4.8312,50.5955],[-4.832,50.5957],[-4.8333,50.5951],[-4.8329,50.5942],[-4.8343,50.5942],[-4.835,50.5951],[-4.8349,50.5959],[-4.8375,50.5962],[-4.8382,50.5955],[-4.8399,50.5954],[-4.8405,50.5947],[-4.8426,50.595],[-4.8433,50.5948],[-4.8441,50.5957],[-4.8467,50.5962],[-4.8473,50.5971],[-4.8465,50.5977],[-4.8475,50.5986],[-4.8488,50.5989],[-4.8505,50.5989],[-4.8512,50.5983],[-4.8513,50.5971],[-4.8533,50.5967],[-4.8543,50.5971],[-4.8575,50.5954],[-4.8582,50.5937],[-4.8605,50.5931],[-4.8614,50.5937],[-4.8635,50.5933],[-4.8646,50.5937],[-4.8649,50.5943],[-4.8674,50.5942],[-4.8683,50.5951],[-4.87,50.5954],[-4.8719,50.5941],[-4.8718,50.593],[-4.8723,50.5921],[-4.8717,50.5915],[-4.8738,50.5908],[-4.8739,50.5895],[-4.8747,50.5882],[-4.8745,50.5878],[-4.8755,50.5871],[-4.8821,50.5863],[-4.8824,50.5846],[-4.8847,50.5838],[-4.8867,50.5834],[-4.8887,50.5833],[-4.8901,50.5842],[-4.8925,50.5843],[-4.8967,50.5862],[-4.8979,50.5852],[-4.8996,50.5848],[-4.9018,50.5855],[-4.9041,50.5855],[-4.9071,50.5849],[-4.9088,50.5854],[-4.9098,50.5866],[-4.9102,50.5883],[-4.9129,50.5882],[-4.9156,50.5889],[-4.9161,50.5909],[-4.9168,50.5908],[-4.9183,50.5914],[-4.9191,50.5925],[-4.9181,50.5936],[-4.9183,50.5946],[-4.9196,50.5947],[-4.9209,50.5943],[-4.9229,50.5948],[-4.9249,50.5941],[-4.9229,50.5931],[-4.9219,50.5922],[-4.9222,50.5917],[-4.924,50.5911],[-4.9277,50.5901],[-4.9302,50.5886],[-4.9324,50.5891],[-4.9341,50.5883],[-4.9353,50.5871],[-4.9348,50.5859],[-4.9335,50.5858],[-4.9326,50.5854],[-4.9305,50.5849],[-4.9302,50.5842],[-4.9272,50.5835],[-4.9268,50.5823],[-4.9244,50.5804],[-4.9233,50.5801],[-4.9226,50.5795],[-4.9206,50.58],[-4.9132,50.5809],[-4.9099,50.5807],[-4.9078,50.581],[-4.9059,50.5816],[-4.9056,50.5808],[-4.9039,50.5795],[-4.9022,50.58],[-4.8994,50.5804],[-4.8944,50.5801],[-4.8929,50.5793],[-4.8913,50.579],[-4.8895,50.5784],[-4.8858,50.5777],[-4.8827,50.5768],[-4.88,50.5765],[-4.8791,50.5768],[-4.8781,50.5762],[-4.8744,50.5757],[-4.8728,50.5752],[-4.8693,50.5746],[-4.8653,50.5733],[-4.8608,50.5726],[-4.8601,50.5724],[-4.8579,50.5723],[-4.852,50.5727],[-4.8482,50.5735],[-4.8411,50.5739],[-4.8369,50.5736],[-4.8329,50.5731],[-4.8303,50.573],[-4.8292,50.5732],[-4.8248,50.5735],[-4.8219,50.5741],[-4.8194,50.5739],[-4.8167,50.5748],[-4.8119,50.5759],[-4.8073,50.5767],[-4.8056,50.5775],[-4.7989,50.5787],[-4.7913,50.581],[-4.7883,50.5826],[-4.786,50.5843],[-4.7848,50.5853],[-4.7819,50.587],[-4.7803,50.5884],[-4.779,50.59],[-4.7768,50.5914],[-4.7747,50.5924],[-4.7719,50.5941],[-4.7692,50.5951],[-4.765,50.597],[-4.7631,50.5976],[-4.7617,50.5984],[-4.7553,50.6025],[-4.7523,50.6051],[-4.7492,50.6079],[-4.7476,50.6095],[-4.7458,50.6118],[-4.7432,50.6141],[-4.7429,50.6152],[-4.7423,50.6188],[-4.7426,50.6196],[-4.7421,50.6218],[-4.7422,50.6227],[-4.7386,50.6229],[-4.7368,50.6224],[-4.7354,50.6248],[-4.7346,50.6256],[-4.7334,50.6281],[-4.7328,50.6287],[-4.731,50.6298],[-4.7306,50.6309],[-4.7283,50.632],[-4.7233,50.6308],[-4.7196,50.6323],[-4.7172,50.6336],[-4.7135,50.6354],[-4.7097,50.637],[-4.7017,50.6391],[-4.701,50.6405],[-4.6999,50.6422],[-4.6984,50.6431],[-4.697,50.6443],[-4.6936,50.6482],[-4.6902,50.6514],[-4.6865,50.6544],[-4.6841,50.6557],[-4.6838,50.6576],[-4.6838,50.6592],[-4.6796,50.66],[-4.6758,50.6612],[-4.6696,50.6622],[-4.665,50.6625],[-4.6601,50.6632],[-4.6566,50.6636],[-4.6562,50.6647],[-4.6529,50.6668],[-4.6525,50.6667],[-4.6491,50.6677],[-4.6466,50.6683],[-4.6409,50.6707],[-4.6374,50.6716],[-4.6353,50.6723],[-4.6333,50.6735],[-4.6317,50.6741],[-4.6289,50.6747],[-4.6257,50.6748],[-4.6205,50.6742],[-4.6177,50.6742],[-4.6139,50.6747],[-4.6137,50.6758],[-4.614,50.6815],[-4.6123,50.6842],[-4.6109,50.6862],[-4.6084,50.6904],[-4.6069,50.694],[-4.6053,50.6966],[-4.6039,50.6985],[-4.5997,50.7039],[-4.5987,50.7048],[-4.5987,50.7064],[-4.5961,50.7067],[-4.5934,50.7073],[-4.5914,50.7084],[-4.5869,50.7134],[-4.5855,50.7162],[-4.585,50.7183],[-4.584,50.7201],[-4.5813,50.726],[-4.5803,50.7288],[-4.5794,50.73],[-4.5762,50.7315],[-4.574,50.7332],[-4.5704,50.7354],[-4.5684,50.7364],[-4.5647,50.7388],[-4.5622,50.7402],[-4.5595,50.7426],[-4.5589,50.7435],[-4.5585,50.7464],[-4.5586,50.7472],[-4.5555,50.7482],[-4.5546,50.7497],[-4.5519,50.7509],[-4.5513,50.7517],[-4.55,50.7544],[-4.5489,50.7555],[-4.5468,50.7565],[-4.5467,50.7572],[-4.5456,50.7584],[-4.5457,50.7596],[-4.5444,50.7601],[-4.5434,50.7611],[-4.5457,50.7618],[-4.548,50.7627],[-4.5497,50.764],[-4.5513,50.7664],[-4.5511,50.767],[-4.5518,50.7685],[-4.5518,50.77],[-4.5525,50.7715],[-4.5534,50.7723],[-4.5549,50.7746],[-4.556,50.7754],[-4.5568,50.7766],[-4.5565,50.7785],[-4.5567,50.7796],[-4.5577,50.7795],[-4.5594,50.7798],[-4.5605,50.781],[-4.5616,50.7814],[-4.5669,50.7825],[-4.5684,50.7813],[-4.5696,50.7787],[-4.5701,50.7781],[-4.5731,50.777],[-4.5743,50.777],[-4.575,50.7762],[-4.5752,50.775],[-4.5769,50.7741],[-4.5767,50.7734],[-4.5777,50.7726],[-4.5809,50.7729],[-4.5837,50.7723],[-4.5845,50.7717],[-4.5857,50.7715],[-4.5855,50.7704],[-4.5872,50.7706],[-4.5895,50.7693],[-4.591,50.7696],[-4.5906,50.7681],[-4.593,50.7669],[-4.5966,50.7664],[-4.5967,50.766],[-4.5991,50.7661],[-4.6002,50.7653],[-4.6025,50.7656],[-4.6069,50.7648],[-4.6071,50.7642],[-4.6086,50.7642],[-4.6106,50.7635],[-4.6127,50.7634],[-4.6123,50.7626],[-4.6138,50.7621],[-4.615,50.7622],[-4.6157,50.7608],[-4.6184,50.7591],[-4.6175,50.7585],[-4.6177,50.7574],[-4.6192,50.7572],[-4.6191,50.7561],[-4.6199,50.7547],[-4.6201,50.7537],[-4.6208,50.7529],[-4.6225,50.7522],[-4.6238,50.752],[-4.6248,50.751],[-4.6265,50.7511],[-4.6308,50.7511],[-4.6317,50.7506],[-4.6333,50.7507],[-4.6353,50.7494],[-4.6357,50.7488],[-4.6374,50.7489],[-4.6376,50.7484],[-4.6365,50.7478],[-4.6373,50.7468],[-4.639,50.7461],[-4.6406,50.7464],[-4.6391,50.7446],[-4.6406,50.7442],[-4.6383,50.7431],[-4.6378,50.742],[-4.6396,50.7414],[-4.64,50.7404],[-4.6421,50.7395],[-4.6459,50.7397],[-4.6475,50.7402],[-4.6507,50.7402],[-4.6516,50.7399],[-4.6537,50.7402],[-4.6541,50.7388],[-4.6527,50.7383],[-4.6519,50.7372],[-4.6528,50.7368],[-4.6524,50.7336],[-4.6528,50.7324],[-4.6523,50.7312],[-4.6531,50.727],[-4.6543,50.726],[-4.6551,50.7257],[-4.6549,50.724],[-4.6559,50.7232],[-4.6548,50.7227],[-4.6553,50.721],[-4.6567,50.7199],[-4.6562,50.7194],[-4.6574,50.7188],[-4.657,50.7175],[-4.6569,50.7161],[-4.658,50.7156],[-4.6612,50.7155],[-4.6608,50.7142],[-4.6613,50.7138],[-4.6634,50.7133],[-4.6636,50.7128],[-4.6662,50.7118],[-4.6675,50.711],[-4.6673,50.7098],[-4.6675,50.7089],[-4.6686,50.7075],[-4.6724,50.7071],[-4.6737,50.7074],[-4.6769,50.7072],[-4.6788,50.7067],[-4.6794,50.7063],[-4.6798,50.705],[-4.6811,50.7044],[-4.6822,50.7021],[-4.6836,50.7017],[-4.6838,50.7007],[-4.6854,50.6996],[-4.6851,50.6983],[-4.6843,50.6979],[-4.6846,50.6973],[-4.6822,50.6967],[-4.6823,50.6962],[-4.6839,50.696],[-4.6845,50.6955],[-4.6856,50.6958],[-4.6875,50.6958],[-4.691,50.6954],[-4.6928,50.6946],[-4.6942,50.6951],[-4.6948,50.6937],[-4.6957,50.6938],[-4.6961,50.6945],[-4.698,50.6946],[-4.6989,50.6938],[-4.7017,50.6927],[-4.7011,50.6909],[-4.7021,50.6906],[-4.7039,50.691],[-4.706,50.6905],[-4.7062,50.6892],[-4.7045,50.6888],[-4.7043,50.6873],[-4.7053,50.6864],[-4.7069,50.686],[-4.7087,50.6863],[-4.7098,50.6863],[-4.7107,50.6855],[-4.714,50.6855],[-4.7151,50.6842],[-4.7167,50.6837],[-4.7184,50.6838],[-4.7202,50.6849],[-4.7221,50.6854],[-4.7235,50.6852],[-4.7247,50.6843],[-4.7259,50.6841],[-4.7269,50.682],[-4.7279,50.6818],[-4.7272,50.6809],[-4.7291,50.6782],[-4.7289,50.6766],[-4.7295,50.6764],[-4.7305,50.6751],[-4.7316,50.675],[-4.7319,50.6737],[-4.7331,50.6736],[-4.7329,50.6727],[-4.7351,50.6724],[-4.7373,50.6726],[-4.7389,50.6732],[-4.7393,50.6741],[-4.7413,50.6747],[-4.7406,50.6754],[-4.7401,50.6766],[-4.7417,50.6769],[-4.7428,50.6762],[-4.7442,50.6766],[-4.7469,50.6751],[-4.7469,50.6745],[-4.7457,50.674],[-4.7448,50.6724],[-4.7464,50.6718],[-4.7469,50.6712],[-4.7483,50.672],[-4.7502,50.672],[-4.7529,50.671],[-4.7552,50.6716],[-4.7559,50.6721],[-4.7579,50.6723],[-4.7581,50.6707],[-4.7578,50.6698],[-4.7595,50.6691],[-4.7612,50.6707],[-4.7623,50.671],[-4.7645,50.6699],[-4.7648,50.6689],[-4.7643,50.6677],[-4.7637,50.6672],[-4.7605,50.667],[-4.7608,50.6654],[-4.7632,50.6638],[-4.7632,50.6625],[-4.7644,50.6613],[-4.7663,50.6597],[-4.7659,50.6588],[-4.7651,50.6584],[-4.7648,50.6576],[-4.7656,50.6574],[-4.7672,50.6564],[-4.7667,50.656],[-4.7667,50.6546],[-4.7651,50.6548],[-4.7629,50.6543],[-4.7627,50.6538],[-4.7607,50.6532],[-4.7601,50.6525],[-4.7602,50.6516],[-4.7613,50.6501],[-4.7618,50.6481],[-4.7631,50.6456],[-4.7649,50.6437],[-4.7669,50.6433],[-4.7683,50.6417],[-4.7683,50.6402],[-4.769,50.6399],[-4.7686,50.6367],[-4.7693,50.635],[-4.7705,50.6334],[-4.7714,50.6331],[-4.7719,50.6319],[-4.7719,50.631],[-4.7709,50.6301],[-4.7722,50.6295],[-4.7732,50.6287],[-4.7732,50.628],[-4.7719,50.627],[-4.7722,50.6249],[-4.7744,50.6212],[-4.7751,50.6207],[-4.7755,50.6193],[-4.7787,50.6158],[-4.7798,50.6153],[-4.7794,50.6144],[-4.7806,50.6132],[-4.7828,50.6121],[-4.7837,50.6122]]]]},"properties":{"name":"Cornwall","kind":"national_landscape"},"id":34}
]}