{"type" : "FeatureCollection", "features" : [{"type": "Feature", "geometry": {"type":"Polygon","coordinates":[[[-2.159323,50.955124],[-2.159602,50.953291],[-2.160442,50.951529],[-2.16181,50.949903],[-2.163654,50.948478],[-2.165902,50.947307],[-2.168469,50.946436],[-2.171255,50.945897],[-2.174154,50.945713],[-2.177055,50.945889],[-2.179845,50.946419],[-2.182418,50.947282],[-2.184675,50.948447],[-2.18653,50.949867],[-2.18791,50.951488],[-2.188763,50.953248],[-2.189056,50.955079],[-2.188778,50.956912],[-2.187939,50.958674],[-2.186571,50.9603],[-2.184728,50.961726],[-2.18248,50.962897],[-2.179912,50.963769],[-2.177125,50.964307],[-2.174225,50.964492],[-2.171323,50.964316],[-2.168532,50.963786],[-2.165958,50.962922],[-2.163701,50.961757],[-2.161847,50.960337],[-2.160467,50.958715],[-2.159615,50.956955],[-2.159323,50.955124]]]}, "properties": {"id": "000891b0-7b07-4eb8-8a72-8bd7c954a924", "postcode": "SP5 5AR", "group_id": "6cb070a8-3c40-48b7-a594-97fec3894487"}}, {"type": "Feature", "geometry": {"type":"Polygon","coordinates":[[[1.218597,52.095573],[1.21835,52.094514],[1.217772,52.093504],[1.216886,52.092584],[1.215726,52.091788],[1.214335,52.091146],[1.212769,52.090684],[1.211085,52.090419],[1.209351,52.090361],[1.207631,52.090513],[1.205993,52.090869],[1.204498,52.091414],[1.203205,52.092129],[1.202163,52.092985],[1.201413,52.09395],[1.200982,52.094987],[1.200888,52.096055],[1.201135,52.097115],[1.201712,52.098124],[1.202598,52.099045],[1.203758,52.099841],[1.205149,52.100483],[1.206716,52.100945],[1.208399,52.10121],[1.210134,52.101268],[1.211854,52.101116],[1.213493,52.10076],[1.214988,52.100215],[1.216281,52.0995],[1.217323,52.098643],[1.218073,52.097678],[1.218503,52.096641],[1.218597,52.095573]]]}, "properties": {"id": "0018611f-287a-4027-b773-61ae8b5750c2", "postcode": "IP6 9DD", "group_id": "e0454012-1295-46e6-b208-52cac7018f1f"}}, {"type": "Feature", "geometry": {"type":"Polygon","coordinates":[[[-0.872477,52.551768],[-0.872826,52.549902],[-0.873767,52.548114],[-0.875261,52.546472],[-0.877251,52.545039],[-0.879662,52.543871],[-0.882401,52.543011],[-0.885362,52.542494],[-0.888431,52.542339],[-0.891491,52.542552],[-0.894424,52.543124],[-0.897118,52.544035],[-0.899468,52.545248],[-0.901386,52.546717],[-0.902796,52.548387],[-0.903646,52.550191],[-0.903901,52.552063],[-0.903553,52.553928],[-0.902614,52.555717],[-0.90112,52.557359],[-0.89913,52.558792],[-0.896718,52.559961],[-0.893979,52.560821],[-0.891017,52.561338],[-0.887947,52.561494],[-0.884885,52.561281],[-0.881951,52.560708],[-0.879257,52.559797],[-0.876906,52.558584],[-0.874989,52.557114],[-0.873579,52.555444],[-0.872731,52.553639],[-0.872477,52.551768]]]}, "properties": {"id": "004622b0-1b3f-4391-a5aa-4cabb463fe7c", "postcode": "LE16 7UF", "group_id": "f4284e39-e56b-48d7-9087-c1abebec366f"}}, {"type": "Feature", "geometry": {"type":"Polygon","coordinates":[[[-0.664311,53.002888],[-0.664447,53.002187],[-0.664808,53.001515],[-0.665379,53.000899],[-0.666138,53.000361],[-0.667056,52.999924],[-0.668099,52.999602],[-0.669225,52.99941],[-0.670392,52.999354],[-0.671554,52.999436],[-0.672668,52.999653],[-0.673689,52.999998],[-0.67458,53.000456],[-0.675306,53.00101],[-0.675839,53.001638],[-0.676158,53.002318],[-0.676251,53.003022],[-0.676115,53.003723],[-0.675754,53.004395],[-0.675183,53.005011],[-0.674424,53.005549],[-0.673506,53.005986],[-0.672463,53.006308],[-0.671337,53.0065],[-0.67017,53.006556],[-0.669008,53.006474],[-0.667894,53.006257],[-0.666872,53.005912],[-0.665981,53.005454],[-0.665255,53.0049],[-0.664723,53.004271],[-0.664404,53.003592],[-0.664311,53.002888]]]}, "properties": {"id": "00eaa3c7-257b-44ea-94e3-e88479cc6672", "postcode": "NG32 2AG", "group_id": "60a73ad8-56fc-4c6a-942c-8d42700b5038"}}, {"type": "Feature", "geometry": {"type":"Polygon","coordinates":[[[-2.668788,52.075292],[-2.668852,52.074846],[-2.669057,52.074417],[-2.669393,52.07402],[-2.669849,52.073671],[-2.670406,52.073384],[-2.671043,52.07317],[-2.671737,52.073036],[-2.672459,52.072988],[-2.673182,52.073027],[-2.673879,52.073153],[-2.674523,52.073361],[-2.675089,52.073641],[-2.675555,52.073985],[-2.675903,52.074378],[-2.676121,52.074805],[-2.676198,52.07525],[-2.676134,52.075695],[-2.67593,52.076125],[-2.675593,52.076522],[-2.675138,52.07687],[-2.67458,52.077158],[-2.673943,52.077372],[-2.67325,52.077506],[-2.672527,52.077554],[-2.671804,52.077514],[-2.671107,52.077388],[-2.670463,52.077181],[-2.669897,52.0769],[-2.669431,52.076557],[-2.669083,52.076164],[-2.668865,52.075737],[-2.668788,52.075292]]]}, "properties": {"id": "00f9ab3a-74e1-4dba-8e3d-45b50532409d", "postcode": "HR1 3ND", "group_id": "0d46eb16-4cd0-4c9d-adfc-0fa5ee2c3155"}}, {"type": "Feature", "geometry": {"type":"Polygon","coordinates":[[[-0.704657,53.384719],[-0.704968,53.383127],[-0.705792,53.381603],[-0.707097,53.380204],[-0.708834,53.378984],[-0.710936,53.37799],[-0.713321,53.377261],[-0.715898,53.376823],[-0.718569,53.376695],[-0.72123,53.376881],[-0.72378,53.377373],[-0.726119,53.378153],[-0.72816,53.379192],[-0.729823,53.380448],[-0.731043,53.381874],[-0.731776,53.383415],[-0.731991,53.385012],[-0.731681,53.386603],[-0.730857,53.388128],[-0.729552,53.389527],[-0.727816,53.390747],[-0.725714,53.391742],[-0.723328,53.392471],[-0.72075,53.392909],[-0.718078,53.393037],[-0.715416,53.392852],[-0.712866,53.392359],[-0.710525,53.391578],[-0.708485,53.39054],[-0.706822,53.389283],[-0.705602,53.387857],[-0.704871,53.386316],[-0.704657,53.384719]]]}, "properties": {"id": "019981e8-218e-46d0-85f5-579abbe7cbf3", "postcode": "DN21 5PJ", "group_id": "60a73ad8-56fc-4c6a-942c-8d42700b5038"}}, {"type": "Feature", "geometry": {"type":"Polygon","coordinates":[[[1.434085,52.042127],[1.433639,52.040249],[1.432608,52.038461],[1.43103,52.036832],[1.428968,52.035423],[1.4265,52.034289],[1.423721,52.033475],[1.420737,52.03301],[1.417664,52.032913],[1.41462,52.033188],[1.41172,52.033823],[1.409077,52.034795],[1.406793,52.036067],[1.404954,52.037589],[1.403632,52.039303],[1.402878,52.041143],[1.40272,52.043038],[1.403165,52.044916],[1.404195,52.046704],[1.405772,52.048334],[1.407834,52.049743],[1.410302,52.050877],[1.413082,52.051692],[1.416067,52.052157],[1.419141,52.052254],[1.422187,52.05198],[1.425088,52.051344],[1.427731,52.050371],[1.430016,52.049099],[1.431854,52.047577],[1.433175,52.045863],[1.433929,52.044023],[1.434085,52.042127]]]}, "properties": {"id": "01d717da-8a8e-457a-98f4-ecb1776bb33e", "postcode": "Ex142YU", "group_id": "e0454012-1295-46e6-b208-52cac7018f1f"}}, {"type": "Feature", "geometry": {"type":"Polygon","coordinates":[[[1.081128,52.163036],[1.080864,52.161889],[1.080241,52.160795],[1.079283,52.159797],[1.078026,52.158933],[1.07652,52.158236],[1.074822,52.157734],[1.072997,52.157445],[1.071116,52.15738],[1.06925,52.157542],[1.067471,52.157925],[1.065848,52.158515],[1.064443,52.159287],[1.06331,52.160213],[1.062493,52.161258],[1.062022,52.16238],[1.061917,52.163537],[1.062181,52.164685],[1.062804,52.165779],[1.063761,52.166777],[1.065018,52.167641],[1.066524,52.168338],[1.068222,52.16884],[1.070048,52.16913],[1.07193,52.169194],[1.073796,52.169032],[1.075575,52.168649],[1.077198,52.168059],[1.078603,52.167287],[1.079736,52.166361],[1.080553,52.165316],[1.081023,52.164194],[1.081128,52.163036]]]}, "properties": {"id": "03f96295-3ba3-40fc-bd75-9a617f695c77", "postcode": "IP^ 8PX", "group_id": "e0454012-1295-46e6-b208-52cac7018f1f"}}, {"type": "Feature", "geometry": {"type":"Polygon","coordinates":[[[1.015875,52.04297],[1.015609,52.041805],[1.01498,52.040695],[1.014013,52.039682],[1.012743,52.038805],[1.01122,52.038097],[1.009503,52.037586],[1.007657,52.037292],[1.005753,52.037225],[1.003865,52.037389],[1.002065,52.037776],[1.000422,52.038373],[0.999,52.039156],[0.997852,52.040095],[0.997023,52.041154],[0.996545,52.042292],[0.996437,52.043466],[0.996702,52.04463],[0.99733,52.045741],[0.998298,52.046754],[0.999567,52.047631],[1.00109,52.048339],[1.002808,52.04885],[1.004654,52.049145],[1.006558,52.049211],[1.008447,52.049048],[1.010247,52.04866],[1.01189,52.048063],[1.013313,52.04728],[1.014461,52.046341],[1.015289,52.045282],[1.015767,52.044144],[1.015875,52.04297]]]}, "properties": {"id": "044e01b0-3627-47e1-9900-e3722c0ef4ac", "postcode": "IP75PR", "group_id": "e0454012-1295-46e6-b208-52cac7018f1f"}}, {"type": "Feature", "geometry": {"type":"Polygon","coordinates":[[[-2.40789,50.686682],[-2.408197,50.68458],[-2.409144,50.682557],[-2.410694,50.68069],[-2.412787,50.679052],[-2.415342,50.677704],[-2.418263,50.676698],[-2.421436,50.676074],[-2.42474,50.675855],[-2.428047,50.67605],[-2.431231,50.676651],[-2.434169,50.677635],[-2.436749,50.678964],[-2.438872,50.680588],[-2.440455,50.682443],[-2.441438,50.684459],[-2.441784,50.686558],[-2.441478,50.68866],[-2.440532,50.690683],[-2.438983,50.69255],[-2.436891,50.69419],[-2.434335,50.695538],[-2.431413,50.696544],[-2.428239,50.697168],[-2.424934,50.697387],[-2.421625,50.697192],[-2.41844,50.696591],[-2.415501,50.695607],[-2.41292,50.694277],[-2.410798,50.692653],[-2.409216,50.690797],[-2.408234,50.688781],[-2.40789,50.686682]]]}, "properties": {"id": "045f4b9a-864f-4870-8f81-403c417c088b", "postcode": "DT2 9PU", "group_id": "6cb070a8-3c40-48b7-a594-97fec3894487"}}, {"type": "Feature", "geometry": {"type":"Polygon","coordinates":[[[-0.473652,52.693697],[-0.47417,52.691073],[-0.475521,52.68856],[-0.477652,52.686256],[-0.480481,52.684249],[-0.483901,52.682616],[-0.487779,52.681419],[-0.491966,52.680705],[-0.496302,52.680501],[-0.50062,52.680815],[-0.504755,52.681634],[-0.508547,52.682928],[-0.511852,52.684647],[-0.514541,52.686724],[-0.516512,52.689081],[-0.517689,52.691625],[-0.518026,52.69426],[-0.517511,52.696885],[-0.516162,52.699398],[-0.514032,52.701703],[-0.511203,52.703711],[-0.507783,52.705345],[-0.503904,52.706542],[-0.499714,52.707257],[-0.495375,52.707461],[-0.491054,52.707147],[-0.486918,52.706327],[-0.483124,52.705032],[-0.479819,52.703313],[-0.477131,52.701235],[-0.475161,52.698878],[-0.473987,52.696333],[-0.473652,52.693697]]]}, "properties": {"id": "04723123-c6fd-4516-b1ca-212402fe7b55", "postcode": "PE9 4LA", "group_id": "7a228e12-3372-49e0-8820-753ab5723f37"}}, {"type": "Feature", "geometry": {"type":"Polygon","coordinates":[[[-1.206409,51.057971],[-1.206862,51.05536],[-1.208115,51.052854],[-1.210119,51.050551],[-1.212797,51.048539],[-1.216046,51.046894],[-1.219742,51.04568],[-1.223742,51.044944],[-1.227893,51.044714],[-1.232035,51.044999],[-1.23601,51.045788],[-1.239664,51.04705],[-1.242858,51.048737],[-1.245469,51.050785],[-1.247396,51.053114],[-1.248565,51.055635],[-1.248931,51.058252],[-1.24848,51.060863],[-1.247229,51.063369],[-1.245227,51.065673],[-1.242549,51.067686],[-1.239299,51.069331],[-1.235602,51.070546],[-1.2316,51.071282],[-1.227447,51.071512],[-1.223302,51.071227],[-1.219326,51.070438],[-1.21567,51.069175],[-1.212476,51.067487],[-1.209865,51.065439],[-1.20794,51.063109],[-1.206773,51.060588],[-1.206409,51.057971]]]}, "properties": {"id": "04829649-3370-4bf1-adaa-1c42cfd52763", "postcode": "SO24 0HY", "group_id": "3bb0c4da-bdd4-47be-913f-c10e377b5d72"}}, {"type": "Feature", "geometry": {"type":"Polygon","coordinates":[[[-1.206409,51.057971],[-1.206862,51.05536],[-1.208115,51.052854],[-1.210119,51.050551],[-1.212797,51.048539],[-1.216046,51.046894],[-1.219742,51.04568],[-1.223742,51.044944],[-1.227893,51.044714],[-1.232035,51.044999],[-1.23601,51.045788],[-1.239664,51.04705],[-1.242858,51.048737],[-1.245469,51.050785],[-1.247396,51.053114],[-1.248565,51.055635],[-1.248931,51.058252],[-1.24848,51.060863],[-1.247229,51.063369],[-1.245227,51.065673],[-1.242549,51.067686],[-1.239299,51.069331],[-1.235602,51.070546],[-1.2316,51.071282],[-1.227447,51.071512],[-1.223302,51.071227],[-1.219326,51.070438],[-1.21567,51.069175],[-1.212476,51.067487],[-1.209865,51.065439],[-1.20794,51.063109],[-1.206773,51.060588],[-1.206409,51.057971]]]}, "properties": {"id": "04829649-3370-4bf1-adaa-1c42cfd52763", "postcode": "SO24 0HY", "group_id": "e8167295-d7f4-4671-913e-f90e96ce8190"}}, {"type": "Feature", "geometry": {"type":"Polygon","coordinates":[[[-0.648441,52.00961],[-0.649256,52.005323],[-0.65141,52.001216],[-0.65482,51.997448],[-0.659356,51.994162],[-0.664842,51.991485],[-0.671068,51.98952],[-0.677794,51.988343],[-0.684764,51.987998],[-0.691709,51.988498],[-0.698362,51.989825],[-0.704469,51.991928],[-0.709795,51.994725],[-0.714135,51.99811],[-0.717322,52.001952],[-0.719234,52.006105],[-0.719797,52.010407],[-0.718989,52.014695],[-0.71684,52.018803],[-0.713433,52.022574],[-0.708899,52.025862],[-0.703411,52.02854],[-0.697181,52.030507],[-0.690449,52.031686],[-0.683472,52.032031],[-0.676521,52.03153],[-0.669862,52.030202],[-0.663752,52.028097],[-0.658425,52.025298],[-0.654087,52.021911],[-0.650903,52.018067],[-0.648997,52.013914],[-0.648441,52.00961]]]}, "properties": {"id": "050efa47-b655-40c7-9b16-c59505d4f50b", "postcode": "OX7 4EZ", "group_id": "af68fec4-7fdb-4246-bbf0-6067ace38189"}}, {"type": "Feature", "geometry": {"type":"Polygon","coordinates":[[[-2.445397,53.249875],[-2.445541,53.248938],[-2.445987,53.248037],[-2.446717,53.247204],[-2.447704,53.246474],[-2.44891,53.245873],[-2.450288,53.245424],[-2.451786,53.245145],[-2.453345,53.245047],[-2.454906,53.245133],[-2.45641,53.245401],[-2.457797,53.245839],[-2.459016,53.246431],[-2.460018,53.247154],[-2.460766,53.24798],[-2.461231,53.248879],[-2.461395,53.249814],[-2.461251,53.250751],[-2.460806,53.251652],[-2.460075,53.252485],[-2.459088,53.253215],[-2.457882,53.253817],[-2.456504,53.254265],[-2.455006,53.254544],[-2.453447,53.254642],[-2.451885,53.254556],[-2.450381,53.254289],[-2.448994,53.25385],[-2.447775,53.253258],[-2.446773,53.252535],[-2.446025,53.251708],[-2.44556,53.25081],[-2.445397,53.249875]]]}, "properties": {"id": "0653729c-5a82-47ab-9916-4704b1cee6f4", "postcode": "CW9 7SU", "group_id": "dccc074a-fb77-427b-bb72-8b017ca09618"}}, {"type": "Feature", "geometry": {"type":"Polygon","coordinates":[[[-1.644986,50.979681],[-1.645198,50.978387],[-1.645806,50.977143],[-1.646786,50.975998],[-1.648102,50.974996],[-1.649702,50.974175],[-1.651524,50.973567],[-1.6535,50.973195],[-1.655552,50.973073],[-1.657603,50.973207],[-1.659573,50.973591],[-1.661387,50.974209],[-1.662974,50.97504],[-1.664275,50.97605],[-1.665238,50.9772],[-1.665828,50.978447],[-1.666021,50.979743],[-1.665809,50.981038],[-1.665202,50.982282],[-1.664222,50.983427],[-1.662906,50.984429],[-1.661306,50.98525],[-1.659483,50.985858],[-1.657507,50.98623],[-1.655454,50.986352],[-1.653403,50.986218],[-1.651433,50.985835],[-1.649619,50.985216],[-1.648031,50.984385],[-1.646731,50.983375],[-1.645767,50.982224],[-1.645178,50.980977],[-1.644986,50.979681]]]}, "properties": {"id": "06e31ee1-06e6-4195-b651-f3ee8964d519", "postcode": "SP5 2DN", "group_id": "3bb0c4da-bdd4-47be-913f-c10e377b5d72"}}, {"type": "Feature", "geometry": {"type":"Polygon","coordinates":[[[-0.149275,51.969616],[-0.149696,51.967525],[-0.150769,51.965525],[-0.152453,51.963692],[-0.154683,51.962098],[-0.157374,51.960803],[-0.160422,51.959857],[-0.16371,51.959296],[-0.167112,51.959142],[-0.170497,51.959402],[-0.173735,51.960064],[-0.176702,51.961104],[-0.179284,51.962481],[-0.181382,51.964143],[-0.182914,51.966025],[-0.183823,51.968057],[-0.184072,51.970158],[-0.183653,51.97225],[-0.182581,51.97425],[-0.180898,51.976083],[-0.178668,51.977678],[-0.175977,51.978974],[-0.172928,51.97992],[-0.169638,51.980481],[-0.166235,51.980635],[-0.162848,51.980375],[-0.159609,51.979713],[-0.156641,51.978673],[-0.154059,51.977295],[-0.151962,51.975633],[-0.15043,51.97375],[-0.149523,51.971718],[-0.149275,51.969616]]]}, "properties": {"id": "06f1665f-32df-47b4-9aab-0374752208ae", "postcode": "SG4 7AL", "group_id": "3bd8b114-f504-4798-b91b-aaf4e4fbd4de"}}, {"type": "Feature", "geometry": {"type":"Polygon","coordinates":[[[-0.149275,51.969616],[-0.149696,51.967525],[-0.150769,51.965525],[-0.152453,51.963692],[-0.154683,51.962098],[-0.157374,51.960803],[-0.160422,51.959857],[-0.16371,51.959296],[-0.167112,51.959142],[-0.170497,51.959402],[-0.173735,51.960064],[-0.176702,51.961104],[-0.179284,51.962481],[-0.181382,51.964143],[-0.182914,51.966025],[-0.183823,51.968057],[-0.184072,51.970158],[-0.183653,51.97225],[-0.182581,51.97425],[-0.180898,51.976083],[-0.178668,51.977678],[-0.175977,51.978974],[-0.172928,51.97992],[-0.169638,51.980481],[-0.166235,51.980635],[-0.162848,51.980375],[-0.159609,51.979713],[-0.156641,51.978673],[-0.154059,51.977295],[-0.151962,51.975633],[-0.15043,51.97375],[-0.149523,51.971718],[-0.149275,51.969616]]]}, "properties": {"id": "06f1665f-32df-47b4-9aab-0374752208ae", "postcode": "SG4 7AL", "group_id": "af68fec4-7fdb-4246-bbf0-6067ace38189"}}, {"type": "Feature", "geometry": {"type":"Polygon","coordinates":[[[-0.116706,53.286017],[-0.116907,53.285054],[-0.117418,53.284133],[-0.118219,53.283289],[-0.119279,53.282555],[-0.120558,53.281959],[-0.122006,53.281524],[-0.123567,53.281267],[-0.125183,53.281197],[-0.12679,53.281318],[-0.128327,53.281624],[-0.129736,53.282103],[-0.13096,53.282739],[-0.131955,53.283505],[-0.132681,53.284373],[-0.13311,53.285309],[-0.133227,53.286277],[-0.133026,53.28724],[-0.132516,53.288162],[-0.131715,53.289005],[-0.130655,53.289739],[-0.129376,53.290335],[-0.127928,53.290771],[-0.126365,53.291028],[-0.12475,53.291098],[-0.123142,53.290977],[-0.121604,53.290671],[-0.120196,53.290191],[-0.118971,53.289556],[-0.117977,53.288789],[-0.117251,53.287921],[-0.116822,53.286985],[-0.116706,53.286017]]]}, "properties": {"id": "07e9faca-833f-43dd-9003-0f687f9e5039", "postcode": "LN110NJ", "group_id": "60a73ad8-56fc-4c6a-942c-8d42700b5038"}}, {"type": "Feature", "geometry": {"type":"Polygon","coordinates":[[[0.876121,52.260282],[0.87582,52.258947],[0.875099,52.257674],[0.873988,52.256512],[0.872529,52.255505],[0.870778,52.254692],[0.868802,52.254105],[0.866677,52.253765],[0.864485,52.253686],[0.86231,52.253871],[0.860236,52.254313],[0.858341,52.254994],[0.8567,52.255889],[0.855375,52.256964],[0.854417,52.258177],[0.853863,52.25948],[0.853734,52.260826],[0.854035,52.262161],[0.854755,52.263434],[0.855866,52.264596],[0.857325,52.265603],[0.859076,52.266416],[0.861053,52.267004],[0.863178,52.267344],[0.865371,52.267423],[0.867546,52.267238],[0.869621,52.266796],[0.871516,52.266114],[0.873157,52.265219],[0.874482,52.264144],[0.87544,52.262931],[0.875993,52.261627],[0.876121,52.260282]]]}, "properties": {"id": "09e0e6f0-4a50-488a-aee2-f98a387cb116", "postcode": "IP31 3LG", "group_id": "e20625b4-ebe0-478a-a825-d3d10301dfad"}}, {"type": "Feature", "geometry": {"type":"Polygon","coordinates":[[[-0.887717,52.619657],[-0.888022,52.61803],[-0.888843,52.616471],[-0.890148,52.615038],[-0.891886,52.613789],[-0.893992,52.612769],[-0.896384,52.612019],[-0.89897,52.611568],[-0.901651,52.611432],[-0.904324,52.611618],[-0.906887,52.612117],[-0.90924,52.61291],[-0.911294,52.613968],[-0.912969,52.61525],[-0.914202,52.616706],[-0.914944,52.61828],[-0.915168,52.619912],[-0.914864,52.621539],[-0.914044,52.623099],[-0.912739,52.624532],[-0.911001,52.625782],[-0.908895,52.626802],[-0.906502,52.627552],[-0.903915,52.628003],[-0.901233,52.628139],[-0.898559,52.627953],[-0.895996,52.627454],[-0.893642,52.62666],[-0.891588,52.625602],[-0.889913,52.62432],[-0.888681,52.622864],[-0.88794,52.62129],[-0.887717,52.619657]]]}, "properties": {"id": "0aaa49fb-1d1f-4a2d-907d-f251160dfce2", "postcode": "LE7 9YE", "group_id": "f4284e39-e56b-48d7-9087-c1abebec366f"}}, {"type": "Feature", "geometry": {"type":"Polygon","coordinates":[[[-1.200637,51.211043],[-1.200871,51.209701],[-1.201517,51.208414],[-1.202551,51.20723],[-1.203932,51.206196],[-1.205608,51.205351],[-1.207514,51.204727],[-1.209577,51.204349],[-1.211718,51.204232],[-1.213854,51.204378],[-1.215903,51.204784],[-1.217788,51.205433],[-1.219434,51.2063],[-1.22078,51.207353],[-1.221773,51.20855],[-1.222375,51.209846],[-1.222563,51.211191],[-1.22233,51.212533],[-1.221684,51.21382],[-1.220651,51.215004],[-1.21927,51.216039],[-1.217594,51.216884],[-1.215687,51.217507],[-1.213624,51.217885],[-1.211482,51.218003],[-1.209346,51.217857],[-1.207296,51.217451],[-1.205411,51.216802],[-1.203764,51.215934],[-1.202419,51.214881],[-1.201426,51.213684],[-1.200825,51.212388],[-1.200637,51.211043]]]}, "properties": {"id": "0b5d0c1c-1d26-4f55-bf1b-94472280f70f", "postcode": "RG23 7ED", "group_id": "3bb0c4da-bdd4-47be-913f-c10e377b5d72"}}, {"type": "Feature", "geometry": {"type":"Polygon","coordinates":[[[-1.200637,51.211043],[-1.200871,51.209701],[-1.201517,51.208414],[-1.202551,51.20723],[-1.203932,51.206196],[-1.205608,51.205351],[-1.207514,51.204727],[-1.209577,51.204349],[-1.211718,51.204232],[-1.213854,51.204378],[-1.215903,51.204784],[-1.217788,51.205433],[-1.219434,51.2063],[-1.22078,51.207353],[-1.221773,51.20855],[-1.222375,51.209846],[-1.222563,51.211191],[-1.22233,51.212533],[-1.221684,51.21382],[-1.220651,51.215004],[-1.21927,51.216039],[-1.217594,51.216884],[-1.215687,51.217507],[-1.213624,51.217885],[-1.211482,51.218003],[-1.209346,51.217857],[-1.207296,51.217451],[-1.205411,51.216802],[-1.203764,51.215934],[-1.202419,51.214881],[-1.201426,51.213684],[-1.200825,51.212388],[-1.200637,51.211043]]]}, "properties": {"id": "0b5d0c1c-1d26-4f55-bf1b-94472280f70f", "postcode": "RG23 7ED", "group_id": "e8167295-d7f4-4671-913e-f90e96ce8190"}}, {"type": "Feature", "geometry": {"type":"Polygon","coordinates":[[[-0.603416,53.065808],[-0.603542,53.065163],[-0.603875,53.064546],[-0.604402,53.063979],[-0.605102,53.063485],[-0.605949,53.063083],[-0.60691,53.062788],[-0.607947,53.062611],[-0.609022,53.06256],[-0.610093,53.062636],[-0.611119,53.062837],[-0.61206,53.063154],[-0.61288,53.063576],[-0.613548,53.064086],[-0.614037,53.064664],[-0.61433,53.065289],[-0.614415,53.065937],[-0.614289,53.066582],[-0.613956,53.0672],[-0.613429,53.067767],[-0.612729,53.068261],[-0.611883,53.068663],[-0.610922,53.068958],[-0.609884,53.069135],[-0.608809,53.069186],[-0.607738,53.069109],[-0.606712,53.068909],[-0.605771,53.068592],[-0.604951,53.06817],[-0.604283,53.06766],[-0.603793,53.067081],[-0.603501,53.066456],[-0.603416,53.065808]]]}, "properties": {"id": "0bca234a-fb94-4ac9-9b97-ec94500fed34", "postcode": "LN5 0DG", "group_id": "60a73ad8-56fc-4c6a-942c-8d42700b5038"}}, {"type": "Feature", "geometry": {"type":"Polygon","coordinates":[[[0.536804,52.589704],[0.536559,52.588589],[0.535961,52.587525],[0.535034,52.586552],[0.533813,52.585708],[0.532345,52.585026],[0.530687,52.584531],[0.528902,52.584242],[0.52706,52.584171],[0.52523,52.584321],[0.523482,52.584685],[0.521885,52.585249],[0.5205,52.585993],[0.519379,52.586886],[0.518566,52.587896],[0.518092,52.588983],[0.517975,52.590106],[0.51822,52.591221],[0.518818,52.592285],[0.519744,52.593257],[0.520965,52.594101],[0.522433,52.594784],[0.524091,52.595279],[0.525876,52.595568],[0.52772,52.595639],[0.52955,52.595489],[0.531298,52.595125],[0.532895,52.594561],[0.534281,52.593817],[0.535401,52.592923],[0.536214,52.591913],[0.536688,52.590826],[0.536804,52.589704]]]}, "properties": {"id": "0d101836-75ff-4789-8ad0-b56b13b29f74", "postcode": "PE33 9AH", "group_id": "3bd8b114-f504-4798-b91b-aaf4e4fbd4de"}}, {"type": "Feature", "geometry": {"type":"Polygon","coordinates":[[[0.536804,52.589704],[0.536559,52.588589],[0.535961,52.587525],[0.535034,52.586552],[0.533813,52.585708],[0.532345,52.585026],[0.530687,52.584531],[0.528902,52.584242],[0.52706,52.584171],[0.52523,52.584321],[0.523482,52.584685],[0.521885,52.585249],[0.5205,52.585993],[0.519379,52.586886],[0.518566,52.587896],[0.518092,52.588983],[0.517975,52.590106],[0.51822,52.591221],[0.518818,52.592285],[0.519744,52.593257],[0.520965,52.594101],[0.522433,52.594784],[0.524091,52.595279],[0.525876,52.595568],[0.52772,52.595639],[0.52955,52.595489],[0.531298,52.595125],[0.532895,52.594561],[0.534281,52.593817],[0.535401,52.592923],[0.536214,52.591913],[0.536688,52.590826],[0.536804,52.589704]]]}, "properties": {"id": "0d101836-75ff-4789-8ad0-b56b13b29f74", "postcode": "PE33 9AH", "group_id": "e20625b4-ebe0-478a-a825-d3d10301dfad"}}, {"type": "Feature", "geometry": {"type":"Polygon","coordinates":[[[-0.585143,52.657534],[-0.585242,52.657026],[-0.585502,52.65654],[-0.585913,52.656093],[-0.586459,52.655704],[-0.587119,52.655388],[-0.587869,52.655155],[-0.588678,52.655017],[-0.589517,52.654976],[-0.590352,52.655037],[-0.591152,52.655195],[-0.591886,52.655444],[-0.592525,52.655777],[-0.593046,52.656178],[-0.593428,52.656634],[-0.593657,52.657126],[-0.593723,52.657636],[-0.593624,52.658144],[-0.593364,52.65863],[-0.592953,52.659077],[-0.592407,52.659466],[-0.591746,52.659782],[-0.590997,52.660015],[-0.590187,52.660154],[-0.589349,52.660194],[-0.588513,52.660134],[-0.587713,52.659976],[-0.586979,52.659726],[-0.58634,52.659394],[-0.585819,52.658992],[-0.585437,52.658536],[-0.585209,52.658044],[-0.585143,52.657534]]]}, "properties": {"id": "0e14d46d-0692-4fdc-ac37-a2b13d8c7cb1", "postcode": "LE15 8QD", "group_id": "7a228e12-3372-49e0-8820-753ab5723f37"}}, {"type": "Feature", "geometry": {"type":"Polygon","coordinates":[[[-0.585143,52.657534],[-0.585242,52.657026],[-0.585502,52.65654],[-0.585913,52.656093],[-0.586459,52.655704],[-0.587119,52.655388],[-0.587869,52.655155],[-0.588678,52.655017],[-0.589517,52.654976],[-0.590352,52.655037],[-0.591152,52.655195],[-0.591886,52.655444],[-0.592525,52.655777],[-0.593046,52.656178],[-0.593428,52.656634],[-0.593657,52.657126],[-0.593723,52.657636],[-0.593624,52.658144],[-0.593364,52.65863],[-0.592953,52.659077],[-0.592407,52.659466],[-0.591746,52.659782],[-0.590997,52.660015],[-0.590187,52.660154],[-0.589349,52.660194],[-0.588513,52.660134],[-0.587713,52.659976],[-0.586979,52.659726],[-0.58634,52.659394],[-0.585819,52.658992],[-0.585437,52.658536],[-0.585209,52.658044],[-0.585143,52.657534]]]}, "properties": {"id": "0e14d46d-0692-4fdc-ac37-a2b13d8c7cb1", "postcode": "LE15 8QD", "group_id": "f4284e39-e56b-48d7-9087-c1abebec366f"}}, {"type": "Feature", "geometry": {"type":"Polygon","coordinates":[[[-2.584848,50.81443],[-2.585089,50.812744],[-2.585844,50.81112],[-2.587085,50.809621],[-2.588763,50.808304],[-2.590815,50.80722],[-2.593161,50.80641],[-2.595711,50.805905],[-2.598367,50.805726],[-2.601028,50.805878],[-2.603591,50.806356],[-2.605957,50.807142],[-2.608036,50.808205],[-2.609748,50.809505],[-2.611027,50.810991],[-2.611823,50.812607],[-2.612107,50.81429],[-2.611867,50.815976],[-2.611113,50.8176],[-2.609873,50.819099],[-2.608195,50.820416],[-2.606143,50.821501],[-2.603796,50.822311],[-2.601245,50.822816],[-2.598588,50.822995],[-2.595927,50.822843],[-2.593363,50.822365],[-2.590996,50.821579],[-2.588917,50.820515],[-2.587205,50.819215],[-2.585927,50.817729],[-2.585131,50.816113],[-2.584848,50.81443]]]}, "properties": {"id": "0e1b01ae-5e9c-4858-bd1f-dc97cedbc485", "postcode": "DT2 0HH", "group_id": "6cb070a8-3c40-48b7-a594-97fec3894487"}}, {"type": "Feature", "geometry": {"type":"Polygon","coordinates":[[[1.16535,52.017822],[1.16502,52.016395],[1.164245,52.015035],[1.163055,52.013794],[1.161496,52.012721],[1.159627,52.011856],[1.157521,52.011232],[1.155258,52.010874],[1.152926,52.010795],[1.150613,52.010998],[1.148409,52.011476],[1.146398,52.01221],[1.144658,52.013172],[1.143256,52.014325],[1.142244,52.015624],[1.141663,52.017021],[1.141535,52.01846],[1.141864,52.019887],[1.142639,52.021247],[1.143828,52.022488],[1.145387,52.023562],[1.147256,52.024427],[1.149363,52.025051],[1.151626,52.025409],[1.15396,52.025488],[1.156273,52.025285],[1.158478,52.024807],[1.160489,52.024073],[1.162229,52.023111],[1.163631,52.021958],[1.164642,52.020658],[1.165222,52.019261],[1.16535,52.017822]]]}, "properties": {"id": "0f3f415f-6054-482c-b592-59a8dde6086f", "postcode": "IP12 3HL", "group_id": "e0454012-1295-46e6-b208-52cac7018f1f"}}, {"type": "Feature", "geometry": {"type":"Polygon","coordinates":[[[-0.41687,53.170883],[-0.417296,53.168767],[-0.4184,53.166741],[-0.420141,53.164884],[-0.422451,53.163267],[-0.425241,53.161951],[-0.428405,53.160988],[-0.43182,53.160414],[-0.435356,53.160251],[-0.438877,53.160507],[-0.442247,53.16117],[-0.445338,53.162215],[-0.44803,53.163603],[-0.45022,53.165279],[-0.451824,53.16718],[-0.45278,53.169233],[-0.453051,53.171358],[-0.452628,53.173474],[-0.451525,53.1755],[-0.449785,53.177358],[-0.447475,53.178976],[-0.444684,53.180292],[-0.44152,53.181255],[-0.438103,53.18183],[-0.434565,53.181992],[-0.431042,53.181737],[-0.42767,53.181073],[-0.424579,53.180028],[-0.421887,53.178639],[-0.419697,53.176962],[-0.418094,53.175061],[-0.41714,53.173008],[-0.41687,53.170883]]]}, "properties": {"id": "0f72b151-0c5c-4046-9a33-91a217de1ee3", "postcode": "LN4 2HW", "group_id": "60a73ad8-56fc-4c6a-942c-8d42700b5038"}}, {"type": "Feature", "geometry": {"type":"Polygon","coordinates":[[[-0.41687,53.170883],[-0.417296,53.168767],[-0.4184,53.166741],[-0.420141,53.164884],[-0.422451,53.163267],[-0.425241,53.161951],[-0.428405,53.160988],[-0.43182,53.160414],[-0.435356,53.160251],[-0.438877,53.160507],[-0.442247,53.16117],[-0.445338,53.162215],[-0.44803,53.163603],[-0.45022,53.165279],[-0.451824,53.16718],[-0.45278,53.169233],[-0.453051,53.171358],[-0.452628,53.173474],[-0.451525,53.1755],[-0.449785,53.177358],[-0.447475,53.178976],[-0.444684,53.180292],[-0.44152,53.181255],[-0.438103,53.18183],[-0.434565,53.181992],[-0.431042,53.181737],[-0.42767,53.181073],[-0.424579,53.180028],[-0.421887,53.178639],[-0.419697,53.176962],[-0.418094,53.175061],[-0.41714,53.173008],[-0.41687,53.170883]]]}, "properties": {"id": "0f72b151-0c5c-4046-9a33-91a217de1ee3", "postcode": "LN4 2HW", "group_id": "7a228e12-3372-49e0-8820-753ab5723f37"}}, {"type": "Feature", "geometry": {"type":"Polygon","coordinates":[[[-2.152608,52.943029],[-2.152838,52.941584],[-2.153531,52.940194],[-2.154659,52.938913],[-2.156179,52.937789],[-2.158033,52.936865],[-2.16015,52.936178],[-2.162447,52.935754],[-2.164838,52.935608],[-2.16723,52.935747],[-2.16953,52.936165],[-2.171652,52.936846],[-2.173513,52.937764],[-2.175042,52.938884],[-2.17618,52.940163],[-2.176883,52.941551],[-2.177124,52.942995],[-2.176895,52.94444],[-2.176203,52.94583],[-2.175075,52.947112],[-2.173555,52.948237],[-2.171701,52.94916],[-2.169584,52.949848],[-2.167286,52.950272],[-2.164894,52.950418],[-2.162502,52.950279],[-2.1602,52.949861],[-2.158078,52.949179],[-2.156217,52.948261],[-2.154689,52.947141],[-2.153551,52.945862],[-2.152849,52.944474],[-2.152608,52.943029]]]}, "properties": {"id": "104bca25-d05c-49e1-af73-674d14e83e91", "postcode": "ST12 9AW", "group_id": "97c036e3-0da2-4ee0-a282-91d63dbd9412"}}, {"type": "Feature", "geometry": {"type":"Polygon","coordinates":[[[-2.090181,51.166652],[-2.090304,51.16586],[-2.090669,51.165099],[-2.091264,51.164397],[-2.092066,51.163781],[-2.093043,51.163276],[-2.094158,51.1629],[-2.095368,51.162668],[-2.096627,51.162589],[-2.097886,51.162666],[-2.099097,51.162896],[-2.100213,51.16327],[-2.101193,51.163774],[-2.101997,51.164388],[-2.102594,51.165089],[-2.102963,51.16585],[-2.103089,51.166641],[-2.102967,51.167433],[-2.102601,51.168195],[-2.102006,51.168897],[-2.101205,51.169512],[-2.100228,51.170018],[-2.099113,51.170394],[-2.097903,51.170626],[-2.096644,51.170705],[-2.095384,51.170628],[-2.094173,51.170398],[-2.093056,51.170024],[-2.092077,51.16952],[-2.091273,51.168906],[-2.090675,51.168205],[-2.090307,51.167444],[-2.090181,51.166652]]]}, "properties": {"id": "10baaf27-8732-4bea-9112-ca6f1eac1556", "postcode": "BA12 0SZ", "group_id": "6cb070a8-3c40-48b7-a594-97fec3894487"}}, {"type": "Feature", "geometry": {"type":"Polygon","coordinates":[[[-2.745316,52.192306],[-2.745587,52.190413],[-2.746454,52.188589],[-2.747883,52.186904],[-2.749819,52.185423],[-2.752188,52.184203],[-2.754899,52.183289],[-2.757848,52.182719],[-2.760921,52.182513],[-2.764,52.182679],[-2.766967,52.183212],[-2.769708,52.184089],[-2.772119,52.185279],[-2.774105,52.186735],[-2.775591,52.188401],[-2.776521,52.190213],[-2.776856,52.192102],[-2.776586,52.193995],[-2.775721,52.195819],[-2.774292,52.197504],[-2.772356,52.198986],[-2.769987,52.200207],[-2.767275,52.20112],[-2.764326,52.201691],[-2.761252,52.201897],[-2.758171,52.201731],[-2.755203,52.201198],[-2.752461,52.20032],[-2.75005,52.19913],[-2.748064,52.197673],[-2.746578,52.196007],[-2.74565,52.194195],[-2.745316,52.192306]]]}, "properties": {"id": "114baa9d-c770-4a8d-9a1e-48bab638d4f8", "postcode": "HR6 0JH", "group_id": "0d46eb16-4cd0-4c9d-adfc-0fa5ee2c3155"}}, {"type": "Feature", "geometry": {"type":"Polygon","coordinates":[[[-1.215884,52.561191],[-1.216031,52.560376],[-1.216435,52.559593],[-1.217082,52.558874],[-1.217947,52.558246],[-1.218997,52.557733],[-1.22019,52.557354],[-1.221482,52.557124],[-1.222823,52.557053],[-1.22416,52.557142],[-1.225444,52.557388],[-1.226624,52.557783],[-1.227655,52.55831],[-1.228497,52.558949],[-1.229119,52.559677],[-1.229496,52.560464],[-1.229614,52.561281],[-1.229467,52.562096],[-1.229063,52.562879],[-1.228416,52.563598],[-1.227551,52.564226],[-1.226502,52.56474],[-1.225308,52.565118],[-1.224016,52.565348],[-1.222675,52.56542],[-1.221337,52.565331],[-1.220053,52.565084],[-1.218873,52.56469],[-1.217842,52.564162],[-1.217,52.563523],[-1.216378,52.562795],[-1.216001,52.562008],[-1.215884,52.561191]]]}, "properties": {"id": "11e30c2d-d9df-4edc-b5f7-88fa6f3e0f4b", "postcode": "LE9 3GP", "group_id": "1bea1e6d-d8e2-4d53-98f6-87e052101074"}}, {"type": "Feature", "geometry": {"type":"Polygon","coordinates":[[[-0.757525,52.464019],[-0.757965,52.461699],[-0.759138,52.459475],[-0.760998,52.457434],[-0.763474,52.455654],[-0.766471,52.454203],[-0.769874,52.453137],[-0.773551,52.452497],[-0.777362,52.452308],[-0.781161,52.452576],[-0.784801,52.453292],[-0.788142,52.454427],[-0.791057,52.455939],[-0.793433,52.45777],[-0.795179,52.459848],[-0.796228,52.462094],[-0.79654,52.464423],[-0.796102,52.466743],[-0.79493,52.468967],[-0.793071,52.471009],[-0.790595,52.472789],[-0.787598,52.474241],[-0.784194,52.475307],[-0.780515,52.475948],[-0.776702,52.476137],[-0.772902,52.475869],[-0.76926,52.475153],[-0.765917,52.474017],[-0.763002,52.472504],[-0.760627,52.470673],[-0.758882,52.468594],[-0.757834,52.466348],[-0.757525,52.464019]]]}, "properties": {"id": "123dcd77-bccb-4c15-b05b-5e7b26893a7a", "postcode": "NN14 1QU", "group_id": "8a24e1d6-3fcd-4ab7-8c9b-faea6bdd4373"}}, {"type": "Feature", "geometry": {"type":"Polygon","coordinates":[[[-2.420101,53.140587],[-2.420334,53.139076],[-2.421052,53.137622],[-2.422228,53.136279],[-2.423817,53.135101],[-2.425758,53.134131],[-2.427975,53.133408],[-2.430385,53.132959],[-2.432894,53.132801],[-2.435406,53.132941],[-2.437825,53.133372],[-2.440057,53.134079],[-2.442017,53.135035],[-2.443629,53.136201],[-2.444833,53.137535],[-2.44558,53.138984],[-2.445843,53.140493],[-2.445611,53.142004],[-2.444894,53.143459],[-2.443718,53.144801],[-2.442129,53.14598],[-2.440189,53.146949],[-2.43797,53.147673],[-2.43556,53.148122],[-2.43305,53.14828],[-2.430537,53.14814],[-2.428118,53.147709],[-2.425885,53.147002],[-2.423925,53.146046],[-2.422312,53.144879],[-2.42111,53.143545],[-2.420363,53.142096],[-2.420101,53.140587]]]}, "properties": {"id": "12a1bd16-50ad-452e-a669-7e2f0dbf52c7", "postcode": "CW11 3QP", "group_id": "dccc074a-fb77-427b-bb72-8b017ca09618"}}, {"type": "Feature", "geometry": {"type":"Polygon","coordinates":[[[-2.693846,52.8888],[-2.693987,52.887839],[-2.694435,52.886913],[-2.695173,52.886058],[-2.696173,52.885307],[-2.697396,52.884688],[-2.698795,52.884225],[-2.700316,52.883936],[-2.701901,52.883832],[-2.703489,52.883917],[-2.70502,52.884188],[-2.706433,52.884634],[-2.707676,52.885239],[-2.708699,52.885978],[-2.709465,52.886824],[-2.709943,52.887744],[-2.710115,52.888703],[-2.709974,52.889664],[-2.709526,52.89059],[-2.708789,52.891445],[-2.707789,52.892197],[-2.706566,52.892816],[-2.705167,52.893279],[-2.703646,52.893568],[-2.70206,52.893672],[-2.700471,52.893587],[-2.698941,52.893316],[-2.697527,52.892869],[-2.696284,52.892265],[-2.695261,52.891525],[-2.694495,52.890679],[-2.694018,52.889759],[-2.693846,52.8888]]]}, "properties": {"id": "12f77b51-a9f6-4ecd-861e-bc73ac02e05f", "postcode": "SY4 5RG", "group_id": "cb77a7b6-9cf0-4a11-b659-cda47f2a0cbc"}}, {"type": "Feature", "geometry": {"type":"Polygon","coordinates":[[[-1.649766,51.299289],[-1.650031,51.297683],[-1.650791,51.296139],[-1.652016,51.294719],[-1.653659,51.293475],[-1.655658,51.292456],[-1.657935,51.291702],[-1.660403,51.29124],[-1.662968,51.291089],[-1.66553,51.291255],[-1.667991,51.291731],[-1.670257,51.292498],[-1.672241,51.293529],[-1.673866,51.294782],[-1.675071,51.296209],[-1.675808,51.297757],[-1.676049,51.299365],[-1.675785,51.300971],[-1.675026,51.302514],[-1.673802,51.303935],[-1.672158,51.305179],[-1.670159,51.306198],[-1.667882,51.306953],[-1.665413,51.307415],[-1.662847,51.307566],[-1.660284,51.3074],[-1.657822,51.306924],[-1.655555,51.306156],[-1.653571,51.305126],[-1.651946,51.303872],[-1.650743,51.302445],[-1.650007,51.300897],[-1.649766,51.299289]]]}, "properties": {"id": "133a3bf2-7d03-4c90-b565-d7cdbde6ab1c", "postcode": "SN8 3SD", "group_id": "6cb070a8-3c40-48b7-a594-97fec3894487"}}, {"type": "Feature", "geometry": {"type":"Polygon","coordinates":[[[-2.332327,53.220209],[-2.332525,53.218946],[-2.333129,53.217731],[-2.334116,53.21661],[-2.335448,53.215626],[-2.337075,53.214817],[-2.338933,53.214214],[-2.340952,53.21384],[-2.343053,53.21371],[-2.345156,53.213828],[-2.347181,53.21419],[-2.349049,53.214783],[-2.350688,53.215582],[-2.352036,53.216559],[-2.353042,53.217674],[-2.353665,53.218886],[-2.353882,53.220147],[-2.353686,53.221409],[-2.353082,53.222625],[-2.352095,53.223746],[-2.350763,53.22473],[-2.349136,53.225539],[-2.347278,53.226143],[-2.345259,53.226517],[-2.343157,53.226647],[-2.341053,53.226529],[-2.339028,53.226166],[-2.33716,53.225574],[-2.33552,53.224774],[-2.334172,53.223798],[-2.333167,53.222682],[-2.332544,53.22147],[-2.332327,53.220209]]]}, "properties": {"id": "141a1d59-9ccf-4552-8351-58a72407b2c2", "postcode": "CW4 8DS", "group_id": "dccc074a-fb77-427b-bb72-8b017ca09618"}}, {"type": "Feature", "geometry": {"type":"Polygon","coordinates":[[[-1.790514,52.779055],[-1.790627,52.778383],[-1.790953,52.777737],[-1.791481,52.777142],[-1.792191,52.776621],[-1.793054,52.776194],[-1.794038,52.775877],[-1.795105,52.775683],[-1.796214,52.775618],[-1.797323,52.775687],[-1.798388,52.775885],[-1.799369,52.776205],[-1.800229,52.776635],[-1.800933,52.777158],[-1.801456,52.777755],[-1.801776,52.778402],[-1.801882,52.779075],[-1.80177,52.779747],[-1.801444,52.780393],[-1.800916,52.780988],[-1.800206,52.781509],[-1.799343,52.781936],[-1.798359,52.782253],[-1.797292,52.782447],[-1.796182,52.782512],[-1.795074,52.782444],[-1.794008,52.782246],[-1.793027,52.781925],[-1.792168,52.781495],[-1.791463,52.780972],[-1.790941,52.780375],[-1.79062,52.779728],[-1.790514,52.779055]]]}, "properties": {"id": "14b37e1d-72b4-490a-a299-25cbad1ba3b2", "postcode": "DE13 8PG", "group_id": "97c036e3-0da2-4ee0-a282-91d63dbd9412"}}, {"type": "Feature", "geometry": {"type":"Polygon","coordinates":[[[0.174033,51.939943],[0.173692,51.938308],[0.172842,51.936746],[0.171515,51.935316],[0.169763,51.934073],[0.167652,51.933066],[0.165264,51.932333],[0.16269,51.931901],[0.16003,51.931788],[0.157385,51.931999],[0.154858,51.932524],[0.152544,51.933343],[0.150534,51.934426],[0.148904,51.935731],[0.147716,51.937207],[0.147018,51.938798],[0.146835,51.940442],[0.147174,51.942077],[0.148024,51.94364],[0.14935,51.94507],[0.151102,51.946313],[0.153213,51.94732],[0.155602,51.948054],[0.158177,51.948486],[0.160838,51.948598],[0.163484,51.948388],[0.166012,51.947863],[0.168326,51.947043],[0.170336,51.94596],[0.171966,51.944655],[0.173153,51.943179],[0.173851,51.941588],[0.174033,51.939943]]]}, "properties": {"id": "15b69308-4300-4b4f-98c0-1259716b511b", "postcode": "CM23 1AA", "group_id": "9e6449fd-d980-4d4b-9ae4-8db27f5e18bd"}}, {"type": "Feature", "geometry": {"type":"Polygon","coordinates":[[[-3.78547,50.823793],[-3.785543,50.823165],[-3.785809,50.822558],[-3.786256,50.821996],[-3.786868,50.8215],[-3.787621,50.821089],[-3.788486,50.820779],[-3.789429,50.820581],[-3.790416,50.820505],[-3.791407,50.820551],[-3.792365,50.820719],[-3.793253,50.821002],[-3.794036,50.82139],[-3.794685,50.821867],[-3.795175,50.822415],[-3.795486,50.823012],[-3.795608,50.823637],[-3.795534,50.824265],[-3.795269,50.824872],[-3.794822,50.825434],[-3.79421,50.82593],[-3.793457,50.826342],[-3.792592,50.826652],[-3.791648,50.826849],[-3.790662,50.826926],[-3.78967,50.826879],[-3.788712,50.826711],[-3.787825,50.826428],[-3.787041,50.826041],[-3.786392,50.825564],[-3.785903,50.825016],[-3.785591,50.824418],[-3.78547,50.823793]]]}, "properties": {"id": "17e1eba5-6f12-4a15-be59-d07952788e23", "postcode": "EX17 6EE", "group_id": "b148cd75-c32d-44e8-806e-85688ab1d059"}}, {"type": "Feature", "geometry": {"type":"Polygon","coordinates":[[[-1.853065,51.083607],[-1.853625,51.080097],[-1.855262,51.076724],[-1.857911,51.073616],[-1.861471,51.070893],[-1.865806,51.06866],[-1.870748,51.067003],[-1.876108,51.065985],[-1.88168,51.065645],[-1.887251,51.065996],[-1.892606,51.067025],[-1.89754,51.068692],[-1.901863,51.070934],[-1.905409,51.073664],[-1.908043,51.076777],[-1.909661,51.080154],[-1.910204,51.083665],[-1.909648,51.087175],[-1.908015,51.090549],[-1.905368,51.093658],[-1.901809,51.096382],[-1.897474,51.098616],[-1.892529,51.100275],[-1.887165,51.101293],[-1.881589,51.101634],[-1.876014,51.101282],[-1.870655,51.100252],[-1.865719,51.098584],[-1.861395,51.096341],[-1.85785,51.09361],[-1.855219,51.090496],[-1.853603,51.087118],[-1.853065,51.083607]]]}, "properties": {"id": "1834e1c2-a566-470c-b737-86fbb27a9667", "postcode": "SP2 0BJ", "group_id": "6cb070a8-3c40-48b7-a594-97fec3894487"}}, {"type": "Feature", "geometry": {"type":"Polygon","coordinates":[[[-3.943031,51.106554],[-3.943058,51.106323],[-3.943155,51.1061],[-3.94332,51.105892],[-3.943546,51.105709],[-3.943825,51.105557],[-3.944145,51.105443],[-3.944494,51.10537],[-3.94486,51.105341],[-3.945227,51.105357],[-3.945582,51.105419],[-3.945911,51.105523],[-3.946202,51.105665],[-3.946443,51.10584],[-3.946625,51.106042],[-3.946741,51.106262],[-3.946787,51.106492],[-3.946761,51.106723],[-3.946663,51.106947],[-3.946498,51.107154],[-3.946272,51.107337],[-3.945994,51.107489],[-3.945674,51.107603],[-3.945324,51.107677],[-3.944959,51.107705],[-3.944592,51.107689],[-3.944236,51.107627],[-3.943907,51.107524],[-3.943616,51.107381],[-3.943375,51.107206],[-3.943193,51.107004],[-3.943077,51.106784],[-3.943031,51.106554]]]}, "properties": {"id": "19b9b2bb-afc8-4856-92e3-1216383cdb0b", "postcode": "EX32 7LE", "group_id": "b148cd75-c32d-44e8-806e-85688ab1d059"}}, {"type": "Feature", "geometry": {"type":"Polygon","coordinates":[[[-1.770454,51.798478],[-1.77064,51.797346],[-1.771178,51.796259],[-1.772048,51.795257],[-1.773216,51.79438],[-1.774637,51.793661],[-1.776258,51.793128],[-1.778015,51.792801],[-1.779841,51.792693],[-1.781665,51.792808],[-1.783419,51.793142],[-1.785034,51.793681],[-1.786449,51.794405],[-1.787608,51.795286],[-1.788468,51.796291],[-1.788996,51.79738],[-1.78917,51.798513],[-1.788985,51.799644],[-1.788448,51.800732],[-1.787578,51.801733],[-1.78641,51.80261],[-1.784988,51.803329],[-1.783368,51.803863],[-1.781611,51.80419],[-1.779784,51.804298],[-1.777959,51.804183],[-1.776205,51.803849],[-1.774589,51.80331],[-1.773175,51.802586],[-1.772015,51.801704],[-1.771155,51.800699],[-1.770628,51.79961],[-1.770454,51.798478]]]}, "properties": {"id": "1a9e1aa8-6ca4-4bfe-baae-60eab3e5918e", "postcode": "GL54 3RA", "group_id": "cc94d8f7-66af-4ed5-ac46-42b640648e8a"}}, {"type": "Feature", "geometry": {"type":"Polygon","coordinates":[[[1.159059,52.001013],[1.158835,52.000043],[1.158308,51.999118],[1.1575,51.998274],[1.15644,51.997544],[1.15517,51.996956],[1.153738,51.996532],[1.1522,51.996288],[1.150614,51.996235],[1.149042,51.996373],[1.147544,51.996698],[1.146177,51.997197],[1.144994,51.997851],[1.144041,51.998635],[1.143354,51.999518],[1.142959,52.000468],[1.142872,52.001447],[1.143095,52.002417],[1.143622,52.003342],[1.14443,52.004186],[1.14549,52.004916],[1.14676,52.005504],[1.148192,52.005928],[1.149731,52.006172],[1.151316,52.006226],[1.152889,52.006088],[1.154387,52.005763],[1.155754,52.005263],[1.156937,52.004609],[1.15789,52.003825],[1.158578,52.002941],[1.158972,52.001992],[1.159059,52.001013]]]}, "properties": {"id": "1ade50be-5994-4aca-a378-0ff7a07737bd", "postcode": "IP12 3HL", "group_id": "e0454012-1295-46e6-b208-52cac7018f1f"}}, {"type": "Feature", "geometry": {"type":"Polygon","coordinates":[[[-2.07481,50.859184],[-2.075267,50.856218],[-2.076629,50.853364],[-2.078845,50.850734],[-2.081828,50.848428],[-2.085464,50.846534],[-2.089613,50.845126],[-2.094117,50.844257],[-2.098801,50.843961],[-2.103487,50.844249],[-2.107994,50.845111],[-2.11215,50.846512],[-2.115794,50.848399],[-2.118787,50.8507],[-2.121013,50.853327],[-2.122387,50.856178],[-2.122857,50.859143],[-2.122403,50.86211],[-2.121043,50.864964],[-2.11883,50.867595],[-2.115847,50.869902],[-2.112211,50.871797],[-2.108059,50.873206],[-2.103553,50.874075],[-2.098866,50.874371],[-2.094177,50.874083],[-2.089667,50.873221],[-2.08551,50.871819],[-2.081865,50.869931],[-2.078873,50.867629],[-2.076648,50.865002],[-2.075277,50.86215],[-2.07481,50.859184]]]}, "properties": {"id": "1c268af7-6e05-4561-99c7-b9eab0a5b27d", "postcode": "DT11 8SF", "group_id": "6cb070a8-3c40-48b7-a594-97fec3894487"}}, {"type": "Feature", "geometry": {"type":"Polygon","coordinates":[[[-0.547786,53.35469],[-0.548143,53.352892],[-0.54908,53.351171],[-0.55056,53.349592],[-0.552526,53.348217],[-0.554903,53.347097],[-0.557599,53.346276],[-0.560511,53.345786],[-0.563526,53.345645],[-0.56653,53.345858],[-0.569406,53.346418],[-0.572045,53.347303],[-0.574345,53.348479],[-0.576217,53.349901],[-0.577589,53.351514],[-0.57841,53.353257],[-0.578646,53.355061],[-0.57829,53.356859],[-0.577354,53.35858],[-0.575875,53.360159],[-0.573909,53.361535],[-0.571532,53.362655],[-0.568835,53.363476],[-0.565922,53.363967],[-0.562905,53.364108],[-0.5599,53.363895],[-0.557023,53.363334],[-0.554383,53.362449],[-0.552084,53.361272],[-0.550212,53.35985],[-0.54884,53.358237],[-0.548021,53.356494],[-0.547786,53.35469]]]}, "properties": {"id": "1c83015b-835c-4135-b130-41f3f6f860d2", "postcode": "LN1 2QY", "group_id": "7a228e12-3372-49e0-8820-753ab5723f37"}}, {"type": "Feature", "geometry": {"type":"Polygon","coordinates":[[[-1.398081,51.961561],[-1.398661,51.958205],[-1.40029,51.954984],[-1.402904,51.952021],[-1.406403,51.94943],[-1.410653,51.94731],[-1.41549,51.945743],[-1.420728,51.944789],[-1.426167,51.944485],[-1.431597,51.944842],[-1.436811,51.945847],[-1.441607,51.947461],[-1.445802,51.949621],[-1.449235,51.952246],[-1.451773,51.955235],[-1.45332,51.958472],[-1.453814,51.961833],[-1.453238,51.965189],[-1.451613,51.968411],[-1.449001,51.971375],[-1.445502,51.973967],[-1.441251,51.976088],[-1.436412,51.977656],[-1.43117,51.978611],[-1.425727,51.978915],[-1.420293,51.978558],[-1.415076,51.977552],[-1.410278,51.975937],[-1.406082,51.973775],[-1.40265,51.971149],[-1.400114,51.96816],[-1.398571,51.964922],[-1.398081,51.961561]]]}, "properties": {"id": "1cec8689-ffa7-40da-8f19-9a8c376016d8", "postcode": "OX7 4BT", "group_id": "d464e159-9c3c-4dd3-ac96-4f6b6ce6a241"}}, {"type": "Feature", "geometry": {"type":"Polygon","coordinates":[[[-3.751165,51.026148],[-3.751351,51.024573],[-3.75202,51.023052],[-3.753148,51.021642],[-3.754689,51.020398],[-3.756586,51.019367],[-3.758765,51.01859],[-3.761143,51.018096],[-3.763627,51.017903],[-3.766124,51.01802],[-3.768536,51.018442],[-3.770772,51.019153],[-3.772745,51.020125],[-3.774379,51.021321],[-3.775612,51.022695],[-3.776396,51.024195],[-3.776702,51.025762],[-3.776516,51.027337],[-3.775848,51.028858],[-3.774721,51.030269],[-3.773179,51.031513],[-3.771282,51.032544],[-3.769103,51.033321],[-3.766725,51.033816],[-3.764239,51.034008],[-3.761742,51.033891],[-3.759329,51.033469],[-3.757093,51.032758],[-3.75512,51.031786],[-3.753485,51.030589],[-3.752253,51.029215],[-3.751469,51.027715],[-3.751165,51.026148]]]}, "properties": {"id": "1df7d465-7fd0-47d3-bac2-5312501e5bc4", "postcode": "EX36 3QS", "group_id": "b148cd75-c32d-44e8-806e-85688ab1d059"}}, {"type": "Feature", "geometry": {"type":"Polygon","coordinates":[[[-2.135932,50.795938],[-2.136203,50.794158],[-2.137017,50.792446],[-2.138342,50.790868],[-2.140127,50.789484],[-2.142305,50.788347],[-2.14479,50.787501],[-2.147487,50.786978],[-2.150294,50.7868],[-2.153101,50.786971],[-2.155802,50.787487],[-2.158292,50.788326],[-2.160477,50.789457],[-2.162271,50.790837],[-2.163606,50.792412],[-2.164431,50.794122],[-2.164714,50.795901],[-2.164444,50.797681],[-2.163631,50.799393],[-2.162306,50.800972],[-2.160521,50.802356],[-2.158344,50.803494],[-2.155858,50.80434],[-2.15316,50.804862],[-2.150352,50.805041],[-2.147543,50.80487],[-2.144842,50.804354],[-2.142351,50.803514],[-2.140166,50.802383],[-2.138372,50.801003],[-2.137037,50.799427],[-2.136213,50.797717],[-2.135932,50.795938]]]}, "properties": {"id": "1f219969-2740-406e-9853-e217540c0922", "postcode": "DT11 9ER", "group_id": "6cb070a8-3c40-48b7-a594-97fec3894487"}}, {"type": "Feature", "geometry": {"type":"Polygon","coordinates":[[[-0.541247,52.359599],[-0.541519,52.358196],[-0.542234,52.356852],[-0.543363,52.355619],[-0.544863,52.354545],[-0.546676,52.35367],[-0.548733,52.353029],[-0.550955,52.352646],[-0.553256,52.352536],[-0.555548,52.352702],[-0.557743,52.353139],[-0.559757,52.35383],[-0.561512,52.354748],[-0.562941,52.355859],[-0.563988,52.357118],[-0.564614,52.358479],[-0.564795,52.359888],[-0.564523,52.361291],[-0.563809,52.362635],[-0.562681,52.363869],[-0.561181,52.364943],[-0.559367,52.365818],[-0.55731,52.366459],[-0.555087,52.366842],[-0.552785,52.366953],[-0.550492,52.366786],[-0.548297,52.366349],[-0.546283,52.365658],[-0.544528,52.364739],[-0.543099,52.363629],[-0.542052,52.362369],[-0.541427,52.361009],[-0.541247,52.359599]]]}, "properties": {"id": "1f24f0d2-0a5e-43c2-b071-e14d362c4f47", "postcode": "NN14 4AT", "group_id": "8a24e1d6-3fcd-4ab7-8c9b-faea6bdd4373"}}, {"type": "Feature", "geometry": {"type":"Polygon","coordinates":[[[-0.541247,52.359599],[-0.541519,52.358196],[-0.542234,52.356852],[-0.543363,52.355619],[-0.544863,52.354545],[-0.546676,52.35367],[-0.548733,52.353029],[-0.550955,52.352646],[-0.553256,52.352536],[-0.555548,52.352702],[-0.557743,52.353139],[-0.559757,52.35383],[-0.561512,52.354748],[-0.562941,52.355859],[-0.563988,52.357118],[-0.564614,52.358479],[-0.564795,52.359888],[-0.564523,52.361291],[-0.563809,52.362635],[-0.562681,52.363869],[-0.561181,52.364943],[-0.559367,52.365818],[-0.55731,52.366459],[-0.555087,52.366842],[-0.552785,52.366953],[-0.550492,52.366786],[-0.548297,52.366349],[-0.546283,52.365658],[-0.544528,52.364739],[-0.543099,52.363629],[-0.542052,52.362369],[-0.541427,52.361009],[-0.541247,52.359599]]]}, "properties": {"id": "1f24f0d2-0a5e-43c2-b071-e14d362c4f47", "postcode": "NN14 4AT", "group_id": "79b6ee0b-f1e1-4e97-8270-4fc003a7d8dc"}}, {"type": "Feature", "geometry": {"type":"Polygon","coordinates":[[[-1.348308,51.434344],[-1.348656,51.432316],[-1.349631,51.430369],[-1.351195,51.428579],[-1.353287,51.427014],[-1.355827,51.425734],[-1.358718,51.424788],[-1.361848,51.424213],[-1.365097,51.424031],[-1.368341,51.424248],[-1.371455,51.424857],[-1.374319,51.425834],[-1.376823,51.427141],[-1.378872,51.428729],[-1.380385,51.430536],[-1.381306,51.432492],[-1.381599,51.434524],[-1.381251,51.436552],[-1.380278,51.438499],[-1.378715,51.440289],[-1.376623,51.441855],[-1.374083,51.443135],[-1.371191,51.444082],[-1.36806,51.444657],[-1.364809,51.444839],[-1.361563,51.444622],[-1.358448,51.444013],[-1.355584,51.443035],[-1.353079,51.441727],[-1.351031,51.440139],[-1.349518,51.438332],[-1.348599,51.436375],[-1.348308,51.434344]]]}, "properties": {"id": "20719cd3-725e-4a7c-9905-2cc1df943af5", "postcode": "RG20 8DS", "group_id": "a09108de-6364-4e32-a2be-262ce0d3b66b"}}, {"type": "Feature", "geometry": {"type":"Polygon","coordinates":[[[-0.444387,52.243274],[-0.444628,52.242045],[-0.445255,52.240868],[-0.446244,52.239788],[-0.447556,52.238848],[-0.449143,52.238083],[-0.450941,52.237523],[-0.452884,52.237189],[-0.454895,52.237094],[-0.456897,52.237241],[-0.458815,52.237626],[-0.460573,52.238233],[-0.462105,52.239039],[-0.463351,52.240012],[-0.464264,52.241116],[-0.464808,52.242309],[-0.464963,52.243543],[-0.464723,52.244773],[-0.464097,52.24595],[-0.463108,52.24703],[-0.461796,52.24797],[-0.460209,52.248735],[-0.45841,52.249295],[-0.456468,52.249629],[-0.454456,52.249725],[-0.452453,52.249577],[-0.450535,52.249192],[-0.448776,52.248585],[-0.447245,52.247779],[-0.445999,52.246806],[-0.445086,52.245701],[-0.444542,52.244509],[-0.444387,52.243274]]]}, "properties": {"id": "20b39d98-00fb-4f68-90ae-ad12740176a7", "postcode": "MK44 2HU", "group_id": "af68fec4-7fdb-4246-bbf0-6067ace38189"}}, {"type": "Feature", "geometry": {"type":"Polygon","coordinates":[[[-0.444387,52.243274],[-0.444628,52.242045],[-0.445255,52.240868],[-0.446244,52.239788],[-0.447556,52.238848],[-0.449143,52.238083],[-0.450941,52.237523],[-0.452884,52.237189],[-0.454895,52.237094],[-0.456897,52.237241],[-0.458815,52.237626],[-0.460573,52.238233],[-0.462105,52.239039],[-0.463351,52.240012],[-0.464264,52.241116],[-0.464808,52.242309],[-0.464963,52.243543],[-0.464723,52.244773],[-0.464097,52.24595],[-0.463108,52.24703],[-0.461796,52.24797],[-0.460209,52.248735],[-0.45841,52.249295],[-0.456468,52.249629],[-0.454456,52.249725],[-0.452453,52.249577],[-0.450535,52.249192],[-0.448776,52.248585],[-0.447245,52.247779],[-0.445999,52.246806],[-0.445086,52.245701],[-0.444542,52.244509],[-0.444387,52.243274]]]}, "properties": {"id": "20b39d98-00fb-4f68-90ae-ad12740176a7", "postcode": "MK44 2HU", "group_id": "849cc9af-4d60-4284-bc1a-8a35d54c7661"}}, {"type": "Feature", "geometry": {"type":"Polygon","coordinates":[[[-0.444658,52.849385],[-0.445014,52.847596],[-0.445939,52.845883],[-0.447398,52.844312],[-0.449336,52.842945],[-0.451676,52.841832],[-0.45433,52.841017],[-0.457196,52.840531],[-0.460163,52.840392],[-0.463118,52.840607],[-0.465947,52.841167],[-0.468541,52.84205],[-0.470801,52.843223],[-0.47264,52.84464],[-0.473987,52.846247],[-0.47479,52.847982],[-0.475019,52.849779],[-0.474664,52.851568],[-0.47374,52.853281],[-0.472281,52.854852],[-0.470344,52.85622],[-0.468003,52.857333],[-0.465348,52.858149],[-0.462481,52.858635],[-0.459513,52.858773],[-0.456557,52.858558],[-0.453727,52.857998],[-0.451132,52.857114],[-0.448872,52.855941],[-0.447034,52.854524],[-0.445688,52.852917],[-0.444885,52.851181],[-0.444658,52.849385]]]}, "properties": {"id": "26331e74-0aef-4a69-b3d3-054d404c0364", "postcode": "PE10 0RZ", "group_id": "7a228e12-3372-49e0-8820-753ab5723f37"}}, {"type": "Feature", "geometry": {"type":"Polygon","coordinates":[[[-1.926905,51.810732],[-1.927145,51.809238],[-1.927851,51.807802],[-1.928994,51.806478],[-1.930533,51.805319],[-1.932406,51.804367],[-1.934543,51.803661],[-1.936861,51.803226],[-1.939271,51.80308],[-1.941681,51.803229],[-1.943998,51.803665],[-1.946133,51.804374],[-1.948004,51.805328],[-1.949539,51.806489],[-1.950679,51.807813],[-1.951381,51.80925],[-1.951617,51.810745],[-1.951378,51.812239],[-1.950673,51.813675],[-1.94953,51.814999],[-1.947992,51.816159],[-1.946118,51.81711],[-1.943981,51.817817],[-1.941662,51.818252],[-1.939251,51.818398],[-1.93684,51.818249],[-1.934523,51.817812],[-1.932387,51.817103],[-1.930516,51.81615],[-1.928981,51.814988],[-1.927841,51.813663],[-1.92714,51.812226],[-1.926905,51.810732]]]}, "properties": {"id": "266019c8-613b-4bdf-95d6-c22a3854b0ca", "postcode": "GL54 4AA", "group_id": "cc94d8f7-66af-4ed5-ac46-42b640648e8a"}}, {"type": "Feature", "geometry": {"type":"Polygon","coordinates":[[[-0.604595,52.674663],[-0.604786,52.673682],[-0.605287,52.672743],[-0.60608,52.671882],[-0.607135,52.671131],[-0.60841,52.670519],[-0.609857,52.670071],[-0.61142,52.669802],[-0.613039,52.669724],[-0.614652,52.66984],[-0.616197,52.670145],[-0.617615,52.670627],[-0.61885,52.671268],[-0.619856,52.672043],[-0.620594,52.672922],[-0.621036,52.673873],[-0.621164,52.674857],[-0.620974,52.675837],[-0.620473,52.676777],[-0.61968,52.677638],[-0.618625,52.678389],[-0.61735,52.679001],[-0.615903,52.67945],[-0.61434,52.679718],[-0.61272,52.679796],[-0.611107,52.67968],[-0.609562,52.679375],[-0.608144,52.678893],[-0.606908,52.678252],[-0.605902,52.677477],[-0.605164,52.676597],[-0.604723,52.675647],[-0.604595,52.674663]]]}, "properties": {"id": "269123d8-9e46-47ce-9907-37efc939ada3", "postcode": "LE15 8RP", "group_id": "7a228e12-3372-49e0-8820-753ab5723f37"}}, {"type": "Feature", "geometry": {"type":"Polygon","coordinates":[[[-0.604595,52.674663],[-0.604786,52.673682],[-0.605287,52.672743],[-0.60608,52.671882],[-0.607135,52.671131],[-0.60841,52.670519],[-0.609857,52.670071],[-0.61142,52.669802],[-0.613039,52.669724],[-0.614652,52.66984],[-0.616197,52.670145],[-0.617615,52.670627],[-0.61885,52.671268],[-0.619856,52.672043],[-0.620594,52.672922],[-0.621036,52.673873],[-0.621164,52.674857],[-0.620974,52.675837],[-0.620473,52.676777],[-0.61968,52.677638],[-0.618625,52.678389],[-0.61735,52.679001],[-0.615903,52.67945],[-0.61434,52.679718],[-0.61272,52.679796],[-0.611107,52.67968],[-0.609562,52.679375],[-0.608144,52.678893],[-0.606908,52.678252],[-0.605902,52.677477],[-0.605164,52.676597],[-0.604723,52.675647],[-0.604595,52.674663]]]}, "properties": {"id": "269123d8-9e46-47ce-9907-37efc939ada3", "postcode": "LE15 8RP", "group_id": "f4284e39-e56b-48d7-9087-c1abebec366f"}}, {"type": "Feature", "geometry": {"type":"Polygon","coordinates":[[[-1.380292,51.008904],[-1.380402,51.008251],[-1.380712,51.007625],[-1.38121,51.007049],[-1.381877,51.006545],[-1.382687,51.006133],[-1.383608,51.005829],[-1.384606,51.005643],[-1.385642,51.005584],[-1.386676,51.005654],[-1.387668,51.00585],[-1.388582,51.006164],[-1.38938,51.006585],[-1.390033,51.007095],[-1.390516,51.007676],[-1.39081,51.008306],[-1.390903,51.00896],[-1.390793,51.009612],[-1.390482,51.010238],[-1.389985,51.010815],[-1.389318,51.011318],[-1.388508,51.01173],[-1.387587,51.012035],[-1.386589,51.01222],[-1.385553,51.012279],[-1.384519,51.012209],[-1.383526,51.012014],[-1.382613,51.011699],[-1.381814,51.011279],[-1.381161,51.010768],[-1.380678,51.010187],[-1.380385,51.009557],[-1.380292,51.008904]]]}, "properties": {"id": "26d13c23-4ee6-4801-a55f-4f825e516f9c", "postcode": "SO21 3LE", "group_id": "3bb0c4da-bdd4-47be-913f-c10e377b5d72"}}, {"type": "Feature", "geometry": {"type":"Polygon","coordinates":[[[-2.331468,53.115963],[-2.331759,53.114097],[-2.332649,53.112301],[-2.334105,53.110644],[-2.33607,53.10919],[-2.338468,53.107994],[-2.341208,53.107102],[-2.344184,53.10655],[-2.347282,53.106357],[-2.350383,53.106532],[-2.353368,53.107067],[-2.356122,53.107942],[-2.358539,53.109124],[-2.360527,53.110567],[-2.36201,53.112215],[-2.362929,53.114006],[-2.36325,53.115871],[-2.36296,53.117737],[-2.362071,53.119533],[-2.360616,53.12119],[-2.358652,53.122645],[-2.356253,53.123842],[-2.353513,53.124733],[-2.350536,53.125286],[-2.347436,53.125479],[-2.344334,53.125304],[-2.341348,53.124769],[-2.338593,53.123893],[-2.336175,53.122711],[-2.334187,53.121268],[-2.332706,53.119619],[-2.331788,53.117828],[-2.331468,53.115963]]]}, "properties": {"id": "280489b0-0d32-4318-801b-f7fd62f69124", "postcode": "CW11 4SE", "group_id": "dccc074a-fb77-427b-bb72-8b017ca09618"}}, {"type": "Feature", "geometry": {"type":"Polygon","coordinates":[[[-0.578028,51.978037],[-0.578832,51.973843],[-0.580944,51.969826],[-0.584284,51.966141],[-0.588724,51.962928],[-0.594092,51.960313],[-0.600182,51.958394],[-0.606761,51.957246],[-0.613576,51.956912],[-0.620365,51.957406],[-0.626869,51.958708],[-0.632836,51.960769],[-0.638039,51.963509],[-0.642277,51.966823],[-0.645388,51.970585],[-0.647251,51.974649],[-0.647795,51.978859],[-0.646998,51.983054],[-0.64489,51.987072],[-0.641554,51.990759],[-0.637115,51.993974],[-0.631745,51.996591],[-0.625651,51.998512],[-0.619067,51.999661],[-0.612245,51.999995],[-0.60545,51.9995],[-0.598941,51.998197],[-0.59297,51.996134],[-0.587766,51.993392],[-0.58353,51.990076],[-0.580423,51.986313],[-0.578566,51.982248],[-0.578028,51.978037]]]}, "properties": {"id": "2853bbaf-315c-40fe-b5a6-9a4c758cffaf", "postcode": "MK17 9PG", "group_id": "af68fec4-7fdb-4246-bbf0-6067ace38189"}}, {"type": "Feature", "geometry": {"type":"Polygon","coordinates":[[[0.284438,51.941041],[0.284248,51.94014],[0.283778,51.93928],[0.283045,51.938493],[0.282077,51.937809],[0.280913,51.937255],[0.279596,51.936852],[0.278177,51.936616],[0.276711,51.936555],[0.275254,51.936673],[0.273861,51.936963],[0.272588,51.937416],[0.271481,51.938014],[0.270585,51.938734],[0.269933,51.939548],[0.269551,51.940425],[0.269452,51.941331],[0.269642,51.942232],[0.270112,51.943092],[0.270845,51.94388],[0.271812,51.944563],[0.272977,51.945117],[0.274294,51.94552],[0.275713,51.945757],[0.27718,51.945817],[0.278637,51.9457],[0.28003,51.945409],[0.281303,51.944956],[0.28241,51.944358],[0.283306,51.943638],[0.283958,51.942824],[0.28434,51.941947],[0.284438,51.941041]]]}, "properties": {"id": "2917600b-3dcb-40cb-8022-686daf129d6d", "postcode": "CM22 6FH", "group_id": "e0454012-1295-46e6-b208-52cac7018f1f"}}, {"type": "Feature", "geometry": {"type":"Polygon","coordinates":[[[-1.60102,52.7089],[-1.60128,52.707382],[-1.602023,52.705925],[-1.603219,52.704583],[-1.604823,52.703409],[-1.606773,52.702448],[-1.608994,52.701736],[-1.611402,52.701301],[-1.613902,52.70116],[-1.6164,52.701317],[-1.6188,52.701768],[-1.621009,52.702494],[-1.622942,52.703468],[-1.624525,52.704653],[-1.625697,52.706002],[-1.626414,52.707464],[-1.626647,52.708983],[-1.626388,52.710501],[-1.625646,52.711959],[-1.624451,52.7133],[-1.622847,52.714475],[-1.620897,52.715436],[-1.618675,52.716148],[-1.616267,52.716583],[-1.613765,52.716725],[-1.611266,52.716567],[-1.608866,52.716116],[-1.606657,52.71539],[-1.604723,52.714416],[-1.60314,52.713231],[-1.601968,52.711881],[-1.601253,52.710419],[-1.60102,52.7089]]]}, "properties": {"id": "2b16164f-3256-47fd-acdd-77ac0d7c3300", "postcode": "B79 0AX", "group_id": "97c036e3-0da2-4ee0-a282-91d63dbd9412"}}, {"type": "Feature", "geometry": {"type":"Polygon","coordinates":[[[0.648257,51.72613],[0.64795,51.724722],[0.647207,51.723379],[0.646057,51.722151],[0.644542,51.721086],[0.642723,51.720225],[0.640668,51.719601],[0.638456,51.719238],[0.636174,51.71915],[0.633907,51.71934],[0.631743,51.719802],[0.629766,51.720516],[0.628052,51.721456],[0.626665,51.722586],[0.62566,51.723862],[0.625075,51.725236],[0.624933,51.726654],[0.625239,51.728062],[0.625981,51.729405],[0.627132,51.730633],[0.628646,51.731698],[0.630466,51.73256],[0.632521,51.733184],[0.634733,51.733547],[0.637017,51.733635],[0.639284,51.733445],[0.641448,51.732983],[0.643426,51.732269],[0.64514,51.731328],[0.646527,51.730198],[0.647531,51.728922],[0.648115,51.727548],[0.648257,51.72613]]]}, "properties": {"id": "2b8ac854-2323-44b0-b941-44a6fbee0a58", "postcode": "CM9 6RL", "group_id": "e0454012-1295-46e6-b208-52cac7018f1f"}}, {"type": "Feature", "geometry": {"type":"Polygon","coordinates":[[[-0.640613,52.791934],[-0.640971,52.790088],[-0.641917,52.788319],[-0.643413,52.786697],[-0.645402,52.785283],[-0.647808,52.784131],[-0.650538,52.783285],[-0.653488,52.782779],[-0.656544,52.782632],[-0.659589,52.782848],[-0.662505,52.783421],[-0.665182,52.784327],[-0.667515,52.785533],[-0.669416,52.786991],[-0.670811,52.788647],[-0.671647,52.790435],[-0.671891,52.792288],[-0.671534,52.794134],[-0.67059,52.795902],[-0.669094,52.797525],[-0.667105,52.79894],[-0.664699,52.800092],[-0.661968,52.800938],[-0.659017,52.801444],[-0.65596,52.801592],[-0.652914,52.801375],[-0.649996,52.800802],[-0.647319,52.799896],[-0.644985,52.79869],[-0.643085,52.797231],[-0.641691,52.795575],[-0.640856,52.793787],[-0.640613,52.791934]]]}, "properties": {"id": "2c7fa9cb-0403-470d-8d67-0703554ffdce", "postcode": "NG33 5QT", "group_id": "60a73ad8-56fc-4c6a-942c-8d42700b5038"}}, {"type": "Feature", "geometry": {"type":"Polygon","coordinates":[[[-0.640613,52.791934],[-0.640971,52.790088],[-0.641917,52.788319],[-0.643413,52.786697],[-0.645402,52.785283],[-0.647808,52.784131],[-0.650538,52.783285],[-0.653488,52.782779],[-0.656544,52.782632],[-0.659589,52.782848],[-0.662505,52.783421],[-0.665182,52.784327],[-0.667515,52.785533],[-0.669416,52.786991],[-0.670811,52.788647],[-0.671647,52.790435],[-0.671891,52.792288],[-0.671534,52.794134],[-0.67059,52.795902],[-0.669094,52.797525],[-0.667105,52.79894],[-0.664699,52.800092],[-0.661968,52.800938],[-0.659017,52.801444],[-0.65596,52.801592],[-0.652914,52.801375],[-0.649996,52.800802],[-0.647319,52.799896],[-0.644985,52.79869],[-0.643085,52.797231],[-0.641691,52.795575],[-0.640856,52.793787],[-0.640613,52.791934]]]}, "properties": {"id": "2c7fa9cb-0403-470d-8d67-0703554ffdce", "postcode": "NG33 5QT", "group_id": "7a228e12-3372-49e0-8820-753ab5723f37"}}, {"type": "Feature", "geometry": {"type":"Polygon","coordinates":[[[-0.409418,52.548791],[-0.40958,52.547971],[-0.410002,52.547186],[-0.410666,52.546467],[-0.411548,52.545841],[-0.412614,52.545331],[-0.413822,52.544958],[-0.415126,52.544736],[-0.416476,52.544673],[-0.417821,52.544772],[-0.419108,52.545029],[-0.420288,52.545434],[-0.421315,52.545971],[-0.422151,52.546621],[-0.422764,52.547357],[-0.423128,52.548152],[-0.423232,52.548976],[-0.423069,52.549795],[-0.422648,52.55058],[-0.421984,52.551299],[-0.421102,52.551926],[-0.420036,52.552436],[-0.418828,52.552809],[-0.417524,52.553031],[-0.416173,52.553094],[-0.414828,52.552995],[-0.413541,52.552738],[-0.412361,52.552333],[-0.411333,52.551795],[-0.410497,52.551146],[-0.409885,52.550409],[-0.409521,52.549614],[-0.409418,52.548791]]]}, "properties": {"id": "2ce02bc0-8c45-45d8-b891-443139d846d2", "postcode": "PE8 6QX", "group_id": "8a24e1d6-3fcd-4ab7-8c9b-faea6bdd4373"}}, {"type": "Feature", "geometry": {"type":"Polygon","coordinates":[[[1.176285,51.882142],[1.175975,51.880798],[1.175248,51.879518],[1.17413,51.87835],[1.172666,51.877339],[1.170912,51.876524],[1.168934,51.875937],[1.16681,51.8756],[1.16462,51.875525],[1.162449,51.875717],[1.160379,51.876167],[1.158492,51.876858],[1.156858,51.877764],[1.155541,51.87885],[1.154592,51.880074],[1.154047,51.881389],[1.153927,51.882744],[1.154236,51.884088],[1.154963,51.885369],[1.15608,51.886537],[1.157544,51.887548],[1.159299,51.888363],[1.161277,51.888951],[1.163402,51.889288],[1.165592,51.889362],[1.167764,51.889171],[1.169834,51.88872],[1.171722,51.888029],[1.173356,51.887123],[1.174672,51.886037],[1.175621,51.884813],[1.176166,51.883498],[1.176285,51.882142]]]}, "properties": {"id": "2d546598-d240-4d28-adfe-da3f898032e3", "postcode": "CO16 OBA", "group_id": "e0454012-1295-46e6-b208-52cac7018f1f"}}, {"type": "Feature", "geometry": {"type":"Polygon","coordinates":[[[-0.610101,52.115464],[-0.610432,52.113738],[-0.611303,52.112084],[-0.612682,52.110566],[-0.614514,52.109244],[-0.616731,52.108167],[-0.619246,52.107376],[-0.621963,52.106903],[-0.624777,52.106766],[-0.627582,52.106969],[-0.630268,52.107505],[-0.632732,52.108353],[-0.634881,52.109481],[-0.636631,52.110846],[-0.637915,52.112394],[-0.638684,52.114067],[-0.638908,52.1158],[-0.638579,52.117527],[-0.637708,52.119181],[-0.63633,52.120699],[-0.634498,52.122022],[-0.632281,52.123099],[-0.629765,52.123889],[-0.627047,52.124363],[-0.624232,52.1245],[-0.621426,52.124297],[-0.618739,52.123761],[-0.616274,52.122912],[-0.614125,52.121784],[-0.612376,52.120419],[-0.611092,52.11887],[-0.610324,52.117197],[-0.610101,52.115464]]]}, "properties": {"id": "2d9a04fe-0ac4-4417-b232-341ed867b2ab", "postcode": "MK16 9JT", "group_id": "af68fec4-7fdb-4246-bbf0-6067ace38189"}}, {"type": "Feature", "geometry": {"type":"Polygon","coordinates":[[[-2.029278,51.647807],[-2.029482,51.646516],[-2.030087,51.645274],[-2.03107,51.644129],[-2.032392,51.643125],[-2.034004,51.642301],[-2.035844,51.641689],[-2.037839,51.641311],[-2.039915,51.641183],[-2.041991,51.64131],[-2.043988,51.641686],[-2.045828,51.642297],[-2.047442,51.64312],[-2.048766,51.644123],[-2.049751,51.645267],[-2.050358,51.646509],[-2.050564,51.6478],[-2.050361,51.649092],[-2.049757,51.650334],[-2.048774,51.651479],[-2.047452,51.652483],[-2.04584,51.653307],[-2.044,51.65392],[-2.042004,51.654297],[-2.039927,51.654425],[-2.03785,51.654299],[-2.035853,51.653923],[-2.034013,51.653311],[-2.032399,51.652488],[-2.031075,51.651485],[-2.03009,51.650341],[-2.029484,51.649099],[-2.029278,51.647807]]]}, "properties": {"id": "2da979fd-49a1-47ab-8cde-6cb819fcb01a", "postcode": "SN16 9SN", "group_id": "cc94d8f7-66af-4ed5-ac46-42b640648e8a"}}, {"type": "Feature", "geometry": {"type":"Polygon","coordinates":[[[-0.351965,53.679131],[-0.352088,53.678532],[-0.352405,53.67796],[-0.352905,53.677435],[-0.353567,53.676978],[-0.354366,53.676606],[-0.355273,53.676334],[-0.356251,53.676173],[-0.357264,53.676127],[-0.358272,53.6762],[-0.359236,53.676389],[-0.36012,53.676685],[-0.36089,53.677078],[-0.361516,53.677553],[-0.361974,53.678091],[-0.362247,53.678672],[-0.362323,53.679273],[-0.3622,53.679872],[-0.361883,53.680444],[-0.361384,53.680969],[-0.360722,53.681426],[-0.359922,53.681798],[-0.359015,53.68207],[-0.358037,53.682232],[-0.357024,53.682277],[-0.356016,53.682204],[-0.355051,53.682016],[-0.354167,53.681719],[-0.353397,53.681326],[-0.352771,53.680851],[-0.352313,53.680313],[-0.352041,53.679732],[-0.351965,53.679131]]]}, "properties": {"id": "2e50e8f5-50d0-4448-b4e8-4fee21c96511", "postcode": "DN19 7AX", "group_id": "a033c86a-0f6d-4e14-bd3d-8868b2867314"}}, {"type": "Feature", "geometry": {"type":"Polygon","coordinates":[[[-0.351665,52.389391],[-0.352044,52.387487],[-0.353022,52.385664],[-0.354563,52.383993],[-0.356606,52.382538],[-0.359074,52.381355],[-0.361872,52.380489],[-0.364892,52.379974],[-0.368018,52.379829],[-0.37113,52.38006],[-0.374109,52.380658],[-0.37684,52.3816],[-0.379218,52.38285],[-0.381153,52.38436],[-0.382568,52.386072],[-0.383411,52.38792],[-0.383649,52.389833],[-0.383272,52.391737],[-0.382295,52.39356],[-0.380755,52.395232],[-0.378711,52.396687],[-0.376243,52.39787],[-0.373445,52.398737],[-0.370423,52.399252],[-0.367296,52.399397],[-0.364182,52.399166],[-0.361203,52.398568],[-0.358471,52.397625],[-0.356092,52.396375],[-0.354158,52.394864],[-0.352743,52.393152],[-0.351902,52.391304],[-0.351665,52.389391]]]}, "properties": {"id": "2e7bcbae-2d95-4026-bc51-936782091c93", "postcode": "PE28 5BF", "group_id": "af68fec4-7fdb-4246-bbf0-6067ace38189"}}, {"type": "Feature", "geometry": {"type":"Polygon","coordinates":[[[-2.569398,50.742494],[-2.569692,50.740433],[-2.570615,50.738449],[-2.572129,50.736617],[-2.574178,50.735008],[-2.576681,50.733683],[-2.579544,50.732694],[-2.582656,50.732078],[-2.585897,50.731859],[-2.589143,50.732045],[-2.59227,50.73263],[-2.595157,50.73359],[-2.597693,50.73489],[-2.599782,50.736478],[-2.601342,50.738295],[-2.602313,50.740269],[-2.602659,50.742326],[-2.602366,50.744387],[-2.601445,50.746371],[-2.599932,50.748204],[-2.597883,50.749813],[-2.59538,50.751138],[-2.592516,50.752128],[-2.589403,50.752745],[-2.58616,50.752964],[-2.582913,50.752777],[-2.579785,50.752192],[-2.576897,50.751231],[-2.57436,50.749931],[-2.572272,50.748343],[-2.570713,50.746526],[-2.569742,50.744551],[-2.569398,50.742494]]]}, "properties": {"id": "2ea6069b-739a-4a1f-894f-6bfe70d263d4", "postcode": "DT3 4HX", "group_id": "6cb070a8-3c40-48b7-a594-97fec3894487"}}, {"type": "Feature", "geometry": {"type":"Polygon","coordinates":[[[-0.393942,54.012989],[-0.394622,54.00969],[-0.396382,54.006532],[-0.399153,54.003638],[-0.402829,54.001117],[-0.407269,53.999067],[-0.412303,53.997566],[-0.417736,53.996673],[-0.42336,53.996421],[-0.42896,53.99682],[-0.43432,53.997855],[-0.439235,53.999486],[-0.443515,54.001651],[-0.446998,54.004265],[-0.449548,54.00723],[-0.451067,54.010431],[-0.451497,54.013744],[-0.450821,54.017044],[-0.449065,54.020202],[-0.446296,54.023098],[-0.442621,54.02562],[-0.438179,54.027672],[-0.433143,54.029173],[-0.427707,54.030067],[-0.422078,54.030319],[-0.416474,54.02992],[-0.41111,54.028884],[-0.406193,54.027252],[-0.401911,54.025086],[-0.39843,54.02247],[-0.395883,54.019504],[-0.394367,54.016303],[-0.393942,54.012989]]]}, "properties": {"id": "2ef27acf-87d8-46f2-922c-20851daca447", "postcode": "YO25 7UY", "group_id": "453d1020-6b08-4eab-bc4f-e10880f98f5b"}}, {"type": "Feature", "geometry": {"type":"Polygon","coordinates":[[[-0.329843,53.321988],[-0.330636,53.318101],[-0.33268,53.314381],[-0.335896,53.310972],[-0.34016,53.308003],[-0.345309,53.30559],[-0.351144,53.303824],[-0.357442,53.302774],[-0.363961,53.302479],[-0.370451,53.302952],[-0.376662,53.304174],[-0.382356,53.306098],[-0.387315,53.30865],[-0.391348,53.311732],[-0.3943,53.315227],[-0.396058,53.318999],[-0.396553,53.322904],[-0.395765,53.326791],[-0.393726,53.330512],[-0.390514,53.333923],[-0.38625,53.336894],[-0.3811,53.339309],[-0.375261,53.341076],[-0.368957,53.342127],[-0.362432,53.342422],[-0.355937,53.341948],[-0.349721,53.340726],[-0.344023,53.3388],[-0.339064,53.336246],[-0.335032,53.333162],[-0.332084,53.329666],[-0.330332,53.325893],[-0.329843,53.321988]]]}, "properties": {"id": "2f1290ec-08db-4e27-b9b9-91eec6c86d31", "postcode": "LN8 5LE", "group_id": "60a73ad8-56fc-4c6a-942c-8d42700b5038"}}, {"type": "Feature", "geometry": {"type":"Polygon","coordinates":[[[1.455036,52.120757],[1.454671,52.119227],[1.453828,52.11777],[1.452539,52.116442],[1.450855,52.115294],[1.448839,52.114371],[1.44657,52.113708],[1.444134,52.113329],[1.441625,52.113251],[1.43914,52.113475],[1.436773,52.113994],[1.434616,52.114787],[1.432751,52.115823],[1.431251,52.117064],[1.430173,52.118461],[1.429558,52.119961],[1.42943,52.121505],[1.429794,52.123035],[1.430637,52.124493],[1.431924,52.125821],[1.433609,52.126969],[1.435625,52.127892],[1.437894,52.128556],[1.440331,52.128934],[1.442841,52.129012],[1.445327,52.128788],[1.447695,52.128269],[1.449852,52.127476],[1.451717,52.126439],[1.453217,52.125198],[1.454295,52.123801],[1.454909,52.122302],[1.455036,52.120757]]]}, "properties": {"id": "2f9f108c-291d-4059-af77-5864464af4b4", "postcode": "IP12 3PG", "group_id": "e0454012-1295-46e6-b208-52cac7018f1f"}}, {"type": "Feature", "geometry": {"type":"Polygon","coordinates":[[[-2.075283,52.913019],[-2.07558,52.911177],[-2.076466,52.909406],[-2.077906,52.907773],[-2.079845,52.906341],[-2.082209,52.905165],[-2.084907,52.904291],[-2.087835,52.903751],[-2.090881,52.903568],[-2.093927,52.903747],[-2.096858,52.904282],[-2.099559,52.905152],[-2.101928,52.906324],[-2.103873,52.907753],[-2.10532,52.909384],[-2.106213,52.911154],[-2.106518,52.912996],[-2.106222,52.914838],[-2.105338,52.916609],[-2.103898,52.918243],[-2.101959,52.919675],[-2.099595,52.920851],[-2.096897,52.921726],[-2.093967,52.922265],[-2.09092,52.922449],[-2.087873,52.92227],[-2.084941,52.921735],[-2.082239,52.920865],[-2.07987,52.919692],[-2.077925,52.918263],[-2.076478,52.916632],[-2.075587,52.914861],[-2.075283,52.913019]]]}, "properties": {"id": "30aa3323-75c8-47a3-a330-65da4500f0f7", "postcode": "ST15 8SL", "group_id": "97c036e3-0da2-4ee0-a282-91d63dbd9412"}}, {"type": "Feature", "geometry": {"type":"Polygon","coordinates":[[[-0.398525,52.522304],[-0.399036,52.519729],[-0.40036,52.517265],[-0.402446,52.515005],[-0.405215,52.513038],[-0.408559,52.511437],[-0.412351,52.510265],[-0.416445,52.509567],[-0.420683,52.509369],[-0.424902,52.50968],[-0.428942,52.510486],[-0.432646,52.511758],[-0.435873,52.513447],[-0.438498,52.515487],[-0.44042,52.5178],[-0.441566,52.520297],[-0.441892,52.522883],[-0.441384,52.525458],[-0.440062,52.527922],[-0.437977,52.530183],[-0.435208,52.532151],[-0.431863,52.533753],[-0.42807,52.534925],[-0.423974,52.535624],[-0.419734,52.535821],[-0.415511,52.535511],[-0.41147,52.534703],[-0.407764,52.533431],[-0.404537,52.531742],[-0.401913,52.529701],[-0.399992,52.527388],[-0.398848,52.52489],[-0.398525,52.522304]]]}, "properties": {"id": "31960054-0b83-4140-ae69-6d515ae11f64", "postcode": "PE8 5HZ", "group_id": "8a24e1d6-3fcd-4ab7-8c9b-faea6bdd4373"}}, {"type": "Feature", "geometry": {"type":"Polygon","coordinates":[[[-2.319094,52.952184],[-2.319344,52.950579],[-2.320107,52.949035],[-2.321354,52.947611],[-2.323037,52.946361],[-2.325092,52.945333],[-2.327439,52.944567],[-2.329988,52.944092],[-2.332641,52.943926],[-2.335297,52.944077],[-2.337854,52.944538],[-2.340212,52.94529],[-2.342282,52.946307],[-2.343985,52.947547],[-2.345254,52.948965],[-2.34604,52.950505],[-2.346315,52.952108],[-2.346066,52.953712],[-2.345304,52.955256],[-2.344057,52.956681],[-2.342374,52.957932],[-2.34032,52.95896],[-2.337972,52.959726],[-2.335422,52.960201],[-2.332768,52.960366],[-2.330111,52.960216],[-2.327553,52.959755],[-2.325194,52.959002],[-2.323124,52.957985],[-2.321422,52.956744],[-2.320153,52.955327],[-2.319368,52.953787],[-2.319094,52.952184]]]}, "properties": {"id": "333bf7b7-6721-4952-8de5-539e794976f5", "postcode": "ST5 5ES", "group_id": "cb77a7b6-9cf0-4a11-b659-cda47f2a0cbc"}}, {"type": "Feature", "geometry": {"type":"Polygon","coordinates":[[[-0.5986,52.985375],[-0.598879,52.983949],[-0.599614,52.982584],[-0.600776,52.981331],[-0.602321,52.980239],[-0.604188,52.97935],[-0.606308,52.978698],[-0.608597,52.978308],[-0.610968,52.978195],[-0.613331,52.978363],[-0.615593,52.978806],[-0.617669,52.979507],[-0.619479,52.980439],[-0.620952,52.981566],[-0.622033,52.982845],[-0.62268,52.984227],[-0.622868,52.985658],[-0.622589,52.987084],[-0.621855,52.98845],[-0.620693,52.989703],[-0.619148,52.990795],[-0.61728,52.991684],[-0.615161,52.992337],[-0.612871,52.992727],[-0.610499,52.99284],[-0.608135,52.992672],[-0.605872,52.992228],[-0.603796,52.991527],[-0.601986,52.990595],[-0.600513,52.989467],[-0.599433,52.988188],[-0.598786,52.986806],[-0.5986,52.985375]]]}, "properties": {"id": "336d9b16-9f5c-4082-ac33-ff8201744252", "postcode": "NG32 3SG", "group_id": "60a73ad8-56fc-4c6a-942c-8d42700b5038"}}, {"type": "Feature", "geometry": {"type":"Polygon","coordinates":[[[-0.433946,54.13576],[-0.434268,54.134195],[-0.435104,54.132698],[-0.43642,54.131326],[-0.438168,54.13013],[-0.440278,54.129158],[-0.442671,54.128446],[-0.445255,54.128022],[-0.447929,54.127902],[-0.450592,54.128091],[-0.453142,54.128581],[-0.455479,54.129354],[-0.457515,54.13038],[-0.459172,54.131619],[-0.460384,54.133024],[-0.461107,54.134541],[-0.461312,54.136112],[-0.460991,54.137677],[-0.460156,54.139174],[-0.45884,54.140547],[-0.457093,54.141743],[-0.454982,54.142715],[-0.452588,54.143427],[-0.450004,54.143852],[-0.447328,54.143972],[-0.444664,54.143783],[-0.442114,54.143292],[-0.439776,54.142519],[-0.43774,54.141493],[-0.436084,54.140253],[-0.434872,54.138848],[-0.43415,54.13733],[-0.433946,54.13576]]]}, "properties": {"id": "34907eb8-2257-4dcf-b697-a2452835c978", "postcode": "YO25 4LP", "group_id": "453d1020-6b08-4eab-bc4f-e10880f98f5b"}}, {"type": "Feature", "geometry": {"type":"Polygon","coordinates":[[[0.109923,53.219269],[0.109431,53.21697],[0.108202,53.214773],[0.106282,53.212762],[0.103746,53.211014],[0.100691,53.209597],[0.097234,53.208565],[0.093508,53.207958],[0.089657,53.207798],[0.085827,53.208092],[0.082167,53.208829],[0.078817,53.209981],[0.075904,53.211503],[0.073543,53.213336],[0.071822,53.215411],[0.070808,53.217648],[0.070541,53.21996],[0.071031,53.222259],[0.072258,53.224457],[0.074177,53.226468],[0.076713,53.228217],[0.079769,53.229634],[0.083227,53.230667],[0.086954,53.231275],[0.090808,53.231435],[0.094639,53.23114],[0.098301,53.230402],[0.101653,53.22925],[0.104565,53.227728],[0.106927,53.225894],[0.108646,53.223818],[0.109658,53.221581],[0.109923,53.219269]]]}, "properties": {"id": "34c035f1-6a15-497a-a646-58681cd6b9f3", "postcode": "PE23 4PU", "group_id": "a033c86a-0f6d-4e14-bd3d-8868b2867314"}}, {"type": "Feature", "geometry": {"type":"Polygon","coordinates":[[[1.177795,52.119583],[1.177452,52.118106],[1.176647,52.116699],[1.175413,52.115415],[1.173795,52.114304],[1.171856,52.113409],[1.169671,52.112764],[1.167324,52.112394],[1.164904,52.112312],[1.162506,52.112523],[1.16022,52.113018],[1.158134,52.113778],[1.15633,52.114774],[1.154875,52.115967],[1.153827,52.117312],[1.153224,52.118757],[1.153092,52.120247],[1.153434,52.121724],[1.154238,52.123131],[1.155472,52.124415],[1.15709,52.125526],[1.159029,52.126421],[1.161214,52.127067],[1.163562,52.127437],[1.165983,52.127519],[1.168382,52.127308],[1.170669,52.126813],[1.172755,52.126053],[1.174559,52.125057],[1.176014,52.123863],[1.177062,52.122518],[1.177663,52.121073],[1.177795,52.119583]]]}, "properties": {"id": "34fe5744-6136-498a-9dc3-8c69843182d5", "postcode": "IP6 0RG", "group_id": "e0454012-1295-46e6-b208-52cac7018f1f"}}, {"type": "Feature", "geometry": {"type":"Polygon","coordinates":[[[-2.009618,51.149708],[-2.010063,51.146857],[-2.011385,51.144116],[-2.013531,51.141589],[-2.016419,51.139374],[-2.019938,51.137557],[-2.023953,51.136206],[-2.028309,51.135373],[-2.03284,51.135091],[-2.037371,51.135371],[-2.041729,51.136201],[-2.045746,51.137549],[-2.049268,51.139365],[-2.052159,51.141578],[-2.054308,51.144103],[-2.055633,51.146844],[-2.056083,51.149695],[-2.05564,51.152545],[-2.054321,51.155287],[-2.052177,51.157815],[-2.04929,51.16003],[-2.04577,51.161849],[-2.041754,51.163201],[-2.037395,51.164034],[-2.032861,51.164316],[-2.028327,51.164036],[-2.023967,51.163206],[-2.019948,51.161856],[-2.016426,51.160039],[-2.013536,51.157825],[-2.011388,51.155299],[-2.010065,51.152558],[-2.009618,51.149708]]]}, "properties": {"id": "363179ca-e2cb-4e1a-a4b3-d2f42ca8ea74", "postcode": "BA12 0PU", "group_id": "6cb070a8-3c40-48b7-a594-97fec3894487"}}, {"type": "Feature", "geometry": {"type":"Polygon","coordinates":[[[-1.650679,51.833364],[-1.651413,51.828963],[-1.653518,51.824736],[-1.656913,51.820844],[-1.661468,51.817437],[-1.667006,51.814647],[-1.673316,51.812579],[-1.680155,51.811313],[-1.687261,51.810899],[-1.694361,51.811351],[-1.701182,51.812653],[-1.707463,51.814754],[-1.712963,51.817574],[-1.71747,51.821005],[-1.720811,51.824915],[-1.722857,51.829153],[-1.72353,51.833557],[-1.722803,51.837958],[-1.720704,51.842187],[-1.717313,51.84608],[-1.71276,51.849489],[-1.70722,51.852282],[-1.700906,51.854351],[-1.694061,51.855618],[-1.686948,51.856033],[-1.679842,51.85558],[-1.673015,51.854277],[-1.66673,51.852174],[-1.661229,51.849352],[-1.656723,51.845919],[-1.653386,51.842008],[-1.651345,51.837768],[-1.650679,51.833364]]]}, "properties": {"id": "37470815-9c47-485d-a8b6-2215f0147a3f", "postcode": "OX18 4TA", "group_id": "cc94d8f7-66af-4ed5-ac46-42b640648e8a"}}, {"type": "Feature", "geometry": {"type":"Polygon","coordinates":[[[-3.665574,50.974668],[-3.665738,50.973303],[-3.666321,50.971983],[-3.6673,50.970761],[-3.668637,50.969683],[-3.670283,50.96879],[-3.672172,50.968118],[-3.674233,50.96769],[-3.676386,50.967525],[-3.678549,50.967628],[-3.680638,50.967996],[-3.682574,50.968614],[-3.684282,50.969458],[-3.685696,50.970497],[-3.686762,50.97169],[-3.687439,50.972991],[-3.687701,50.974351],[-3.687537,50.975716],[-3.686955,50.977036],[-3.685977,50.978258],[-3.684639,50.979336],[-3.682994,50.980229],[-3.681104,50.980902],[-3.679043,50.981329],[-3.676889,50.981495],[-3.674726,50.981391],[-3.672636,50.981024],[-3.670699,50.980406],[-3.668992,50.979561],[-3.667578,50.978522],[-3.666512,50.977329],[-3.665835,50.976028],[-3.665574,50.974668]]]}, "properties": {"id": "37b7ca49-f21a-4fd3-99fc-549c98cb068c", "postcode": "EX36 4RZ", "group_id": "b148cd75-c32d-44e8-806e-85688ab1d059"}}, {"type": "Feature", "geometry": {"type":"Polygon","coordinates":[[[0.749877,52.918196],[0.749597,52.916962],[0.748925,52.915786],[0.747885,52.914712],[0.746519,52.91378],[0.744879,52.913028],[0.743027,52.912484],[0.741035,52.912168],[0.73898,52.912094],[0.73694,52.912263],[0.734994,52.912669],[0.733217,52.913297],[0.731676,52.914123],[0.730431,52.915114],[0.72953,52.916234],[0.729008,52.917437],[0.728884,52.91868],[0.729164,52.919913],[0.729836,52.921089],[0.730875,52.922164],[0.732241,52.923095],[0.733882,52.923848],[0.735734,52.924392],[0.737726,52.924708],[0.739782,52.924783],[0.741822,52.924613],[0.743768,52.924207],[0.745546,52.923579],[0.747087,52.922753],[0.748332,52.921761],[0.749232,52.920642],[0.749754,52.919438],[0.749877,52.918196]]]}, "properties": {"id": "37e7ec19-6bb7-4897-be0c-49c1cf25076a", "postcode": "NR21 9LE", "group_id": "3bd8b114-f504-4798-b91b-aaf4e4fbd4de"}}, {"type": "Feature", "geometry": {"type":"Polygon","coordinates":[[[-0.380737,52.722506],[-0.380923,52.721577],[-0.381403,52.720688],[-0.38216,52.719872],[-0.383165,52.719162],[-0.384378,52.718585],[-0.385754,52.718162],[-0.387239,52.71791],[-0.388776,52.71784],[-0.390306,52.717952],[-0.391771,52.718244],[-0.393114,52.718703],[-0.394283,52.719313],[-0.395235,52.72005],[-0.395931,52.720885],[-0.396345,52.721787],[-0.396462,52.72272],[-0.396277,52.723649],[-0.395797,52.724539],[-0.39504,52.725354],[-0.394035,52.726065],[-0.392822,52.726642],[-0.391446,52.727065],[-0.389961,52.727317],[-0.388424,52.727387],[-0.386893,52.727275],[-0.385428,52.726983],[-0.384085,52.726523],[-0.382915,52.725913],[-0.381964,52.725177],[-0.381268,52.724341],[-0.380854,52.72344],[-0.380737,52.722506]]]}, "properties": {"id": "381cc998-e250-4953-8c1d-3ef0cb83ee2b", "postcode": "PE10 0ER", "group_id": "7a228e12-3372-49e0-8820-753ab5723f37"}}, {"type": "Feature", "geometry": {"type":"Polygon","coordinates":[[[-0.366631,54.163503],[-0.367383,54.159881],[-0.369324,54.156416],[-0.372379,54.153239],[-0.376431,54.150473],[-0.381324,54.148225],[-0.38687,54.146579],[-0.392855,54.1456],[-0.399051,54.145325],[-0.405219,54.145764],[-0.411123,54.146901],[-0.416537,54.148693],[-0.421251,54.151069],[-0.425085,54.15394],[-0.427892,54.157195],[-0.429564,54.160708],[-0.430036,54.164346],[-0.429289,54.167967],[-0.427352,54.171434],[-0.4243,54.174612],[-0.420249,54.177379],[-0.415355,54.17963],[-0.409806,54.181277],[-0.403815,54.182257],[-0.397614,54.182532],[-0.39144,54.182092],[-0.385532,54.180954],[-0.380116,54.179161],[-0.375401,54.176783],[-0.371568,54.17391],[-0.368764,54.170654],[-0.367097,54.16714],[-0.366631,54.163503]]]}, "properties": {"id": "3b01d4e0-5d8c-4f2f-ba3d-23b55a0da5ce", "postcode": "YO12 4SN", "group_id": "453d1020-6b08-4eab-bc4f-e10880f98f5b"}}, {"type": "Feature", "geometry": {"type":"Polygon","coordinates":[[[-2.472129,52.948005],[-2.472272,52.947062],[-2.472717,52.946155],[-2.473446,52.945318],[-2.474432,52.944583],[-2.475636,52.943978],[-2.477012,52.943526],[-2.478508,52.943245],[-2.480065,52.943146],[-2.481625,52.943233],[-2.483127,52.943501],[-2.484513,52.943942],[-2.48573,52.944537],[-2.486732,52.945264],[-2.48748,52.946096],[-2.487944,52.946999],[-2.488109,52.94794],[-2.487966,52.948882],[-2.487521,52.949789],[-2.486792,52.950627],[-2.485807,52.951362],[-2.484603,52.951967],[-2.483226,52.952419],[-2.48173,52.952699],[-2.480172,52.952799],[-2.478612,52.952712],[-2.47711,52.952443],[-2.475724,52.952003],[-2.474506,52.951408],[-2.473505,52.95068],[-2.472757,52.949849],[-2.472293,52.948945],[-2.472129,52.948005]]]}, "properties": {"id": "3c604464-92cc-4f5c-8fc7-a6d0db391ee6", "postcode": "TF9 3TN", "group_id": "dccc074a-fb77-427b-bb72-8b017ca09618"}}, {"type": "Feature", "geometry": {"type":"Polygon","coordinates":[[[-2.651663,52.739328],[-2.652082,52.736488],[-2.653404,52.733752],[-2.655581,52.731225],[-2.658527,52.729005],[-2.66213,52.727176],[-2.666251,52.725809],[-2.670732,52.724956],[-2.675401,52.72465],[-2.680079,52.724902],[-2.684585,52.725704],[-2.688748,52.727024],[-2.692407,52.728812],[-2.695421,52.730998],[-2.697676,52.7335],[-2.699083,52.73622],[-2.699588,52.739054],[-2.699173,52.741895],[-2.697853,52.744631],[-2.695679,52.747158],[-2.692733,52.74938],[-2.68913,52.75121],[-2.685007,52.752578],[-2.680523,52.753431],[-2.675851,52.753737],[-2.67117,52.753484],[-2.666661,52.752682],[-2.662497,52.751361],[-2.658837,52.749573],[-2.655823,52.747385],[-2.653571,52.744883],[-2.652166,52.742162],[-2.651663,52.739328]]]}, "properties": {"id": "3c6eedb6-7c7f-4ce8-8c84-e5ed50d287eb", "postcode": "SY4 2LG", "group_id": "cb77a7b6-9cf0-4a11-b659-cda47f2a0cbc"}}, {"type": "Feature", "geometry": {"type":"Polygon","coordinates":[[[-2.115001,52.766931],[-2.115325,52.764904],[-2.116295,52.762954],[-2.117873,52.761156],[-2.119998,52.759579],[-2.12259,52.758285],[-2.125548,52.757321],[-2.128759,52.756727],[-2.132099,52.756523],[-2.135441,52.756719],[-2.138655,52.757307],[-2.141619,52.758263],[-2.144219,52.759552],[-2.146354,52.761124],[-2.147943,52.762919],[-2.148924,52.764866],[-2.14926,52.766893],[-2.148938,52.76892],[-2.14797,52.770871],[-2.146393,52.772669],[-2.144267,52.774246],[-2.141675,52.775541],[-2.138716,52.776505],[-2.135504,52.7771],[-2.132162,52.777303],[-2.128819,52.777107],[-2.125603,52.776519],[-2.122639,52.775562],[-2.120039,52.774273],[-2.117904,52.772701],[-2.116316,52.770906],[-2.115336,52.768958],[-2.115001,52.766931]]]}, "properties": {"id": "3cb83c59-870f-463d-bde8-0908fe2b3e7f", "postcode": "ST18 9BW", "group_id": "97c036e3-0da2-4ee0-a282-91d63dbd9412"}}, {"type": "Feature", "geometry": {"type":"Polygon","coordinates":[[[-1.858768,51.893148],[-1.858968,51.891915],[-1.859553,51.890731],[-1.8605,51.88964],[-1.861772,51.888684],[-1.863322,51.8879],[-1.865088,51.887319],[-1.867005,51.886961],[-1.868997,51.886842],[-1.870988,51.886966],[-1.872902,51.887327],[-1.874665,51.887913],[-1.87621,51.8887],[-1.877477,51.889659],[-1.878418,51.890752],[-1.878996,51.891938],[-1.879189,51.89317],[-1.878989,51.894403],[-1.878405,51.895587],[-1.877458,51.896678],[-1.876186,51.897634],[-1.874636,51.898418],[-1.872869,51.899],[-1.870953,51.899358],[-1.86896,51.899477],[-1.866968,51.899353],[-1.865053,51.898992],[-1.86329,51.898406],[-1.861745,51.897618],[-1.860478,51.896659],[-1.859538,51.895566],[-1.85896,51.89438],[-1.858768,51.893148]]]}, "properties": {"id": "3e2ff336-275b-4e40-8158-53b2dfa55533", "postcode": "GL54 3BX", "group_id": "cc94d8f7-66af-4ed5-ac46-42b640648e8a"}}, {"type": "Feature", "geometry": {"type":"Polygon","coordinates":[[[-1.461686,52.472338],[-1.461959,52.470764],[-1.46273,52.469254],[-1.463968,52.467864],[-1.465627,52.466648],[-1.467642,52.465653],[-1.469935,52.464917],[-1.47242,52.464469],[-1.475,52.464326],[-1.477577,52.464492],[-1.48005,52.464962],[-1.482327,52.465718],[-1.484318,52.466731],[-1.485947,52.467961],[-1.487152,52.469362],[-1.487887,52.470879],[-1.488122,52.472455],[-1.48785,52.474029],[-1.48708,52.47554],[-1.485842,52.47693],[-1.484184,52.478146],[-1.482169,52.479141],[-1.479875,52.479877],[-1.477389,52.480326],[-1.474808,52.480469],[-1.472231,52.480303],[-1.469756,52.479832],[-1.46748,52.479076],[-1.465488,52.478063],[-1.463859,52.476833],[-1.462655,52.475432],[-1.461921,52.473914],[-1.461686,52.472338]]]}, "properties": {"id": "3f54db29-2601-45b6-89ee-3547a89cfee3", "postcode": "LE12 9XA", "group_id": "e54a5321-7fcc-4788-be08-0b155cf09bdf"}}, {"type": "Feature", "geometry": {"type":"Polygon","coordinates":[[[-3.888443,50.986281],[-3.888569,50.985183],[-3.889033,50.984121],[-3.889815,50.983138],[-3.890886,50.982269],[-3.892206,50.981549],[-3.893722,50.981005],[-3.895377,50.980659],[-3.897108,50.980523],[-3.898847,50.980602],[-3.900528,50.980895],[-3.902087,50.981388],[-3.903463,50.982065],[-3.904604,50.982897],[-3.905465,50.983854],[-3.906014,50.984899],[-3.90623,50.985991],[-3.906104,50.987089],[-3.905641,50.988151],[-3.904859,50.989135],[-3.903788,50.990003],[-3.902468,50.990723],[-3.900952,50.991267],[-3.899296,50.991614],[-3.897566,50.99175],[-3.895826,50.99167],[-3.894144,50.991378],[-3.892585,50.990884],[-3.891209,50.990208],[-3.890068,50.989375],[-3.889207,50.988418],[-3.888658,50.987373],[-3.888443,50.986281]]]}, "properties": {"id": "41e05ec9-2ece-492e-a85b-329af924651e", "postcode": "EX37 9DJ", "group_id": "b148cd75-c32d-44e8-806e-85688ab1d059"}}, {"type": "Feature", "geometry": {"type":"Polygon","coordinates":[[[-0.277076,52.544217],[-0.277306,52.543075],[-0.277897,52.541982],[-0.278826,52.54098],[-0.280057,52.540109],[-0.281544,52.5394],[-0.283229,52.538882],[-0.285047,52.538574],[-0.286929,52.538489],[-0.288802,52.538629],[-0.290594,52.538989],[-0.292237,52.539555],[-0.293667,52.540306],[-0.294829,52.541212],[-0.295679,52.542239],[-0.296184,52.543348],[-0.296325,52.544495],[-0.296096,52.545637],[-0.295505,52.54673],[-0.294577,52.547732],[-0.293345,52.548604],[-0.291858,52.549312],[-0.290173,52.549831],[-0.288354,52.550138],[-0.286472,52.550224],[-0.284599,52.550084],[-0.282806,52.549724],[-0.281163,52.549158],[-0.279733,52.548407],[-0.278571,52.5475],[-0.277721,52.546473],[-0.277217,52.545364],[-0.277076,52.544217]]]}, "properties": {"id": "422f8e71-4cdc-4efb-a461-b6f1ac11c2cb", "postcode": "PE7 3UU", "group_id": "8a24e1d6-3fcd-4ab7-8c9b-faea6bdd4373"}}, {"type": "Feature", "geometry": {"type":"Polygon","coordinates":[[[-2.329268,52.924858],[-2.32945,52.923684],[-2.330008,52.922554],[-2.33092,52.921512],[-2.332151,52.920597],[-2.333653,52.919844],[-2.33537,52.919284],[-2.337234,52.918936],[-2.339174,52.918815],[-2.341117,52.918925],[-2.342986,52.919262],[-2.344711,52.919813],[-2.346226,52.920556],[-2.347471,52.921464],[-2.348399,52.922502],[-2.348974,52.923628],[-2.349175,52.924801],[-2.348993,52.925975],[-2.348436,52.927105],[-2.347524,52.928148],[-2.346294,52.929063],[-2.344791,52.929816],[-2.343074,52.930376],[-2.34121,52.930724],[-2.339269,52.930845],[-2.337326,52.930735],[-2.335455,52.930398],[-2.33373,52.929847],[-2.332216,52.929103],[-2.330971,52.928195],[-2.330043,52.927158],[-2.329468,52.926031],[-2.329268,52.924858]]]}, "properties": {"id": "42b414d2-0a87-4d5d-8ed8-ce3c34a9327a", "postcode": "ST21 6QQ", "group_id": "97c036e3-0da2-4ee0-a282-91d63dbd9412"}}, {"type": "Feature", "geometry": {"type":"Polygon","coordinates":[[[-0.488142,52.637997],[-0.48847,52.63633],[-0.489327,52.634735],[-0.490678,52.633271],[-0.492473,52.631996],[-0.494642,52.630958],[-0.497101,52.630198],[-0.499758,52.629744],[-0.502508,52.629614],[-0.505248,52.629813],[-0.507871,52.630334],[-0.510277,52.631156],[-0.512373,52.632247],[-0.514079,52.633567],[-0.51533,52.635063],[-0.516076,52.636679],[-0.51629,52.638353],[-0.515963,52.64002],[-0.515108,52.641616],[-0.513757,52.64308],[-0.511962,52.644356],[-0.509793,52.645394],[-0.507333,52.646154],[-0.504675,52.646608],[-0.501924,52.646738],[-0.499183,52.646539],[-0.496559,52.646018],[-0.494153,52.645196],[-0.492056,52.644104],[-0.49035,52.642784],[-0.489101,52.641287],[-0.488355,52.639671],[-0.488142,52.637997]]]}, "properties": {"id": "44d8e85c-26f6-4eab-b145-45a02f1b5a15", "postcode": "PE9 3PW", "group_id": "7a228e12-3372-49e0-8820-753ab5723f37"}}, {"type": "Feature", "geometry": {"type":"Polygon","coordinates":[[[-0.488142,52.637997],[-0.48847,52.63633],[-0.489327,52.634735],[-0.490678,52.633271],[-0.492473,52.631996],[-0.494642,52.630958],[-0.497101,52.630198],[-0.499758,52.629744],[-0.502508,52.629614],[-0.505248,52.629813],[-0.507871,52.630334],[-0.510277,52.631156],[-0.512373,52.632247],[-0.514079,52.633567],[-0.51533,52.635063],[-0.516076,52.636679],[-0.51629,52.638353],[-0.515963,52.64002],[-0.515108,52.641616],[-0.513757,52.64308],[-0.511962,52.644356],[-0.509793,52.645394],[-0.507333,52.646154],[-0.504675,52.646608],[-0.501924,52.646738],[-0.499183,52.646539],[-0.496559,52.646018],[-0.494153,52.645196],[-0.492056,52.644104],[-0.49035,52.642784],[-0.489101,52.641287],[-0.488355,52.639671],[-0.488142,52.637997]]]}, "properties": {"id": "44d8e85c-26f6-4eab-b145-45a02f1b5a15", "postcode": "PE9 3PW", "group_id": "f4284e39-e56b-48d7-9087-c1abebec366f"}}, {"type": "Feature", "geometry": {"type":"Polygon","coordinates":[[[-1.285139,51.148137],[-1.285196,51.147809],[-1.285353,51.147494],[-1.285604,51.147204],[-1.285941,51.146951],[-1.28635,51.146745],[-1.286815,51.146592],[-1.287318,51.146499],[-1.287841,51.14647],[-1.288362,51.146506],[-1.288863,51.146604],[-1.289323,51.146763],[-1.289725,51.146974],[-1.290054,51.147231],[-1.290297,51.147524],[-1.290444,51.147841],[-1.290491,51.148169],[-1.290434,51.148497],[-1.290277,51.148812],[-1.290025,51.149102],[-1.289689,51.149355],[-1.28928,51.149561],[-1.288815,51.149714],[-1.288312,51.149807],[-1.287789,51.149836],[-1.287267,51.1498],[-1.286767,51.149702],[-1.286307,51.149543],[-1.285904,51.149332],[-1.285576,51.149074],[-1.285333,51.148782],[-1.285185,51.148465],[-1.285139,51.148137]]]}, "properties": {"id": "459f9944-3b13-4f8d-8a06-334f90b7dc92", "postcode": "SO21 3AB", "group_id": "3bb0c4da-bdd4-47be-913f-c10e377b5d72"}}, {"type": "Feature", "geometry": {"type":"Polygon","coordinates":[[[-1.285139,51.148137],[-1.285196,51.147809],[-1.285353,51.147494],[-1.285604,51.147204],[-1.285941,51.146951],[-1.28635,51.146745],[-1.286815,51.146592],[-1.287318,51.146499],[-1.287841,51.14647],[-1.288362,51.146506],[-1.288863,51.146604],[-1.289323,51.146763],[-1.289725,51.146974],[-1.290054,51.147231],[-1.290297,51.147524],[-1.290444,51.147841],[-1.290491,51.148169],[-1.290434,51.148497],[-1.290277,51.148812],[-1.290025,51.149102],[-1.289689,51.149355],[-1.28928,51.149561],[-1.288815,51.149714],[-1.288312,51.149807],[-1.287789,51.149836],[-1.287267,51.1498],[-1.286767,51.149702],[-1.286307,51.149543],[-1.285904,51.149332],[-1.285576,51.149074],[-1.285333,51.148782],[-1.285185,51.148465],[-1.285139,51.148137]]]}, "properties": {"id": "459f9944-3b13-4f8d-8a06-334f90b7dc92", "postcode": "SO21 3AB", "group_id": "e8167295-d7f4-4671-913e-f90e96ce8190"}}, {"type": "Feature", "geometry": {"type":"Polygon","coordinates":[[[-2.547098,52.954245],[-2.547281,52.953032],[-2.547852,52.951863],[-2.548789,52.950784],[-2.550057,52.949836],[-2.551607,52.949056],[-2.553379,52.948473],[-2.555305,52.948111],[-2.557311,52.947982],[-2.55932,52.948092],[-2.561255,52.948436],[-2.563042,52.949002],[-2.564612,52.949768],[-2.565904,52.950704],[-2.566869,52.951774],[-2.56747,52.952937],[-2.567683,52.954149],[-2.567502,52.955362],[-2.566931,52.956531],[-2.565994,52.957611],[-2.564726,52.958559],[-2.563176,52.959339],[-2.561404,52.959922],[-2.559478,52.960285],[-2.557471,52.960414],[-2.555461,52.960303],[-2.553526,52.959959],[-2.551739,52.959393],[-2.550169,52.958627],[-2.548877,52.957691],[-2.547912,52.956621],[-2.547312,52.955457],[-2.547098,52.954245]]]}, "properties": {"id": "45aead14-fb31-40aa-8fe5-43bf57f19777", "postcode": "SY13 4AT", "group_id": "dccc074a-fb77-427b-bb72-8b017ca09618"}}, {"type": "Feature", "geometry": {"type":"Polygon","coordinates":[[[-3.865083,50.948245],[-3.865116,50.947957],[-3.865238,50.947679],[-3.865443,50.94742],[-3.865724,50.947193],[-3.86607,50.947004],[-3.866468,50.946861],[-3.866902,50.94677],[-3.867356,50.946735],[-3.867812,50.946756],[-3.868252,50.946833],[-3.868661,50.946962],[-3.869022,50.94714],[-3.869321,50.947358],[-3.869546,50.94761],[-3.86969,50.947884],[-3.869746,50.94817],[-3.869713,50.948459],[-3.869591,50.948737],[-3.869386,50.948995],[-3.869105,50.949223],[-3.868759,50.949412],[-3.868362,50.949554],[-3.867928,50.949645],[-3.867474,50.949681],[-3.867018,50.94966],[-3.866577,50.949583],[-3.866168,50.949453],[-3.865808,50.949276],[-3.865509,50.949057],[-3.865283,50.948806],[-3.865139,50.948532],[-3.865083,50.948245]]]}, "properties": {"id": "45fa40bd-1229-4abc-920a-64352ba51c10", "postcode": "EX18 7AD", "group_id": "b148cd75-c32d-44e8-806e-85688ab1d059"}}, {"type": "Feature", "geometry": {"type":"Polygon","coordinates":[[[-2.089089,52.728881],[-2.089336,52.727335],[-2.090076,52.725848],[-2.091279,52.724476],[-2.0929,52.723274],[-2.094876,52.722287],[-2.097131,52.721553],[-2.099578,52.7211],[-2.102124,52.720945],[-2.104671,52.721096],[-2.107121,52.721544],[-2.109379,52.722275],[-2.111359,52.723258],[-2.112986,52.724458],[-2.114195,52.725827],[-2.114942,52.727313],[-2.115197,52.728859],[-2.11495,52.730405],[-2.114211,52.731892],[-2.113008,52.733264],[-2.111388,52.734466],[-2.109412,52.735453],[-2.107156,52.736188],[-2.104708,52.736641],[-2.102161,52.736796],[-2.099614,52.736645],[-2.097164,52.736197],[-2.094905,52.735466],[-2.092924,52.734482],[-2.091298,52.733282],[-2.090089,52.731913],[-2.089343,52.730427],[-2.089089,52.728881]]]}, "properties": {"id": "4615f0d4-0a02-43dd-b8e3-5412c8be2dd2", "postcode": "ST19 5RE", "group_id": "97c036e3-0da2-4ee0-a282-91d63dbd9412"}}, {"type": "Feature", "geometry": {"type":"Polygon","coordinates":[[[-2.289344,52.708285],[-2.289649,52.706323],[-2.290578,52.704434],[-2.292096,52.702692],[-2.294144,52.701164],[-2.296644,52.699907],[-2.299499,52.698971],[-2.3026,52.698391],[-2.305827,52.698189],[-2.309057,52.698374],[-2.312166,52.698938],[-2.315034,52.69986],[-2.317551,52.701103],[-2.31962,52.702621],[-2.321163,52.704355],[-2.322119,52.706239],[-2.322451,52.7082],[-2.322148,52.710162],[-2.321219,52.712051],[-2.319702,52.713793],[-2.317654,52.715322],[-2.315154,52.716579],[-2.312299,52.717516],[-2.309197,52.718096],[-2.305968,52.718298],[-2.302736,52.718113],[-2.299626,52.717549],[-2.296758,52.716627],[-2.29424,52.715383],[-2.292171,52.713864],[-2.290629,52.71213],[-2.289675,52.710246],[-2.289344,52.708285]]]}, "properties": {"id": "469dc1b1-d553-476d-872c-f2c95d86a496", "postcode": "TF10 9BG", "group_id": "cb77a7b6-9cf0-4a11-b659-cda47f2a0cbc"}}, {"type": "Feature", "geometry": {"type":"Polygon","coordinates":[[[-1.621551,52.320115],[-1.622007,52.317419],[-1.623314,52.314828],[-1.625419,52.312444],[-1.628243,52.310357],[-1.631676,52.308648],[-1.635588,52.307382],[-1.639827,52.306608],[-1.64423,52.306356],[-1.64863,52.306634],[-1.652856,52.307434],[-1.656747,52.308723],[-1.660153,52.310453],[-1.662943,52.312557],[-1.66501,52.314954],[-1.666275,52.317552],[-1.666688,52.320251],[-1.666235,52.322948],[-1.664931,52.325539],[-1.662827,52.327924],[-1.660003,52.330012],[-1.656569,52.331722],[-1.652656,52.332988],[-1.648415,52.333763],[-1.644009,52.334015],[-1.639606,52.333736],[-1.635378,52.332936],[-1.631485,52.331646],[-1.628079,52.329916],[-1.625289,52.327811],[-1.623224,52.325413],[-1.621961,52.322815],[-1.621551,52.320115]]]}, "properties": {"id": "46c33f70-6272-41c2-8aff-fe9fe79f512e", "postcode": "CV35 7LU", "group_id": "e54a5321-7fcc-4788-be08-0b155cf09bdf"}}, {"type": "Feature", "geometry": {"type":"Polygon","coordinates":[[[-1.913897,51.045512],[-1.914208,51.043545],[-1.915121,51.041654],[-1.916602,51.039912],[-1.918594,51.038386],[-1.921019,51.037133],[-1.923786,51.036203],[-1.926787,51.035632],[-1.929907,51.03544],[-1.933026,51.035635],[-1.936025,51.036211],[-1.938789,51.037144],[-1.941211,51.038399],[-1.943198,51.039928],[-1.944673,51.041672],[-1.945581,51.043564],[-1.945886,51.045531],[-1.945577,51.047498],[-1.944664,51.049389],[-1.943184,51.051131],[-1.941193,51.052658],[-1.938767,51.053911],[-1.936,51.054841],[-1.932998,51.055413],[-1.929876,51.055605],[-1.926756,51.05541],[-1.923755,51.054834],[-1.920991,51.0539],[-1.918569,51.052645],[-1.916582,51.051116],[-1.915107,51.049371],[-1.9142,51.047479],[-1.913897,51.045512]]]}, "properties": {"id": "46cf8d6a-1c3d-44d7-a759-7aa95aeba0ab", "postcode": "SP5 5ED", "group_id": "6cb070a8-3c40-48b7-a594-97fec3894487"}}, {"type": "Feature", "geometry": {"type":"Polygon","coordinates":[[[-2.119228,50.956524],[-2.11949,50.954821],[-2.120271,50.953184],[-2.121544,50.951674],[-2.123258,50.95035],[-2.125348,50.949263],[-2.127734,50.948454],[-2.130324,50.947955],[-2.133018,50.947784],[-2.135713,50.947948],[-2.138305,50.948442],[-2.140695,50.949245],[-2.142792,50.950328],[-2.144514,50.951648],[-2.145795,50.953155],[-2.146586,50.95479],[-2.146857,50.956492],[-2.146597,50.958195],[-2.145816,50.959832],[-2.144544,50.961342],[-2.14283,50.962667],[-2.140739,50.963754],[-2.138353,50.964563],[-2.135763,50.965063],[-2.133068,50.965234],[-2.130372,50.965069],[-2.127778,50.964576],[-2.125387,50.963772],[-2.123291,50.962689],[-2.121569,50.961369],[-2.120289,50.959862],[-2.119498,50.958226],[-2.119228,50.956524]]]}, "properties": {"id": "47262002-733a-4623-8b61-acd29b94c426", "postcode": "SP5 5AP", "group_id": "6cb070a8-3c40-48b7-a594-97fec3894487"}}, {"type": "Feature", "geometry": {"type":"Polygon","coordinates":[[[-1.944179,50.888321],[-1.944401,50.886904],[-1.945056,50.885542],[-1.946119,50.884287],[-1.947548,50.883187],[-1.949289,50.882284],[-1.951275,50.881614],[-1.953429,50.881201],[-1.955669,50.881063],[-1.957909,50.881203],[-1.960062,50.881617],[-1.962047,50.882289],[-1.963786,50.883193],[-1.965213,50.884294],[-1.966273,50.88555],[-1.966926,50.886913],[-1.967145,50.88833],[-1.966924,50.889747],[-1.966269,50.891109],[-1.965207,50.892365],[-1.963778,50.893465],[-1.962037,50.894368],[-1.960051,50.895038],[-1.957896,50.895451],[-1.955655,50.895589],[-1.953415,50.895449],[-1.951261,50.895035],[-1.949276,50.894363],[-1.947537,50.893459],[-1.94611,50.892357],[-1.94505,50.891101],[-1.944398,50.889738],[-1.944179,50.888321]]]}, "properties": {"id": "4817ba05-9e27-403d-9234-d4ee0c7917d5", "postcode": "BH21 7HL", "group_id": "6cb070a8-3c40-48b7-a594-97fec3894487"}}, {"type": "Feature", "geometry": {"type":"Polygon","coordinates":[[[-0.537381,52.599594],[-0.537863,52.597128],[-0.539125,52.594767],[-0.54112,52.592602],[-0.543769,52.590715],[-0.546972,52.589179],[-0.550606,52.588053],[-0.55453,52.58738],[-0.558594,52.587186],[-0.562642,52.587478],[-0.566519,52.588246],[-0.570076,52.58946],[-0.573175,52.591073],[-0.575699,52.593023],[-0.57755,52.595235],[-0.578656,52.597625],[-0.578976,52.6001],[-0.578496,52.602566],[-0.577236,52.604927],[-0.575242,52.607093],[-0.572593,52.608981],[-0.56939,52.610518],[-0.565755,52.611645],[-0.561829,52.612318],[-0.557762,52.612512],[-0.553712,52.612219],[-0.549833,52.611451],[-0.546275,52.610237],[-0.543175,52.608623],[-0.540652,52.606672],[-0.538803,52.604459],[-0.537699,52.602069],[-0.537381,52.599594]]]}, "properties": {"id": "487d85d7-d85a-448e-9300-38a3f93e1f4a", "postcode": "LE15 8PA", "group_id": "7a228e12-3372-49e0-8820-753ab5723f37"}}, {"type": "Feature", "geometry": {"type":"Polygon","coordinates":[[[-0.537381,52.599594],[-0.537863,52.597128],[-0.539125,52.594767],[-0.54112,52.592602],[-0.543769,52.590715],[-0.546972,52.589179],[-0.550606,52.588053],[-0.55453,52.58738],[-0.558594,52.587186],[-0.562642,52.587478],[-0.566519,52.588246],[-0.570076,52.58946],[-0.573175,52.591073],[-0.575699,52.593023],[-0.57755,52.595235],[-0.578656,52.597625],[-0.578976,52.6001],[-0.578496,52.602566],[-0.577236,52.604927],[-0.575242,52.607093],[-0.572593,52.608981],[-0.56939,52.610518],[-0.565755,52.611645],[-0.561829,52.612318],[-0.557762,52.612512],[-0.553712,52.612219],[-0.549833,52.611451],[-0.546275,52.610237],[-0.543175,52.608623],[-0.540652,52.606672],[-0.538803,52.604459],[-0.537699,52.602069],[-0.537381,52.599594]]]}, "properties": {"id": "487d85d7-d85a-448e-9300-38a3f93e1f4a", "postcode": "LE15 8PA", "group_id": "f4284e39-e56b-48d7-9087-c1abebec366f"}}, {"type": "Feature", "geometry": {"type":"Polygon","coordinates":[[[-0.390965,53.676976],[-0.391343,53.675128],[-0.392321,53.673359],[-0.393861,53.671737],[-0.395904,53.670325],[-0.398372,53.669176],[-0.401169,53.668336],[-0.404189,53.667835],[-0.407315,53.667694],[-0.410428,53.667918],[-0.413407,53.668498],[-0.416138,53.669413],[-0.418517,53.670625],[-0.420452,53.672091],[-0.421868,53.673752],[-0.422711,53.675545],[-0.42295,53.677401],[-0.422573,53.67925],[-0.421596,53.681019],[-0.420057,53.682641],[-0.418014,53.684054],[-0.415546,53.685203],[-0.412747,53.686043],[-0.409726,53.686544],[-0.406599,53.686685],[-0.403485,53.686461],[-0.400505,53.685881],[-0.397773,53.684966],[-0.395394,53.683753],[-0.393459,53.682287],[-0.392044,53.680626],[-0.391202,53.678832],[-0.390965,53.676976]]]}, "properties": {"id": "489fef7a-d45d-42aa-b709-acd1510f85c8", "postcode": "DN18 6DB", "group_id": "a033c86a-0f6d-4e14-bd3d-8868b2867314"}}, {"type": "Feature", "geometry": {"type":"Polygon","coordinates":[[[-0.551643,52.785825],[-0.553008,52.778864],[-0.556585,52.772197],[-0.562236,52.766082],[-0.569744,52.760753],[-0.578821,52.756413],[-0.589116,52.753231],[-0.600236,52.751327],[-0.611754,52.750775],[-0.623228,52.751596],[-0.634219,52.753759],[-0.644305,52.75718],[-0.653099,52.761728],[-0.660262,52.76723],[-0.665521,52.773473],[-0.668671,52.780218],[-0.669592,52.787206],[-0.668246,52.794169],[-0.664683,52.800839],[-0.659042,52.806959],[-0.651536,52.812294],[-0.642456,52.816639],[-0.632149,52.819826],[-0.621013,52.821732],[-0.609476,52.822285],[-0.597983,52.821463],[-0.586978,52.819297],[-0.576882,52.815871],[-0.568086,52.811317],[-0.560926,52.80581],[-0.555679,52.799562],[-0.552545,52.792814],[-0.551643,52.785825]]]}, "properties": {"id": "48c6b6a4-9676-4a26-82a9-52716673c01d", "postcode": "LN8 6HP", "group_id": "60a73ad8-56fc-4c6a-942c-8d42700b5038"}}, {"type": "Feature", "geometry": {"type":"Polygon","coordinates":[[[-0.551643,52.785825],[-0.553008,52.778864],[-0.556585,52.772197],[-0.562236,52.766082],[-0.569744,52.760753],[-0.578821,52.756413],[-0.589116,52.753231],[-0.600236,52.751327],[-0.611754,52.750775],[-0.623228,52.751596],[-0.634219,52.753759],[-0.644305,52.75718],[-0.653099,52.761728],[-0.660262,52.76723],[-0.665521,52.773473],[-0.668671,52.780218],[-0.669592,52.787206],[-0.668246,52.794169],[-0.664683,52.800839],[-0.659042,52.806959],[-0.651536,52.812294],[-0.642456,52.816639],[-0.632149,52.819826],[-0.621013,52.821732],[-0.609476,52.822285],[-0.597983,52.821463],[-0.586978,52.819297],[-0.576882,52.815871],[-0.568086,52.811317],[-0.560926,52.80581],[-0.555679,52.799562],[-0.552545,52.792814],[-0.551643,52.785825]]]}, "properties": {"id": "48c6b6a4-9676-4a26-82a9-52716673c01d", "postcode": "LN8 6HP", "group_id": "7a228e12-3372-49e0-8820-753ab5723f37"}}, {"type": "Feature", "geometry": {"type":"Polygon","coordinates":[[[-1.377699,51.03207],[-1.37799,51.030355],[-1.378806,51.028709],[-1.380116,51.027194],[-1.381869,51.02587],[-1.383998,51.024787],[-1.386421,51.023986],[-1.389045,51.023499],[-1.391769,51.023344],[-1.394489,51.023528],[-1.397099,51.024042],[-1.399501,51.024867],[-1.401601,51.025973],[-1.403319,51.027315],[-1.404589,51.028843],[-1.405362,51.030497],[-1.405609,51.032215],[-1.405318,51.033931],[-1.404503,51.035577],[-1.403194,51.037092],[-1.401441,51.038417],[-1.399312,51.0395],[-1.396889,51.040301],[-1.394264,51.040788],[-1.391539,51.040943],[-1.388818,51.04076],[-1.386206,51.040245],[-1.383804,51.039419],[-1.381704,51.038314],[-1.379986,51.036971],[-1.378716,51.035443],[-1.377944,51.033788],[-1.377699,51.03207]]]}, "properties": {"id": "4ac2e8ea-172d-492e-9ec3-f55bacc55111", "postcode": "SO21 2JH", "group_id": "3bb0c4da-bdd4-47be-913f-c10e377b5d72"}}, {"type": "Feature", "geometry": {"type":"Polygon","coordinates":[[[-1.377699,51.03207],[-1.37799,51.030355],[-1.378806,51.028709],[-1.380116,51.027194],[-1.381869,51.02587],[-1.383998,51.024787],[-1.386421,51.023986],[-1.389045,51.023499],[-1.391769,51.023344],[-1.394489,51.023528],[-1.397099,51.024042],[-1.399501,51.024867],[-1.401601,51.025973],[-1.403319,51.027315],[-1.404589,51.028843],[-1.405362,51.030497],[-1.405609,51.032215],[-1.405318,51.033931],[-1.404503,51.035577],[-1.403194,51.037092],[-1.401441,51.038417],[-1.399312,51.0395],[-1.396889,51.040301],[-1.394264,51.040788],[-1.391539,51.040943],[-1.388818,51.04076],[-1.386206,51.040245],[-1.383804,51.039419],[-1.381704,51.038314],[-1.379986,51.036971],[-1.378716,51.035443],[-1.377944,51.033788],[-1.377699,51.03207]]]}, "properties": {"id": "4ac2e8ea-172d-492e-9ec3-f55bacc55111", "postcode": "SO21 2JH", "group_id": "e8167295-d7f4-4671-913e-f90e96ce8190"}}, {"type": "Feature", "geometry": {"type":"Polygon","coordinates":[[[-2.370473,50.722377],[-2.370785,50.720261],[-2.37174,50.718224],[-2.373304,50.716345],[-2.375414,50.714695],[-2.377991,50.713339],[-2.380934,50.712327],[-2.384132,50.7117],[-2.387461,50.711481],[-2.390794,50.711678],[-2.394002,50.712284],[-2.396962,50.713276],[-2.399561,50.714615],[-2.401699,50.716251],[-2.403293,50.718119],[-2.404282,50.72015],[-2.404628,50.722263],[-2.404319,50.724379],[-2.403364,50.726416],[-2.401802,50.728296],[-2.399692,50.729946],[-2.397115,50.731303],[-2.39417,50.732315],[-2.390971,50.732943],[-2.38764,50.733162],[-2.384306,50.732965],[-2.381097,50.732358],[-2.378136,50.731366],[-2.375537,50.730026],[-2.373399,50.72839],[-2.371806,50.726521],[-2.370818,50.724491],[-2.370473,50.722377]]]}, "properties": {"id": "4ad5543c-d49c-44fe-b529-a4d2960164e9", "postcode": "DT2 7SU", "group_id": "6cb070a8-3c40-48b7-a594-97fec3894487"}}, {"type": "Feature", "geometry": {"type":"Polygon","coordinates":[[[0.692067,52.010053],[0.691957,52.009555],[0.691692,52.009079],[0.691282,52.008645],[0.690742,52.008268],[0.690094,52.007964],[0.689362,52.007744],[0.688574,52.007616],[0.687761,52.007585],[0.686954,52.007653],[0.686183,52.007816],[0.68548,52.008069],[0.684869,52.008403],[0.684376,52.008803],[0.684019,52.009254],[0.683811,52.009741],[0.683761,52.010242],[0.683871,52.010741],[0.684136,52.011216],[0.684547,52.01165],[0.685086,52.012027],[0.685735,52.012331],[0.686467,52.012552],[0.687255,52.01268],[0.688068,52.01271],[0.688875,52.012643],[0.689646,52.012479],[0.690349,52.012226],[0.69096,52.011893],[0.691453,52.011493],[0.69181,52.011041],[0.692018,52.010555],[0.692067,52.010053]]]}, "properties": {"id": "4b186405-253d-4568-9120-c8ec1035459d", "postcode": "CO10 7EE", "group_id": "e0454012-1295-46e6-b208-52cac7018f1f"}}, {"type": "Feature", "geometry": {"type":"Polygon","coordinates":[[[0.692067,52.010053],[0.691957,52.009555],[0.691692,52.009079],[0.691282,52.008645],[0.690742,52.008268],[0.690094,52.007964],[0.689362,52.007744],[0.688574,52.007616],[0.687761,52.007585],[0.686954,52.007653],[0.686183,52.007816],[0.68548,52.008069],[0.684869,52.008403],[0.684376,52.008803],[0.684019,52.009254],[0.683811,52.009741],[0.683761,52.010242],[0.683871,52.010741],[0.684136,52.011216],[0.684547,52.01165],[0.685086,52.012027],[0.685735,52.012331],[0.686467,52.012552],[0.687255,52.01268],[0.688068,52.01271],[0.688875,52.012643],[0.689646,52.012479],[0.690349,52.012226],[0.69096,52.011893],[0.691453,52.011493],[0.69181,52.011041],[0.692018,52.010555],[0.692067,52.010053]]]}, "properties": {"id": "4b186405-253d-4568-9120-c8ec1035459d", "postcode": "CO10 7EE", "group_id": "a7783195-830d-421c-96df-c588303c770b"}}, {"type": "Feature", "geometry": {"type":"Polygon","coordinates":[[[-4.125376,51.052015],[-4.125435,51.051475],[-4.125661,51.050953],[-4.126043,51.050469],[-4.126568,51.050041],[-4.127216,51.049685],[-4.127961,51.049417],[-4.128775,51.049245],[-4.129627,51.049176],[-4.130483,51.049214],[-4.131311,51.049356],[-4.13208,51.049597],[-4.132759,51.049928],[-4.133323,51.050336],[-4.133749,51.050806],[-4.134022,51.051319],[-4.134131,51.051855],[-4.134071,51.052395],[-4.133846,51.052917],[-4.133463,51.053402],[-4.132938,51.05383],[-4.132291,51.054185],[-4.131545,51.054454],[-4.130731,51.054626],[-4.12988,51.054694],[-4.129023,51.054657],[-4.128195,51.054515],[-4.127426,51.054274],[-4.126747,51.053943],[-4.126184,51.053534],[-4.125757,51.053065],[-4.125484,51.052552],[-4.125376,51.052015]]]}, "properties": {"id": "4e748839-40af-4e14-9157-43b8ef705bff", "postcode": "EX31 3QF", "group_id": "b148cd75-c32d-44e8-806e-85688ab1d059"}}, {"type": "Feature", "geometry": {"type":"Polygon","coordinates":[[[-1.254233,52.561489],[-1.254462,52.560203],[-1.255099,52.55897],[-1.256119,52.557836],[-1.257481,52.556845],[-1.259135,52.556035],[-1.261016,52.555437],[-1.263053,52.555074],[-1.265166,52.55496],[-1.267275,52.5551],[-1.269299,52.555488],[-1.27116,52.556109],[-1.272786,52.556939],[-1.274115,52.557947],[-1.275097,52.559094],[-1.275692,52.560335],[-1.275879,52.561623],[-1.27565,52.562908],[-1.275013,52.564142],[-1.273994,52.565276],[-1.272632,52.566267],[-1.270978,52.567078],[-1.269096,52.567676],[-1.267059,52.568038],[-1.264946,52.568152],[-1.262836,52.568012],[-1.260812,52.567624],[-1.25895,52.567003],[-1.257324,52.566172],[-1.255995,52.565165],[-1.255014,52.564018],[-1.254419,52.562777],[-1.254233,52.561489]]]}, "properties": {"id": "4f33cf91-f78b-41bb-9089-2fdafc6f0ee7", "postcode": "LE9 3JR", "group_id": "1bea1e6d-d8e2-4d53-98f6-87e052101074"}}, {"type": "Feature", "geometry": {"type":"Polygon","coordinates":[[[-2.054682,51.625979],[-2.054819,51.625106],[-2.055227,51.624267],[-2.05589,51.623494],[-2.056782,51.622816],[-2.05787,51.622259],[-2.059112,51.621845],[-2.060459,51.62159],[-2.061861,51.621503],[-2.063262,51.621588],[-2.06461,51.621842],[-2.065853,51.622255],[-2.066943,51.62281],[-2.067837,51.623487],[-2.068502,51.62426],[-2.068912,51.625099],[-2.069052,51.625971],[-2.068915,51.626844],[-2.068507,51.627683],[-2.067845,51.628456],[-2.066952,51.629134],[-2.065864,51.629691],[-2.064622,51.630105],[-2.063275,51.63036],[-2.061873,51.630447],[-2.060471,51.630362],[-2.059123,51.630108],[-2.05788,51.629695],[-2.05679,51.62914],[-2.055896,51.628463],[-2.055231,51.62769],[-2.054821,51.626851],[-2.054682,51.625979]]]}, "properties": {"id": "4f8045e1-835a-4aa8-bf3c-c9b121c5bcfd", "postcode": "SN16 9SN", "group_id": "cc94d8f7-66af-4ed5-ac46-42b640648e8a"}}, {"type": "Feature", "geometry": {"type":"Polygon","coordinates":[[[-0.152565,52.160986],[-0.153041,52.158629],[-0.154256,52.156374],[-0.156162,52.154309],[-0.158687,52.152511],[-0.161733,52.151051],[-0.165184,52.149985],[-0.168906,52.149353],[-0.172757,52.14918],[-0.176589,52.149472],[-0.180255,52.150219],[-0.183614,52.15139],[-0.186536,52.152943],[-0.188911,52.154816],[-0.190646,52.156938],[-0.191674,52.159228],[-0.191957,52.161597],[-0.191483,52.163954],[-0.19027,52.166209],[-0.188364,52.168275],[-0.18584,52.170073],[-0.182793,52.171534],[-0.179341,52.172601],[-0.175617,52.173233],[-0.171764,52.173406],[-0.16793,52.173114],[-0.164263,52.172367],[-0.160903,52.171194],[-0.15798,52.169641],[-0.155606,52.167768],[-0.153872,52.165645],[-0.152846,52.163355],[-0.152565,52.160986]]]}, "properties": {"id": "4f92633a-2025-4b29-a9ef-96de03b98a0e", "postcode": "SG19 3BX", "group_id": "af68fec4-7fdb-4246-bbf0-6067ace38189"}}, {"type": "Feature", "geometry": {"type":"Polygon","coordinates":[[[-2.145227,51.752104],[-2.145384,51.751089],[-2.145858,51.750114],[-2.146629,51.749214],[-2.147667,51.748425],[-2.148934,51.747777],[-2.15038,51.747295],[-2.15195,51.746998],[-2.153583,51.746896],[-2.155217,51.746993],[-2.156788,51.747287],[-2.158237,51.747765],[-2.159509,51.74841],[-2.160553,51.749196],[-2.16133,51.750094],[-2.16181,51.751068],[-2.161974,51.752082],[-2.161817,51.753096],[-2.161344,51.754071],[-2.160573,51.754971],[-2.159535,51.75576],[-2.158268,51.756408],[-2.156822,51.75689],[-2.155252,51.757188],[-2.153618,51.75729],[-2.151984,51.757192],[-2.150412,51.756899],[-2.148962,51.75642],[-2.147691,51.755776],[-2.146647,51.754989],[-2.14587,51.754092],[-2.145391,51.753117],[-2.145227,51.752104]]]}, "properties": {"id": "4fa77e45-b620-405d-88e9-e893f5202aa0", "postcode": "GL6 7AH", "group_id": "cc94d8f7-66af-4ed5-ac46-42b640648e8a"}}, {"type": "Feature", "geometry": {"type":"Polygon","coordinates":[[[-1.421168,52.584758],[-1.42158,52.582408],[-1.422736,52.580152],[-1.424592,52.578076],[-1.427077,52.576261],[-1.430095,52.574777],[-1.433531,52.573679],[-1.437251,52.573011],[-1.441115,52.572797],[-1.444972,52.573047],[-1.448676,52.57375],[-1.452083,52.57488],[-1.455063,52.576393],[-1.457502,52.578232],[-1.459305,52.580324],[-1.460403,52.582591],[-1.460755,52.584945],[-1.460346,52.587295],[-1.459191,52.589552],[-1.457336,52.591628],[-1.454852,52.593443],[-1.451833,52.594929],[-1.448396,52.596027],[-1.444674,52.596696],[-1.440808,52.596909],[-1.436949,52.596659],[-1.433243,52.595955],[-1.429835,52.594825],[-1.426855,52.593311],[-1.424416,52.591472],[-1.422614,52.589379],[-1.421518,52.587112],[-1.421168,52.584758]]]}, "properties": {"id": "4fc0734d-2814-43d5-a952-51bf2a68249e", "postcode": "CV13 6BL", "group_id": "97c036e3-0da2-4ee0-a282-91d63dbd9412"}}, {"type": "Feature", "geometry": {"type":"Polygon","coordinates":[[[-1.37801,51.415353],[-1.378708,51.411278],[-1.380664,51.407366],[-1.383801,51.403767],[-1.388001,51.40062],[-1.393101,51.398047],[-1.398904,51.396144],[-1.40519,51.394986],[-1.411715,51.394618],[-1.41823,51.395052],[-1.424485,51.396273],[-1.430239,51.398233],[-1.435273,51.400858],[-1.439391,51.404046],[-1.442436,51.407675],[-1.444291,51.411607],[-1.444884,51.415689],[-1.444192,51.419765],[-1.442241,51.423678],[-1.439107,51.427278],[-1.434908,51.430426],[-1.429807,51.433002],[-1.424,51.434906],[-1.41771,51.436065],[-1.411178,51.436434],[-1.404657,51.435999],[-1.398398,51.434777],[-1.39264,51.432815],[-1.387606,51.430189],[-1.383489,51.426999],[-1.380447,51.423368],[-1.378597,51.419436],[-1.37801,51.415353]]]}, "properties": {"id": "5033f30a-42f4-4099-aca3-7857357af329", "postcode": "RG20 8LR", "group_id": "a09108de-6364-4e32-a2be-262ce0d3b66b"}}, {"type": "Feature", "geometry": {"type":"Polygon","coordinates":[[[-0.468416,52.899145],[-0.468665,52.897892],[-0.469313,52.896693],[-0.470335,52.895594],[-0.471693,52.894636],[-0.473333,52.893856],[-0.475193,52.893285],[-0.477202,52.892945],[-0.479281,52.892848],[-0.481352,52.892998],[-0.483335,52.89339],[-0.485154,52.894008],[-0.486738,52.894828],[-0.488027,52.89582],[-0.488971,52.896945],[-0.489535,52.89816],[-0.489696,52.899417],[-0.489448,52.90067],[-0.4888,52.901869],[-0.487778,52.902969],[-0.486421,52.903927],[-0.48478,52.904707],[-0.48292,52.905278],[-0.480911,52.905618],[-0.478831,52.905715],[-0.476759,52.905565],[-0.474776,52.905173],[-0.472957,52.904555],[-0.471373,52.903734],[-0.470084,52.902742],[-0.46914,52.901617],[-0.468577,52.900403],[-0.468416,52.899145]]]}, "properties": {"id": "504c336a-6229-46fb-b5e0-9400501b6690", "postcode": "NG33 4BH", "group_id": "7a228e12-3372-49e0-8820-753ab5723f37"}}, {"type": "Feature", "geometry": {"type":"Polygon","coordinates":[[[-1.984659,51.372645],[-1.98491,51.371053],[-1.985652,51.369522],[-1.986857,51.368112],[-1.988479,51.366875],[-1.990454,51.365861],[-1.992708,51.365107],[-1.995153,51.364643],[-1.997696,51.364486],[-2.000239,51.364643],[-2.002684,51.365107],[-2.004938,51.365861],[-2.006913,51.366876],[-2.008534,51.368112],[-2.009739,51.369523],[-2.010481,51.371053],[-2.010732,51.372645],[-2.010482,51.374237],[-2.009741,51.375768],[-2.008536,51.377178],[-2.006915,51.378415],[-2.004939,51.37943],[-2.002685,51.380184],[-2.000239,51.380648],[-1.997695,51.380805],[-1.995151,51.380648],[-1.992706,51.380184],[-1.990451,51.37943],[-1.988476,51.378415],[-1.986855,51.377178],[-1.98565,51.375767],[-1.984909,51.374236],[-1.984659,51.372645]]]}, "properties": {"id": "511b1360-0cdf-49bd-8f63-91873e2a64b2", "postcode": "SN10 2JE", "group_id": "6cb070a8-3c40-48b7-a594-97fec3894487"}}, {"type": "Feature", "geometry": {"type":"Polygon","coordinates":[[[-0.704771,52.197723],[-0.70507,52.19615],[-0.705862,52.194643],[-0.707117,52.193259],[-0.708787,52.192053],[-0.710808,52.19107],[-0.713102,52.190348],[-0.715581,52.189915],[-0.71815,52.189788],[-0.72071,52.189971],[-0.723163,52.190458],[-0.725414,52.191229],[-0.727377,52.192255],[-0.728977,52.193497],[-0.730152,52.194906],[-0.730857,52.19643],[-0.731065,52.198009],[-0.730767,52.199582],[-0.729976,52.20109],[-0.728721,52.202473],[-0.727051,52.20368],[-0.72503,52.204663],[-0.722735,52.205385],[-0.720255,52.205818],[-0.717685,52.205945],[-0.715125,52.205762],[-0.712671,52.205276],[-0.71042,52.204504],[-0.708456,52.203478],[-0.706857,52.202236],[-0.705682,52.200826],[-0.704978,52.199302],[-0.704771,52.197723]]]}, "properties": {"id": "519fe028-9dfd-496c-a508-04a7eb3d57e7", "postcode": "NN7 1ES", "group_id": "8a24e1d6-3fcd-4ab7-8c9b-faea6bdd4373"}}, {"type": "Feature", "geometry": {"type":"Polygon","coordinates":[[[-0.704771,52.197723],[-0.70507,52.19615],[-0.705862,52.194643],[-0.707117,52.193259],[-0.708787,52.192053],[-0.710808,52.19107],[-0.713102,52.190348],[-0.715581,52.189915],[-0.71815,52.189788],[-0.72071,52.189971],[-0.723163,52.190458],[-0.725414,52.191229],[-0.727377,52.192255],[-0.728977,52.193497],[-0.730152,52.194906],[-0.730857,52.19643],[-0.731065,52.198009],[-0.730767,52.199582],[-0.729976,52.20109],[-0.728721,52.202473],[-0.727051,52.20368],[-0.72503,52.204663],[-0.722735,52.205385],[-0.720255,52.205818],[-0.717685,52.205945],[-0.715125,52.205762],[-0.712671,52.205276],[-0.71042,52.204504],[-0.708456,52.203478],[-0.706857,52.202236],[-0.705682,52.200826],[-0.704978,52.199302],[-0.704771,52.197723]]]}, "properties": {"id": "519fe028-9dfd-496c-a508-04a7eb3d57e7", "postcode": "NN7 1ES", "group_id": "79b6ee0b-f1e1-4e97-8270-4fc003a7d8dc"}}, {"type": "Feature", "geometry": {"type":"Polygon","coordinates":[[[-3.799999,50.981024],[-3.800103,50.980136],[-3.800479,50.979278],[-3.801114,50.978483],[-3.801981,50.977781],[-3.803049,50.9772],[-3.804276,50.976761],[-3.805615,50.976482],[-3.807015,50.976373],[-3.808421,50.976439],[-3.80978,50.976676],[-3.81104,50.977076],[-3.812151,50.977624],[-3.813072,50.978298],[-3.813768,50.979073],[-3.81421,50.979918],[-3.814383,50.980802],[-3.814279,50.981689],[-3.813903,50.982547],[-3.813269,50.983343],[-3.812401,50.984044],[-3.811333,50.984626],[-3.810106,50.985065],[-3.808767,50.985344],[-3.807367,50.985453],[-3.805961,50.985387],[-3.804601,50.98515],[-3.803342,50.98475],[-3.80223,50.984202],[-3.801309,50.983528],[-3.800614,50.982753],[-3.800172,50.981908],[-3.799999,50.981024]]]}, "properties": {"id": "5325afd0-ecaa-44cf-9289-fa6fb8c74a0b", "postcode": "EX36 4LJ", "group_id": "b148cd75-c32d-44e8-806e-85688ab1d059"}}, {"type": "Feature", "geometry": {"type":"Polygon","coordinates":[[[-1.22141,51.43577],[-1.221691,51.434165],[-1.222467,51.432624],[-1.223709,51.431208],[-1.22537,51.42997],[-1.227384,51.428959],[-1.229675,51.428212],[-1.232156,51.42776],[-1.234729,51.427618],[-1.237298,51.427793],[-1.239762,51.428278],[-1.242028,51.429054],[-1.244009,51.430092],[-1.245627,51.431351],[-1.246822,51.432783],[-1.247546,51.434333],[-1.247773,51.435942],[-1.247493,51.437548],[-1.246718,51.439089],[-1.245476,51.440505],[-1.243816,51.441743],[-1.241802,51.442755],[-1.23951,51.443501],[-1.237029,51.443954],[-1.234454,51.444096],[-1.231885,51.443921],[-1.229419,51.443436],[-1.227153,51.442659],[-1.225173,51.441621],[-1.223554,51.440362],[-1.22236,51.43893],[-1.221636,51.437379],[-1.22141,51.43577]]]}, "properties": {"id": "541d1112-8f61-4f54-91c2-2aa38013a04f", "postcode": "RG18 9UB", "group_id": "a09108de-6364-4e32-a2be-262ce0d3b66b"}}, {"type": "Feature", "geometry": {"type":"Polygon","coordinates":[[[-0.433753,53.296899],[-0.433929,53.296024],[-0.434387,53.295186],[-0.435109,53.294418],[-0.436067,53.293749],[-0.437225,53.293204],[-0.438537,53.292806],[-0.439955,53.292568],[-0.441422,53.292501],[-0.442883,53.292607],[-0.444281,53.292881],[-0.445564,53.293313],[-0.446681,53.293887],[-0.44759,53.294581],[-0.448255,53.295367],[-0.448651,53.296216],[-0.448764,53.297096],[-0.448588,53.297971],[-0.44813,53.298809],[-0.447408,53.299577],[-0.44645,53.300247],[-0.445292,53.300791],[-0.44398,53.30119],[-0.442562,53.301427],[-0.441094,53.301494],[-0.439633,53.301389],[-0.438234,53.301115],[-0.436952,53.300682],[-0.435835,53.300108],[-0.434926,53.299414],[-0.434261,53.298628],[-0.433865,53.297779],[-0.433753,53.296899]]]}, "properties": {"id": "54a51a73-9ce2-4b88-9f46-d628fb4de087", "postcode": "LN1 2LB", "group_id": "60a73ad8-56fc-4c6a-942c-8d42700b5038"}}, {"type": "Feature", "geometry": {"type":"Polygon","coordinates":[[[-2.099867,51.198794],[-2.100159,51.1969],[-2.101034,51.195079],[-2.102458,51.193399],[-2.104376,51.191927],[-2.106713,51.190718],[-2.109381,51.189819],[-2.112277,51.189264],[-2.11529,51.189074],[-2.118303,51.189258],[-2.121202,51.189807],[-2.123875,51.190701],[-2.126218,51.191906],[-2.128143,51.193374],[-2.129575,51.19505],[-2.130459,51.19687],[-2.130761,51.198763],[-2.13047,51.200657],[-2.129596,51.202479],[-2.128173,51.204158],[-2.126256,51.205631],[-2.123918,51.20684],[-2.121249,51.20774],[-2.118352,51.208295],[-2.115338,51.208485],[-2.112324,51.208301],[-2.109424,51.207752],[-2.106751,51.206857],[-2.104407,51.205652],[-2.102482,51.204183],[-2.101051,51.202507],[-2.100168,51.200687],[-2.099867,51.198794]]]}, "properties": {"id": "54ab5b14-0b76-4a7d-99b7-0a1c11c67f23", "postcode": "BA12 0EP", "group_id": "6cb070a8-3c40-48b7-a594-97fec3894487"}}, {"type": "Feature", "geometry": {"type":"Polygon","coordinates":[[[-2.316116,52.943903],[-2.3163,52.942724],[-2.316861,52.941589],[-2.317777,52.940542],[-2.319015,52.939623],[-2.320525,52.938867],[-2.32225,52.938304],[-2.324124,52.937955],[-2.326074,52.937834],[-2.328026,52.937944],[-2.329905,52.938283],[-2.331638,52.938837],[-2.33316,52.939584],[-2.334411,52.940496],[-2.335343,52.941538],[-2.335921,52.94267],[-2.336122,52.943848],[-2.335939,52.945028],[-2.335379,52.946163],[-2.334463,52.94721],[-2.333225,52.948129],[-2.331715,52.948885],[-2.32999,52.949448],[-2.328116,52.949797],[-2.326165,52.949919],[-2.324212,52.949808],[-2.322333,52.949469],[-2.320599,52.948916],[-2.319078,52.948168],[-2.317827,52.947256],[-2.316895,52.946214],[-2.316317,52.945082],[-2.316116,52.943903]]]}, "properties": {"id": "555d030d-3d06-4eb1-9d86-c61223beb9a0", "postcode": "TF9 4HH", "group_id": "cb77a7b6-9cf0-4a11-b659-cda47f2a0cbc"}}, {"type": "Feature", "geometry": {"type":"Polygon","coordinates":[[[0.778046,52.653396],[0.777603,52.651436],[0.776539,52.649565],[0.774896,52.647857],[0.772736,52.646377],[0.770144,52.645181],[0.767217,52.644316],[0.76407,52.643814],[0.760822,52.643696],[0.757598,52.643965],[0.754523,52.644612],[0.751714,52.64561],[0.74928,52.646923],[0.747313,52.6485],[0.745889,52.65028],[0.745064,52.652194],[0.744869,52.65417],[0.745311,52.656131],[0.746374,52.658001],[0.748016,52.65971],[0.750175,52.661191],[0.752769,52.662387],[0.755696,52.663252],[0.758845,52.663754],[0.762094,52.663872],[0.765319,52.663603],[0.768395,52.662956],[0.771205,52.661957],[0.77364,52.660643],[0.775606,52.659066],[0.777029,52.657286],[0.777853,52.655372],[0.778046,52.653396]]]}, "properties": {"id": "55858fff-50e6-407a-9642-c955693d7447", "postcode": "PE37 8HS", "group_id": "3bd8b114-f504-4798-b91b-aaf4e4fbd4de"}}, {"type": "Feature", "geometry": {"type":"Polygon","coordinates":[[[0.778046,52.653396],[0.777603,52.651436],[0.776539,52.649565],[0.774896,52.647857],[0.772736,52.646377],[0.770144,52.645181],[0.767217,52.644316],[0.76407,52.643814],[0.760822,52.643696],[0.757598,52.643965],[0.754523,52.644612],[0.751714,52.64561],[0.74928,52.646923],[0.747313,52.6485],[0.745889,52.65028],[0.745064,52.652194],[0.744869,52.65417],[0.745311,52.656131],[0.746374,52.658001],[0.748016,52.65971],[0.750175,52.661191],[0.752769,52.662387],[0.755696,52.663252],[0.758845,52.663754],[0.762094,52.663872],[0.765319,52.663603],[0.768395,52.662956],[0.771205,52.661957],[0.77364,52.660643],[0.775606,52.659066],[0.777029,52.657286],[0.777853,52.655372],[0.778046,52.653396]]]}, "properties": {"id": "55858fff-50e6-407a-9642-c955693d7447", "postcode": "PE37 8HS", "group_id": "e20625b4-ebe0-478a-a825-d3d10301dfad"}}, {"type": "Feature", "geometry": {"type":"Polygon","coordinates":[[[-0.975881,52.488866],[-0.976133,52.487502],[-0.976816,52.486195],[-0.977904,52.484994],[-0.979354,52.483946],[-0.981111,52.48309],[-0.983108,52.482461],[-0.985268,52.482081],[-0.987507,52.481966],[-0.989741,52.482119],[-0.991882,52.482536],[-0.993849,52.483199],[-0.995566,52.484085],[-0.996968,52.485157],[-0.998,52.486376],[-0.998623,52.487695],[-0.998812,52.489062],[-0.998561,52.490425],[-0.997878,52.491733],[-0.996791,52.492934],[-0.995341,52.493982],[-0.993584,52.494838],[-0.991586,52.495468],[-0.989426,52.495848],[-0.987186,52.495963],[-0.984952,52.495809],[-0.98281,52.495393],[-0.980842,52.494729],[-0.979125,52.493844],[-0.977723,52.492771],[-0.976692,52.491552],[-0.97607,52.490233],[-0.975881,52.488866]]]}, "properties": {"id": "55a31d32-c52b-4ee8-8d1e-a746a62336cb", "postcode": "LE16 7RF", "group_id": "f4284e39-e56b-48d7-9087-c1abebec366f"}}, {"type": "Feature", "geometry": {"type":"Polygon","coordinates":[[[-0.539966,51.980092],[-0.540229,51.978723],[-0.54092,51.977411],[-0.542012,51.976208],[-0.543463,51.97516],[-0.545217,51.974307],[-0.547207,51.973681],[-0.549357,51.973307],[-0.551583,51.973199],[-0.5538,51.973362],[-0.555924,51.973788],[-0.557872,51.974462],[-0.55957,51.975358],[-0.560952,51.976441],[-0.561966,51.97767],[-0.562572,51.978998],[-0.562746,51.980372],[-0.562484,51.981742],[-0.561793,51.983053],[-0.560702,51.984257],[-0.559251,51.985305],[-0.557496,51.986159],[-0.555506,51.986785],[-0.553356,51.987159],[-0.551129,51.987267],[-0.548911,51.987104],[-0.546787,51.986677],[-0.544838,51.986003],[-0.54314,51.985107],[-0.541758,51.984024],[-0.540745,51.982795],[-0.54014,51.981467],[-0.539966,51.980092]]]}, "properties": {"id": "586978b0-cf8b-4ec2-b5f4-eb33efc00a3a", "postcode": "MK17 9EG", "group_id": "af68fec4-7fdb-4246-bbf0-6067ace38189"}}, {"type": "Feature", "geometry": {"type":"Polygon","coordinates":[[[-0.565146,54.111721],[-0.566121,54.106908],[-0.568675,54.102299],[-0.572709,54.098071],[-0.578067,54.094387],[-0.584545,54.091388],[-0.591892,54.089189],[-0.599828,54.087874],[-0.608047,54.087494],[-0.616234,54.088064],[-0.624076,54.089561],[-0.631271,54.091929],[-0.637543,54.095075],[-0.642651,54.09888],[-0.646398,54.103198],[-0.648641,54.107862],[-0.649293,54.112694],[-0.648327,54.117508],[-0.645782,54.122119],[-0.641753,54.126349],[-0.636396,54.130036],[-0.629916,54.133037],[-0.622563,54.135239],[-0.614619,54.136555],[-0.60639,54.136935],[-0.598193,54.136365],[-0.590343,54.134866],[-0.583144,54.132496],[-0.57687,54.129347],[-0.571765,54.125539],[-0.568023,54.121219],[-0.565788,54.116553],[-0.565146,54.111721]]]}, "properties": {"id": "58894f7e-6a15-4884-bfed-43a63cd41d77", "postcode": "YO17 8DA", "group_id": "453d1020-6b08-4eab-bc4f-e10880f98f5b"}}, {"type": "Feature", "geometry": {"type":"Polygon","coordinates":[[[-2.206697,51.151543],[-2.206941,51.149938],[-2.207678,51.148395],[-2.208879,51.146971],[-2.210499,51.145722],[-2.212475,51.144696],[-2.214732,51.143932],[-2.217181,51.14346],[-2.219731,51.143297],[-2.222281,51.14345],[-2.224736,51.143913],[-2.226999,51.144669],[-2.228985,51.145687],[-2.230617,51.14693],[-2.231832,51.148349],[-2.232583,51.14989],[-2.232843,51.151494],[-2.2326,51.153098],[-2.231863,51.154642],[-2.230662,51.156066],[-2.229042,51.157315],[-2.227066,51.158341],[-2.224809,51.159105],[-2.222359,51.159578],[-2.219809,51.159741],[-2.217257,51.159588],[-2.214802,51.159124],[-2.212538,51.158369],[-2.210552,51.15735],[-2.208921,51.156107],[-2.207706,51.154687],[-2.206955,51.153146],[-2.206697,51.151543]]]}, "properties": {"id": "589b5321-d330-461a-9738-3a1d538d018e", "postcode": "BA12 7EJ", "group_id": "6cb070a8-3c40-48b7-a594-97fec3894487"}}, {"type": "Feature", "geometry": {"type":"Polygon","coordinates":[[[-1.791997,52.818963],[-1.792271,52.817325],[-1.793068,52.81575],[-1.794356,52.8143],[-1.796086,52.81303],[-1.798192,52.811989],[-1.800593,52.811216],[-1.803196,52.810743],[-1.805902,52.810586],[-1.808606,52.810751],[-1.811205,52.811234],[-1.813599,52.812014],[-1.815695,52.813062],[-1.817414,52.814338],[-1.81869,52.815792],[-1.819472,52.817369],[-1.819732,52.819009],[-1.819459,52.820647],[-1.818663,52.822222],[-1.817375,52.823673],[-1.815645,52.824943],[-1.813539,52.825985],[-1.811138,52.826757],[-1.808534,52.827231],[-1.805827,52.827388],[-1.803122,52.827222],[-1.800522,52.82674],[-1.798128,52.825959],[-1.796031,52.824911],[-1.794312,52.823635],[-1.793037,52.82218],[-1.792256,52.820603],[-1.791997,52.818963]]]}, "properties": {"id": "58e26f57-1c16-492a-9fd1-cab95a037000", "postcode": "WS15 3AJ", "group_id": "97c036e3-0da2-4ee0-a282-91d63dbd9412"}}, {"type": "Feature", "geometry": {"type":"Polygon","coordinates":[[[-4.105411,51.123804],[-4.105502,51.122985],[-4.105844,51.122194],[-4.106426,51.121459],[-4.107223,51.120811],[-4.108207,51.120272],[-4.109339,51.119865],[-4.110575,51.119604],[-4.111868,51.1195],[-4.113168,51.119557],[-4.114426,51.119773],[-4.115593,51.120139],[-4.116624,51.120641],[-4.117479,51.12126],[-4.118126,51.121972],[-4.118541,51.12275],[-4.118706,51.123563],[-4.118615,51.124382],[-4.118273,51.125173],[-4.117692,51.125908],[-4.116894,51.126557],[-4.11591,51.127095],[-4.114779,51.127502],[-4.113543,51.127763],[-4.112249,51.127867],[-4.110949,51.12781],[-4.109691,51.127594],[-4.108524,51.127229],[-4.107493,51.126726],[-4.106637,51.126107],[-4.10599,51.125395],[-4.105576,51.124617],[-4.105411,51.123804]]]}, "properties": {"id": "59e26c5b-6ee6-4631-bc2e-a927d2890059", "postcode": "EX31 4EH", "group_id": "b148cd75-c32d-44e8-806e-85688ab1d059"}}, {"type": "Feature", "geometry": {"type":"Polygon","coordinates":[[[-2.617517,52.91318],[-2.617701,52.911937],[-2.618283,52.91074],[-2.619241,52.909635],[-2.620536,52.908663],[-2.62212,52.907864],[-2.623931,52.907266],[-2.625901,52.906893],[-2.627953,52.90676],[-2.630008,52.906872],[-2.631988,52.907223],[-2.633817,52.907802],[-2.635424,52.908585],[-2.636747,52.909542],[-2.637736,52.910637],[-2.638353,52.911828],[-2.638573,52.913068],[-2.638389,52.914311],[-2.637808,52.915508],[-2.636851,52.916614],[-2.635555,52.917585],[-2.633971,52.918385],[-2.63216,52.918983],[-2.63019,52.919356],[-2.628137,52.919489],[-2.626081,52.919377],[-2.624101,52.919026],[-2.622272,52.918447],[-2.620665,52.917664],[-2.619341,52.916706],[-2.618353,52.915611],[-2.617737,52.91442],[-2.617517,52.91318]]]}, "properties": {"id": "59edb3e5-1f2f-4787-bb10-7e2ea454f2ef", "postcode": "SY13 2HX", "group_id": "cb77a7b6-9cf0-4a11-b659-cda47f2a0cbc"}}, {"type": "Feature", "geometry": {"type":"Polygon","coordinates":[[[-0.337113,53.109266],[-0.337288,53.108404],[-0.337739,53.107579],[-0.338448,53.106822],[-0.33939,53.106164],[-0.340527,53.105629],[-0.341815,53.105237],[-0.343206,53.105004],[-0.344645,53.104939],[-0.346078,53.105044],[-0.347449,53.105315],[-0.348706,53.105742],[-0.349801,53.106309],[-0.350691,53.106993],[-0.351342,53.107768],[-0.351729,53.108605],[-0.351837,53.109471],[-0.351663,53.110334],[-0.351212,53.111159],[-0.350502,53.111915],[-0.349561,53.112574],[-0.348424,53.11311],[-0.347136,53.113501],[-0.345745,53.113734],[-0.344305,53.113799],[-0.342872,53.113694],[-0.3415,53.113423],[-0.340243,53.112996],[-0.339148,53.112429],[-0.338259,53.111745],[-0.337608,53.11097],[-0.337221,53.110133],[-0.337113,53.109266]]]}, "properties": {"id": "5a0d2931-42b9-4db2-9120-36c1744bef1c", "postcode": "LN4 3SL", "group_id": "60a73ad8-56fc-4c6a-942c-8d42700b5038"}}, {"type": "Feature", "geometry": {"type":"Polygon","coordinates":[[[-1.240798,51.909378],[-1.241267,51.906718],[-1.242566,51.904166],[-1.244644,51.901819],[-1.247422,51.899769],[-1.250794,51.898093],[-1.254629,51.896856],[-1.25878,51.896105],[-1.263088,51.89587],[-1.267387,51.896159],[-1.271513,51.896962],[-1.275306,51.898246],[-1.278622,51.899964],[-1.281333,51.902049],[-1.283334,51.904421],[-1.284549,51.906989],[-1.284931,51.909654],[-1.284464,51.912314],[-1.283168,51.914867],[-1.281091,51.917214],[-1.278313,51.919265],[-1.274941,51.920942],[-1.271105,51.922179],[-1.266951,51.92293],[-1.262641,51.923166],[-1.258339,51.922876],[-1.254211,51.922074],[-1.250416,51.920788],[-1.2471,51.91907],[-1.24439,51.916984],[-1.24239,51.914611],[-1.241177,51.912043],[-1.240798,51.909378]]]}, "properties": {"id": "5a9ce6ad-ccac-4fb8-96a3-b4fb8606a158", "postcode": "OX25 4AL", "group_id": "d464e159-9c3c-4dd3-ac96-4f6b6ce6a241"}}, {"type": "Feature", "geometry": {"type":"Polygon","coordinates":[[[-4.073877,51.166983],[-4.074003,51.165854],[-4.074476,51.164762],[-4.07528,51.163749],[-4.076382,51.162854],[-4.077741,51.162112],[-4.079304,51.16155],[-4.081011,51.161191],[-4.082797,51.161048],[-4.084592,51.161127],[-4.086329,51.161425],[-4.08794,51.16193],[-4.089363,51.162623],[-4.090544,51.163477],[-4.091438,51.16446],[-4.092009,51.165533],[-4.092236,51.166656],[-4.092111,51.167785],[-4.091637,51.168877],[-4.090834,51.16989],[-4.089732,51.170785],[-4.088373,51.171527],[-4.08681,51.172089],[-4.085103,51.172448],[-4.083317,51.172591],[-4.081521,51.172512],[-4.079784,51.172214],[-4.078172,51.171709],[-4.076749,51.171016],[-4.075568,51.170162],[-4.074675,51.169179],[-4.074104,51.168106],[-4.073877,51.166983]]]}, "properties": {"id": "5b45fc68-5328-475d-82f9-53532cf48fb1", "postcode": "EX31 4HN", "group_id": "b148cd75-c32d-44e8-806e-85688ab1d059"}}, {"type": "Feature", "geometry": {"type":"Polygon","coordinates":[[[-0.314451,52.616957],[-0.315025,52.614099],[-0.316503,52.611363],[-0.31883,52.608856],[-0.321916,52.606673],[-0.325641,52.604898],[-0.329863,52.6036],[-0.33442,52.602828],[-0.339137,52.602612],[-0.343832,52.60296],[-0.348326,52.603859],[-0.352446,52.605274],[-0.356033,52.607151],[-0.35895,52.609418],[-0.361085,52.611988],[-0.362355,52.614763],[-0.362712,52.617634],[-0.362141,52.620493],[-0.360665,52.623229],[-0.35834,52.625738],[-0.355255,52.627922],[-0.351528,52.629697],[-0.347304,52.630996],[-0.342745,52.631769],[-0.338025,52.631985],[-0.333326,52.631637],[-0.32883,52.630737],[-0.324709,52.629321],[-0.321121,52.627443],[-0.318205,52.625175],[-0.316072,52.622604],[-0.314805,52.619829],[-0.314451,52.616957]]]}, "properties": {"id": "5b5a0321-b1a8-4514-813e-1a359317077c", "postcode": "PE6 7EL", "group_id": "f4284e39-e56b-48d7-9087-c1abebec366f"}}, {"type": "Feature", "geometry": {"type":"Polygon","coordinates":[[[-0.281919,52.259711],[-0.282395,52.257327],[-0.28362,52.255046],[-0.285546,52.252955],[-0.288099,52.251135],[-0.291182,52.249656],[-0.294676,52.248574],[-0.298446,52.247931],[-0.302348,52.247751],[-0.306232,52.248043],[-0.309949,52.248793],[-0.313357,52.249974],[-0.316323,52.251541],[-0.318735,52.253432],[-0.320499,52.255576],[-0.321548,52.25789],[-0.321842,52.260285],[-0.321368,52.26267],[-0.320145,52.264951],[-0.31822,52.267043],[-0.315667,52.268863],[-0.312584,52.270343],[-0.309089,52.271426],[-0.305317,52.272069],[-0.301412,52.272249],[-0.297526,52.271957],[-0.293807,52.271206],[-0.290399,52.270024],[-0.287432,52.268457],[-0.285021,52.266565],[-0.283258,52.264421],[-0.28221,52.262106],[-0.281919,52.259711]]]}, "properties": {"id": "5c44cbb4-76a6-4bef-a926-72a244c82743", "postcode": "PE19 5LB", "group_id": "af68fec4-7fdb-4246-bbf0-6067ace38189"}}, {"type": "Feature", "geometry": {"type":"Polygon","coordinates":[[[-0.281919,52.259711],[-0.282395,52.257327],[-0.28362,52.255046],[-0.285546,52.252955],[-0.288099,52.251135],[-0.291182,52.249656],[-0.294676,52.248574],[-0.298446,52.247931],[-0.302348,52.247751],[-0.306232,52.248043],[-0.309949,52.248793],[-0.313357,52.249974],[-0.316323,52.251541],[-0.318735,52.253432],[-0.320499,52.255576],[-0.321548,52.25789],[-0.321842,52.260285],[-0.321368,52.26267],[-0.320145,52.264951],[-0.31822,52.267043],[-0.315667,52.268863],[-0.312584,52.270343],[-0.309089,52.271426],[-0.305317,52.272069],[-0.301412,52.272249],[-0.297526,52.271957],[-0.293807,52.271206],[-0.290399,52.270024],[-0.287432,52.268457],[-0.285021,52.266565],[-0.283258,52.264421],[-0.28221,52.262106],[-0.281919,52.259711]]]}, "properties": {"id": "5c44cbb4-76a6-4bef-a926-72a244c82743", "postcode": "PE19 5LB", "group_id": "849cc9af-4d60-4284-bc1a-8a35d54c7661"}}, {"type": "Feature", "geometry": {"type":"Polygon","coordinates":[[[-1.537283,52.673183],[-1.537397,52.672523],[-1.53772,52.67189],[-1.538241,52.671306],[-1.538939,52.670796],[-1.539787,52.670378],[-1.540753,52.670069],[-1.541799,52.669881],[-1.542886,52.66982],[-1.543972,52.669889],[-1.545014,52.670086],[-1.545974,52.670402],[-1.546813,52.670826],[-1.5475,52.671342],[-1.548009,52.671929],[-1.548319,52.672565],[-1.548419,52.673226],[-1.548306,52.673886],[-1.547982,52.67452],[-1.547462,52.675103],[-1.546764,52.675613],[-1.545916,52.676031],[-1.544949,52.67634],[-1.543903,52.676529],[-1.542816,52.67659],[-1.54173,52.67652],[-1.540687,52.676324],[-1.539728,52.676007],[-1.538888,52.675583],[-1.538201,52.675067],[-1.537693,52.67448],[-1.537383,52.673844],[-1.537283,52.673183]]]}, "properties": {"id": "5d904245-f1f5-4430-9555-a30cd71bc1fe", "postcode": "DE12 7AH", "group_id": "97c036e3-0da2-4ee0-a282-91d63dbd9412"}}, {"type": "Feature", "geometry": {"type":"Polygon","coordinates":[[[-0.155806,53.142271],[-0.156049,53.141098],[-0.156667,53.139976],[-0.157638,53.138949],[-0.158924,53.138055],[-0.160474,53.137329],[-0.162231,53.136798],[-0.164126,53.136484],[-0.166086,53.136399],[-0.168036,53.136545],[-0.169901,53.136916],[-0.17161,53.1375],[-0.173097,53.138273],[-0.174305,53.139205],[-0.175187,53.140261],[-0.175709,53.141401],[-0.175852,53.14258],[-0.17561,53.143752],[-0.174991,53.144874],[-0.174021,53.145902],[-0.172736,53.146796],[-0.171185,53.147522],[-0.169428,53.148053],[-0.167533,53.148367],[-0.165572,53.148452],[-0.163621,53.148306],[-0.161755,53.147934],[-0.160046,53.147351],[-0.158559,53.146578],[-0.157352,53.145645],[-0.15647,53.144589],[-0.155948,53.143449],[-0.155806,53.142271]]]}, "properties": {"id": "5d928470-823e-4c92-9c2d-126341241223", "postcode": "LN4 4PQ", "group_id": "60a73ad8-56fc-4c6a-942c-8d42700b5038"}}, {"type": "Feature", "geometry": {"type":"Polygon","coordinates":[[[-2.605107,52.852289],[-2.605213,52.851572],[-2.605549,52.850882],[-2.6061,52.850245],[-2.606846,52.849685],[-2.607759,52.849223],[-2.608802,52.848879],[-2.609937,52.848664],[-2.611118,52.848588],[-2.612302,52.848652],[-2.613442,52.848855],[-2.614495,52.849189],[-2.615421,52.84964],[-2.616182,52.850193],[-2.616752,52.850824],[-2.617107,52.851511],[-2.617233,52.852227],[-2.617127,52.852943],[-2.616792,52.853634],[-2.61624,52.854271],[-2.615494,52.854831],[-2.614582,52.855292],[-2.613538,52.855637],[-2.612404,52.855852],[-2.611222,52.855928],[-2.610038,52.855864],[-2.608897,52.855661],[-2.607844,52.855327],[-2.606919,52.854875],[-2.606157,52.854323],[-2.605588,52.853691],[-2.605233,52.853005],[-2.605107,52.852289]]]}, "properties": {"id": "5e002070-0ab7-4187-9181-6fbc075c0060", "postcode": "TF9 3LJ", "group_id": "cb77a7b6-9cf0-4a11-b659-cda47f2a0cbc"}}, {"type": "Feature", "geometry": {"type":"Polygon","coordinates":[[[-1.046504,53.090304],[-1.046703,53.089232],[-1.047245,53.088205],[-1.04811,53.087261],[-1.049265,53.086436],[-1.050664,53.085764],[-1.052254,53.085268],[-1.053974,53.084969],[-1.055759,53.084877],[-1.057538,53.084997],[-1.059245,53.085323],[-1.060813,53.085844],[-1.062182,53.086539],[-1.0633,53.087381],[-1.064123,53.088339],[-1.064621,53.089374],[-1.064773,53.090449],[-1.064574,53.09152],[-1.064032,53.092548],[-1.063167,53.093492],[-1.062013,53.094316],[-1.060614,53.094989],[-1.059023,53.095485],[-1.057302,53.095784],[-1.055518,53.095876],[-1.053738,53.095756],[-1.052031,53.095429],[-1.050463,53.094908],[-1.049093,53.094214],[-1.047976,53.093371],[-1.047152,53.092414],[-1.046655,53.091378],[-1.046504,53.090304]]]}, "properties": {"id": "603ea25e-cde1-4c62-8833-6035ac4fc4dc", "postcode": "NG22 8EW", "group_id": "fceea007-3092-4ffe-98fc-ee9a5d2641c9"}}, {"type": "Feature", "geometry": {"type":"Polygon","coordinates":[[[-1.048439,53.098049],[-1.04875,53.096376],[-1.049597,53.094772],[-1.050948,53.093298],[-1.05275,53.092011],[-1.054934,53.090961],[-1.057417,53.090187],[-1.060103,53.08972],[-1.062888,53.089577],[-1.065667,53.089763],[-1.068331,53.090273],[-1.07078,53.091086],[-1.072918,53.09217],[-1.074664,53.093485],[-1.07595,53.094979],[-1.076727,53.096596],[-1.076965,53.098273],[-1.076655,53.099946],[-1.075809,53.10155],[-1.074459,53.103024],[-1.072657,53.104311],[-1.070472,53.105362],[-1.067989,53.106136],[-1.065302,53.106604],[-1.062515,53.106747],[-1.059736,53.10656],[-1.05707,53.10605],[-1.054621,53.105237],[-1.052483,53.104152],[-1.050738,53.102837],[-1.049452,53.101343],[-1.048676,53.099726],[-1.048439,53.098049]]]}, "properties": {"id": "60cdb092-2796-4f12-a1da-93aa222ec868", "postcode": "NG22 8HB", "group_id": "fceea007-3092-4ffe-98fc-ee9a5d2641c9"}}, {"type": "Feature", "geometry": {"type":"Polygon","coordinates":[[[-2.169033,50.816212],[-2.169194,50.815153],[-2.169677,50.814134],[-2.170465,50.813195],[-2.171528,50.812371],[-2.172823,50.811695],[-2.174302,50.811191],[-2.175907,50.81088],[-2.177577,50.810773],[-2.179248,50.810875],[-2.180856,50.811181],[-2.182339,50.81168],[-2.183639,50.812353],[-2.184707,50.813174],[-2.185503,50.81411],[-2.185994,50.815127],[-2.186163,50.816186],[-2.186002,50.817245],[-2.185519,50.818263],[-2.184731,50.819203],[-2.183669,50.820026],[-2.182374,50.820703],[-2.180895,50.821207],[-2.179289,50.821518],[-2.177618,50.821625],[-2.175947,50.821523],[-2.174339,50.821217],[-2.172856,50.820718],[-2.171556,50.820045],[-2.170487,50.819224],[-2.169692,50.818287],[-2.169201,50.81727],[-2.169033,50.816212]]]}, "properties": {"id": "62974c56-dcf2-4e7e-a7b3-4420cf60f5b1", "postcode": "DT11 9AG", "group_id": "6cb070a8-3c40-48b7-a594-97fec3894487"}}, {"type": "Feature", "geometry": {"type":"Polygon","coordinates":[[[-0.522614,53.367446],[-0.522856,53.366235],[-0.523489,53.365075],[-0.524487,53.364011],[-0.525813,53.363084],[-0.527416,53.36233],[-0.529234,53.361777],[-0.531198,53.361447],[-0.533231,53.361352],[-0.535257,53.361497],[-0.537196,53.361875],[-0.538974,53.362472],[-0.540524,53.363265],[-0.541786,53.364224],[-0.54271,53.365311],[-0.543262,53.366486],[-0.543421,53.367702],[-0.54318,53.368914],[-0.542548,53.370074],[-0.54155,53.371138],[-0.540223,53.372065],[-0.53862,53.372819],[-0.536802,53.373372],[-0.534838,53.373702],[-0.532804,53.373797],[-0.530778,53.373652],[-0.528838,53.373274],[-0.527059,53.372677],[-0.525509,53.371884],[-0.524248,53.370925],[-0.523324,53.369837],[-0.522772,53.368663],[-0.522614,53.367446]]]}, "properties": {"id": "62fcf1a4-c7bf-40f0-b3f4-ce6a0092a69f", "postcode": "DN21 5UZ", "group_id": "7a228e12-3372-49e0-8820-753ab5723f37"}}, {"type": "Feature", "geometry": {"type":"Polygon","coordinates":[[[-0.890809,52.660232],[-0.890923,52.659622],[-0.891231,52.659038],[-0.891721,52.658501],[-0.892373,52.658032],[-0.893163,52.65765],[-0.894061,52.657369],[-0.895032,52.6572],[-0.896038,52.657149],[-0.897041,52.657219],[-0.898002,52.657406],[-0.898885,52.657703],[-0.899656,52.6581],[-0.900285,52.658581],[-0.900747,52.659126],[-0.901025,52.659716],[-0.901109,52.660328],[-0.900995,52.660938],[-0.900687,52.661523],[-0.900197,52.66206],[-0.899545,52.662529],[-0.898755,52.662911],[-0.897857,52.663192],[-0.896886,52.663361],[-0.89588,52.663412],[-0.894877,52.663342],[-0.893915,52.663155],[-0.893032,52.662857],[-0.892261,52.662461],[-0.891633,52.66198],[-0.891171,52.661434],[-0.890892,52.660844],[-0.890809,52.660232]]]}, "properties": {"id": "63602947-0df3-495f-a398-73394bd39513", "postcode": "LE7 9DE", "group_id": "1bea1e6d-d8e2-4d53-98f6-87e052101074"}}, {"type": "Feature", "geometry": {"type":"Polygon","coordinates":[[[0.139969,51.954635],[0.139609,51.952902],[0.138709,51.951245],[0.137303,51.949728],[0.135445,51.94841],[0.133206,51.947341],[0.130674,51.946563],[0.127944,51.946104],[0.125122,51.945984],[0.122316,51.946206],[0.119635,51.946762],[0.11718,51.94763],[0.115046,51.948778],[0.113316,51.950161],[0.112056,51.951726],[0.111313,51.953413],[0.111118,51.955156],[0.111477,51.95689],[0.112376,51.958548],[0.113782,51.960065],[0.11564,51.961383],[0.117878,51.962452],[0.120412,51.963231],[0.123142,51.963689],[0.125965,51.96381],[0.128772,51.963588],[0.131455,51.963032],[0.13391,51.962163],[0.136044,51.961015],[0.137774,51.959631],[0.139033,51.958066],[0.139775,51.956379],[0.139969,51.954635]]]}, "properties": {"id": "6370afcf-4a2e-422d-a0c9-192683e786e0", "postcode": "SG9 0HT", "group_id": "9e6449fd-d980-4d4b-9ae4-8db27f5e18bd"}}, {"type": "Feature", "geometry": {"type":"Polygon","coordinates":[[[-1.425183,51.180839],[-1.425603,51.178356],[-1.426786,51.175973],[-1.428685,51.173781],[-1.431228,51.171864],[-1.434317,51.170295],[-1.437833,51.169135],[-1.441641,51.168429],[-1.445595,51.168203],[-1.449544,51.168466],[-1.453335,51.169209],[-1.456823,51.170402],[-1.459874,51.171999],[-1.46237,51.173941],[-1.464217,51.176151],[-1.465342,51.178545],[-1.465702,51.181031],[-1.465284,51.183513],[-1.464104,51.185896],[-1.462206,51.188089],[-1.459663,51.190007],[-1.456574,51.191577],[-1.453057,51.192737],[-1.449246,51.193444],[-1.44529,51.19367],[-1.441339,51.193406],[-1.437547,51.192664],[-1.434058,51.19147],[-1.431006,51.189872],[-1.42851,51.18793],[-1.426665,51.185719],[-1.425542,51.183325],[-1.425183,51.180839]]]}, "properties": {"id": "6470bc8e-45b8-41ac-829b-f0d9313f5fd4", "postcode": "SP11 7JP", "group_id": "3bb0c4da-bdd4-47be-913f-c10e377b5d72"}}, {"type": "Feature", "geometry": {"type":"Polygon","coordinates":[[[-1.425183,51.180839],[-1.425603,51.178356],[-1.426786,51.175973],[-1.428685,51.173781],[-1.431228,51.171864],[-1.434317,51.170295],[-1.437833,51.169135],[-1.441641,51.168429],[-1.445595,51.168203],[-1.449544,51.168466],[-1.453335,51.169209],[-1.456823,51.170402],[-1.459874,51.171999],[-1.46237,51.173941],[-1.464217,51.176151],[-1.465342,51.178545],[-1.465702,51.181031],[-1.465284,51.183513],[-1.464104,51.185896],[-1.462206,51.188089],[-1.459663,51.190007],[-1.456574,51.191577],[-1.453057,51.192737],[-1.449246,51.193444],[-1.44529,51.19367],[-1.441339,51.193406],[-1.437547,51.192664],[-1.434058,51.19147],[-1.431006,51.189872],[-1.42851,51.18793],[-1.426665,51.185719],[-1.425542,51.183325],[-1.425183,51.180839]]]}, "properties": {"id": "6470bc8e-45b8-41ac-829b-f0d9313f5fd4", "postcode": "SP11 7JP", "group_id": "e8167295-d7f4-4671-913e-f90e96ce8190"}}, {"type": "Feature", "geometry": {"type":"Polygon","coordinates":[[[-0.550551,51.996511],[-0.550853,51.994942],[-0.551645,51.993439],[-0.552896,51.992061],[-0.554559,51.99086],[-0.556569,51.989882],[-0.55885,51.989165],[-0.561313,51.988736],[-0.563864,51.988612],[-0.566406,51.988798],[-0.56884,51.989287],[-0.571073,51.990059],[-0.573019,51.991085],[-0.574604,51.992326],[-0.575766,51.993734],[-0.576461,51.995254],[-0.576662,51.99683],[-0.576361,51.998399],[-0.57557,51.999901],[-0.574319,52.00128],[-0.572657,52.002482],[-0.570646,52.00346],[-0.568365,52.004177],[-0.565901,52.004606],[-0.563349,52.00473],[-0.560806,52.004544],[-0.558371,52.004055],[-0.556138,52.003283],[-0.554192,52.002256],[-0.552607,52.001015],[-0.551446,51.999607],[-0.550751,51.998086],[-0.550551,51.996511]]]}, "properties": {"id": "64967322-88d2-4784-b800-9161c021fa34", "postcode": "MK17 9PG", "group_id": "af68fec4-7fdb-4246-bbf0-6067ace38189"}}, {"type": "Feature", "geometry": {"type":"Polygon","coordinates":[[[0.809751,52.391381],[0.809071,52.388364],[0.807442,52.385487],[0.804928,52.382859],[0.801625,52.380582],[0.797659,52.378743],[0.793184,52.377413],[0.78837,52.376642],[0.783404,52.37646],[0.778475,52.376875],[0.773773,52.37787],[0.769477,52.379407],[0.765755,52.381428],[0.762747,52.383853],[0.760571,52.386592],[0.759309,52.389537],[0.75901,52.392577],[0.759687,52.395593],[0.761312,52.398471],[0.763825,52.4011],[0.767128,52.403378],[0.771095,52.405218],[0.775572,52.40655],[0.780389,52.407321],[0.785359,52.407503],[0.790291,52.407088],[0.794996,52.406092],[0.799293,52.404554],[0.803016,52.402532],[0.806022,52.400105],[0.808197,52.397366],[0.809456,52.39442],[0.809751,52.391381]]]}, "properties": {"id": "64ab6313-d811-4878-8c29-2de5bac96f55", "postcode": "IP24 2QE", "group_id": "3bd8b114-f504-4798-b91b-aaf4e4fbd4de"}}, {"type": "Feature", "geometry": {"type":"Polygon","coordinates":[[[0.809751,52.391381],[0.809071,52.388364],[0.807442,52.385487],[0.804928,52.382859],[0.801625,52.380582],[0.797659,52.378743],[0.793184,52.377413],[0.78837,52.376642],[0.783404,52.37646],[0.778475,52.376875],[0.773773,52.37787],[0.769477,52.379407],[0.765755,52.381428],[0.762747,52.383853],[0.760571,52.386592],[0.759309,52.389537],[0.75901,52.392577],[0.759687,52.395593],[0.761312,52.398471],[0.763825,52.4011],[0.767128,52.403378],[0.771095,52.405218],[0.775572,52.40655],[0.780389,52.407321],[0.785359,52.407503],[0.790291,52.407088],[0.794996,52.406092],[0.799293,52.404554],[0.803016,52.402532],[0.806022,52.400105],[0.808197,52.397366],[0.809456,52.39442],[0.809751,52.391381]]]}, "properties": {"id": "64ab6313-d811-4878-8c29-2de5bac96f55", "postcode": "IP24 2QE", "group_id": "e20625b4-ebe0-478a-a825-d3d10301dfad"}}, {"type": "Feature", "geometry": {"type":"Polygon","coordinates":[[[-3.872903,50.974489],[-3.872995,50.97369],[-3.873332,50.972917],[-3.873902,50.972201],[-3.874682,50.971569],[-3.875642,50.971046],[-3.876745,50.97065],[-3.877949,50.970398],[-3.879209,50.970299],[-3.880474,50.970357],[-3.881697,50.97057],[-3.882831,50.97093],[-3.883832,50.971422],[-3.884662,50.972028],[-3.885288,50.972725],[-3.885688,50.973485],[-3.885844,50.97428],[-3.885752,50.975079],[-3.885415,50.975852],[-3.884846,50.976567],[-3.884066,50.9772],[-3.883106,50.977723],[-3.882002,50.978119],[-3.880798,50.978371],[-3.879539,50.97847],[-3.878273,50.978412],[-3.87705,50.978199],[-3.875916,50.977839],[-3.874914,50.977347],[-3.874085,50.976741],[-3.873458,50.976044],[-3.873059,50.975284],[-3.872903,50.974489]]]}, "properties": {"id": "64c7539b-1e6f-4295-895d-f8bc079d23e9", "postcode": "EX37 9TB", "group_id": "b148cd75-c32d-44e8-806e-85688ab1d059"}}, {"type": "Feature", "geometry": {"type":"Polygon","coordinates":[[[-1.368064,51.599624],[-1.368327,51.598095],[-1.369064,51.596627],[-1.370247,51.595277],[-1.371829,51.594097],[-1.373751,51.593132],[-1.375938,51.592419],[-1.378307,51.591985],[-1.380765,51.591847],[-1.38322,51.592011],[-1.385577,51.592469],[-1.387744,51.593206],[-1.389639,51.594191],[-1.39119,51.595388],[-1.392335,51.59675],[-1.393032,51.598225],[-1.393254,51.599757],[-1.392992,51.601286],[-1.392255,51.602753],[-1.391073,51.604104],[-1.389491,51.605284],[-1.387569,51.60625],[-1.385381,51.606963],[-1.383012,51.607397],[-1.380552,51.607535],[-1.378097,51.607371],[-1.37574,51.606912],[-1.373572,51.606176],[-1.371676,51.60519],[-1.370126,51.603993],[-1.368981,51.602631],[-1.368284,51.601155],[-1.368064,51.599624]]]}, "properties": {"id": "6551300f-7256-41b1-bf01-14b5a17be639", "postcode": "OX12 7QG", "group_id": "a09108de-6364-4e32-a2be-262ce0d3b66b"}}, {"type": "Feature", "geometry": {"type":"Polygon","coordinates":[[[-2.41161,52.927363],[-2.411693,52.926826],[-2.411947,52.926309],[-2.412362,52.925833],[-2.412924,52.925414],[-2.413611,52.92507],[-2.414395,52.924813],[-2.415247,52.924653],[-2.416134,52.924597],[-2.417022,52.924647],[-2.417877,52.924801],[-2.418666,52.925052],[-2.419359,52.925391],[-2.419929,52.925806],[-2.420354,52.92628],[-2.420618,52.926795],[-2.42071,52.927331],[-2.420628,52.927868],[-2.420374,52.928384],[-2.419958,52.928861],[-2.419396,52.92928],[-2.41871,52.929624],[-2.417926,52.929881],[-2.417074,52.930041],[-2.416187,52.930097],[-2.415298,52.930047],[-2.414443,52.929893],[-2.413654,52.929642],[-2.412961,52.929302],[-2.412392,52.928888],[-2.411967,52.928414],[-2.411703,52.927899],[-2.41161,52.927363]]]}, "properties": {"id": "6605c230-6669-440f-8514-8a86446b5d3d", "postcode": "TF9 4AT", "group_id": "cb77a7b6-9cf0-4a11-b659-cda47f2a0cbc"}}, {"type": "Feature", "geometry": {"type":"Polygon","coordinates":[[[-2.024499,52.032875],[-2.025119,52.028983],[-2.026957,52.02524],[-2.029943,52.021791],[-2.033962,52.018766],[-2.03886,52.016284],[-2.044448,52.014439],[-2.050511,52.013301],[-2.056818,52.012915],[-2.063126,52.013295],[-2.069192,52.014427],[-2.074785,52.016267],[-2.079689,52.018744],[-2.083716,52.021765],[-2.086711,52.025211],[-2.088558,52.028952],[-2.089188,52.032844],[-2.088574,52.036736],[-2.08674,52.04048],[-2.083757,52.043931],[-2.079739,52.046957],[-2.074841,52.049441],[-2.06925,52.051288],[-2.063181,52.052426],[-2.056869,52.052813],[-2.050556,52.052432],[-2.044484,52.0513],[-2.038889,52.049458],[-2.033984,52.046979],[-2.029958,52.043957],[-2.026966,52.040509],[-2.025123,52.036767],[-2.024499,52.032875]]]}, "properties": {"id": "660b25d9-3241-4e4b-936c-ce2f35fe4869", "postcode": "GL20 7NR", "group_id": "e54a5321-7fcc-4788-be08-0b155cf09bdf"}}, {"type": "Feature", "geometry": {"type":"Polygon","coordinates":[[[-0.34313,52.607908],[-0.343628,52.605416],[-0.344915,52.603032],[-0.346942,52.600845],[-0.349629,52.598942],[-0.352875,52.597394],[-0.356554,52.596262],[-0.360526,52.595588],[-0.364636,52.595398],[-0.368729,52.595701],[-0.372646,52.596484],[-0.376237,52.597717],[-0.379364,52.599352],[-0.381907,52.601328],[-0.383769,52.603568],[-0.384877,52.605986],[-0.385189,52.608489],[-0.384693,52.610981],[-0.383408,52.613367],[-0.381383,52.615554],[-0.378695,52.617458],[-0.375449,52.619006],[-0.371768,52.620139],[-0.367795,52.620814],[-0.363682,52.621003],[-0.359587,52.6207],[-0.355669,52.619917],[-0.352076,52.618683],[-0.348949,52.617047],[-0.346406,52.61507],[-0.344546,52.61283],[-0.34344,52.610412],[-0.34313,52.607908]]]}, "properties": {"id": "663f8b73-cf0f-4c5f-9b3d-0b84161e09b1", "postcode": "PE9 3BH", "group_id": "7a228e12-3372-49e0-8820-753ab5723f37"}}, {"type": "Feature", "geometry": {"type":"Polygon","coordinates":[[[-0.34313,52.607908],[-0.343628,52.605416],[-0.344915,52.603032],[-0.346942,52.600845],[-0.349629,52.598942],[-0.352875,52.597394],[-0.356554,52.596262],[-0.360526,52.595588],[-0.364636,52.595398],[-0.368729,52.595701],[-0.372646,52.596484],[-0.376237,52.597717],[-0.379364,52.599352],[-0.381907,52.601328],[-0.383769,52.603568],[-0.384877,52.605986],[-0.385189,52.608489],[-0.384693,52.610981],[-0.383408,52.613367],[-0.381383,52.615554],[-0.378695,52.617458],[-0.375449,52.619006],[-0.371768,52.620139],[-0.367795,52.620814],[-0.363682,52.621003],[-0.359587,52.6207],[-0.355669,52.619917],[-0.352076,52.618683],[-0.348949,52.617047],[-0.346406,52.61507],[-0.344546,52.61283],[-0.34344,52.610412],[-0.34313,52.607908]]]}, "properties": {"id": "663f8b73-cf0f-4c5f-9b3d-0b84161e09b1", "postcode": "PE9 3BH", "group_id": "f4284e39-e56b-48d7-9087-c1abebec366f"}}, {"type": "Feature", "geometry": {"type":"Polygon","coordinates":[[[0.611729,52.0138],[0.611538,52.012924],[0.611073,52.012087],[0.610352,52.011323],[0.609404,52.01066],[0.608265,52.010124],[0.606977,52.009735],[0.605592,52.009509],[0.604162,52.009454],[0.602742,52.009572],[0.601386,52.009859],[0.600148,52.010303],[0.599073,52.010888],[0.598204,52.011592],[0.597574,52.012386],[0.597208,52.013241],[0.597118,52.014123],[0.59731,52.014999],[0.597774,52.015836],[0.598495,52.0166],[0.599443,52.017263],[0.600583,52.0178],[0.60187,52.018188],[0.603255,52.018414],[0.604686,52.01847],[0.606106,52.018351],[0.607462,52.018065],[0.608701,52.01762],[0.609775,52.017035],[0.610644,52.016332],[0.611274,52.015537],[0.61164,52.014682],[0.611729,52.0138]]]}, "properties": {"id": "664a1c2a-7e0e-4016-9557-745728e0f1e8", "postcode": "CO9 3EG", "group_id": "e0454012-1295-46e6-b208-52cac7018f1f"}}, {"type": "Feature", "geometry": {"type":"Polygon","coordinates":[[[0.611729,52.0138],[0.611538,52.012924],[0.611073,52.012087],[0.610352,52.011323],[0.609404,52.01066],[0.608265,52.010124],[0.606977,52.009735],[0.605592,52.009509],[0.604162,52.009454],[0.602742,52.009572],[0.601386,52.009859],[0.600148,52.010303],[0.599073,52.010888],[0.598204,52.011592],[0.597574,52.012386],[0.597208,52.013241],[0.597118,52.014123],[0.59731,52.014999],[0.597774,52.015836],[0.598495,52.0166],[0.599443,52.017263],[0.600583,52.0178],[0.60187,52.018188],[0.603255,52.018414],[0.604686,52.01847],[0.606106,52.018351],[0.607462,52.018065],[0.608701,52.01762],[0.609775,52.017035],[0.610644,52.016332],[0.611274,52.015537],[0.61164,52.014682],[0.611729,52.0138]]]}, "properties": {"id": "664a1c2a-7e0e-4016-9557-745728e0f1e8", "postcode": "CO9 3EG", "group_id": "a7783195-830d-421c-96df-c588303c770b"}}, {"type": "Feature", "geometry": {"type":"Polygon","coordinates":[[[-0.995923,53.073537],[-0.9962,53.072059],[-0.996949,53.070643],[-0.998143,53.069341],[-0.999736,53.068205],[-1.001666,53.067278],[-1.003859,53.066595],[-1.006231,53.066183],[-1.008691,53.066058],[-1.011145,53.066224],[-1.013497,53.066675],[-1.015658,53.067394],[-1.017545,53.068353],[-1.019085,53.069516],[-1.020218,53.070836],[-1.020903,53.072265],[-1.021111,53.073747],[-1.020836,53.075225],[-1.020087,53.076642],[-1.018893,53.077943],[-1.0173,53.07908],[-1.01537,53.080007],[-1.013177,53.08069],[-1.010804,53.081102],[-1.008343,53.081227],[-1.005889,53.081061],[-1.003536,53.08061],[-1.001374,53.079891],[-0.999488,53.078931],[-0.997948,53.077769],[-0.996814,53.076448],[-0.996131,53.075019],[-0.995923,53.073537]]]}, "properties": {"id": "677baa9a-6f52-4c21-abf6-63b4d02930d9", "postcode": "NG22 8AT", "group_id": "fceea007-3092-4ffe-98fc-ee9a5d2641c9"}}, {"type": "Feature", "geometry": {"type":"Polygon","coordinates":[[[-0.71552,52.848967],[-0.715816,52.847429],[-0.716602,52.845956],[-0.717847,52.844603],[-0.719504,52.843424],[-0.72151,52.842464],[-0.723786,52.841758],[-0.726245,52.841335],[-0.728794,52.841211],[-0.731334,52.84139],[-0.733767,52.841865],[-0.736,52.842619],[-0.737948,52.843622],[-0.739535,52.844836],[-0.740701,52.846214],[-0.7414,52.847703],[-0.741607,52.849246],[-0.741311,52.850784],[-0.740526,52.852257],[-0.739281,52.85361],[-0.737624,52.854789],[-0.735619,52.85575],[-0.733342,52.856456],[-0.730882,52.856879],[-0.728332,52.857003],[-0.725792,52.856824],[-0.723358,52.856349],[-0.721124,52.855595],[-0.719176,52.854592],[-0.717589,52.853377],[-0.716424,52.851999],[-0.715725,52.85051],[-0.71552,52.848967]]]}, "properties": {"id": "683597c4-99c8-464b-9b50-2a9a7dd0561c", "postcode": "NG32 1QZ", "group_id": "60a73ad8-56fc-4c6a-942c-8d42700b5038"}}, {"type": "Feature", "geometry": {"type":"Polygon","coordinates":[[[-0.71552,52.848967],[-0.715816,52.847429],[-0.716602,52.845956],[-0.717847,52.844603],[-0.719504,52.843424],[-0.72151,52.842464],[-0.723786,52.841758],[-0.726245,52.841335],[-0.728794,52.841211],[-0.731334,52.84139],[-0.733767,52.841865],[-0.736,52.842619],[-0.737948,52.843622],[-0.739535,52.844836],[-0.740701,52.846214],[-0.7414,52.847703],[-0.741607,52.849246],[-0.741311,52.850784],[-0.740526,52.852257],[-0.739281,52.85361],[-0.737624,52.854789],[-0.735619,52.85575],[-0.733342,52.856456],[-0.730882,52.856879],[-0.728332,52.857003],[-0.725792,52.856824],[-0.723358,52.856349],[-0.721124,52.855595],[-0.719176,52.854592],[-0.717589,52.853377],[-0.716424,52.851999],[-0.715725,52.85051],[-0.71552,52.848967]]]}, "properties": {"id": "683597c4-99c8-464b-9b50-2a9a7dd0561c", "postcode": "NG32 1QZ", "group_id": "7a228e12-3372-49e0-8820-753ab5723f37"}}, {"type": "Feature", "geometry": {"type":"Polygon","coordinates":[[[-1.359162,51.976009],[-1.359344,51.974962],[-1.359853,51.973958],[-1.36067,51.973034],[-1.361762,51.972226],[-1.363089,51.971566],[-1.364599,51.971078],[-1.366234,51.970781],[-1.367931,51.970687],[-1.369625,51.970799],[-1.371252,51.971114],[-1.372747,51.971618],[-1.374055,51.972292],[-1.375125,51.973112],[-1.375915,51.974044],[-1.376396,51.975054],[-1.376549,51.976102],[-1.376367,51.977148],[-1.375858,51.978153],[-1.375042,51.979077],[-1.373949,51.979885],[-1.372623,51.980545],[-1.371113,51.981033],[-1.369477,51.98133],[-1.36778,51.981424],[-1.366085,51.981312],[-1.364459,51.980998],[-1.362963,51.980493],[-1.361655,51.979819],[-1.360585,51.978999],[-1.359795,51.978067],[-1.359314,51.977057],[-1.359162,51.976009]]]}, "properties": {"id": "68813fa2-d67a-4824-bc9b-7e3ce23c8dcb", "postcode": "OX15 0PQ", "group_id": "d464e159-9c3c-4dd3-ac96-4f6b6ce6a241"}}, {"type": "Feature", "geometry": {"type":"Polygon","coordinates":[[[-1.271785,52.325689],[-1.271872,52.3252],[-1.272113,52.324731],[-1.272498,52.3243],[-1.273014,52.323923],[-1.273639,52.323615],[-1.274351,52.323387],[-1.275121,52.323249],[-1.275921,52.323206],[-1.276719,52.323259],[-1.277485,52.323406],[-1.278189,52.323642],[-1.278804,52.323958],[-1.279307,52.324341],[-1.279678,52.324778],[-1.279904,52.32525],[-1.279974,52.325739],[-1.279888,52.326228],[-1.279647,52.326698],[-1.279262,52.327129],[-1.278746,52.327506],[-1.278121,52.327814],[-1.277409,52.328042],[-1.276639,52.32818],[-1.275839,52.328223],[-1.275041,52.32817],[-1.274275,52.328023],[-1.273571,52.327786],[-1.272956,52.327471],[-1.272453,52.327087],[-1.272081,52.326651],[-1.271856,52.326179],[-1.271785,52.325689]]]}, "properties": {"id": "691edd30-7167-45af-982c-46639c7b408b", "postcode": "CV23 8DB", "group_id": "e54a5321-7fcc-4788-be08-0b155cf09bdf"}}, {"type": "Feature", "geometry": {"type":"Polygon","coordinates":[[[-1.412854,50.971042],[-1.412952,50.970459],[-1.413229,50.969899],[-1.413673,50.969385],[-1.414267,50.968934],[-1.41499,50.968566],[-1.415812,50.968294],[-1.416702,50.968128],[-1.417627,50.968075],[-1.41855,50.968137],[-1.419436,50.968312],[-1.420251,50.968592],[-1.420964,50.968968],[-1.421547,50.969424],[-1.421979,50.969943],[-1.422241,50.970505],[-1.422325,50.971089],[-1.422227,50.971672],[-1.42195,50.972231],[-1.421506,50.972746],[-1.420912,50.973196],[-1.420189,50.973565],[-1.419367,50.973837],[-1.418477,50.974003],[-1.417552,50.974055],[-1.416629,50.973993],[-1.415742,50.973819],[-1.414927,50.973538],[-1.414214,50.973163],[-1.413631,50.972707],[-1.4132,50.972188],[-1.412937,50.971625],[-1.412854,50.971042]]]}, "properties": {"id": "69919b7e-9bf3-4cc7-807b-784559a705ff", "postcode": "DT10 2RA", "group_id": "3bb0c4da-bdd4-47be-913f-c10e377b5d72"}}, {"type": "Feature", "geometry": {"type":"Polygon","coordinates":[[[-2.210934,53.216559],[-2.211083,53.215628],[-2.211531,53.214732],[-2.212261,53.213905],[-2.213246,53.21318],[-2.214448,53.212585],[-2.215821,53.212141],[-2.217311,53.211867],[-2.218861,53.211772],[-2.220413,53.211861],[-2.221906,53.21213],[-2.223282,53.212569],[-2.22449,53.21316],[-2.225483,53.213881],[-2.226222,53.214705],[-2.226679,53.215599],[-2.226837,53.21653],[-2.226689,53.217462],[-2.226241,53.218358],[-2.225511,53.219184],[-2.224526,53.219909],[-2.223324,53.220505],[-2.221951,53.220949],[-2.220461,53.221223],[-2.21891,53.221318],[-2.217358,53.221229],[-2.215865,53.22096],[-2.214488,53.220521],[-2.21328,53.21993],[-2.212288,53.219209],[-2.211549,53.218385],[-2.211092,53.21749],[-2.210934,53.216559]]]}, "properties": {"id": "6b382e23-3e85-40cc-90ef-2ed4a274557c", "postcode": "SK11 9HD", "group_id": "dccc074a-fb77-427b-bb72-8b017ca09618"}}, {"type": "Feature", "geometry": {"type":"Polygon","coordinates":[[[-0.438365,52.245517],[-0.438721,52.243704],[-0.439646,52.241968],[-0.441104,52.240376],[-0.443041,52.238989],[-0.445381,52.237861],[-0.448034,52.237035],[-0.450899,52.236542],[-0.453865,52.236402],[-0.456819,52.23662],[-0.459647,52.237187],[-0.46224,52.238082],[-0.464499,52.23927],[-0.466338,52.240706],[-0.467684,52.242335],[-0.468488,52.244094],[-0.468717,52.245915],[-0.468363,52.247728],[-0.467439,52.249465],[-0.465981,52.251057],[-0.464045,52.252444],[-0.461704,52.253572],[-0.45905,52.254399],[-0.456185,52.254892],[-0.453217,52.255032],[-0.450262,52.254814],[-0.447433,52.254247],[-0.444839,52.253352],[-0.44258,52.252163],[-0.440742,52.250726],[-0.439396,52.249097],[-0.438593,52.247338],[-0.438365,52.245517]]]}, "properties": {"id": "6b404333-144a-4ed6-9406-52c627927847", "postcode": "MK44 2HU", "group_id": "af68fec4-7fdb-4246-bbf0-6067ace38189"}}, {"type": "Feature", "geometry": {"type":"Polygon","coordinates":[[[-0.438365,52.245517],[-0.438721,52.243704],[-0.439646,52.241968],[-0.441104,52.240376],[-0.443041,52.238989],[-0.445381,52.237861],[-0.448034,52.237035],[-0.450899,52.236542],[-0.453865,52.236402],[-0.456819,52.23662],[-0.459647,52.237187],[-0.46224,52.238082],[-0.464499,52.23927],[-0.466338,52.240706],[-0.467684,52.242335],[-0.468488,52.244094],[-0.468717,52.245915],[-0.468363,52.247728],[-0.467439,52.249465],[-0.465981,52.251057],[-0.464045,52.252444],[-0.461704,52.253572],[-0.45905,52.254399],[-0.456185,52.254892],[-0.453217,52.255032],[-0.450262,52.254814],[-0.447433,52.254247],[-0.444839,52.253352],[-0.44258,52.252163],[-0.440742,52.250726],[-0.439396,52.249097],[-0.438593,52.247338],[-0.438365,52.245517]]]}, "properties": {"id": "6b404333-144a-4ed6-9406-52c627927847", "postcode": "MK44 2HU", "group_id": "849cc9af-4d60-4284-bc1a-8a35d54c7661"}}, {"type": "Feature", "geometry": {"type":"Polygon","coordinates":[[[-2.35801,50.658221],[-2.358256,50.656549],[-2.359011,50.654939],[-2.360244,50.653455],[-2.36191,50.652151],[-2.363944,50.65108],[-2.366267,50.650281],[-2.368791,50.649785],[-2.371418,50.649612],[-2.374048,50.649768],[-2.37658,50.650248],[-2.378916,50.651032],[-2.380966,50.652091],[-2.382652,50.653383],[-2.38391,50.65486],[-2.38469,50.656465],[-2.384962,50.658135],[-2.384717,50.659807],[-2.383963,50.661416],[-2.38273,50.662902],[-2.381064,50.664205],[-2.37903,50.665277],[-2.376706,50.666076],[-2.374182,50.666572],[-2.371554,50.666745],[-2.368923,50.666589],[-2.36639,50.666109],[-2.364054,50.665325],[-2.362003,50.664266],[-2.360317,50.662973],[-2.359061,50.661496],[-2.358281,50.659891],[-2.35801,50.658221]]]}, "properties": {"id": "6b8a86c4-9924-40bb-9e9c-f55ced0f6ae7", "postcode": "DT2 8ND", "group_id": "6cb070a8-3c40-48b7-a594-97fec3894487"}}, {"type": "Feature", "geometry": {"type":"Polygon","coordinates":[[[-3.872535,50.993664],[-3.872622,50.992915],[-3.872938,50.992191],[-3.873472,50.99152],[-3.874204,50.990927],[-3.875104,50.990436],[-3.876139,50.990065],[-3.877269,50.989829],[-3.87845,50.989736],[-3.879636,50.989791],[-3.880784,50.989991],[-3.881847,50.990328],[-3.882786,50.990789],[-3.883564,50.991357],[-3.884152,50.99201],[-3.884526,50.992723],[-3.884673,50.993469],[-3.884587,50.994218],[-3.884271,50.994942],[-3.883737,50.995613],[-3.883005,50.996206],[-3.882105,50.996697],[-3.88107,50.997068],[-3.87994,50.997304],[-3.878759,50.997396],[-3.877572,50.997342],[-3.876425,50.997142],[-3.875361,50.996805],[-3.874422,50.996344],[-3.873644,50.995775],[-3.873056,50.995122],[-3.872682,50.994409],[-3.872535,50.993664]]]}, "properties": {"id": "6c46ec12-5819-4437-a0ed-53ba0d19bcd1", "postcode": "EX31 4EJ", "group_id": "b148cd75-c32d-44e8-806e-85688ab1d059"}}, {"type": "Feature", "geometry": {"type":"Polygon","coordinates":[[[1.562726,52.181343],[1.562107,52.178778],[1.560686,52.176337],[1.558518,52.174113],[1.555686,52.172192],[1.552299,52.170647],[1.548488,52.169539],[1.544398,52.168908],[1.540187,52.16878],[1.536016,52.16916],[1.532045,52.170033],[1.528427,52.171365],[1.525302,52.173105],[1.522788,52.175187],[1.520983,52.17753],[1.519956,52.180045],[1.519747,52.182634],[1.520363,52.185199],[1.521782,52.18764],[1.523949,52.189865],[1.526781,52.191787],[1.530168,52.193332],[1.533982,52.194441],[1.538074,52.195072],[1.542288,52.1952],[1.546461,52.19482],[1.550433,52.193947],[1.554052,52.192614],[1.557178,52.190873],[1.559691,52.188791],[1.561494,52.186447],[1.562519,52.183932],[1.562726,52.181343]]]}, "properties": {"id": "6d2f96cb-f058-46e6-b987-11d6e8c0ffb9", "postcode": "IP17 1NX", "group_id": "e0454012-1295-46e6-b208-52cac7018f1f"}}, {"type": "Feature", "geometry": {"type":"Polygon","coordinates":[[[-1.119272,51.016177],[-1.119498,51.014889],[-1.120117,51.013654],[-1.121107,51.012519],[-1.122428,51.011528],[-1.124031,51.010718],[-1.125853,51.010121],[-1.127825,51.00976],[-1.12987,51.009648],[-1.131911,51.00979],[-1.133869,51.010181],[-1.135668,51.010805],[-1.13724,51.011638],[-1.138524,51.012649],[-1.139471,51.013798],[-1.140044,51.015042],[-1.140222,51.016333],[-1.139997,51.01762],[-1.139378,51.018855],[-1.138388,51.019991],[-1.137067,51.020982],[-1.135464,51.021792],[-1.133642,51.022389],[-1.131669,51.022751],[-1.129623,51.022863],[-1.127582,51.02272],[-1.125623,51.02233],[-1.123824,51.021706],[-1.122252,51.020872],[-1.120968,51.019861],[-1.120021,51.018711],[-1.119449,51.017467],[-1.119272,51.016177]]]}, "properties": {"id": "6e95aca2-724b-4626-a0f5-571773590aa5", "postcode": "SO21 2JH", "group_id": "3bb0c4da-bdd4-47be-913f-c10e377b5d72"}}, {"type": "Feature", "geometry": {"type":"Polygon","coordinates":[[[-1.119272,51.016177],[-1.119498,51.014889],[-1.120117,51.013654],[-1.121107,51.012519],[-1.122428,51.011528],[-1.124031,51.010718],[-1.125853,51.010121],[-1.127825,51.00976],[-1.12987,51.009648],[-1.131911,51.00979],[-1.133869,51.010181],[-1.135668,51.010805],[-1.13724,51.011638],[-1.138524,51.012649],[-1.139471,51.013798],[-1.140044,51.015042],[-1.140222,51.016333],[-1.139997,51.01762],[-1.139378,51.018855],[-1.138388,51.019991],[-1.137067,51.020982],[-1.135464,51.021792],[-1.133642,51.022389],[-1.131669,51.022751],[-1.129623,51.022863],[-1.127582,51.02272],[-1.125623,51.02233],[-1.123824,51.021706],[-1.122252,51.020872],[-1.120968,51.019861],[-1.120021,51.018711],[-1.119449,51.017467],[-1.119272,51.016177]]]}, "properties": {"id": "6e95aca2-724b-4626-a0f5-571773590aa5", "postcode": "SO21 2JH", "group_id": "e8167295-d7f4-4671-913e-f90e96ce8190"}}, {"type": "Feature", "geometry": {"type":"Polygon","coordinates":[[[-2.383402,50.689429],[-2.383585,50.688177],[-2.38415,50.686972],[-2.385074,50.685859],[-2.386322,50.684883],[-2.387846,50.68408],[-2.389587,50.683482],[-2.391478,50.68311],[-2.393447,50.68298],[-2.395418,50.683097],[-2.397315,50.683455],[-2.399066,50.684042],[-2.400603,50.684835],[-2.401867,50.685803],[-2.40281,50.686909],[-2.403395,50.68811],[-2.4036,50.689361],[-2.403417,50.690613],[-2.402852,50.691819],[-2.401928,50.692931],[-2.400681,50.693908],[-2.399157,50.694711],[-2.397416,50.695309],[-2.395524,50.695681],[-2.393555,50.695811],[-2.391583,50.695694],[-2.389685,50.695336],[-2.387934,50.694749],[-2.386397,50.693956],[-2.385133,50.692988],[-2.38419,50.691882],[-2.383606,50.69068],[-2.383402,50.689429]]]}, "properties": {"id": "6f47d51a-6996-4897-b1d4-661c8320aaa8", "postcode": "DT2 7SU", "group_id": "6cb070a8-3c40-48b7-a594-97fec3894487"}}, {"type": "Feature", "geometry": {"type":"Polygon","coordinates":[[[-1.812655,52.769831],[-1.812954,52.76804],[-1.813823,52.766318],[-1.815229,52.764732],[-1.817118,52.763343],[-1.819417,52.762205],[-1.822038,52.76136],[-1.82488,52.760841],[-1.827835,52.760669],[-1.830788,52.76085],[-1.833626,52.761377],[-1.83624,52.762229],[-1.83853,52.763374],[-1.840408,52.764769],[-1.841802,52.766359],[-1.842657,52.768083],[-1.842942,52.769875],[-1.842644,52.771666],[-1.841776,52.773388],[-1.840371,52.774974],[-1.838482,52.776363],[-1.836183,52.777503],[-1.833561,52.778348],[-1.830718,52.778866],[-1.827762,52.779039],[-1.824808,52.778858],[-1.821969,52.778331],[-1.819354,52.777478],[-1.817063,52.776332],[-1.815186,52.774938],[-1.813793,52.773348],[-1.812938,52.771623],[-1.812655,52.769831]]]}, "properties": {"id": "6fbc5592-97db-44c5-ad94-ea2bc2151980", "postcode": "WS15 3RX", "group_id": "97c036e3-0da2-4ee0-a282-91d63dbd9412"}}, {"type": "Feature", "geometry": {"type":"Polygon","coordinates":[[[-0.509543,52.682676],[-0.509826,52.68124],[-0.510563,52.679865],[-0.511728,52.678604],[-0.513275,52.677505],[-0.515145,52.676611],[-0.517266,52.675955],[-0.519557,52.675564],[-0.521929,52.675452],[-0.524292,52.675623],[-0.526554,52.676071],[-0.528629,52.676779],[-0.530437,52.677719],[-0.531909,52.678855],[-0.532988,52.680144],[-0.533632,52.681537],[-0.533817,52.682978],[-0.533535,52.684415],[-0.532798,52.68579],[-0.531634,52.687051],[-0.530087,52.68815],[-0.528217,52.689044],[-0.526095,52.6897],[-0.523804,52.690091],[-0.521431,52.690204],[-0.519068,52.690032],[-0.516805,52.689584],[-0.514729,52.688876],[-0.512921,52.687936],[-0.511449,52.686799],[-0.510371,52.68551],[-0.509728,52.684118],[-0.509543,52.682676]]]}, "properties": {"id": "71074778-268b-4661-a197-c83149eb9ff5", "postcode": "PE9 4AP", "group_id": "7a228e12-3372-49e0-8820-753ab5723f37"}}, {"type": "Feature", "geometry": {"type":"Polygon","coordinates":[[[-0.509543,52.682676],[-0.509826,52.68124],[-0.510563,52.679865],[-0.511728,52.678604],[-0.513275,52.677505],[-0.515145,52.676611],[-0.517266,52.675955],[-0.519557,52.675564],[-0.521929,52.675452],[-0.524292,52.675623],[-0.526554,52.676071],[-0.528629,52.676779],[-0.530437,52.677719],[-0.531909,52.678855],[-0.532988,52.680144],[-0.533632,52.681537],[-0.533817,52.682978],[-0.533535,52.684415],[-0.532798,52.68579],[-0.531634,52.687051],[-0.530087,52.68815],[-0.528217,52.689044],[-0.526095,52.6897],[-0.523804,52.690091],[-0.521431,52.690204],[-0.519068,52.690032],[-0.516805,52.689584],[-0.514729,52.688876],[-0.512921,52.687936],[-0.511449,52.686799],[-0.510371,52.68551],[-0.509728,52.684118],[-0.509543,52.682676]]]}, "properties": {"id": "71074778-268b-4661-a197-c83149eb9ff5", "postcode": "PE9 4AP", "group_id": "f4284e39-e56b-48d7-9087-c1abebec366f"}}, {"type": "Feature", "geometry": {"type":"Polygon","coordinates":[[[0.874682,52.897415],[0.874089,52.894836],[0.872675,52.892377],[0.870496,52.890131],[0.867634,52.888186],[0.8642,52.886615],[0.860325,52.88548],[0.85616,52.884824],[0.851862,52.884672],[0.847598,52.88503],[0.843532,52.885884],[0.839818,52.887201],[0.836601,52.888931],[0.834003,52.891008],[0.832125,52.893351],[0.831038,52.895871],[0.830785,52.89847],[0.831376,52.901049],[0.832788,52.903509],[0.834966,52.905756],[0.837828,52.907702],[0.841263,52.909273],[0.845139,52.910408],[0.849307,52.911065],[0.853607,52.911217],[0.857873,52.910859],[0.861942,52.910005],[0.865656,52.908687],[0.868874,52.906956],[0.871471,52.904878],[0.873348,52.902535],[0.874432,52.900015],[0.874682,52.897415]]]}, "properties": {"id": "717bc318-649f-4932-b693-7ae39bda5348", "postcode": "NR22 6BP", "group_id": "3bd8b114-f504-4798-b91b-aaf4e4fbd4de"}}, {"type": "Feature", "geometry": {"type":"Polygon","coordinates":[[[-2.373524,53.130254],[-2.373779,53.12861],[-2.374562,53.127028],[-2.375843,53.125568],[-2.377573,53.124286],[-2.379686,53.123232],[-2.382099,53.122445],[-2.384722,53.121958],[-2.387452,53.121787],[-2.390185,53.12194],[-2.392815,53.122411],[-2.395243,53.123181],[-2.397374,53.124221],[-2.399128,53.125492],[-2.400435,53.126943],[-2.401247,53.128521],[-2.401531,53.130163],[-2.401277,53.131807],[-2.400495,53.13339],[-2.399214,53.13485],[-2.397484,53.136132],[-2.395372,53.137187],[-2.392957,53.137973],[-2.390334,53.138461],[-2.387603,53.138632],[-2.384869,53.138479],[-2.382238,53.138008],[-2.379809,53.137238],[-2.377678,53.136197],[-2.375925,53.134926],[-2.374618,53.133474],[-2.373807,53.131897],[-2.373524,53.130254]]]}, "properties": {"id": "72bfbb13-63da-4219-9cc0-8fea62fbd8dc", "postcode": "CW1 5QS", "group_id": "dccc074a-fb77-427b-bb72-8b017ca09618"}}, {"type": "Feature", "geometry": {"type":"Polygon","coordinates":[[[-1.463726,51.523757],[-1.464206,51.520924],[-1.465564,51.518205],[-1.467745,51.515702],[-1.470667,51.513513],[-1.474217,51.511722],[-1.478258,51.510397],[-1.482636,51.50959],[-1.487182,51.509331],[-1.491721,51.50963],[-1.496081,51.510475],[-1.500092,51.511835],[-1.503601,51.513657],[-1.506473,51.515871],[-1.508598,51.518393],[-1.509895,51.521124],[-1.510312,51.523961],[-1.509834,51.526794],[-1.508479,51.529514],[-1.506299,51.532017],[-1.503378,51.534207],[-1.499827,51.535999],[-1.495784,51.537324],[-1.491404,51.538132],[-1.486855,51.538392],[-1.482313,51.538092],[-1.477951,51.537246],[-1.473939,51.535885],[-1.470429,51.534063],[-1.467557,51.531848],[-1.465434,51.529326],[-1.46414,51.526594],[-1.463726,51.523757]]]}, "properties": {"id": "7410b688-e466-4548-9c50-725d149f44f6", "postcode": "RG17 7UU", "group_id": "a09108de-6364-4e32-a2be-262ce0d3b66b"}}, {"type": "Feature", "geometry": {"type":"Polygon","coordinates":[[[-3.881862,51.059458],[-3.881947,51.058722],[-3.882258,51.058012],[-3.882783,51.057353],[-3.883502,51.056771],[-3.884387,51.056289],[-3.885404,51.055925],[-3.886514,51.055693],[-3.887675,51.055602],[-3.888842,51.055655],[-3.889969,51.055851],[-3.891015,51.056182],[-3.891938,51.056635],[-3.892703,51.057192],[-3.893281,51.057833],[-3.893649,51.058533],[-3.893793,51.059265],[-3.893709,51.06],[-3.893398,51.060711],[-3.892873,51.06137],[-3.892154,51.061951],[-3.89127,51.062434],[-3.890252,51.062798],[-3.889142,51.06303],[-3.887981,51.063121],[-3.886814,51.063067],[-3.885686,51.062871],[-3.884641,51.062541],[-3.883718,51.062088],[-3.882953,51.06153],[-3.882375,51.060889],[-3.882007,51.060189],[-3.881862,51.059458]]]}, "properties": {"id": "74472392-0d21-4cd4-bd4d-2a8750fcf630", "postcode": "EX32 0RD", "group_id": "b148cd75-c32d-44e8-806e-85688ab1d059"}}, {"type": "Feature", "geometry": {"type":"Polygon","coordinates":[[[-4.013612,51.09055],[-4.013656,51.090157],[-4.013821,51.089777],[-4.014101,51.089425],[-4.014484,51.089113],[-4.014957,51.088855],[-4.0155,51.08866],[-4.016094,51.088535],[-4.016714,51.088486],[-4.017338,51.088514],[-4.017942,51.088618],[-4.018501,51.088794],[-4.018995,51.089035],[-4.019405,51.089333],[-4.019715,51.089675],[-4.019913,51.090049],[-4.019992,51.09044],[-4.019948,51.090833],[-4.019782,51.091213],[-4.019503,51.091565],[-4.019119,51.091877],[-4.018647,51.092135],[-4.018103,51.09233],[-4.01751,51.092455],[-4.016889,51.092504],[-4.016265,51.092476],[-4.015662,51.092372],[-4.015102,51.092196],[-4.014608,51.091954],[-4.014198,51.091657],[-4.013888,51.091315],[-4.01369,51.090941],[-4.013612,51.09055]]]}, "properties": {"id": "7492d25f-ddd0-4314-84a4-645341724c63", "postcode": "EX32 7JY", "group_id": "b148cd75-c32d-44e8-806e-85688ab1d059"}}, {"type": "Feature", "geometry": {"type":"Polygon","coordinates":[[[-0.786088,52.215018],[-0.786482,52.212923],[-0.787534,52.210914],[-0.789203,52.20907],[-0.791426,52.207462],[-0.794116,52.206151],[-0.797171,52.205187],[-0.800473,52.204609],[-0.803896,52.204436],[-0.807307,52.204678],[-0.810577,52.205323],[-0.813578,52.206348],[-0.816197,52.207713],[-0.818332,52.209366],[-0.819901,52.211242],[-0.820845,52.213271],[-0.821126,52.215374],[-0.820734,52.21747],[-0.819683,52.219478],[-0.818015,52.221322],[-0.815792,52.222931],[-0.813101,52.224243],[-0.810045,52.225207],[-0.806742,52.225786],[-0.803318,52.225958],[-0.799905,52.225717],[-0.796634,52.225071],[-0.793632,52.224046],[-0.791013,52.22268],[-0.788878,52.221027],[-0.78731,52.21915],[-0.786368,52.217121],[-0.786088,52.215018]]]}, "properties": {"id": "74a84ef8-ccbb-4e7d-a5a2-3e168992ebd2", "postcode": "NN7 1BA", "group_id": "8a24e1d6-3fcd-4ab7-8c9b-faea6bdd4373"}}, {"type": "Feature", "geometry": {"type":"Polygon","coordinates":[[[-0.786088,52.215018],[-0.786482,52.212923],[-0.787534,52.210914],[-0.789203,52.20907],[-0.791426,52.207462],[-0.794116,52.206151],[-0.797171,52.205187],[-0.800473,52.204609],[-0.803896,52.204436],[-0.807307,52.204678],[-0.810577,52.205323],[-0.813578,52.206348],[-0.816197,52.207713],[-0.818332,52.209366],[-0.819901,52.211242],[-0.820845,52.213271],[-0.821126,52.215374],[-0.820734,52.21747],[-0.819683,52.219478],[-0.818015,52.221322],[-0.815792,52.222931],[-0.813101,52.224243],[-0.810045,52.225207],[-0.806742,52.225786],[-0.803318,52.225958],[-0.799905,52.225717],[-0.796634,52.225071],[-0.793632,52.224046],[-0.791013,52.22268],[-0.788878,52.221027],[-0.78731,52.21915],[-0.786368,52.217121],[-0.786088,52.215018]]]}, "properties": {"id": "74a84ef8-ccbb-4e7d-a5a2-3e168992ebd2", "postcode": "NN7 1BA", "group_id": "79b6ee0b-f1e1-4e97-8270-4fc003a7d8dc"}}, {"type": "Feature", "geometry": {"type":"Polygon","coordinates":[[[-0.07865,53.229594],[-0.079174,53.227091],[-0.080502,53.224697],[-0.082583,53.222504],[-0.085336,53.220597],[-0.088656,53.219049],[-0.092415,53.21792],[-0.096469,53.217252],[-0.100662,53.217071],[-0.104833,53.217385],[-0.108822,53.218181],[-0.112476,53.219429],[-0.115655,53.221081],[-0.118235,53.223073],[-0.120119,53.225328],[-0.121234,53.227761],[-0.121536,53.230278],[-0.121014,53.232782],[-0.119688,53.235176],[-0.117608,53.23737],[-0.114855,53.239277],[-0.111535,53.240826],[-0.107774,53.241956],[-0.103718,53.242624],[-0.099523,53.242805],[-0.095349,53.242491],[-0.091358,53.241694],[-0.087703,53.240446],[-0.084524,53.238794],[-0.081944,53.236801],[-0.080062,53.234545],[-0.078949,53.232111],[-0.07865,53.229594]]]}, "properties": {"id": "75ccc647-78ec-452c-935e-41284a1c3a81", "postcode": "LM9 6QU", "group_id": "60a73ad8-56fc-4c6a-942c-8d42700b5038"}}, {"type": "Feature", "geometry": {"type":"Polygon","coordinates":[[[-1.654755,52.161947],[-1.65506,52.160134],[-1.655934,52.158392],[-1.657343,52.156789],[-1.659234,52.155386],[-1.661533,52.154236],[-1.664153,52.153384],[-1.666992,52.152863],[-1.669942,52.152693],[-1.67289,52.15288],[-1.675721,52.153417],[-1.678328,52.154283],[-1.68061,52.155445],[-1.68248,52.156859],[-1.683866,52.15847],[-1.684714,52.160217],[-1.684991,52.162031],[-1.684688,52.163844],[-1.683815,52.165586],[-1.682407,52.16719],[-1.680516,52.168594],[-1.678217,52.169744],[-1.675596,52.170596],[-1.672756,52.171117],[-1.669805,52.171287],[-1.666856,52.171101],[-1.664023,52.170563],[-1.661416,52.169697],[-1.659133,52.168534],[-1.657264,52.16712],[-1.655879,52.165508],[-1.655032,52.163762],[-1.654755,52.161947]]]}, "properties": {"id": "778c6db3-8475-4260-b3d5-ee1fdb0f0437", "postcode": "CV37 0RG", "group_id": "e54a5321-7fcc-4788-be08-0b155cf09bdf"}}, {"type": "Feature", "geometry": {"type":"Polygon","coordinates":[[[-2.253342,52.862568],[-2.253545,52.861272],[-2.254163,52.860024],[-2.25517,52.858874],[-2.256529,52.857864],[-2.258188,52.857034],[-2.260081,52.856416],[-2.262138,52.856034],[-2.264278,52.855901],[-2.26642,52.856024],[-2.268481,52.856398],[-2.270382,52.857007],[-2.272051,52.85783],[-2.273422,52.858833],[-2.274443,52.859979],[-2.275076,52.861224],[-2.275295,52.86252],[-2.275092,52.863816],[-2.274476,52.865064],[-2.273468,52.866214],[-2.27211,52.867224],[-2.270451,52.868054],[-2.268557,52.868672],[-2.2665,52.869055],[-2.264359,52.869188],[-2.262217,52.869065],[-2.260155,52.868691],[-2.258253,52.868081],[-2.256585,52.867259],[-2.255214,52.866255],[-2.254193,52.865109],[-2.253561,52.863864],[-2.253342,52.862568]]]}, "properties": {"id": "783ad485-d405-47f6-a3ce-883ef6c4072c", "postcode": "ST21 6NE", "group_id": "97c036e3-0da2-4ee0-a282-91d63dbd9412"}}, {"type": "Feature", "geometry": {"type":"Polygon","coordinates":[[[-0.362477,52.51849],[-0.363039,52.515667],[-0.364493,52.512966],[-0.366783,52.510489],[-0.36982,52.508332],[-0.373488,52.506578],[-0.377646,52.505295],[-0.382134,52.50453],[-0.386781,52.504315],[-0.391407,52.504657],[-0.395835,52.505543],[-0.399895,52.506938],[-0.403431,52.50879],[-0.406307,52.511028],[-0.408413,52.513564],[-0.409667,52.516303],[-0.410022,52.519138],[-0.409463,52.521961],[-0.408012,52.524664],[-0.405724,52.527141],[-0.402687,52.529299],[-0.399018,52.531054],[-0.394858,52.532338],[-0.390367,52.533103],[-0.385718,52.533318],[-0.381089,52.532976],[-0.376658,52.53209],[-0.372597,52.530693],[-0.36906,52.52884],[-0.366185,52.526602],[-0.364081,52.524065],[-0.362829,52.521325],[-0.362477,52.51849]]]}, "properties": {"id": "78a1cb63-8757-44b1-9034-1707108b1e97", "postcode": "PE8 6SH", "group_id": "8a24e1d6-3fcd-4ab7-8c9b-faea6bdd4373"}}, {"type": "Feature", "geometry": {"type":"Polygon","coordinates":[[[0.167359,51.961173],[0.166687,51.957944],[0.165008,51.954858],[0.162387,51.952034],[0.158925,51.94958],[0.154756,51.94759],[0.150038,51.946141],[0.144954,51.945288],[0.139698,51.945065],[0.134473,51.945479],[0.129479,51.946515],[0.124907,51.948133],[0.120934,51.950271],[0.117711,51.952846],[0.115364,51.955761],[0.113981,51.958902],[0.113617,51.96215],[0.114286,51.965379],[0.115962,51.968466],[0.118581,51.971291],[0.122042,51.973747],[0.126213,51.975738],[0.130933,51.977188],[0.136021,51.978041],[0.14128,51.978265],[0.146509,51.97785],[0.151506,51.976814],[0.15608,51.975195],[0.160054,51.973055],[0.163275,51.970479],[0.16562,51.967563],[0.166999,51.964421],[0.167359,51.961173]]]}, "properties": {"id": "7991561a-f5e7-4524-81d3-215f6ed7aa9e", "postcode": "SG9 0HT", "group_id": "9e6449fd-d980-4d4b-9ae4-8db27f5e18bd"}}, {"type": "Feature", "geometry": {"type":"Polygon","coordinates":[[[-0.512069,52.365799],[-0.512162,52.365322],[-0.512405,52.364866],[-0.512788,52.364447],[-0.513298,52.364082],[-0.513914,52.363785],[-0.514613,52.363568],[-0.515368,52.363438],[-0.51615,52.363401],[-0.516929,52.363458],[-0.517674,52.363606],[-0.518358,52.363841],[-0.518954,52.364153],[-0.519439,52.36453],[-0.519794,52.364958],[-0.520006,52.36542],[-0.520067,52.365899],[-0.519974,52.366376],[-0.519732,52.366832],[-0.519348,52.367251],[-0.518838,52.367616],[-0.518222,52.367912],[-0.517523,52.36813],[-0.516768,52.36826],[-0.515986,52.368297],[-0.515207,52.36824],[-0.514462,52.368092],[-0.513778,52.367857],[-0.513182,52.367544],[-0.512697,52.367167],[-0.512342,52.366739],[-0.51213,52.366277],[-0.512069,52.365799]]]}, "properties": {"id": "7aebe1ce-503d-4cfe-a956-dcb1abbedb92", "postcode": "NN9 6NT", "group_id": "8a24e1d6-3fcd-4ab7-8c9b-faea6bdd4373"}}, {"type": "Feature", "geometry": {"type":"Polygon","coordinates":[[[-0.512069,52.365799],[-0.512162,52.365322],[-0.512405,52.364866],[-0.512788,52.364447],[-0.513298,52.364082],[-0.513914,52.363785],[-0.514613,52.363568],[-0.515368,52.363438],[-0.51615,52.363401],[-0.516929,52.363458],[-0.517674,52.363606],[-0.518358,52.363841],[-0.518954,52.364153],[-0.519439,52.36453],[-0.519794,52.364958],[-0.520006,52.36542],[-0.520067,52.365899],[-0.519974,52.366376],[-0.519732,52.366832],[-0.519348,52.367251],[-0.518838,52.367616],[-0.518222,52.367912],[-0.517523,52.36813],[-0.516768,52.36826],[-0.515986,52.368297],[-0.515207,52.36824],[-0.514462,52.368092],[-0.513778,52.367857],[-0.513182,52.367544],[-0.512697,52.367167],[-0.512342,52.366739],[-0.51213,52.366277],[-0.512069,52.365799]]]}, "properties": {"id": "7aebe1ce-503d-4cfe-a956-dcb1abbedb92", "postcode": "NN9 6NT", "group_id": "79b6ee0b-f1e1-4e97-8270-4fc003a7d8dc"}}, {"type": "Feature", "geometry": {"type":"Polygon","coordinates":[[[-1.389222,51.047375],[-1.389631,51.044959],[-1.39078,51.042641],[-1.392625,51.040508],[-1.395093,51.038643],[-1.398092,51.037117],[-1.401504,51.03599],[-1.4052,51.035303],[-1.409037,51.035085],[-1.412868,51.035342],[-1.416546,51.036066],[-1.419929,51.037228],[-1.422888,51.038783],[-1.425309,51.040673],[-1.427099,51.042824],[-1.428189,51.045154],[-1.428537,51.047574],[-1.42813,51.049989],[-1.426982,51.052308],[-1.425139,51.054442],[-1.422671,51.056307],[-1.419672,51.057834],[-1.416258,51.058962],[-1.412561,51.059648],[-1.408722,51.059867],[-1.404889,51.05961],[-1.401209,51.058886],[-1.397825,51.057723],[-1.394865,51.056167],[-1.392445,51.054276],[-1.390656,51.052125],[-1.389568,51.049794],[-1.389222,51.047375]]]}, "properties": {"id": "7b6b2196-12dc-45ca-bbf1-6edc0d6641d0", "postcode": "SO21 2JH", "group_id": "3bb0c4da-bdd4-47be-913f-c10e377b5d72"}}, {"type": "Feature", "geometry": {"type":"Polygon","coordinates":[[[-1.389222,51.047375],[-1.389631,51.044959],[-1.39078,51.042641],[-1.392625,51.040508],[-1.395093,51.038643],[-1.398092,51.037117],[-1.401504,51.03599],[-1.4052,51.035303],[-1.409037,51.035085],[-1.412868,51.035342],[-1.416546,51.036066],[-1.419929,51.037228],[-1.422888,51.038783],[-1.425309,51.040673],[-1.427099,51.042824],[-1.428189,51.045154],[-1.428537,51.047574],[-1.42813,51.049989],[-1.426982,51.052308],[-1.425139,51.054442],[-1.422671,51.056307],[-1.419672,51.057834],[-1.416258,51.058962],[-1.412561,51.059648],[-1.408722,51.059867],[-1.404889,51.05961],[-1.401209,51.058886],[-1.397825,51.057723],[-1.394865,51.056167],[-1.392445,51.054276],[-1.390656,51.052125],[-1.389568,51.049794],[-1.389222,51.047375]]]}, "properties": {"id": "7b6b2196-12dc-45ca-bbf1-6edc0d6641d0", "postcode": "SO21 2JH", "group_id": "e8167295-d7f4-4671-913e-f90e96ce8190"}}, {"type": "Feature", "geometry": {"type":"Polygon","coordinates":[[[-0.342391,53.2737],[-0.342596,53.272692],[-0.343124,53.271728],[-0.343957,53.270845],[-0.345061,53.270075],[-0.346394,53.26945],[-0.347905,53.268992],[-0.349535,53.26872],[-0.351223,53.268644],[-0.352904,53.268767],[-0.354512,53.269084],[-0.355986,53.269582],[-0.357269,53.270244],[-0.358313,53.271043],[-0.359076,53.271949],[-0.359531,53.272926],[-0.359658,53.273938],[-0.359453,53.274946],[-0.358925,53.27591],[-0.358093,53.276794],[-0.356989,53.277563],[-0.355656,53.278189],[-0.354144,53.278646],[-0.352513,53.278918],[-0.350825,53.278994],[-0.349144,53.278872],[-0.347536,53.278555],[-0.346061,53.278056],[-0.344778,53.277394],[-0.343734,53.276595],[-0.342971,53.275689],[-0.342517,53.274711],[-0.342391,53.2737]]]}, "properties": {"id": "7d0a72f6-129c-41bb-8471-43a187697951", "postcode": "LN8 5NR", "group_id": "60a73ad8-56fc-4c6a-942c-8d42700b5038"}}, {"type": "Feature", "geometry": {"type":"Polygon","coordinates":[[[-0.631269,52.824068],[-0.631565,52.822541],[-0.632348,52.821078],[-0.633587,52.819736],[-0.635234,52.818566],[-0.637226,52.817614],[-0.639486,52.816915],[-0.641928,52.816496],[-0.644458,52.816374],[-0.646979,52.816554],[-0.649393,52.817028],[-0.651608,52.817778],[-0.65354,52.818775],[-0.655113,52.819982],[-0.656267,52.821351],[-0.656958,52.822831],[-0.65716,52.824364],[-0.656864,52.825891],[-0.656082,52.827353],[-0.654844,52.828696],[-0.653197,52.829866],[-0.651205,52.830819],[-0.648944,52.831518],[-0.646501,52.831936],[-0.64397,52.832058],[-0.641449,52.831879],[-0.639034,52.831405],[-0.636818,52.830654],[-0.634886,52.829657],[-0.633314,52.82845],[-0.63216,52.82708],[-0.631469,52.825601],[-0.631269,52.824068]]]}, "properties": {"id": "7e55aeec-c207-47dc-9de4-1bd520b925f1", "postcode": "NG33 5HF", "group_id": "60a73ad8-56fc-4c6a-942c-8d42700b5038"}}, {"type": "Feature", "geometry": {"type":"Polygon","coordinates":[[[-0.631269,52.824068],[-0.631565,52.822541],[-0.632348,52.821078],[-0.633587,52.819736],[-0.635234,52.818566],[-0.637226,52.817614],[-0.639486,52.816915],[-0.641928,52.816496],[-0.644458,52.816374],[-0.646979,52.816554],[-0.649393,52.817028],[-0.651608,52.817778],[-0.65354,52.818775],[-0.655113,52.819982],[-0.656267,52.821351],[-0.656958,52.822831],[-0.65716,52.824364],[-0.656864,52.825891],[-0.656082,52.827353],[-0.654844,52.828696],[-0.653197,52.829866],[-0.651205,52.830819],[-0.648944,52.831518],[-0.646501,52.831936],[-0.64397,52.832058],[-0.641449,52.831879],[-0.639034,52.831405],[-0.636818,52.830654],[-0.634886,52.829657],[-0.633314,52.82845],[-0.63216,52.82708],[-0.631469,52.825601],[-0.631269,52.824068]]]}, "properties": {"id": "7e55aeec-c207-47dc-9de4-1bd520b925f1", "postcode": "NG33 5HF", "group_id": "7a228e12-3372-49e0-8820-753ab5723f37"}}, {"type": "Feature", "geometry": {"type":"Polygon","coordinates":[[[1.654341,52.476411],[1.65398,52.474939],[1.653156,52.47354],[1.651901,52.472265],[1.650262,52.471164],[1.648304,52.47028],[1.6461,52.469646],[1.643737,52.469286],[1.641304,52.469215],[1.638895,52.469435],[1.636602,52.469938],[1.634515,52.470705],[1.632712,52.471705],[1.631263,52.472901],[1.630224,52.474246],[1.629635,52.47569],[1.629518,52.477176],[1.629879,52.478647],[1.630702,52.480047],[1.631957,52.481322],[1.633596,52.482423],[1.635554,52.483307],[1.637758,52.483942],[1.640123,52.484301],[1.642557,52.484372],[1.644966,52.484152],[1.647259,52.483649],[1.649347,52.482882],[1.65115,52.481882],[1.652599,52.480686],[1.653637,52.47934],[1.654225,52.477896],[1.654341,52.476411]]]}, "properties": {"id": "7f370dce-7295-463e-bc80-b136b100427a", "postcode": "NR34 0BB", "group_id": "8a834624-a5bb-410a-a8d8-d24863e2a408"}}, {"type": "Feature", "geometry": {"type":"Polygon","coordinates":[[[-2.469846,53.294412],[-2.469997,53.29343],[-2.470464,53.292485],[-2.47123,53.291613],[-2.472265,53.290847],[-2.473529,53.290216],[-2.474975,53.289746],[-2.476546,53.289454],[-2.478181,53.28935],[-2.479819,53.28944],[-2.481397,53.28972],[-2.482853,53.290179],[-2.484131,53.290799],[-2.485183,53.291557],[-2.485969,53.292423],[-2.486457,53.293364],[-2.486629,53.294344],[-2.486479,53.295326],[-2.486012,53.296271],[-2.485247,53.297143],[-2.484212,53.297909],[-2.482947,53.29854],[-2.481501,53.29901],[-2.47993,53.299303],[-2.478294,53.299406],[-2.476655,53.299316],[-2.475078,53.299036],[-2.473622,53.298577],[-2.472343,53.297957],[-2.471291,53.297199],[-2.470506,53.296333],[-2.470018,53.295392],[-2.469846,53.294412]]]}, "properties": {"id": "7febfa60-da80-4ada-ba7e-20006f8d8472", "postcode": "WA16 0LG", "group_id": "dccc074a-fb77-427b-bb72-8b017ca09618"}}, {"type": "Feature", "geometry": {"type":"Polygon","coordinates":[[[-2.361989,52.803611],[-2.362215,52.802147],[-2.362907,52.800738],[-2.36404,52.799438],[-2.365569,52.798297],[-2.367436,52.797358],[-2.36957,52.796659],[-2.371887,52.796225],[-2.3743,52.796073],[-2.376715,52.796209],[-2.379039,52.796629],[-2.381184,52.797315],[-2.383067,52.798241],[-2.384616,52.799373],[-2.385771,52.800666],[-2.386488,52.80207],[-2.386739,52.803533],[-2.386514,52.804996],[-2.385822,52.806406],[-2.38469,52.807706],[-2.383161,52.808847],[-2.381293,52.809786],[-2.37916,52.810486],[-2.376842,52.81092],[-2.374428,52.811072],[-2.372013,52.810935],[-2.369687,52.810516],[-2.367542,52.809829],[-2.365658,52.808903],[-2.36411,52.807771],[-2.362955,52.806478],[-2.362239,52.805073],[-2.361989,52.803611]]]}, "properties": {"id": "80b5c260-324f-430d-a158-350352912b27", "postcode": "SY13 4EJ", "group_id": "cb77a7b6-9cf0-4a11-b659-cda47f2a0cbc"}}, {"type": "Feature", "geometry": {"type":"Polygon","coordinates":[[[0.878763,52.884888],[0.878319,52.882958],[0.877261,52.881117],[0.87563,52.879437],[0.873489,52.877981],[0.87092,52.876806],[0.868021,52.875957],[0.864904,52.875466],[0.861689,52.875353],[0.858499,52.875621],[0.855456,52.87626],[0.852679,52.877246],[0.850272,52.878541],[0.848329,52.880095],[0.846924,52.881849],[0.846112,52.883734],[0.845923,52.88568],[0.846366,52.88761],[0.847423,52.889451],[0.849053,52.891131],[0.851194,52.892587],[0.853764,52.893763],[0.856663,52.894612],[0.859782,52.895103],[0.862998,52.895217],[0.86619,52.894949],[0.869233,52.894309],[0.872012,52.893323],[0.874419,52.892027],[0.876361,52.890473],[0.877765,52.888719],[0.878576,52.886833],[0.878763,52.884888]]]}, "properties": {"id": "837e2532-f032-433f-bc80-d7eab9cc158e", "postcode": "NR21 0PA", "group_id": "3bd8b114-f504-4798-b91b-aaf4e4fbd4de"}}, {"type": "Feature", "geometry": {"type":"Polygon","coordinates":[[[-1.21669,52.472297],[-1.216822,52.471559],[-1.217188,52.470851],[-1.217773,52.4702],[-1.218554,52.469631],[-1.219502,52.469166],[-1.220581,52.468823],[-1.221748,52.468615],[-1.222959,52.46855],[-1.224168,52.468631],[-1.225328,52.468854],[-1.226394,52.469211],[-1.227326,52.469688],[-1.228087,52.470267],[-1.228649,52.470926],[-1.228989,52.471639],[-1.229096,52.472379],[-1.228964,52.473117],[-1.228598,52.473825],[-1.228014,52.474476],[-1.227232,52.475045],[-1.226284,52.47551],[-1.225205,52.475853],[-1.224038,52.476061],[-1.222826,52.476126],[-1.221617,52.476045],[-1.220457,52.475822],[-1.219391,52.475465],[-1.218459,52.474988],[-1.217698,52.474409],[-1.217136,52.47375],[-1.216796,52.473037],[-1.21669,52.472297]]]}, "properties": {"id": "8383d3d0-ba48-488f-aaf9-304310cacca0", "postcode": "LE17 4LR", "group_id": "e54a5321-7fcc-4788-be08-0b155cf09bdf"}}, {"type": "Feature", "geometry": {"type":"Polygon","coordinates":[[[0.489013,52.047142],[0.488765,52.045993],[0.488158,52.044896],[0.487216,52.043893],[0.485975,52.043023],[0.484482,52.042319],[0.482795,52.041808],[0.480979,52.04151],[0.479104,52.041435],[0.477241,52.041588],[0.475462,52.041962],[0.473836,52.042543],[0.472424,52.043308],[0.471282,52.044229],[0.470453,52.045269],[0.469969,52.046389],[0.469848,52.047545],[0.470096,52.048694],[0.470702,52.049791],[0.471644,52.050794],[0.472886,52.051664],[0.474378,52.052368],[0.476065,52.05288],[0.477882,52.053178],[0.479758,52.053252],[0.481621,52.053099],[0.4834,52.052725],[0.485027,52.052144],[0.486439,52.051379],[0.487581,52.050458],[0.488409,52.049418],[0.488893,52.048298],[0.489013,52.047142]]]}, "properties": {"id": "83aeb464-e0e3-43be-a5f1-40acfa343a94", "postcode": "CB9 7BW", "group_id": "e0454012-1295-46e6-b208-52cac7018f1f"}}, {"type": "Feature", "geometry": {"type":"Polygon","coordinates":[[[0.489013,52.047142],[0.488765,52.045993],[0.488158,52.044896],[0.487216,52.043893],[0.485975,52.043023],[0.484482,52.042319],[0.482795,52.041808],[0.480979,52.04151],[0.479104,52.041435],[0.477241,52.041588],[0.475462,52.041962],[0.473836,52.042543],[0.472424,52.043308],[0.471282,52.044229],[0.470453,52.045269],[0.469969,52.046389],[0.469848,52.047545],[0.470096,52.048694],[0.470702,52.049791],[0.471644,52.050794],[0.472886,52.051664],[0.474378,52.052368],[0.476065,52.05288],[0.477882,52.053178],[0.479758,52.053252],[0.481621,52.053099],[0.4834,52.052725],[0.485027,52.052144],[0.486439,52.051379],[0.487581,52.050458],[0.488409,52.049418],[0.488893,52.048298],[0.489013,52.047142]]]}, "properties": {"id": "83aeb464-e0e3-43be-a5f1-40acfa343a94", "postcode": "CB9 7BW", "group_id": "a7783195-830d-421c-96df-c588303c770b"}}, {"type": "Feature", "geometry": {"type":"Polygon","coordinates":[[[-0.503553,54.130808],[-0.503894,54.129138],[-0.504782,54.12754],[-0.506185,54.126073],[-0.508048,54.124796],[-0.510299,54.123757],[-0.512852,54.122996],[-0.515609,54.122541],[-0.518463,54.122412],[-0.521306,54.122611],[-0.524028,54.123133],[-0.526524,54.123957],[-0.528699,54.12505],[-0.530469,54.126372],[-0.531766,54.127872],[-0.53254,54.129491],[-0.532762,54.131168],[-0.532422,54.132838],[-0.531534,54.134436],[-0.530132,54.135903],[-0.528269,54.13718],[-0.526018,54.13822],[-0.523464,54.138982],[-0.520707,54.139436],[-0.517851,54.139566],[-0.515007,54.139366],[-0.512284,54.138844],[-0.509787,54.13802],[-0.507612,54.136926],[-0.505842,54.135604],[-0.504546,54.134104],[-0.503773,54.132485],[-0.503553,54.130808]]]}, "properties": {"id": "84047f73-5a2f-4a07-8ca2-7f77b28013ad", "postcode": "YO178ER", "group_id": "453d1020-6b08-4eab-bc4f-e10880f98f5b"}}, {"type": "Feature", "geometry": {"type":"Polygon","coordinates":[[[-0.524766,53.991845],[-0.52523,53.989556],[-0.526443,53.987364],[-0.528358,53.985355],[-0.530901,53.983604],[-0.533975,53.982178],[-0.537462,53.981134],[-0.541227,53.980511],[-0.545126,53.980332],[-0.549009,53.980605],[-0.552727,53.981319],[-0.556138,53.982447],[-0.55911,53.983945],[-0.561529,53.985756],[-0.563303,53.987811],[-0.564362,53.99003],[-0.564666,53.992328],[-0.564204,53.994617],[-0.562993,53.996809],[-0.561079,53.998819],[-0.558536,54.000571],[-0.555461,54.001996],[-0.551974,54.003041],[-0.548207,54.003665],[-0.544306,54.003844],[-0.54042,54.003571],[-0.5367,54.002856],[-0.533288,54.001728],[-0.530316,54.000229],[-0.527897,53.998417],[-0.526125,53.996362],[-0.525068,53.994143],[-0.524766,53.991845]]]}, "properties": {"id": "851b3489-6108-4594-99a9-2d4513afc1f1", "postcode": "YO25 9LP", "group_id": "453d1020-6b08-4eab-bc4f-e10880f98f5b"}}, {"type": "Feature", "geometry": {"type":"Polygon","coordinates":[[[-1.862239,52.817525],[-1.862358,52.816805],[-1.862707,52.816113],[-1.863271,52.815476],[-1.86403,52.814918],[-1.864955,52.81446],[-1.866009,52.81412],[-1.867152,52.813912],[-1.86834,52.813842],[-1.869528,52.813914],[-1.870669,52.814126],[-1.871721,52.814468],[-1.872643,52.814928],[-1.873398,52.815487],[-1.873959,52.816126],[-1.874304,52.816818],[-1.874419,52.817538],[-1.8743,52.818258],[-1.873951,52.81895],[-1.873386,52.819587],[-1.872627,52.820145],[-1.871703,52.820603],[-1.870649,52.820943],[-1.869506,52.821152],[-1.868317,52.821221],[-1.867129,52.821149],[-1.865988,52.820938],[-1.864936,52.820596],[-1.864014,52.820136],[-1.863259,52.819576],[-1.862698,52.818937],[-1.862353,52.818245],[-1.862239,52.817525]]]}, "properties": {"id": "85387984-f44c-4ae7-ad21-aa2833980433", "postcode": "WS15 3AF", "group_id": "97c036e3-0da2-4ee0-a282-91d63dbd9412"}}, {"type": "Feature", "geometry": {"type":"Polygon","coordinates":[[[-1.880985,51.949688],[-1.88117,51.948547],[-1.881712,51.94745],[-1.882589,51.94644],[-1.883768,51.945555],[-1.885204,51.94483],[-1.886841,51.944291],[-1.888617,51.94396],[-1.890463,51.943849],[-1.892309,51.943963],[-1.894083,51.944297],[-1.895718,51.944839],[-1.89715,51.945568],[-1.898325,51.946455],[-1.899197,51.947467],[-1.899733,51.948564],[-1.899912,51.949705],[-1.899728,51.950846],[-1.899187,51.951942],[-1.89831,51.952953],[-1.897131,51.953838],[-1.895695,51.954564],[-1.894058,51.955103],[-1.892281,51.955434],[-1.890435,51.955545],[-1.888589,51.955431],[-1.886814,51.955096],[-1.885179,51.954554],[-1.883747,51.953825],[-1.882572,51.952938],[-1.8817,51.951926],[-1.881164,51.950829],[-1.880985,51.949688]]]}, "properties": {"id": "8648e209-ff6b-46da-a17c-f8ce919daf49", "postcode": "GL54 5AX", "group_id": "cc94d8f7-66af-4ed5-ac46-42b640648e8a"}}, {"type": "Feature", "geometry": {"type":"Polygon","coordinates":[[[-1.564237,52.510022],[-1.56437,52.509243],[-1.56475,52.508495],[-1.565362,52.507807],[-1.566182,52.507205],[-1.567178,52.506711],[-1.568314,52.506347],[-1.569544,52.506124],[-1.570821,52.506052],[-1.572097,52.506133],[-1.573323,52.506365],[-1.574451,52.506738],[-1.575438,52.507238],[-1.576246,52.507846],[-1.576845,52.508539],[-1.57721,52.509289],[-1.577328,52.510069],[-1.577195,52.510848],[-1.576815,52.511596],[-1.576204,52.512284],[-1.575384,52.512886],[-1.574387,52.513379],[-1.573252,52.513744],[-1.572021,52.513967],[-1.570744,52.514039],[-1.569467,52.513958],[-1.568241,52.513726],[-1.567113,52.513353],[-1.566126,52.512853],[-1.565318,52.512244],[-1.56472,52.511552],[-1.564355,52.510801],[-1.564237,52.510022]]]}, "properties": {"id": "864e6341-5057-483f-a3c2-60d9e66d92da", "postcode": "CV7 8FX", "group_id": "97c036e3-0da2-4ee0-a282-91d63dbd9412"}}, {"type": "Feature", "geometry": {"type":"Polygon","coordinates":[[[-1.523519,52.620161],[-1.523744,52.618857],[-1.524384,52.617604],[-1.525412,52.616451],[-1.52679,52.615443],[-1.528464,52.614618],[-1.530371,52.614007],[-1.532437,52.613634],[-1.534583,52.613514],[-1.536726,52.613651],[-1.538784,52.61404],[-1.540678,52.614666],[-1.542335,52.615504],[-1.543692,52.616523],[-1.544695,52.617684],[-1.545308,52.618941],[-1.545506,52.620247],[-1.545281,52.621552],[-1.544642,52.622805],[-1.543614,52.623957],[-1.542236,52.624966],[-1.540562,52.625792],[-1.538654,52.626402],[-1.536588,52.626775],[-1.534441,52.626895],[-1.532298,52.626758],[-1.530239,52.626369],[-1.528345,52.625744],[-1.526688,52.624905],[-1.525332,52.623886],[-1.524328,52.622725],[-1.523716,52.621467],[-1.523519,52.620161]]]}, "properties": {"id": "8651f0a5-33e4-4fd5-a4b5-21c073e3bcc6", "postcode": "CV9 3NJ", "group_id": "97c036e3-0da2-4ee0-a282-91d63dbd9412"}}, {"type": "Feature", "geometry": {"type":"Polygon","coordinates":[[[1.311861,52.070501],[1.311564,52.069238],[1.310873,52.068034],[1.309815,52.066937],[1.308429,52.065989],[1.30677,52.065225],[1.304901,52.064675],[1.302894,52.06436],[1.300826,52.064293],[1.298776,52.064476],[1.296824,52.064901],[1.295043,52.065553],[1.293503,52.066407],[1.292263,52.067429],[1.291371,52.068581],[1.29086,52.069818],[1.290751,52.071093],[1.291047,52.072356],[1.291737,52.07356],[1.292796,52.074657],[1.294181,52.075606],[1.29584,52.07637],[1.29771,52.07692],[1.299717,52.077235],[1.301786,52.077302],[1.303836,52.077119],[1.305789,52.076694],[1.30757,52.076041],[1.30911,52.075187],[1.31035,52.074165],[1.311242,52.073013],[1.311752,52.071776],[1.311861,52.070501]]]}, "properties": {"id": "877709e0-bfea-44cc-b38e-ee1a6aa46ecc", "postcode": "IP12 4PJ", "group_id": "e0454012-1295-46e6-b208-52cac7018f1f"}}, {"type": "Feature", "geometry": {"type":"Polygon","coordinates":[[[0.496538,52.054654],[0.496255,52.053344],[0.495563,52.052094],[0.494488,52.05095],[0.493072,52.049958],[0.49137,52.049156],[0.489447,52.048573],[0.487376,52.048233],[0.485237,52.048149],[0.483113,52.048323],[0.481084,52.04875],[0.47923,52.049412],[0.477621,52.050284],[0.476318,52.051334],[0.475373,52.05252],[0.474821,52.053796],[0.474684,52.055115],[0.474966,52.056425],[0.475658,52.057675],[0.476732,52.058819],[0.478148,52.059811],[0.47985,52.060614],[0.481774,52.061197],[0.483846,52.061537],[0.485985,52.061621],[0.48811,52.061447],[0.490139,52.06102],[0.491994,52.060358],[0.493603,52.059485],[0.494905,52.058435],[0.49585,52.057249],[0.496401,52.055973],[0.496538,52.054654]]]}, "properties": {"id": "87a76ae2-7a3f-437a-b391-6f4112289705", "postcode": "CO9 4BJ", "group_id": "e0454012-1295-46e6-b208-52cac7018f1f"}}, {"type": "Feature", "geometry": {"type":"Polygon","coordinates":[[[0.496538,52.054654],[0.496255,52.053344],[0.495563,52.052094],[0.494488,52.05095],[0.493072,52.049958],[0.49137,52.049156],[0.489447,52.048573],[0.487376,52.048233],[0.485237,52.048149],[0.483113,52.048323],[0.481084,52.04875],[0.47923,52.049412],[0.477621,52.050284],[0.476318,52.051334],[0.475373,52.05252],[0.474821,52.053796],[0.474684,52.055115],[0.474966,52.056425],[0.475658,52.057675],[0.476732,52.058819],[0.478148,52.059811],[0.47985,52.060614],[0.481774,52.061197],[0.483846,52.061537],[0.485985,52.061621],[0.48811,52.061447],[0.490139,52.06102],[0.491994,52.060358],[0.493603,52.059485],[0.494905,52.058435],[0.49585,52.057249],[0.496401,52.055973],[0.496538,52.054654]]]}, "properties": {"id": "87a76ae2-7a3f-437a-b391-6f4112289705", "postcode": "CO9 4BJ", "group_id": "a7783195-830d-421c-96df-c588303c770b"}}, {"type": "Feature", "geometry": {"type":"Polygon","coordinates":[[[-0.762386,52.755135],[-0.762563,52.754207],[-0.763035,52.753318],[-0.763784,52.752502],[-0.764781,52.75179],[-0.765988,52.75121],[-0.767358,52.750784],[-0.768839,52.750528],[-0.770373,52.750452],[-0.771902,52.75056],[-0.773368,52.750846],[-0.774713,52.751301],[-0.775886,52.751905],[-0.776843,52.752637],[-0.777545,52.753469],[-0.777967,52.754367],[-0.778092,52.755298],[-0.777915,52.756226],[-0.777443,52.757115],[-0.776694,52.757932],[-0.775697,52.758644],[-0.774491,52.759224],[-0.77312,52.75965],[-0.77164,52.759906],[-0.770105,52.759982],[-0.768575,52.759874],[-0.767109,52.759588],[-0.765764,52.759133],[-0.764591,52.758528],[-0.763634,52.757796],[-0.762932,52.756965],[-0.76251,52.756066],[-0.762386,52.755135]]]}, "properties": {"id": "88285cd6-ba30-45bf-8246-7effe6a53758", "postcode": "LE14 2 AF", "group_id": "1bea1e6d-d8e2-4d53-98f6-87e052101074"}}, {"type": "Feature", "geometry": {"type":"Polygon","coordinates":[[[-0.131473,53.459475],[-0.131786,53.457985],[-0.132579,53.456559],[-0.133822,53.455254],[-0.135469,53.454118],[-0.137455,53.453196],[-0.139704,53.452523],[-0.142129,53.452125],[-0.144639,53.452017],[-0.147135,53.452203],[-0.149523,53.452676],[-0.15171,53.453418],[-0.153613,53.4544],[-0.155158,53.455585],[-0.156287,53.456928],[-0.156955,53.458376],[-0.157136,53.459873],[-0.156825,53.461364],[-0.156033,53.462789],[-0.154789,53.464095],[-0.153143,53.46523],[-0.151157,53.466153],[-0.148907,53.466826],[-0.146481,53.467224],[-0.143971,53.467333],[-0.141473,53.467147],[-0.139085,53.466673],[-0.136897,53.465931],[-0.134994,53.464948],[-0.133449,53.463763],[-0.132321,53.462421],[-0.131654,53.460973],[-0.131473,53.459475]]]}, "properties": {"id": "88973a64-a9db-4761-b541-912b08e61975", "postcode": "LN8 6BP", "group_id": "a033c86a-0f6d-4e14-bd3d-8868b2867314"}}, {"type": "Feature", "geometry": {"type":"Polygon","coordinates":[[[-1.085523,50.948639],[-1.085804,50.94704],[-1.086573,50.945507],[-1.087801,50.944098],[-1.08944,50.942867],[-1.091428,50.941862],[-1.093688,50.941121],[-1.096134,50.940673],[-1.09867,50.940535],[-1.101201,50.940712],[-1.103628,50.941198],[-1.105859,50.941973],[-1.107807,50.943009],[-1.109399,50.944264],[-1.110572,50.945692],[-1.111281,50.947237],[-1.1115,50.94884],[-1.11122,50.950438],[-1.110452,50.951972],[-1.109224,50.953381],[-1.107585,50.954612],[-1.105597,50.955618],[-1.103336,50.956359],[-1.10089,50.956807],[-1.098353,50.956945],[-1.095822,50.956768],[-1.093394,50.956282],[-1.091162,50.955506],[-1.089214,50.954471],[-1.087623,50.953215],[-1.08645,50.951787],[-1.085741,50.950242],[-1.085523,50.948639]]]}, "properties": {"id": "8ad6f5ce-45e2-463f-99d2-b3f73d36a811", "postcode": "SO32 3QY", "group_id": "e8167295-d7f4-4671-913e-f90e96ce8190"}}, {"type": "Feature", "geometry": {"type":"Polygon","coordinates":[[[-0.32793,53.028155],[-0.32814,53.027117],[-0.328682,53.026123],[-0.329536,53.025212],[-0.330667,53.024419],[-0.332034,53.023775],[-0.333582,53.023303],[-0.335253,53.023023],[-0.336983,53.022944],[-0.338705,53.023071],[-0.340354,53.023398],[-0.341864,53.023912],[-0.343179,53.024594],[-0.344249,53.025418],[-0.345031,53.026351],[-0.345496,53.027359],[-0.345626,53.028402],[-0.345417,53.029441],[-0.344875,53.030434],[-0.344022,53.031345],[-0.34289,53.032138],[-0.341524,53.032783],[-0.339975,53.033255],[-0.338303,53.033535],[-0.336573,53.033613],[-0.33485,53.033487],[-0.333202,53.03316],[-0.331691,53.032645],[-0.330376,53.031963],[-0.329307,53.031139],[-0.328525,53.030206],[-0.32806,53.029198],[-0.32793,53.028155]]]}, "properties": {"id": "8bf6a977-df82-4d9e-8aa0-b52731b334e7", "postcode": "NG32 2LU", "group_id": "60a73ad8-56fc-4c6a-942c-8d42700b5038"}}, {"type": "Feature", "geometry": {"type":"Polygon","coordinates":[[[-0.413542,53.871406],[-0.414481,53.866826],[-0.416913,53.862442],[-0.420744,53.858423],[-0.425827,53.854923],[-0.431967,53.852076],[-0.438928,53.849991],[-0.446442,53.848749],[-0.454221,53.848397],[-0.461967,53.848949],[-0.469383,53.850384],[-0.476183,53.852645],[-0.482108,53.855648],[-0.486928,53.859276],[-0.49046,53.86339],[-0.492566,53.867832],[-0.493166,53.872432],[-0.492236,53.877012],[-0.489811,53.881398],[-0.485984,53.885419],[-0.480902,53.888922],[-0.47476,53.891771],[-0.467795,53.893858],[-0.460273,53.895101],[-0.452485,53.895453],[-0.44473,53.894901],[-0.437308,53.893465],[-0.430503,53.891201],[-0.424577,53.888196],[-0.419759,53.884565],[-0.416232,53.880449],[-0.414134,53.876006],[-0.413542,53.871406]]]}, "properties": {"id": "8c622634-8b02-40e3-ba65-777dceca3727", "postcode": "HU17 9SL", "group_id": "453d1020-6b08-4eab-bc4f-e10880f98f5b"}}, {"type": "Feature", "geometry": {"type":"Polygon","coordinates":[[[-4.021777,51.108117],[-4.021862,51.107355],[-4.022183,51.106617],[-4.022725,51.105934],[-4.023469,51.10533],[-4.024386,51.104829],[-4.025441,51.10445],[-4.026592,51.104208],[-4.027797,51.104112],[-4.029008,51.104166],[-4.030179,51.104368],[-4.031265,51.104709],[-4.032224,51.105178],[-4.03302,51.105755],[-4.033622,51.106419],[-4.034006,51.107144],[-4.034158,51.107902],[-4.034073,51.108664],[-4.033753,51.109402],[-4.03321,51.110085],[-4.032466,51.110689],[-4.031549,51.11119],[-4.030494,51.111569],[-4.029343,51.111811],[-4.028138,51.111907],[-4.026927,51.111853],[-4.025756,51.111651],[-4.02467,51.11131],[-4.02371,51.110841],[-4.022915,51.110264],[-4.022313,51.1096],[-4.021929,51.108875],[-4.021777,51.108117]]]}, "properties": {"id": "8c8db427-6390-40e1-95eb-d0414608dee2", "postcode": "EX31 4JN", "group_id": "b148cd75-c32d-44e8-806e-85688ab1d059"}}, {"type": "Feature", "geometry": {"type":"Polygon","coordinates":[[[-0.495537,52.855643],[-0.495823,52.854194],[-0.496571,52.852806],[-0.497752,52.851534],[-0.49932,52.850425],[-0.501215,52.849523],[-0.503364,52.848862],[-0.505685,52.848468],[-0.508089,52.848355],[-0.510482,52.848528],[-0.512774,52.84898],[-0.514876,52.849695],[-0.516708,52.850644],[-0.518198,52.851791],[-0.519291,52.853092],[-0.519943,52.854497],[-0.52013,52.855952],[-0.519844,52.857401],[-0.519097,52.858788],[-0.517917,52.860061],[-0.516349,52.86117],[-0.514454,52.862072],[-0.512304,52.862734],[-0.509982,52.863128],[-0.507578,52.863241],[-0.505184,52.863068],[-0.502891,52.862615],[-0.500789,52.861901],[-0.498957,52.860951],[-0.497466,52.859804],[-0.496375,52.858503],[-0.495723,52.857098],[-0.495537,52.855643]]]}, "properties": {"id": "8caa539d-7f93-4ffc-a666-a3d64d4aee0f", "postcode": "NG33 4BH", "group_id": "7a228e12-3372-49e0-8820-753ab5723f37"}}, {"type": "Feature", "geometry": {"type":"Polygon","coordinates":[[[-1.394583,51.026981],[-1.394863,51.025325],[-1.395651,51.023735],[-1.396914,51.022273],[-1.398606,51.020994],[-1.400661,51.019948],[-1.402999,51.019175],[-1.405532,51.018705],[-1.408162,51.018555],[-1.410787,51.018731],[-1.413308,51.019227],[-1.415627,51.020024],[-1.417654,51.021091],[-1.419313,51.022386],[-1.42054,51.023861],[-1.421287,51.025459],[-1.421525,51.027117],[-1.421245,51.028773],[-1.420459,51.030363],[-1.419196,51.031826],[-1.417504,51.033105],[-1.415449,51.034151],[-1.41311,51.034924],[-1.410576,51.035395],[-1.407946,51.035545],[-1.405319,51.035368],[-1.402798,51.034872],[-1.400479,51.034075],[-1.398451,51.033008],[-1.396792,51.031712],[-1.395566,51.030237],[-1.39482,51.02864],[-1.394583,51.026981]]]}, "properties": {"id": "8cb6fac7-aceb-4c06-80c9-089d4042b783", "postcode": "SO21 2JH", "group_id": "3bb0c4da-bdd4-47be-913f-c10e377b5d72"}}, {"type": "Feature", "geometry": {"type":"Polygon","coordinates":[[[-1.394583,51.026981],[-1.394863,51.025325],[-1.395651,51.023735],[-1.396914,51.022273],[-1.398606,51.020994],[-1.400661,51.019948],[-1.402999,51.019175],[-1.405532,51.018705],[-1.408162,51.018555],[-1.410787,51.018731],[-1.413308,51.019227],[-1.415627,51.020024],[-1.417654,51.021091],[-1.419313,51.022386],[-1.42054,51.023861],[-1.421287,51.025459],[-1.421525,51.027117],[-1.421245,51.028773],[-1.420459,51.030363],[-1.419196,51.031826],[-1.417504,51.033105],[-1.415449,51.034151],[-1.41311,51.034924],[-1.410576,51.035395],[-1.407946,51.035545],[-1.405319,51.035368],[-1.402798,51.034872],[-1.400479,51.034075],[-1.398451,51.033008],[-1.396792,51.031712],[-1.395566,51.030237],[-1.39482,51.02864],[-1.394583,51.026981]]]}, "properties": {"id": "8cb6fac7-aceb-4c06-80c9-089d4042b783", "postcode": "SO21 2JH", "group_id": "e8167295-d7f4-4671-913e-f90e96ce8190"}}, {"type": "Feature", "geometry": {"type":"Polygon","coordinates":[[[-1.138361,52.481291],[-1.138451,52.480797],[-1.138697,52.480323],[-1.139089,52.479887],[-1.139614,52.479506],[-1.140249,52.479195],[-1.140972,52.478966],[-1.141755,52.478827],[-1.142566,52.478784],[-1.143376,52.478839],[-1.144153,52.478989],[-1.144867,52.479229],[-1.14549,52.479549],[-1.146,52.479937],[-1.146375,52.480378],[-1.146603,52.480856],[-1.146673,52.481352],[-1.146583,52.481846],[-1.146338,52.48232],[-1.145945,52.482756],[-1.145421,52.483137],[-1.144785,52.483448],[-1.144062,52.483677],[-1.14328,52.483816],[-1.142468,52.483859],[-1.141658,52.483804],[-1.140881,52.483654],[-1.140167,52.483414],[-1.139544,52.483094],[-1.139034,52.482706],[-1.138659,52.482265],[-1.138432,52.481787],[-1.138361,52.481291]]]}, "properties": {"id": "8db4f8f0-773f-42a0-895e-8a5a0ef1b691", "postcode": "LE17 5RY", "group_id": "e54a5321-7fcc-4788-be08-0b155cf09bdf"}}, {"type": "Feature", "geometry": {"type":"Polygon","coordinates":[[[-2.030024,50.849323],[-2.030372,50.847078],[-2.031405,50.844919],[-2.033083,50.842929],[-2.035342,50.841185],[-2.038094,50.839753],[-2.041235,50.838689],[-2.044643,50.838033],[-2.048188,50.83781],[-2.051734,50.83803],[-2.055143,50.838683],[-2.058286,50.839745],[-2.061042,50.841174],[-2.063304,50.842917],[-2.064987,50.844905],[-2.066024,50.847063],[-2.066376,50.849308],[-2.06603,50.851553],[-2.064999,50.853712],[-2.063322,50.855702],[-2.061063,50.857447],[-2.05831,50.85888],[-2.055169,50.859944],[-2.051759,50.860601],[-2.048212,50.860823],[-2.044665,50.860604],[-2.041254,50.85995],[-2.03811,50.858888],[-2.035354,50.857458],[-2.033092,50.855715],[-2.031411,50.853726],[-2.030375,50.851568],[-2.030024,50.849323]]]}, "properties": {"id": "8e73162b-4fb1-4797-8735-21de1cba62fa", "postcode": "BH21 5BN", "group_id": "6cb070a8-3c40-48b7-a594-97fec3894487"}}, {"type": "Feature", "geometry": {"type":"Polygon","coordinates":[[[-3.785345,50.83963],[-3.785428,50.838917],[-3.78573,50.838227],[-3.786239,50.837588],[-3.786934,50.837024],[-3.78779,50.836556],[-3.788774,50.836204],[-3.789847,50.83598],[-3.790969,50.835892],[-3.792096,50.835945],[-3.793185,50.836136],[-3.794195,50.836458],[-3.795085,50.836899],[-3.795823,50.837441],[-3.79638,50.838063],[-3.796734,50.838743],[-3.796873,50.839453],[-3.796789,50.840167],[-3.796487,50.840857],[-3.795979,50.841496],[-3.795283,50.84206],[-3.794427,50.842527],[-3.793444,50.84288],[-3.79237,50.843104],[-3.791249,50.843192],[-3.790121,50.843139],[-3.789032,50.842948],[-3.788022,50.842626],[-3.787132,50.842185],[-3.786394,50.841643],[-3.785837,50.84102],[-3.785483,50.840341],[-3.785345,50.83963]]]}, "properties": {"id": "8ef51f72-401b-4f0b-ae21-a61e69c48147", "postcode": "EX17 5LS", "group_id": "b148cd75-c32d-44e8-806e-85688ab1d059"}}, {"type": "Feature", "geometry": {"type":"Polygon","coordinates":[[[-1.215884,52.561191],[-1.216031,52.560376],[-1.216435,52.559593],[-1.217082,52.558874],[-1.217947,52.558246],[-1.218997,52.557733],[-1.22019,52.557354],[-1.221482,52.557124],[-1.222823,52.557053],[-1.22416,52.557142],[-1.225444,52.557388],[-1.226624,52.557783],[-1.227655,52.55831],[-1.228497,52.558949],[-1.229119,52.559677],[-1.229496,52.560464],[-1.229614,52.561281],[-1.229467,52.562096],[-1.229063,52.562879],[-1.228416,52.563598],[-1.227551,52.564226],[-1.226502,52.56474],[-1.225308,52.565118],[-1.224016,52.565348],[-1.222675,52.56542],[-1.221337,52.565331],[-1.220053,52.565084],[-1.218873,52.56469],[-1.217842,52.564162],[-1.217,52.563523],[-1.216378,52.562795],[-1.216001,52.562008],[-1.215884,52.561191]]]}, "properties": {"id": "8f72ea13-4e27-4e3b-8315-2a399ff5a8d9", "postcode": "LE9 1SG", "group_id": "1bea1e6d-d8e2-4d53-98f6-87e052101074"}}, {"type": "Feature", "geometry": {"type":"Polygon","coordinates":[[[0.076359,51.706553],[0.076035,51.704969],[0.075219,51.703455],[0.073944,51.702069],[0.072258,51.700864],[0.070226,51.699887],[0.067927,51.699174],[0.065448,51.698754],[0.062885,51.698642],[0.060336,51.698844],[0.057899,51.69935],[0.055668,51.700142],[0.053728,51.701189],[0.052154,51.702452],[0.051007,51.70388],[0.05033,51.705421],[0.05015,51.707014],[0.050474,51.708598],[0.051289,51.710112],[0.052564,51.711498],[0.05425,51.712704],[0.056282,51.713681],[0.058582,51.714394],[0.061061,51.714814],[0.063626,51.714926],[0.066175,51.714724],[0.068613,51.714218],[0.070845,51.713426],[0.072784,51.712378],[0.074358,51.711115],[0.075504,51.709687],[0.07618,51.708146],[0.076359,51.706553]]]}, "properties": {"id": "8f79ba43-43c6-40b5-93ed-a9a50fbbcbfc", "postcode": "EN9 2AA", "group_id": "9e6449fd-d980-4d4b-9ae4-8db27f5e18bd"}}, {"type": "Feature", "geometry": {"type":"Polygon","coordinates":[[[-1.875539,51.309167],[-1.875682,51.308276],[-1.876099,51.30742],[-1.876774,51.306631],[-1.877682,51.30594],[-1.878788,51.305373],[-1.880048,51.304952],[-1.881416,51.304694],[-1.882838,51.304607],[-1.884259,51.304697],[-1.885625,51.304958],[-1.886884,51.305381],[-1.887986,51.30595],[-1.888891,51.306643],[-1.889562,51.307433],[-1.889975,51.30829],[-1.890113,51.309182],[-1.889971,51.310072],[-1.889554,51.310929],[-1.888879,51.311718],[-1.887971,51.312409],[-1.886865,51.312976],[-1.885604,51.313397],[-1.884236,51.313655],[-1.882814,51.313742],[-1.881393,51.313653],[-1.880026,51.313391],[-1.878768,51.312968],[-1.877665,51.312399],[-1.87676,51.311706],[-1.876089,51.310915],[-1.875677,51.310058],[-1.875539,51.309167]]]}, "properties": {"id": "902b3ca7-1b2d-4645-b156-c6c56a28b213", "postcode": "SN10 3RQ", "group_id": "6cb070a8-3c40-48b7-a594-97fec3894487"}}, {"type": "Feature", "geometry": {"type":"Polygon","coordinates":[[[-0.961758,52.311424],[-0.962096,52.309591],[-0.963011,52.307833],[-0.964468,52.306219],[-0.96641,52.30481],[-0.968763,52.30366],[-0.971437,52.302813],[-0.974329,52.302303],[-0.977328,52.302148],[-0.980318,52.302355],[-0.983185,52.302915],[-0.985819,52.303807],[-0.988119,52.304998],[-0.989995,52.30644],[-0.991377,52.308079],[-0.99221,52.309851],[-0.992464,52.31169],[-0.992127,52.313523],[-0.991213,52.315281],[-0.989757,52.316896],[-0.987815,52.318305],[-0.985462,52.319455],[-0.982787,52.320302],[-0.979894,52.320813],[-0.976894,52.320968],[-0.973902,52.320761],[-0.971034,52.3202],[-0.9684,52.319308],[-0.9661,52.318117],[-0.964224,52.316674],[-0.962843,52.315035],[-0.96201,52.313262],[-0.961758,52.311424]]]}, "properties": {"id": "906e33b1-2faa-4a6d-8064-e66ecfbf6588", "postcode": "NN6 8LU", "group_id": "8a24e1d6-3fcd-4ab7-8c9b-faea6bdd4373"}}, {"type": "Feature", "geometry": {"type":"Polygon","coordinates":[[[-0.961758,52.311424],[-0.962096,52.309591],[-0.963011,52.307833],[-0.964468,52.306219],[-0.96641,52.30481],[-0.968763,52.30366],[-0.971437,52.302813],[-0.974329,52.302303],[-0.977328,52.302148],[-0.980318,52.302355],[-0.983185,52.302915],[-0.985819,52.303807],[-0.988119,52.304998],[-0.989995,52.30644],[-0.991377,52.308079],[-0.99221,52.309851],[-0.992464,52.31169],[-0.992127,52.313523],[-0.991213,52.315281],[-0.989757,52.316896],[-0.987815,52.318305],[-0.985462,52.319455],[-0.982787,52.320302],[-0.979894,52.320813],[-0.976894,52.320968],[-0.973902,52.320761],[-0.971034,52.3202],[-0.9684,52.319308],[-0.9661,52.318117],[-0.964224,52.316674],[-0.962843,52.315035],[-0.96201,52.313262],[-0.961758,52.311424]]]}, "properties": {"id": "906e33b1-2faa-4a6d-8064-e66ecfbf6588", "postcode": "NN6 8LU", "group_id": "79b6ee0b-f1e1-4e97-8270-4fc003a7d8dc"}}, {"type": "Feature", "geometry": {"type":"Polygon","coordinates":[[[-1.133231,50.931631],[-1.133436,50.930458],[-1.133998,50.929334],[-1.134897,50.928301],[-1.136098,50.927398],[-1.137554,50.92666],[-1.13921,50.926117],[-1.141001,50.925787],[-1.14286,50.925686],[-1.144715,50.925815],[-1.146494,50.92617],[-1.148129,50.926738],[-1.149558,50.927497],[-1.150725,50.928417],[-1.151586,50.929463],[-1.152107,50.930595],[-1.152268,50.93177],[-1.152064,50.932942],[-1.151502,50.934067],[-1.150603,50.935101],[-1.149403,50.936003],[-1.147947,50.936741],[-1.146291,50.937285],[-1.144498,50.937614],[-1.142639,50.937716],[-1.140784,50.937587],[-1.139004,50.937231],[-1.137369,50.936663],[-1.13594,50.935905],[-1.134773,50.934984],[-1.133913,50.933938],[-1.133392,50.932805],[-1.133231,50.931631]]]}, "properties": {"id": "9151666e-9aed-4be6-8cc3-ff3d0717c045", "postcode": "SO32 2BP", "group_id": "e8167295-d7f4-4671-913e-f90e96ce8190"}}, {"type": "Feature", "geometry": {"type":"Polygon","coordinates":[[[-4.001467,51.05311],[-4.001527,51.052575],[-4.001752,51.052059],[-4.002132,51.05158],[-4.002653,51.051156],[-4.003295,51.050805],[-4.004034,51.05054],[-4.00484,51.050371],[-4.005683,51.050304],[-4.006531,51.050342],[-4.007351,51.050483],[-4.008111,51.050723],[-4.008783,51.051051],[-4.00934,51.051456],[-4.009761,51.051921],[-4.01003,51.052429],[-4.010136,51.052961],[-4.010076,51.053495],[-4.009851,51.054012],[-4.009471,51.054491],[-4.00895,51.054915],[-4.008308,51.055266],[-4.007569,51.055531],[-4.006763,51.0557],[-4.00592,51.055767],[-4.005072,51.055729],[-4.004252,51.055588],[-4.003491,51.055348],[-4.00282,51.05502],[-4.002263,51.054615],[-4.001842,51.05415],[-4.001573,51.053641],[-4.001467,51.05311]]]}, "properties": {"id": "91b24515-6838-4cbc-8e29-0ca25a175430", "postcode": "EX32 0NT", "group_id": "b148cd75-c32d-44e8-806e-85688ab1d059"}}, {"type": "Feature", "geometry": {"type":"Polygon","coordinates":[[[-1.390734,51.158453],[-1.391063,51.156518],[-1.391986,51.15466],[-1.393467,51.152952],[-1.39545,51.151458],[-1.397858,51.150235],[-1.400599,51.149332],[-1.403567,51.148782],[-1.406648,51.148607],[-1.409725,51.148813],[-1.412679,51.149393],[-1.415396,51.150324],[-1.417772,51.151571],[-1.419717,51.153085],[-1.421154,51.154808],[-1.422029,51.156675],[-1.422308,51.158613],[-1.42198,51.160548],[-1.421059,51.162406],[-1.419578,51.164115],[-1.417596,51.16561],[-1.415187,51.166833],[-1.412446,51.167736],[-1.409477,51.168286],[-1.406394,51.168461],[-1.403316,51.168255],[-1.400361,51.167675],[-1.397643,51.166744],[-1.395266,51.165497],[-1.393323,51.163982],[-1.391886,51.162258],[-1.391012,51.160391],[-1.390734,51.158453]]]}, "properties": {"id": "91e357ce-c121-4f8f-af6f-3731990448c6", "postcode": "SO20 6BP", "group_id": "3bb0c4da-bdd4-47be-913f-c10e377b5d72"}}, {"type": "Feature", "geometry": {"type":"Polygon","coordinates":[[[-1.390734,51.158453],[-1.391063,51.156518],[-1.391986,51.15466],[-1.393467,51.152952],[-1.39545,51.151458],[-1.397858,51.150235],[-1.400599,51.149332],[-1.403567,51.148782],[-1.406648,51.148607],[-1.409725,51.148813],[-1.412679,51.149393],[-1.415396,51.150324],[-1.417772,51.151571],[-1.419717,51.153085],[-1.421154,51.154808],[-1.422029,51.156675],[-1.422308,51.158613],[-1.42198,51.160548],[-1.421059,51.162406],[-1.419578,51.164115],[-1.417596,51.16561],[-1.415187,51.166833],[-1.412446,51.167736],[-1.409477,51.168286],[-1.406394,51.168461],[-1.403316,51.168255],[-1.400361,51.167675],[-1.397643,51.166744],[-1.395266,51.165497],[-1.393323,51.163982],[-1.391886,51.162258],[-1.391012,51.160391],[-1.390734,51.158453]]]}, "properties": {"id": "91e357ce-c121-4f8f-af6f-3731990448c6", "postcode": "SO20 6BP", "group_id": "e8167295-d7f4-4671-913e-f90e96ce8190"}}, {"type": "Feature", "geometry": {"type":"Polygon","coordinates":[[[-3.895398,50.973222],[-3.895453,50.972737],[-3.895658,50.972269],[-3.896003,50.971835],[-3.896476,50.971451],[-3.897058,50.971133],[-3.897727,50.970894],[-3.898457,50.970741],[-3.899221,50.970681],[-3.899988,50.970716],[-3.90073,50.970845],[-3.901418,50.971063],[-3.902025,50.971361],[-3.902528,50.971728],[-3.902908,50.972151],[-3.90315,50.972612],[-3.903246,50.973094],[-3.90319,50.973579],[-3.902986,50.974047],[-3.902641,50.974481],[-3.902168,50.974865],[-3.901586,50.975182],[-3.900917,50.975422],[-3.900186,50.975575],[-3.899423,50.975635],[-3.898655,50.9756],[-3.897913,50.975471],[-3.897226,50.975253],[-3.896618,50.974955],[-3.896115,50.974587],[-3.895735,50.974165],[-3.895493,50.973704],[-3.895398,50.973222]]]}, "properties": {"id": "9262f599-30bc-46fa-b018-fb5bb83c97db", "postcode": "EX37 9TB", "group_id": "b148cd75-c32d-44e8-806e-85688ab1d059"}}, {"type": "Feature", "geometry": {"type":"Polygon","coordinates":[[[-0.907198,52.4096],[-0.907464,52.408172],[-0.90818,52.406802],[-0.909319,52.405545],[-0.910838,52.404448],[-0.912677,52.403552],[-0.914766,52.402894],[-0.917025,52.402497],[-0.919368,52.402378],[-0.921703,52.40254],[-0.923942,52.402978],[-0.925998,52.403674],[-0.927793,52.404602],[-0.929257,52.405727],[-0.930334,52.407005],[-0.930983,52.408387],[-0.931179,52.409819],[-0.930914,52.411248],[-0.930198,52.412617],[-0.929059,52.413875],[-0.927541,52.414972],[-0.925702,52.415868],[-0.923612,52.416527],[-0.921352,52.416923],[-0.919009,52.417043],[-0.916673,52.416881],[-0.914434,52.416443],[-0.912377,52.415746],[-0.910582,52.414817],[-0.909118,52.413692],[-0.908042,52.412415],[-0.907393,52.411033],[-0.907198,52.4096]]]}, "properties": {"id": "936a8519-9894-4bcd-a0ad-31385ac20e25", "postcode": "NN14 1HA", "group_id": "8a24e1d6-3fcd-4ab7-8c9b-faea6bdd4373"}}, {"type": "Feature", "geometry": {"type":"Polygon","coordinates":[[[-0.907198,52.4096],[-0.907464,52.408172],[-0.90818,52.406802],[-0.909319,52.405545],[-0.910838,52.404448],[-0.912677,52.403552],[-0.914766,52.402894],[-0.917025,52.402497],[-0.919368,52.402378],[-0.921703,52.40254],[-0.923942,52.402978],[-0.925998,52.403674],[-0.927793,52.404602],[-0.929257,52.405727],[-0.930334,52.407005],[-0.930983,52.408387],[-0.931179,52.409819],[-0.930914,52.411248],[-0.930198,52.412617],[-0.929059,52.413875],[-0.927541,52.414972],[-0.925702,52.415868],[-0.923612,52.416527],[-0.921352,52.416923],[-0.919009,52.417043],[-0.916673,52.416881],[-0.914434,52.416443],[-0.912377,52.415746],[-0.910582,52.414817],[-0.909118,52.413692],[-0.908042,52.412415],[-0.907393,52.411033],[-0.907198,52.4096]]]}, "properties": {"id": "936a8519-9894-4bcd-a0ad-31385ac20e25", "postcode": "NN14 1HA", "group_id": "79b6ee0b-f1e1-4e97-8270-4fc003a7d8dc"}}, {"type": "Feature", "geometry": {"type":"Polygon","coordinates":[[[-1.801227,52.77552],[-1.801352,52.774777],[-1.801713,52.774062],[-1.802297,52.773404],[-1.803081,52.772827],[-1.804036,52.772355],[-1.805124,52.772004],[-1.806305,52.771789],[-1.807531,52.771718],[-1.808758,52.771793],[-1.809936,52.772012],[-1.811021,52.772366],[-1.811972,52.772842],[-1.812751,52.773421],[-1.81333,52.774081],[-1.813684,52.774797],[-1.813802,52.775541],[-1.813678,52.776284],[-1.813317,52.776999],[-1.812733,52.777657],[-1.811949,52.778234],[-1.810994,52.778707],[-1.809905,52.779057],[-1.808725,52.779272],[-1.807498,52.779344],[-1.806271,52.779268],[-1.805093,52.779049],[-1.804007,52.778695],[-1.803057,52.778219],[-1.802277,52.77764],[-1.801699,52.77698],[-1.801345,52.776264],[-1.801227,52.77552]]]}, "properties": {"id": "949d4c57-714c-4d5f-ba3f-70a80400d964", "postcode": "WS15 3AR", "group_id": "97c036e3-0da2-4ee0-a282-91d63dbd9412"}}, {"type": "Feature", "geometry": {"type":"Polygon","coordinates":[[[-0.225623,53.305668],[-0.22599,53.303887],[-0.226931,53.302183],[-0.228408,53.300622],[-0.230365,53.299263],[-0.232727,53.298159],[-0.235403,53.297353],[-0.238289,53.296874],[-0.241277,53.296743],[-0.244249,53.296962],[-0.247094,53.297525],[-0.2497,53.29841],[-0.251968,53.299582],[-0.253811,53.300996],[-0.255159,53.302599],[-0.255958,53.304329],[-0.256179,53.306118],[-0.255812,53.307899],[-0.254873,53.309603],[-0.253396,53.311165],[-0.251439,53.312524],[-0.249077,53.313628],[-0.246401,53.314435],[-0.243513,53.314913],[-0.240524,53.315045],[-0.23755,53.314825],[-0.234705,53.314262],[-0.232098,53.313377],[-0.22983,53.312205],[-0.227987,53.31079],[-0.22664,53.309187],[-0.225842,53.307457],[-0.225623,53.305668]]]}, "properties": {"id": "9528441c-b8f1-4def-bb93-e9cf0b15349e", "postcode": "LN8 5RP", "group_id": "60a73ad8-56fc-4c6a-942c-8d42700b5038"}}, {"type": "Feature", "geometry": {"type":"Polygon","coordinates":[[[-2.307639,51.109136],[-2.30784,51.107797],[-2.308451,51.106508],[-2.309451,51.105319],[-2.310799,51.104276],[-2.312445,51.103418],[-2.314325,51.102779],[-2.316367,51.102383],[-2.318492,51.102245],[-2.320619,51.102371],[-2.322666,51.102756],[-2.324555,51.103385],[-2.326213,51.104234],[-2.327576,51.10527],[-2.328591,51.106453],[-2.329221,51.107739],[-2.32944,51.109077],[-2.32924,51.110416],[-2.328628,51.111705],[-2.327629,51.112894],[-2.326281,51.113938],[-2.324635,51.114796],[-2.322755,51.115435],[-2.320712,51.115831],[-2.318587,51.115969],[-2.316459,51.115843],[-2.314411,51.115458],[-2.312522,51.114829],[-2.310864,51.11398],[-2.309502,51.112944],[-2.308486,51.11176],[-2.307857,51.110474],[-2.307639,51.109136]]]}, "properties": {"id": "95559a81-13e5-4bdb-b265-b84baa148b72", "postcode": "BA12 0QR", "group_id": "6cb070a8-3c40-48b7-a594-97fec3894487"}}, {"type": "Feature", "geometry": {"type":"Polygon","coordinates":[[[1.434085,52.042127],[1.433639,52.040249],[1.432608,52.038461],[1.43103,52.036832],[1.428968,52.035423],[1.4265,52.034289],[1.423721,52.033475],[1.420737,52.03301],[1.417664,52.032913],[1.41462,52.033188],[1.41172,52.033823],[1.409077,52.034795],[1.406793,52.036067],[1.404954,52.037589],[1.403632,52.039303],[1.402878,52.041143],[1.40272,52.043038],[1.403165,52.044916],[1.404195,52.046704],[1.405772,52.048334],[1.407834,52.049743],[1.410302,52.050877],[1.413082,52.051692],[1.416067,52.052157],[1.419141,52.052254],[1.422187,52.05198],[1.425088,52.051344],[1.427731,52.050371],[1.430016,52.049099],[1.431854,52.047577],[1.433175,52.045863],[1.433929,52.044023],[1.434085,52.042127]]]}, "properties": {"id": "955ddd89-a996-435c-9b79-f7d3b0408bd3", "postcode": "GL18 1QJ", "group_id": "e0454012-1295-46e6-b208-52cac7018f1f"}}, {"type": "Feature", "geometry": {"type":"Polygon","coordinates":[[[0.07881,53.230014],[0.078162,53.226974],[0.076538,53.224068],[0.074,53.221408],[0.070648,53.219096],[0.066608,53.217221],[0.062037,53.215854],[0.05711,53.215049],[0.052016,53.214837],[0.046951,53.215224],[0.042109,53.216198],[0.037675,53.217719],[0.033822,53.21973],[0.030695,53.222154],[0.028416,53.224897],[0.027073,53.227854],[0.026716,53.230912],[0.027361,53.233952],[0.028982,53.236859],[0.031517,53.23952],[0.03487,53.241833],[0.03891,53.243709],[0.043484,53.245077],[0.048414,53.245882],[0.053512,53.246095],[0.05858,53.245707],[0.063425,53.244733],[0.06786,53.243211],[0.071715,53.241198],[0.07484,53.238774],[0.077117,53.23603],[0.078457,53.233072],[0.07881,53.230014]]]}, "properties": {"id": "9576947e-67ab-4657-9a67-cb40799ae54f", "postcode": "PE23 4NH", "group_id": "a033c86a-0f6d-4e14-bd3d-8868b2867314"}}, {"type": "Feature", "geometry": {"type":"Polygon","coordinates":[[[1.366423,51.999521],[1.366138,51.998311],[1.365476,51.997158],[1.364462,51.996107],[1.363135,51.995198],[1.361547,51.994467],[1.359759,51.993941],[1.357838,51.99364],[1.355859,51.993577],[1.353899,51.993753],[1.352031,51.994161],[1.350329,51.994787],[1.348857,51.995606],[1.347672,51.996586],[1.346819,51.99769],[1.346332,51.998875],[1.346228,52.000097],[1.346513,52.001307],[1.347175,52.00246],[1.348189,52.003511],[1.349515,52.00442],[1.351103,52.005151],[1.352892,52.005678],[1.354813,52.005978],[1.356793,52.006042],[1.358754,52.005866],[1.360622,52.005457],[1.362324,52.004831],[1.363797,52.004012],[1.364982,52.003032],[1.365834,52.001928],[1.366321,52.000742],[1.366423,51.999521]]]}, "properties": {"id": "96f718d5-d012-4816-9fb9-51f4dbe41612", "postcode": "IP10 0RA", "group_id": "e0454012-1295-46e6-b208-52cac7018f1f"}}, {"type": "Feature", "geometry": {"type":"Polygon","coordinates":[[[-0.12156,53.240148],[-0.12185,53.238753],[-0.122589,53.237419],[-0.123748,53.236197],[-0.125281,53.235134],[-0.127131,53.234271],[-0.129226,53.23364],[-0.131485,53.233268],[-0.133822,53.233166],[-0.136147,53.233341],[-0.138371,53.233784],[-0.140408,53.234478],[-0.14218,53.235398],[-0.143619,53.236508],[-0.14467,53.237764],[-0.145292,53.23912],[-0.145461,53.240522],[-0.145171,53.241917],[-0.144432,53.243252],[-0.143274,53.244474],[-0.141741,53.245537],[-0.139891,53.2464],[-0.137796,53.247031],[-0.135536,53.247404],[-0.133198,53.247505],[-0.130872,53.247331],[-0.128648,53.246887],[-0.12661,53.246192],[-0.124838,53.245272],[-0.123399,53.244163],[-0.122349,53.242906],[-0.121728,53.24155],[-0.12156,53.240148]]]}, "properties": {"id": "970e5cf3-050c-4187-9500-e0a26280944e", "postcode": "LN9 5QF", "group_id": "60a73ad8-56fc-4c6a-942c-8d42700b5038"}}, {"type": "Feature", "geometry": {"type":"Polygon","coordinates":[[[-2.449504,52.977605],[-2.449676,52.976474],[-2.450211,52.975386],[-2.451087,52.974381],[-2.452271,52.973499],[-2.453717,52.972774],[-2.45537,52.972232],[-2.457167,52.971896],[-2.459037,52.971777],[-2.46091,52.971881],[-2.462713,52.972204],[-2.464377,52.972732],[-2.465839,52.973447],[-2.467041,52.97432],[-2.467939,52.975318],[-2.468496,52.976402],[-2.468693,52.977531],[-2.468521,52.978661],[-2.467986,52.97975],[-2.467111,52.980755],[-2.465927,52.981637],[-2.46448,52.982363],[-2.462827,52.982904],[-2.461031,52.983241],[-2.45916,52.98336],[-2.457286,52.983256],[-2.455483,52.982933],[-2.453818,52.982404],[-2.452357,52.981689],[-2.451154,52.980816],[-2.450257,52.979818],[-2.4497,52.978734],[-2.449504,52.977605]]]}, "properties": {"id": "97bf9236-49fc-4ab9-911e-4612bbb9aebd", "postcode": "SY13 4LZ", "group_id": "dccc074a-fb77-427b-bb72-8b017ca09618"}}, {"type": "Feature", "geometry": {"type":"Polygon","coordinates":[[[-3.812065,50.962087],[-3.812118,50.961633],[-3.812311,50.961195],[-3.812635,50.960788],[-3.813078,50.960429],[-3.813624,50.960132],[-3.814251,50.959908],[-3.814935,50.959765],[-3.815651,50.959709],[-3.816369,50.959742],[-3.817064,50.959864],[-3.817708,50.960068],[-3.818276,50.960348],[-3.818747,50.960693],[-3.819102,50.961089],[-3.819328,50.961521],[-3.819417,50.961973],[-3.819364,50.962427],[-3.819172,50.962866],[-3.818848,50.963272],[-3.818404,50.963631],[-3.817858,50.963928],[-3.817231,50.964153],[-3.816547,50.964296],[-3.815832,50.964351],[-3.815113,50.964318],[-3.814418,50.964197],[-3.813774,50.963992],[-3.813206,50.963712],[-3.812735,50.963367],[-3.81238,50.962971],[-3.812154,50.962539],[-3.812065,50.962087]]]}, "properties": {"id": "98527657-29f5-48f3-9151-76d2a474d7e5", "postcode": "EX36 4JR", "group_id": "b148cd75-c32d-44e8-806e-85688ab1d059"}}, {"type": "Feature", "geometry": {"type":"Polygon","coordinates":[[[0.688254,52.015952],[0.688057,52.01506],[0.687582,52.014209],[0.686847,52.013431],[0.685881,52.012757],[0.68472,52.012212],[0.683409,52.011818],[0.681999,52.011588],[0.680543,52.011533],[0.679098,52.011654],[0.677718,52.011947],[0.676458,52.0124],[0.675365,52.012997],[0.674482,52.013713],[0.673842,52.014522],[0.67347,52.015392],[0.673381,52.016291],[0.673577,52.017182],[0.674052,52.018034],[0.674786,52.018811],[0.675753,52.019486],[0.676914,52.020031],[0.678225,52.020425],[0.679636,52.020655],[0.681092,52.02071],[0.682537,52.020589],[0.683917,52.020296],[0.685177,52.019842],[0.68627,52.019246],[0.687153,52.01853],[0.687793,52.017721],[0.688164,52.01685],[0.688254,52.015952]]]}, "properties": {"id": "989ba8fe-ae53-4e54-b050-a2e37017e7cc", "postcode": "CO10 7EE", "group_id": "e0454012-1295-46e6-b208-52cac7018f1f"}}, {"type": "Feature", "geometry": {"type":"Polygon","coordinates":[[[0.688254,52.015952],[0.688057,52.01506],[0.687582,52.014209],[0.686847,52.013431],[0.685881,52.012757],[0.68472,52.012212],[0.683409,52.011818],[0.681999,52.011588],[0.680543,52.011533],[0.679098,52.011654],[0.677718,52.011947],[0.676458,52.0124],[0.675365,52.012997],[0.674482,52.013713],[0.673842,52.014522],[0.67347,52.015392],[0.673381,52.016291],[0.673577,52.017182],[0.674052,52.018034],[0.674786,52.018811],[0.675753,52.019486],[0.676914,52.020031],[0.678225,52.020425],[0.679636,52.020655],[0.681092,52.02071],[0.682537,52.020589],[0.683917,52.020296],[0.685177,52.019842],[0.68627,52.019246],[0.687153,52.01853],[0.687793,52.017721],[0.688164,52.01685],[0.688254,52.015952]]]}, "properties": {"id": "989ba8fe-ae53-4e54-b050-a2e37017e7cc", "postcode": "CO10 7EE", "group_id": "a7783195-830d-421c-96df-c588303c770b"}}, {"type": "Feature", "geometry": {"type":"Polygon","coordinates":[[[-0.022918,53.215101],[-0.023218,53.213674],[-0.023977,53.21231],[-0.025164,53.211061],[-0.026734,53.209975],[-0.028627,53.209094],[-0.03077,53.208451],[-0.03308,53.208071],[-0.035469,53.20797],[-0.037846,53.20815],[-0.040118,53.208605],[-0.042199,53.209317],[-0.044008,53.21026],[-0.045477,53.211396],[-0.046548,53.212682],[-0.04718,53.214069],[-0.04735,53.215504],[-0.04705,53.21693],[-0.046292,53.218294],[-0.045106,53.219544],[-0.043536,53.22063],[-0.041643,53.221511],[-0.039499,53.222154],[-0.037188,53.222534],[-0.034798,53.222635],[-0.032421,53.222455],[-0.030148,53.222],[-0.028067,53.221288],[-0.026257,53.220345],[-0.024789,53.219209],[-0.023719,53.217922],[-0.023087,53.216535],[-0.022918,53.215101]]]}, "properties": {"id": "9985b1d5-b511-4769-b7da-78981a890c45", "postcode": "LN9 6QU", "group_id": "a033c86a-0f6d-4e14-bd3d-8868b2867314"}}, {"type": "Feature", "geometry": {"type":"Polygon","coordinates":[[[-2.615953,53.185764],[-2.616136,53.184535],[-2.616716,53.183352],[-2.617668,53.182258],[-2.618957,53.181298],[-2.620533,53.180507],[-2.622336,53.179916],[-2.624296,53.179548],[-2.626338,53.179416],[-2.628383,53.179526],[-2.630354,53.179874],[-2.632173,53.180446],[-2.633772,53.18122],[-2.635089,53.182167],[-2.636073,53.18325],[-2.636687,53.184427],[-2.636907,53.185654],[-2.636724,53.186883],[-2.636145,53.188066],[-2.635193,53.18916],[-2.633904,53.19012],[-2.632327,53.190911],[-2.630524,53.191502],[-2.628564,53.191871],[-2.626521,53.192003],[-2.624475,53.191892],[-2.622505,53.191545],[-2.620685,53.190972],[-2.619085,53.190198],[-2.617769,53.189251],[-2.616785,53.188168],[-2.616172,53.186991],[-2.615953,53.185764]]]}, "properties": {"id": "99aa76e3-7376-4f77-bd51-a3a95028e1c4", "postcode": "CW6 9BJ", "group_id": "dccc074a-fb77-427b-bb72-8b017ca09618"}}, {"type": "Feature", "geometry": {"type":"Polygon","coordinates":[[[-1.866826,51.860481],[-1.867119,51.858674],[-1.867975,51.856937],[-1.869362,51.855337],[-1.871227,51.853935],[-1.873497,51.852785],[-1.876086,51.851931],[-1.878894,51.851407],[-1.881813,51.851232],[-1.884731,51.851413],[-1.887537,51.851943],[-1.890121,51.852802],[-1.892385,51.853956],[-1.894243,51.855361],[-1.895622,51.856964],[-1.896469,51.858703],[-1.896752,51.860511],[-1.896461,51.862318],[-1.895605,51.864055],[-1.894219,51.865656],[-1.892354,51.867058],[-1.890084,51.868208],[-1.887494,51.869062],[-1.884685,51.869587],[-1.881765,51.869762],[-1.878846,51.869581],[-1.876039,51.869051],[-1.873454,51.868192],[-1.87119,51.867037],[-1.869333,51.865631],[-1.867954,51.864028],[-1.867108,51.862289],[-1.866826,51.860481]]]}, "properties": {"id": "9aada243-4bb0-4599-b964-10a74cc72bc4", "postcode": "GL54 4 DX", "group_id": "cc94d8f7-66af-4ed5-ac46-42b640648e8a"}}, {"type": "Feature", "geometry": {"type":"Polygon","coordinates":[[[1.154345,51.911675],[1.154216,51.911112],[1.153911,51.910576],[1.153443,51.910087],[1.15283,51.909664],[1.152096,51.909323],[1.151267,51.909077],[1.150377,51.908936],[1.14946,51.908904],[1.14855,51.908985],[1.147684,51.909173],[1.146893,51.909462],[1.146209,51.909841],[1.145657,51.910296],[1.145259,51.910808],[1.145031,51.911358],[1.14498,51.911926],[1.14511,51.912488],[1.145414,51.913024],[1.145882,51.913513],[1.146495,51.913937],[1.14723,51.914278],[1.148058,51.914524],[1.148948,51.914665],[1.149866,51.914696],[1.150775,51.914616],[1.151642,51.914428],[1.152433,51.914139],[1.153117,51.913759],[1.153669,51.913305],[1.154067,51.912793],[1.154295,51.912242],[1.154345,51.911675]]]}, "properties": {"id": "9b062b33-9536-433b-a25a-24f636db7e73", "postcode": "CO11 2SA", "group_id": "e0454012-1295-46e6-b208-52cac7018f1f"}}, {"type": "Feature", "geometry": {"type":"Polygon","coordinates":[[[-4.096794,51.138398],[-4.09686,51.137798],[-4.097112,51.137217],[-4.097538,51.136679],[-4.098123,51.136204],[-4.098844,51.135809],[-4.099674,51.13551],[-4.100581,51.135319],[-4.101529,51.135243],[-4.102483,51.135285],[-4.103405,51.135443],[-4.10426,51.135712],[-4.105016,51.13608],[-4.105644,51.136533],[-4.106118,51.137055],[-4.106422,51.137626],[-4.106543,51.138222],[-4.106476,51.138822],[-4.106225,51.139402],[-4.105799,51.139941],[-4.105214,51.140416],[-4.104492,51.140811],[-4.103662,51.14111],[-4.102756,51.141301],[-4.101808,51.141377],[-4.100854,51.141335],[-4.099931,51.141177],[-4.099076,51.140908],[-4.09832,51.14054],[-4.097693,51.140087],[-4.097218,51.139564],[-4.096915,51.138994],[-4.096794,51.138398]]]}, "properties": {"id": "9d141379-00dc-4703-93f7-dda1aa0d2dd5", "postcode": "EX31 4EF", "group_id": "b148cd75-c32d-44e8-806e-85688ab1d059"}}, {"type": "Feature", "geometry": {"type":"Polygon","coordinates":[[[-1.939799,51.438767],[-1.940096,51.436899],[-1.940969,51.435104],[-1.942387,51.433449],[-1.944293,51.432],[-1.946615,51.43081],[-1.949264,51.429927],[-1.952138,51.429383],[-1.955125,51.4292],[-1.958113,51.429385],[-1.960985,51.429931],[-1.963632,51.430817],[-1.965952,51.432008],[-1.967856,51.433459],[-1.96927,51.435114],[-1.97014,51.43691],[-1.970433,51.438778],[-1.970138,51.440646],[-1.969265,51.442441],[-1.967848,51.444096],[-1.965942,51.445546],[-1.96362,51.446736],[-1.96097,51.44762],[-1.958096,51.448163],[-1.955107,51.448346],[-1.952118,51.448161],[-1.949245,51.447615],[-1.946597,51.446729],[-1.944277,51.445538],[-1.942374,51.444086],[-1.94096,51.442431],[-1.940091,51.440634],[-1.939799,51.438767]]]}, "properties": {"id": "9d5a27b3-6c74-4c5b-95e6-0cac7572ff10", "postcode": "W1U 6PU", "group_id": "a09108de-6364-4e32-a2be-262ce0d3b66b"}}, {"type": "Feature", "geometry": {"type":"Polygon","coordinates":[[[-2.268146,53.018936],[-2.268599,53.016052],[-2.269975,53.013278],[-2.272223,53.010718],[-2.275255,53.008472],[-2.278955,53.006626],[-2.283181,53.005251],[-2.28777,53.004399],[-2.292547,53.004103],[-2.297327,53.004375],[-2.301928,53.005205],[-2.306172,53.006559],[-2.309897,53.008387],[-2.312959,53.010618],[-2.315242,53.013166],[-2.316656,53.015934],[-2.317148,53.018815],[-2.316698,53.021699],[-2.315324,53.024474],[-2.313078,53.027034],[-2.310047,53.029281],[-2.306346,53.031128],[-2.302118,53.032505],[-2.297527,53.033357],[-2.292747,53.033653],[-2.287963,53.03338],[-2.28336,53.032551],[-2.279114,53.031195],[-2.275389,53.029367],[-2.272327,53.027135],[-2.270046,53.024586],[-2.268634,53.021817],[-2.268146,53.018936]]]}, "properties": {"id": "9dc65775-45cc-4996-82f4-772e7d0e7b56", "postcode": "CW4 8AS", "group_id": "dccc074a-fb77-427b-bb72-8b017ca09618"}}, {"type": "Feature", "geometry": {"type":"Polygon","coordinates":[[[-3.923105,51.147266],[-3.923215,51.146308],[-3.92362,51.145382],[-3.924304,51.144523],[-3.925242,51.143765],[-3.926396,51.143136],[-3.927724,51.142661],[-3.929173,51.142358],[-3.930688,51.142239],[-3.932211,51.142308],[-3.933683,51.142563],[-3.935049,51.142993],[-3.936254,51.143583],[-3.937254,51.144309],[-3.938009,51.145144],[-3.93849,51.146055],[-3.93868,51.147009],[-3.93857,51.147967],[-3.938166,51.148893],[-3.937482,51.149752],[-3.936544,51.15051],[-3.935389,51.151139],[-3.934062,51.151614],[-3.932613,51.151916],[-3.931097,51.152036],[-3.929574,51.151967],[-3.928101,51.151712],[-3.926736,51.151282],[-3.92553,51.150692],[-3.924531,51.149966],[-3.923776,51.149131],[-3.923294,51.148219],[-3.923105,51.147266]]]}, "properties": {"id": "9f77783e-7644-4827-b91f-f71c4ec0cb37", "postcode": "EX31 4SG", "group_id": "b148cd75-c32d-44e8-806e-85688ab1d059"}}, {"type": "Feature", "geometry": {"type":"Polygon","coordinates":[[[0.097479,53.289789],[0.096482,53.285129],[0.093987,53.280675],[0.090092,53.276599],[0.084945,53.273055],[0.078744,53.270182],[0.071728,53.268088],[0.064167,53.266855],[0.056349,53.26653],[0.048575,53.267124],[0.041144,53.268616],[0.034341,53.270948],[0.028426,53.27403],[0.023627,53.277745],[0.020129,53.28195],[0.018066,53.286482],[0.017518,53.291169],[0.018507,53.29583],[0.020994,53.300285],[0.024886,53.304365],[0.030032,53.30791],[0.036235,53.310786],[0.043256,53.312882],[0.050825,53.314116],[0.058652,53.314442],[0.066433,53.313847],[0.073871,53.312353],[0.080679,53.310019],[0.086595,53.306934],[0.091392,53.303217],[0.094884,53.29901],[0.09694,53.294476],[0.097479,53.289789]]]}, "properties": {"id": "9fcc83f0-c6dd-453a-ba8a-87e1e9ba1013", "postcode": "LN13 0BJ", "group_id": "a033c86a-0f6d-4e14-bd3d-8868b2867314"}}, {"type": "Feature", "geometry": {"type":"Polygon","coordinates":[[[1.170823,51.910135],[1.170621,51.909257],[1.170145,51.90842],[1.169415,51.907657],[1.168458,51.906997],[1.167311,51.906464],[1.166018,51.906081],[1.164629,51.905861],[1.163198,51.905812],[1.161778,51.905937],[1.160425,51.906231],[1.159191,51.906683],[1.158124,51.907275],[1.157263,51.907984],[1.156642,51.908784],[1.156286,51.909643],[1.156208,51.910528],[1.15641,51.911406],[1.156885,51.912243],[1.157615,51.913006],[1.158572,51.913666],[1.159719,51.914199],[1.161012,51.914583],[1.162401,51.914803],[1.163833,51.914851],[1.165253,51.914726],[1.166606,51.914432],[1.16784,51.91398],[1.168908,51.913388],[1.169768,51.912679],[1.170389,51.911879],[1.170745,51.91102],[1.170823,51.910135]]]}, "properties": {"id": "a11c12c3-49b0-4a2c-b208-f2347894ff08", "postcode": "CO11 2SE", "group_id": "e0454012-1295-46e6-b208-52cac7018f1f"}}, {"type": "Feature", "geometry": {"type":"Polygon","coordinates":[[[-2.536157,50.783076],[-2.536366,50.781623],[-2.537018,50.780224],[-2.538088,50.778932],[-2.539535,50.777798],[-2.541303,50.776864],[-2.543325,50.776167],[-2.545522,50.775733],[-2.54781,50.775579],[-2.550102,50.775711],[-2.552309,50.776124],[-2.554346,50.776803],[-2.556136,50.77772],[-2.557609,50.778841],[-2.558709,50.780122],[-2.559394,50.781515],[-2.559637,50.782966],[-2.559429,50.784419],[-2.558777,50.785818],[-2.557708,50.78711],[-2.556261,50.788245],[-2.554493,50.789179],[-2.552471,50.789877],[-2.550273,50.79031],[-2.547984,50.790464],[-2.545692,50.790332],[-2.543484,50.789919],[-2.541446,50.78924],[-2.539657,50.788323],[-2.538183,50.787202],[-2.537084,50.78592],[-2.5364,50.784527],[-2.536157,50.783076]]]}, "properties": {"id": "a2d21b97-196e-48bb-b880-ffa5ea1eaae8", "postcode": "DT2 0HG", "group_id": "6cb070a8-3c40-48b7-a594-97fec3894487"}}, {"type": "Feature", "geometry": {"type":"Polygon","coordinates":[[[-3.839763,50.979314],[-3.839821,50.978811],[-3.840034,50.978325],[-3.840393,50.977875],[-3.840884,50.977477],[-3.841488,50.977148],[-3.842183,50.976899],[-3.842941,50.976741],[-3.843734,50.976679],[-3.84453,50.976716],[-3.8453,50.97685],[-3.846014,50.977076],[-3.846643,50.977386],[-3.847165,50.977768],[-3.847559,50.978207],[-3.84781,50.978685],[-3.847908,50.979186],[-3.84785,50.979689],[-3.847638,50.980175],[-3.847279,50.980625],[-3.846788,50.981023],[-3.846183,50.981352],[-3.845488,50.981601],[-3.84473,50.981759],[-3.843937,50.981821],[-3.843141,50.981784],[-3.842371,50.98165],[-3.841657,50.981424],[-3.841027,50.981114],[-3.840506,50.980732],[-3.840112,50.980293],[-3.839861,50.979815],[-3.839763,50.979314]]]}, "properties": {"id": "a38a48ba-af66-4a48-96fa-84b4aa076d4b", "postcode": "EX37 9TS", "group_id": "b148cd75-c32d-44e8-806e-85688ab1d059"}}, {"type": "Feature", "geometry": {"type":"Polygon","coordinates":[[[-3.871001,51.07316],[-3.871115,51.072171],[-3.871534,51.071215],[-3.87224,51.070328],[-3.873208,51.069546],[-3.874399,51.068897],[-3.875768,51.068408],[-3.877262,51.068096],[-3.878824,51.067973],[-3.880394,51.068045],[-3.881912,51.068309],[-3.883319,51.068754],[-3.884561,51.069363],[-3.885591,51.070114],[-3.886368,51.070976],[-3.886863,51.071918],[-3.887058,51.072902],[-3.886944,51.073891],[-3.886525,51.074847],[-3.885819,51.075734],[-3.884852,51.076517],[-3.883661,51.077165],[-3.882291,51.077655],[-3.880797,51.077967],[-3.879234,51.078089],[-3.877664,51.078017],[-3.876146,51.077754],[-3.874739,51.077309],[-3.873497,51.076699],[-3.872467,51.075949],[-3.87169,51.075086],[-3.871195,51.074145],[-3.871001,51.07316]]]}, "properties": {"id": "a3bff879-0f0b-4fa2-84cf-6340db0e38aa", "postcode": "EX32 7PY", "group_id": "b148cd75-c32d-44e8-806e-85688ab1d059"}}, {"type": "Feature", "geometry": {"type":"Polygon","coordinates":[[[1.268983,52.17598],[1.268786,52.175141],[1.268326,52.174341],[1.267622,52.173612],[1.2667,52.172981],[1.265595,52.172474],[1.264351,52.172108],[1.263014,52.171898],[1.261637,52.171853],[1.260271,52.171974],[1.258971,52.172257],[1.257784,52.17269],[1.256759,52.173257],[1.255932,52.173936],[1.255337,52.174701],[1.254996,52.175523],[1.254923,52.17637],[1.25512,52.177209],[1.255579,52.178009],[1.256283,52.178738],[1.257205,52.179369],[1.25831,52.179877],[1.259555,52.180243],[1.260892,52.180452],[1.262269,52.180497],[1.263635,52.180376],[1.264936,52.180094],[1.266122,52.179661],[1.267148,52.179094],[1.267974,52.178414],[1.268569,52.177649],[1.26891,52.176827],[1.268983,52.17598]]]}, "properties": {"id": "a3cb229b-49dc-4727-a482-c3e1a32b4fad", "postcode": "IP13 7QD", "group_id": "e0454012-1295-46e6-b208-52cac7018f1f"}}, {"type": "Feature", "geometry": {"type":"Polygon","coordinates":[[[-3.981833,51.071219],[-3.981934,51.070321],[-3.982312,51.069454],[-3.98295,51.06865],[-3.983826,51.067939],[-3.984905,51.06735],[-3.986145,51.066905],[-3.987499,51.066621],[-3.988916,51.066508],[-3.99034,51.066572],[-3.991716,51.06681],[-3.992993,51.067212],[-3.994121,51.067764],[-3.995056,51.068444],[-3.995762,51.069225],[-3.996214,51.070078],[-3.996392,51.070971],[-3.996291,51.071868],[-3.995914,51.072735],[-3.995275,51.07354],[-3.994399,51.07425],[-3.993321,51.074839],[-3.99208,51.075285],[-3.990726,51.075569],[-3.989309,51.075681],[-3.987885,51.075617],[-3.986508,51.07538],[-3.985231,51.074977],[-3.984104,51.074426],[-3.983168,51.073746],[-3.982462,51.072964],[-3.982011,51.072111],[-3.981833,51.071219]]]}, "properties": {"id": "a3ce2b2d-a808-42a4-9afc-d15c447c19fe", "postcode": "EX32 0LG", "group_id": "b148cd75-c32d-44e8-806e-85688ab1d059"}}, {"type": "Feature", "geometry": {"type":"Polygon","coordinates":[[[-0.862155,52.124178],[-0.862562,52.121988],[-0.863655,52.119889],[-0.865393,52.117961],[-0.867707,52.116279],[-0.87051,52.114907],[-0.873694,52.113898],[-0.877136,52.113291],[-0.880705,52.113109],[-0.884262,52.113359],[-0.887672,52.114031],[-0.890804,52.1151],[-0.893537,52.116524],[-0.895767,52.118249],[-0.897407,52.120209],[-0.898394,52.122328],[-0.898691,52.124525],[-0.898286,52.126715],[-0.897194,52.128815],[-0.895458,52.130743],[-0.893143,52.132426],[-0.89034,52.133798],[-0.887155,52.134807],[-0.883711,52.135415],[-0.880141,52.135597],[-0.876582,52.135347],[-0.87317,52.134674],[-0.870038,52.133605],[-0.867304,52.13218],[-0.865075,52.130455],[-0.863437,52.128494],[-0.862451,52.126375],[-0.862155,52.124178]]]}, "properties": {"id": "a5afbe9b-678d-401b-860a-b11506435d5c", "postcode": "NN12 7XR", "group_id": "af68fec4-7fdb-4246-bbf0-6067ace38189"}}, {"type": "Feature", "geometry": {"type":"Polygon","coordinates":[[[0.513737,52.084511],[0.513396,52.082939],[0.512564,52.081438],[0.511273,52.080066],[0.509572,52.078875],[0.507527,52.077912],[0.505216,52.077213],[0.502729,52.076805],[0.50016,52.076704],[0.497609,52.076914],[0.495173,52.077426],[0.492946,52.078222],[0.491013,52.079269],[0.489449,52.080529],[0.488314,52.081952],[0.487652,52.083485],[0.487487,52.085068],[0.487827,52.08664],[0.488659,52.088141],[0.489949,52.089513],[0.49165,52.090704],[0.493695,52.091668],[0.496006,52.092367],[0.498495,52.092775],[0.501064,52.092876],[0.503617,52.092666],[0.506053,52.092153],[0.508281,52.091358],[0.510214,52.09031],[0.511777,52.08905],[0.512912,52.087626],[0.513573,52.086094],[0.513737,52.084511]]]}, "properties": {"id": "a723460d-cc91-4ff0-b3f7-fd71137fd3f6", "postcode": "CO10 8TD", "group_id": "e0454012-1295-46e6-b208-52cac7018f1f"}}, {"type": "Feature", "geometry": {"type":"Polygon","coordinates":[[[0.513737,52.084511],[0.513396,52.082939],[0.512564,52.081438],[0.511273,52.080066],[0.509572,52.078875],[0.507527,52.077912],[0.505216,52.077213],[0.502729,52.076805],[0.50016,52.076704],[0.497609,52.076914],[0.495173,52.077426],[0.492946,52.078222],[0.491013,52.079269],[0.489449,52.080529],[0.488314,52.081952],[0.487652,52.083485],[0.487487,52.085068],[0.487827,52.08664],[0.488659,52.088141],[0.489949,52.089513],[0.49165,52.090704],[0.493695,52.091668],[0.496006,52.092367],[0.498495,52.092775],[0.501064,52.092876],[0.503617,52.092666],[0.506053,52.092153],[0.508281,52.091358],[0.510214,52.09031],[0.511777,52.08905],[0.512912,52.087626],[0.513573,52.086094],[0.513737,52.084511]]]}, "properties": {"id": "a723460d-cc91-4ff0-b3f7-fd71137fd3f6", "postcode": "CO10 8TD", "group_id": "a7783195-830d-421c-96df-c588303c770b"}}, {"type": "Feature", "geometry": {"type":"Polygon","coordinates":[[[-0.486784,52.269554],[-0.487016,52.268364],[-0.487622,52.267224],[-0.488578,52.266179],[-0.489849,52.265269],[-0.491384,52.264528],[-0.493126,52.263985],[-0.495006,52.263661],[-0.496954,52.263569],[-0.498893,52.263711],[-0.500751,52.264082],[-0.502454,52.264669],[-0.503938,52.265448],[-0.505146,52.26639],[-0.506031,52.267459],[-0.506559,52.268613],[-0.506711,52.269808],[-0.506479,52.270998],[-0.505874,52.272137],[-0.504917,52.273182],[-0.503647,52.274093],[-0.502111,52.274834],[-0.500369,52.275377],[-0.498488,52.275701],[-0.49654,52.275794],[-0.4946,52.275651],[-0.492743,52.27528],[-0.491039,52.274693],[-0.489555,52.273913],[-0.488347,52.272971],[-0.487463,52.271903],[-0.486935,52.270749],[-0.486784,52.269554]]]}, "properties": {"id": "a783fcc0-cbdc-4eaa-a2fd-38bb2f520f55", "postcode": "MK44 2AJ", "group_id": "af68fec4-7fdb-4246-bbf0-6067ace38189"}}, {"type": "Feature", "geometry": {"type":"Polygon","coordinates":[[[-0.979911,52.486635],[-0.980008,52.48611],[-0.980271,52.485607],[-0.98069,52.485144],[-0.981248,52.48474],[-0.981925,52.484411],[-0.982694,52.484168],[-0.983526,52.484022],[-0.984389,52.483978],[-0.985249,52.484037],[-0.986074,52.484197],[-0.986832,52.484453],[-0.987493,52.484794],[-0.988033,52.485207],[-0.98843,52.485677],[-0.98867,52.486185],[-0.988743,52.486711],[-0.988646,52.487236],[-0.988383,52.48774],[-0.987964,52.488203],[-0.987406,52.488606],[-0.986729,52.488936],[-0.985959,52.489179],[-0.985128,52.489325],[-0.984265,52.489369],[-0.983404,52.48931],[-0.982579,52.48915],[-0.981822,52.488894],[-0.98116,52.488553],[-0.98062,52.48814],[-0.980223,52.48767],[-0.979984,52.487162],[-0.979911,52.486635]]]}, "properties": {"id": "a8390ed6-3d09-4380-b59f-199248d11eec", "postcode": "LE16 9RJ", "group_id": "f4284e39-e56b-48d7-9087-c1abebec366f"}}, {"type": "Feature", "geometry": {"type":"Polygon","coordinates":[[[-1.850076,51.369689],[-1.850433,51.367466],[-1.851476,51.365329],[-1.853165,51.36336],[-1.855435,51.361636],[-1.858198,51.360222],[-1.861349,51.359172],[-1.864766,51.358527],[-1.868319,51.358312],[-1.87187,51.358535],[-1.875283,51.359188],[-1.878428,51.360244],[-1.881183,51.361665],[-1.883443,51.363394],[-1.885121,51.365366],[-1.886151,51.367506],[-1.886496,51.36973],[-1.88614,51.371953],[-1.885099,51.37409],[-1.883411,51.376059],[-1.881141,51.377784],[-1.878378,51.379199],[-1.875226,51.380249],[-1.871807,51.380894],[-1.868253,51.381109],[-1.8647,51.380886],[-1.861286,51.380233],[-1.85814,51.379176],[-1.855384,51.377755],[-1.853125,51.376025],[-1.851448,51.374052],[-1.850419,51.371913],[-1.850076,51.369689]]]}, "properties": {"id": "a844dca4-4a9f-45c3-9554-9c03cebe1fe9", "postcode": "SN10 3PG", "group_id": "6cb070a8-3c40-48b7-a594-97fec3894487"}}, {"type": "Feature", "geometry": {"type":"Polygon","coordinates":[[[-0.343855,53.316702],[-0.34451,53.313485],[-0.3462,53.310407],[-0.348861,53.307585],[-0.352388,53.305128],[-0.356648,53.303131],[-0.361477,53.301669],[-0.366688,53.3008],[-0.372082,53.300556],[-0.377452,53.300946],[-0.382592,53.301957],[-0.387304,53.303549],[-0.391408,53.305661],[-0.394745,53.308211],[-0.397188,53.311103],[-0.398642,53.314224],[-0.399052,53.317456],[-0.398401,53.320673],[-0.396714,53.323752],[-0.394056,53.326575],[-0.390529,53.329033],[-0.386268,53.331032],[-0.381437,53.332494],[-0.376222,53.333365],[-0.370824,53.333609],[-0.36545,53.333217],[-0.360307,53.332206],[-0.355592,53.330613],[-0.351488,53.3285],[-0.348152,53.325948],[-0.345711,53.323056],[-0.344261,53.319934],[-0.343855,53.316702]]]}, "properties": {"id": "a86fa291-1dad-4fe8-ad1d-9e9a7188a351", "postcode": "LN8 3SQ", "group_id": "60a73ad8-56fc-4c6a-942c-8d42700b5038"}}, {"type": "Feature", "geometry": {"type":"Polygon","coordinates":[[[-1.602481,52.430625],[-1.60255,52.430219],[-1.602747,52.429828],[-1.603066,52.429469],[-1.603493,52.429154],[-1.604012,52.428897],[-1.604603,52.428706],[-1.605244,52.42859],[-1.605909,52.428552],[-1.606574,52.428594],[-1.607213,52.428715],[-1.607801,52.42891],[-1.608315,52.42917],[-1.608737,52.429488],[-1.609049,52.429849],[-1.609239,52.430241],[-1.609301,52.430648],[-1.609232,52.431054],[-1.609035,52.431445],[-1.608716,52.431804],[-1.608289,52.432118],[-1.60777,52.432376],[-1.607179,52.432567],[-1.606538,52.432683],[-1.605872,52.432721],[-1.605207,52.432679],[-1.604569,52.432558],[-1.603981,52.432363],[-1.603466,52.432102],[-1.603045,52.431785],[-1.602733,52.431424],[-1.602542,52.431032],[-1.602481,52.430625]]]}, "properties": {"id": "a8c21f92-e20e-4a8a-9a35-5cb479964fce", "postcode": "CV5 9AR", "group_id": "e54a5321-7fcc-4788-be08-0b155cf09bdf"}}, {"type": "Feature", "geometry": {"type":"Polygon","coordinates":[[[-2.392707,50.757297],[-2.392999,50.755305],[-2.393899,50.753387],[-2.395371,50.751617],[-2.397359,50.750063],[-2.399787,50.748786],[-2.40256,50.747833],[-2.405573,50.747241],[-2.40871,50.747034],[-2.411851,50.747219],[-2.414874,50.74779],[-2.417664,50.748723],[-2.420114,50.749984],[-2.422129,50.751523],[-2.423632,50.753283],[-2.424565,50.755194],[-2.424892,50.757184],[-2.424601,50.759177],[-2.423702,50.761095],[-2.422231,50.762865],[-2.420243,50.764419],[-2.417816,50.765698],[-2.415041,50.766651],[-2.412027,50.767242],[-2.408888,50.76745],[-2.405747,50.767264],[-2.402722,50.766694],[-2.399931,50.76576],[-2.397482,50.764499],[-2.395467,50.762959],[-2.393965,50.761199],[-2.393033,50.759288],[-2.392707,50.757297]]]}, "properties": {"id": "a9b15e21-8457-43f6-a052-80486619a3c3", "postcode": "DT2 7SU", "group_id": "6cb070a8-3c40-48b7-a594-97fec3894487"}}, {"type": "Feature", "geometry": {"type":"Polygon","coordinates":[[[-1.404148,51.516513],[-1.40463,51.513694],[-1.405984,51.510988],[-1.408158,51.508499],[-1.411068,51.506322],[-1.414602,51.504541],[-1.418625,51.503225],[-1.422982,51.502423],[-1.427506,51.502168],[-1.432023,51.502468],[-1.436359,51.503311],[-1.440348,51.504667],[-1.443838,51.506482],[-1.446693,51.508687],[-1.448804,51.511197],[-1.450091,51.513916],[-1.450502,51.516739],[-1.450023,51.519558],[-1.448671,51.522265],[-1.446498,51.524755],[-1.443589,51.526932],[-1.440054,51.528714],[-1.436029,51.530031],[-1.43167,51.530833],[-1.427143,51.531089],[-1.422624,51.530789],[-1.418285,51.529944],[-1.414294,51.528588],[-1.410804,51.526772],[-1.407949,51.524566],[-1.40584,51.522056],[-1.404556,51.519336],[-1.404148,51.516513]]]}, "properties": {"id": "a9c5f7d1-0694-47c8-9ee6-511a3df8a533", "postcode": "OX12 9NL", "group_id": "a09108de-6364-4e32-a2be-262ce0d3b66b"}}, {"type": "Feature", "geometry": {"type":"Polygon","coordinates":[[[0.688978,52.891496],[0.687801,52.886279],[0.684965,52.881301],[0.680578,52.876753],[0.674811,52.87281],[0.667883,52.869623],[0.660063,52.867315],[0.651649,52.865974],[0.642964,52.865651],[0.634342,52.866359],[0.626114,52.868071],[0.618594,52.870721],[0.612073,52.874207],[0.6068,52.878396],[0.602978,52.883127],[0.600754,52.888218],[0.600215,52.893473],[0.601381,52.898691],[0.604209,52.903671],[0.608591,52.908222],[0.614357,52.912168],[0.621288,52.915358],[0.629115,52.917669],[0.637538,52.919011],[0.646234,52.919334],[0.654866,52.918625],[0.663103,52.916911],[0.670627,52.914259],[0.67715,52.910769],[0.68242,52.906577],[0.686235,52.901844],[0.688449,52.896752],[0.688978,52.891496]]]}, "properties": {"id": "a9ed7960-45b6-4f26-aafc-235604684751", "postcode": "PE31 8PG", "group_id": "3bd8b114-f504-4798-b91b-aaf4e4fbd4de"}}, {"type": "Feature", "geometry": {"type":"Polygon","coordinates":[[[-2.424397,53.128991],[-2.424569,53.127871],[-2.425102,53.126792],[-2.425974,53.125797],[-2.427152,53.124923],[-2.42859,53.124204],[-2.430235,53.123667],[-2.432021,53.123334],[-2.433881,53.123217],[-2.435744,53.123321],[-2.437537,53.123641],[-2.439192,53.124165],[-2.440645,53.124873],[-2.441841,53.125739],[-2.442733,53.126728],[-2.443287,53.127802],[-2.443482,53.128921],[-2.44331,53.130042],[-2.442778,53.13112],[-2.441906,53.132116],[-2.440728,53.13299],[-2.439289,53.133709],[-2.437645,53.134246],[-2.435858,53.134579],[-2.433997,53.134696],[-2.432134,53.134592],[-2.430341,53.134272],[-2.428685,53.133748],[-2.427232,53.133039],[-2.426037,53.132174],[-2.425145,53.131185],[-2.424591,53.13011],[-2.424397,53.128991]]]}, "properties": {"id": "a9fd423a-0abd-48f0-9660-104e2dbf74d6", "postcode": "CW1 4 QN", "group_id": "dccc074a-fb77-427b-bb72-8b017ca09618"}}, {"type": "Feature", "geometry": {"type":"Polygon","coordinates":[[[-1.425183,51.180839],[-1.425603,51.178356],[-1.426786,51.175973],[-1.428685,51.173781],[-1.431228,51.171864],[-1.434317,51.170295],[-1.437833,51.169135],[-1.441641,51.168429],[-1.445595,51.168203],[-1.449544,51.168466],[-1.453335,51.169209],[-1.456823,51.170402],[-1.459874,51.171999],[-1.46237,51.173941],[-1.464217,51.176151],[-1.465342,51.178545],[-1.465702,51.181031],[-1.465284,51.183513],[-1.464104,51.185896],[-1.462206,51.188089],[-1.459663,51.190007],[-1.456574,51.191577],[-1.453057,51.192737],[-1.449246,51.193444],[-1.44529,51.19367],[-1.441339,51.193406],[-1.437547,51.192664],[-1.434058,51.19147],[-1.431006,51.189872],[-1.42851,51.18793],[-1.426665,51.185719],[-1.425542,51.183325],[-1.425183,51.180839]]]}, "properties": {"id": "aa70be02-c9e9-47ae-b70e-436c69ab045c", "postcode": "SO23 8RZ", "group_id": "3bb0c4da-bdd4-47be-913f-c10e377b5d72"}}, {"type": "Feature", "geometry": {"type":"Polygon","coordinates":[[[-1.425183,51.180839],[-1.425603,51.178356],[-1.426786,51.175973],[-1.428685,51.173781],[-1.431228,51.171864],[-1.434317,51.170295],[-1.437833,51.169135],[-1.441641,51.168429],[-1.445595,51.168203],[-1.449544,51.168466],[-1.453335,51.169209],[-1.456823,51.170402],[-1.459874,51.171999],[-1.46237,51.173941],[-1.464217,51.176151],[-1.465342,51.178545],[-1.465702,51.181031],[-1.465284,51.183513],[-1.464104,51.185896],[-1.462206,51.188089],[-1.459663,51.190007],[-1.456574,51.191577],[-1.453057,51.192737],[-1.449246,51.193444],[-1.44529,51.19367],[-1.441339,51.193406],[-1.437547,51.192664],[-1.434058,51.19147],[-1.431006,51.189872],[-1.42851,51.18793],[-1.426665,51.185719],[-1.425542,51.183325],[-1.425183,51.180839]]]}, "properties": {"id": "aa70be02-c9e9-47ae-b70e-436c69ab045c", "postcode": "SO23 8RZ", "group_id": "e8167295-d7f4-4671-913e-f90e96ce8190"}}, {"type": "Feature", "geometry": {"type":"Polygon","coordinates":[[[-1.242302,51.12669],[-1.242945,51.122975],[-1.244727,51.119411],[-1.247579,51.116133],[-1.251392,51.113269],[-1.256018,51.110928],[-1.261282,51.1092],[-1.266979,51.108151],[-1.272892,51.107821],[-1.278793,51.108224],[-1.284456,51.109344],[-1.289664,51.111137],[-1.294216,51.113535],[-1.297939,51.116446],[-1.300687,51.119758],[-1.302357,51.123344],[-1.302883,51.127066],[-1.302245,51.130782],[-1.300467,51.134347],[-1.297618,51.137626],[-1.293806,51.140491],[-1.289178,51.142834],[-1.283912,51.144563],[-1.27821,51.145613],[-1.272293,51.145943],[-1.266387,51.14554],[-1.26072,51.144419],[-1.255509,51.142625],[-1.250956,51.140225],[-1.247235,51.137312],[-1.244489,51.133999],[-1.242823,51.130412],[-1.242302,51.12669]]]}, "properties": {"id": "aab19c61-42d0-4319-a1f1-2e684a9b99e4", "postcode": "SO21 2JH", "group_id": "3bb0c4da-bdd4-47be-913f-c10e377b5d72"}}, {"type": "Feature", "geometry": {"type":"Polygon","coordinates":[[[-1.242302,51.12669],[-1.242945,51.122975],[-1.244727,51.119411],[-1.247579,51.116133],[-1.251392,51.113269],[-1.256018,51.110928],[-1.261282,51.1092],[-1.266979,51.108151],[-1.272892,51.107821],[-1.278793,51.108224],[-1.284456,51.109344],[-1.289664,51.111137],[-1.294216,51.113535],[-1.297939,51.116446],[-1.300687,51.119758],[-1.302357,51.123344],[-1.302883,51.127066],[-1.302245,51.130782],[-1.300467,51.134347],[-1.297618,51.137626],[-1.293806,51.140491],[-1.289178,51.142834],[-1.283912,51.144563],[-1.27821,51.145613],[-1.272293,51.145943],[-1.266387,51.14554],[-1.26072,51.144419],[-1.255509,51.142625],[-1.250956,51.140225],[-1.247235,51.137312],[-1.244489,51.133999],[-1.242823,51.130412],[-1.242302,51.12669]]]}, "properties": {"id": "aab19c61-42d0-4319-a1f1-2e684a9b99e4", "postcode": "SO21 2JH", "group_id": "e8167295-d7f4-4671-913e-f90e96ce8190"}}, {"type": "Feature", "geometry": {"type":"Polygon","coordinates":[[[-3.987103,50.994559],[-3.987143,50.994206],[-3.987291,50.993866],[-3.987541,50.99355],[-3.987885,50.993271],[-3.988308,50.993039],[-3.988794,50.992864],[-3.989325,50.992753],[-3.98988,50.992709],[-3.990439,50.992734],[-3.990979,50.992827],[-3.991479,50.992985],[-3.991921,50.993202],[-3.992288,50.993469],[-3.992565,50.993776],[-3.992742,50.994111],[-3.992812,50.994461],[-3.992772,50.994814],[-3.992624,50.995154],[-3.992374,50.99547],[-3.99203,50.995749],[-3.991607,50.995981],[-3.991121,50.996156],[-3.99059,50.996267],[-3.990035,50.996311],[-3.989476,50.996286],[-3.988936,50.996193],[-3.988436,50.996035],[-3.987994,50.995818],[-3.987627,50.995551],[-3.98735,50.995244],[-3.987173,50.994909],[-3.987103,50.994559]]]}, "properties": {"id": "ab897645-bc6e-4196-a2e0-3881f9fb488d", "postcode": "EX37 9AY", "group_id": "b148cd75-c32d-44e8-806e-85688ab1d059"}}, {"type": "Feature", "geometry": {"type":"Polygon","coordinates":[[[0.127379,51.893054],[0.126722,51.889877],[0.125075,51.88684],[0.122502,51.88406],[0.119104,51.881644],[0.115009,51.879684],[0.110375,51.878257],[0.105381,51.877416],[0.100217,51.877194],[0.095083,51.8776],[0.090175,51.878617],[0.085682,51.880208],[0.081777,51.88231],[0.078608,51.884843],[0.076299,51.88771],[0.074938,51.890801],[0.074578,51.893997],[0.075232,51.897175],[0.076876,51.900212],[0.079446,51.902993],[0.082845,51.905411],[0.086941,51.907371],[0.091577,51.908799],[0.096574,51.909641],[0.101741,51.909863],[0.106879,51.909457],[0.11179,51.908438],[0.116285,51.906847],[0.120191,51.904744],[0.123358,51.902209],[0.125665,51.899341],[0.127023,51.89625],[0.127379,51.893054]]]}, "properties": {"id": "abf6ebe1-5e89-405b-8126-93cfecaa3e70", "postcode": "CM231JG", "group_id": "9e6449fd-d980-4d4b-9ae4-8db27f5e18bd"}}, {"type": "Feature", "geometry": {"type":"Polygon","coordinates":[[[-2.7207,53.071525],[-2.720831,53.070631],[-2.721249,53.069769],[-2.721938,53.068974],[-2.722872,53.068274],[-2.724014,53.067698],[-2.725321,53.067267],[-2.726743,53.066997],[-2.728224,53.0669],[-2.729709,53.066979],[-2.731139,53.067231],[-2.73246,53.067646],[-2.733622,53.068208],[-2.734579,53.068896],[-2.735295,53.069683],[-2.735742,53.07054],[-2.735904,53.071432],[-2.735773,53.072326],[-2.735355,53.073188],[-2.734666,53.073984],[-2.733732,53.074683],[-2.73259,53.07526],[-2.731282,53.075691],[-2.729861,53.07596],[-2.728379,53.076057],[-2.726894,53.075978],[-2.725464,53.075727],[-2.724142,53.075311],[-2.72298,53.074749],[-2.722023,53.074061],[-2.721308,53.073274],[-2.720861,53.072417],[-2.7207,53.071525]]]}, "properties": {"id": "ac0dd90e-ffd8-4867-b2ea-ab9f3316b701", "postcode": "SY14 8АР", "group_id": "dccc074a-fb77-427b-bb72-8b017ca09618"}}, {"type": "Feature", "geometry": {"type":"Polygon","coordinates":[[[-2.661022,53.078072],[-2.661133,53.077325],[-2.661484,53.076605],[-2.662061,53.07594],[-2.662842,53.075355],[-2.663798,53.074874],[-2.664891,53.074514],[-2.66608,53.07429],[-2.667318,53.074209],[-2.668559,53.074276],[-2.669755,53.074487],[-2.670859,53.074834],[-2.67183,53.075305],[-2.672629,53.07588],[-2.673226,53.076539],[-2.673599,53.077255],[-2.673733,53.078001],[-2.673623,53.078748],[-2.673272,53.079468],[-2.672695,53.080133],[-2.671914,53.080717],[-2.670958,53.081199],[-2.669865,53.081559],[-2.668676,53.081783],[-2.667437,53.081864],[-2.666196,53.081797],[-2.665,53.081586],[-2.663896,53.081238],[-2.662925,53.080768],[-2.662126,53.080192],[-2.661528,53.079534],[-2.661156,53.078818],[-2.661022,53.078072]]]}, "properties": {"id": "ac3a856c-fc3e-4708-b9e7-2a3ebae4fe5a", "postcode": "CW6 9RY", "group_id": "dccc074a-fb77-427b-bb72-8b017ca09618"}}, {"type": "Feature", "geometry": {"type":"Polygon","coordinates":[[[-0.323493,52.324024],[-0.323736,52.322803],[-0.324363,52.321635],[-0.32535,52.320564],[-0.326659,52.319631],[-0.32824,52.318873],[-0.330031,52.318318],[-0.331965,52.317989],[-0.333966,52.317896],[-0.335959,52.318045],[-0.337865,52.318429],[-0.339613,52.319034],[-0.341135,52.319835],[-0.342373,52.320804],[-0.343278,52.321902],[-0.343817,52.323086],[-0.343968,52.324313],[-0.343725,52.325534],[-0.343099,52.326702],[-0.342112,52.327774],[-0.340803,52.328706],[-0.339223,52.329465],[-0.337431,52.330019],[-0.335497,52.330349],[-0.333495,52.330442],[-0.331502,52.330293],[-0.329595,52.329909],[-0.327846,52.329304],[-0.326324,52.328502],[-0.325087,52.327533],[-0.324182,52.326436],[-0.323644,52.325251],[-0.323493,52.324024]]]}, "properties": {"id": "acdf2ce8-3119-4d3b-b588-38d24b5cbb1d", "postcode": "PE28 0TE", "group_id": "af68fec4-7fdb-4246-bbf0-6067ace38189"}}, {"type": "Feature", "geometry": {"type":"Polygon","coordinates":[[[-0.323493,52.324024],[-0.323736,52.322803],[-0.324363,52.321635],[-0.32535,52.320564],[-0.326659,52.319631],[-0.32824,52.318873],[-0.330031,52.318318],[-0.331965,52.317989],[-0.333966,52.317896],[-0.335959,52.318045],[-0.337865,52.318429],[-0.339613,52.319034],[-0.341135,52.319835],[-0.342373,52.320804],[-0.343278,52.321902],[-0.343817,52.323086],[-0.343968,52.324313],[-0.343725,52.325534],[-0.343099,52.326702],[-0.342112,52.327774],[-0.340803,52.328706],[-0.339223,52.329465],[-0.337431,52.330019],[-0.335497,52.330349],[-0.333495,52.330442],[-0.331502,52.330293],[-0.329595,52.329909],[-0.327846,52.329304],[-0.326324,52.328502],[-0.325087,52.327533],[-0.324182,52.326436],[-0.323644,52.325251],[-0.323493,52.324024]]]}, "properties": {"id": "acdf2ce8-3119-4d3b-b588-38d24b5cbb1d", "postcode": "PE28 0TE", "group_id": "849cc9af-4d60-4284-bc1a-8a35d54c7661"}}, {"type": "Feature", "geometry": {"type":"Polygon","coordinates":[[[-0.29009,53.281896],[-0.290243,53.281151],[-0.290635,53.280438],[-0.291252,53.279784],[-0.292069,53.279216],[-0.293056,53.278754],[-0.294174,53.278416],[-0.295381,53.278215],[-0.296629,53.278159],[-0.297872,53.278251],[-0.299062,53.278486],[-0.300152,53.278855],[-0.301101,53.279345],[-0.301872,53.279936],[-0.302436,53.280606],[-0.302771,53.28133],[-0.302864,53.282078],[-0.302712,53.282823],[-0.30232,53.283536],[-0.301703,53.284189],[-0.300886,53.284758],[-0.299899,53.28522],[-0.298781,53.285558],[-0.297574,53.285759],[-0.296325,53.285815],[-0.295082,53.285723],[-0.293892,53.285489],[-0.292802,53.285119],[-0.291853,53.284629],[-0.291082,53.284038],[-0.290518,53.283367],[-0.290183,53.282644],[-0.29009,53.281896]]]}, "properties": {"id": "adb00fd6-3e6e-4d80-b7bf-430cd8b81f9c", "postcode": "LN8 5JE", "group_id": "60a73ad8-56fc-4c6a-942c-8d42700b5038"}}, {"type": "Feature", "geometry": {"type":"Polygon","coordinates":[[[-0.228451,53.250968],[-0.228504,53.250711],[-0.228639,53.250466],[-0.228852,53.250241],[-0.229133,53.250045],[-0.229473,53.249886],[-0.229858,53.24977],[-0.230274,53.249701],[-0.230704,53.249682],[-0.231131,53.249714],[-0.231541,53.249795],[-0.231916,53.249922],[-0.232242,53.250091],[-0.232507,53.250295],[-0.232701,53.250526],[-0.232816,53.250775],[-0.232847,53.251033],[-0.232795,53.251289],[-0.232659,53.251535],[-0.232447,53.25176],[-0.232165,53.251956],[-0.231825,53.252115],[-0.23144,53.252231],[-0.231025,53.2523],[-0.230595,53.252319],[-0.230167,53.252287],[-0.229758,53.252206],[-0.229383,53.252078],[-0.229056,53.251909],[-0.228791,53.251706],[-0.228598,53.251475],[-0.228483,53.251225],[-0.228451,53.250968]]]}, "properties": {"id": "afb5a21b-acfb-4ce7-a48d-e94779e1fbdd", "postcode": "LN110NJ", "group_id": "60a73ad8-56fc-4c6a-942c-8d42700b5038"}}, {"type": "Feature", "geometry": {"type":"Polygon","coordinates":[[[0.674694,52.379119],[0.673503,52.373759],[0.670626,52.368643],[0.666176,52.363969],[0.660322,52.359916],[0.65329,52.35664],[0.64535,52.354266],[0.636807,52.352885],[0.627989,52.352551],[0.619233,52.353277],[0.610876,52.355033],[0.603238,52.357754],[0.596613,52.361334],[0.591255,52.365636],[0.58737,52.370496],[0.585109,52.375726],[0.584557,52.381126],[0.585737,52.386488],[0.588605,52.391605],[0.593051,52.396282],[0.598904,52.400339],[0.605939,52.403618],[0.613885,52.405995],[0.622438,52.407377],[0.631267,52.407711],[0.640034,52.406985],[0.648399,52.405226],[0.656042,52.402502],[0.662668,52.398919],[0.668023,52.394613],[0.671901,52.389751],[0.674153,52.384519],[0.674694,52.379119]]]}, "properties": {"id": "afe69a22-ded6-4299-9d48-8e454548dc0b", "postcode": "IP270SE", "group_id": "3bd8b114-f504-4798-b91b-aaf4e4fbd4de"}}, {"type": "Feature", "geometry": {"type":"Polygon","coordinates":[[[0.674694,52.379119],[0.673503,52.373759],[0.670626,52.368643],[0.666176,52.363969],[0.660322,52.359916],[0.65329,52.35664],[0.64535,52.354266],[0.636807,52.352885],[0.627989,52.352551],[0.619233,52.353277],[0.610876,52.355033],[0.603238,52.357754],[0.596613,52.361334],[0.591255,52.365636],[0.58737,52.370496],[0.585109,52.375726],[0.584557,52.381126],[0.585737,52.386488],[0.588605,52.391605],[0.593051,52.396282],[0.598904,52.400339],[0.605939,52.403618],[0.613885,52.405995],[0.622438,52.407377],[0.631267,52.407711],[0.640034,52.406985],[0.648399,52.405226],[0.656042,52.402502],[0.662668,52.398919],[0.668023,52.394613],[0.671901,52.389751],[0.674153,52.384519],[0.674694,52.379119]]]}, "properties": {"id": "afe69a22-ded6-4299-9d48-8e454548dc0b", "postcode": "IP270SE", "group_id": "e20625b4-ebe0-478a-a825-d3d10301dfad"}}, {"type": "Feature", "geometry": {"type":"Polygon","coordinates":[[[0.68265,52.006228],[0.682537,52.005716],[0.682265,52.005228],[0.681843,52.004782],[0.681289,52.004395],[0.680623,52.004082],[0.67987,52.003855],[0.679061,52.003724],[0.678226,52.003692],[0.677396,52.003761],[0.676605,52.00393],[0.675882,52.00419],[0.675255,52.004532],[0.674748,52.004943],[0.674381,52.005407],[0.674167,52.005907],[0.674116,52.006422],[0.674229,52.006934],[0.674501,52.007423],[0.674922,52.007869],[0.675477,52.008256],[0.676143,52.008569],[0.676895,52.008795],[0.677705,52.008927],[0.67854,52.008959],[0.67937,52.008889],[0.680161,52.008721],[0.680884,52.008461],[0.681511,52.008119],[0.682018,52.007708],[0.682385,52.007243],[0.682599,52.006744],[0.68265,52.006228]]]}, "properties": {"id": "b072b04b-985d-462d-8168-09698cf60ac6", "postcode": "CO10 7EE", "group_id": "e0454012-1295-46e6-b208-52cac7018f1f"}}, {"type": "Feature", "geometry": {"type":"Polygon","coordinates":[[[0.68265,52.006228],[0.682537,52.005716],[0.682265,52.005228],[0.681843,52.004782],[0.681289,52.004395],[0.680623,52.004082],[0.67987,52.003855],[0.679061,52.003724],[0.678226,52.003692],[0.677396,52.003761],[0.676605,52.00393],[0.675882,52.00419],[0.675255,52.004532],[0.674748,52.004943],[0.674381,52.005407],[0.674167,52.005907],[0.674116,52.006422],[0.674229,52.006934],[0.674501,52.007423],[0.674922,52.007869],[0.675477,52.008256],[0.676143,52.008569],[0.676895,52.008795],[0.677705,52.008927],[0.67854,52.008959],[0.67937,52.008889],[0.680161,52.008721],[0.680884,52.008461],[0.681511,52.008119],[0.682018,52.007708],[0.682385,52.007243],[0.682599,52.006744],[0.68265,52.006228]]]}, "properties": {"id": "b072b04b-985d-462d-8168-09698cf60ac6", "postcode": "CO10 7EE", "group_id": "a7783195-830d-421c-96df-c588303c770b"}}, {"type": "Feature", "geometry": {"type":"Polygon","coordinates":[[[1.330905,52.597248],[1.330709,52.596428],[1.330255,52.595646],[1.329558,52.594934],[1.328647,52.594318],[1.327556,52.593823],[1.326327,52.593466],[1.325008,52.593262],[1.323649,52.593219],[1.322302,52.593338],[1.321019,52.593615],[1.31985,52.594039],[1.318838,52.594594],[1.318024,52.595258],[1.317438,52.596006],[1.317104,52.59681],[1.317033,52.597638],[1.317228,52.598458],[1.317683,52.599239],[1.318379,52.599951],[1.31929,52.600567],[1.320381,52.601063],[1.32161,52.60142],[1.322929,52.601623],[1.324289,52.601667],[1.325636,52.601547],[1.326919,52.60127],[1.328089,52.600846],[1.3291,52.600292],[1.329914,52.599627],[1.3305,52.598879],[1.330834,52.598076],[1.330905,52.597248]]]}, "properties": {"id": "b0d485c7-486b-4e7a-832c-edfbaafdff41", "postcode": "NR14 7DJ", "group_id": "8a834624-a5bb-410a-a8d8-d24863e2a408"}}, {"type": "Feature", "geometry": {"type":"Polygon","coordinates":[[[-0.091786,53.229278],[-0.091917,53.228655],[-0.092247,53.228059],[-0.092765,53.227513],[-0.093451,53.227038],[-0.094277,53.226653],[-0.095213,53.226372],[-0.096222,53.226205],[-0.097266,53.22616],[-0.098305,53.226239],[-0.099298,53.226437],[-0.100208,53.226748],[-0.100999,53.227159],[-0.101641,53.227655],[-0.10211,53.228216],[-0.102387,53.228822],[-0.102462,53.229449],[-0.102332,53.230072],[-0.102002,53.230668],[-0.101484,53.231214],[-0.100799,53.231689],[-0.099972,53.232074],[-0.099036,53.232355],[-0.098027,53.232522],[-0.096982,53.232567],[-0.095944,53.232488],[-0.09495,53.23229],[-0.094041,53.231979],[-0.093249,53.231568],[-0.092607,53.231072],[-0.092138,53.23051],[-0.091861,53.229905],[-0.091786,53.229278]]]}, "properties": {"id": "b0f51bd9-2a32-41d9-8d31-2f730aec2648", "postcode": "LN110NJ", "group_id": "60a73ad8-56fc-4c6a-942c-8d42700b5038"}}, {"type": "Feature", "geometry": {"type":"Polygon","coordinates":[[[-2.054676,52.670446],[-2.05484,52.669424],[-2.055329,52.668441],[-2.056124,52.667536],[-2.057194,52.666742],[-2.058499,52.66609],[-2.059987,52.665605],[-2.061603,52.665306],[-2.063283,52.665205],[-2.064964,52.665304],[-2.06658,52.665601],[-2.06807,52.666084],[-2.069376,52.666735],[-2.070449,52.667528],[-2.071247,52.668433],[-2.071738,52.669415],[-2.071906,52.670437],[-2.071742,52.671458],[-2.071253,52.672441],[-2.070458,52.673347],[-2.069388,52.674141],[-2.068084,52.674793],[-2.066595,52.675278],[-2.064979,52.675577],[-2.063298,52.675679],[-2.061617,52.675579],[-2.060001,52.675282],[-2.05851,52.674798],[-2.057204,52.674148],[-2.056132,52.673355],[-2.055334,52.67245],[-2.054843,52.671467],[-2.054676,52.670446]]]}, "properties": {"id": "b1629542-ed9b-4139-af94-72d8ac6d6238", "postcode": "WV10 7FB", "group_id": "97c036e3-0da2-4ee0-a282-91d63dbd9412"}}, {"type": "Feature", "geometry": {"type":"Polygon","coordinates":[[[-1.681088,52.649571],[-1.681422,52.647598],[-1.682382,52.645702],[-1.683932,52.643956],[-1.686012,52.642428],[-1.688542,52.641176],[-1.691425,52.640248],[-1.69455,52.639681],[-1.697797,52.639494],[-1.701041,52.639697],[-1.704158,52.640281],[-1.707028,52.641223],[-1.709541,52.642488],[-1.7116,52.644027],[-1.713126,52.64578],[-1.71406,52.647681],[-1.714367,52.649656],[-1.714035,52.65163],[-1.713075,52.653526],[-1.711526,52.655272],[-1.709446,52.6568],[-1.706916,52.658053],[-1.704032,52.658981],[-1.700906,52.659549],[-1.697658,52.659735],[-1.694412,52.659532],[-1.691294,52.658948],[-1.688423,52.658006],[-1.68591,52.65674],[-1.683851,52.655201],[-1.682326,52.653447],[-1.681393,52.651546],[-1.681088,52.649571]]]}, "properties": {"id": "b1a51418-cab2-43ec-a0db-62ce82f4d87d", "postcode": "B79 8NR", "group_id": "97c036e3-0da2-4ee0-a282-91d63dbd9412"}}, {"type": "Feature", "geometry": {"type":"Polygon","coordinates":[[[-0.534457,53.518377],[-0.534735,53.516988],[-0.535462,53.515659],[-0.53661,53.514439],[-0.538135,53.513376],[-0.539979,53.512512],[-0.54207,53.511878],[-0.544329,53.511499],[-0.546668,53.511391],[-0.548997,53.511556],[-0.551228,53.511989],[-0.553274,53.512673],[-0.555057,53.513582],[-0.556509,53.514681],[-0.557572,53.515927],[-0.558208,53.517273],[-0.558391,53.518668],[-0.558114,53.520056],[-0.557387,53.521386],[-0.556239,53.522606],[-0.554714,53.523669],[-0.55287,53.524534],[-0.550778,53.525168],[-0.548519,53.525546],[-0.546179,53.525655],[-0.543849,53.525489],[-0.541618,53.525056],[-0.539571,53.524372],[-0.537788,53.523463],[-0.536337,53.522364],[-0.535273,53.521117],[-0.534639,53.519771],[-0.534457,53.518377]]]}, "properties": {"id": "b1b0bf19-726d-43bc-86ff-8aab12de85e4", "postcode": "DN20 9LX", "group_id": "7a228e12-3372-49e0-8820-753ab5723f37"}}, {"type": "Feature", "geometry": {"type":"Polygon","coordinates":[[[-1.300872,51.286094],[-1.30135,51.28332],[-1.302682,51.280659],[-1.304816,51.278211],[-1.30767,51.276071],[-1.311134,51.274322],[-1.315076,51.27303],[-1.319343,51.272245],[-1.323773,51.271997],[-1.328195,51.272296],[-1.332439,51.27313],[-1.336342,51.274468],[-1.339755,51.276257],[-1.342545,51.278429],[-1.344607,51.280901],[-1.34586,51.283577],[-1.346257,51.286356],[-1.345781,51.28913],[-1.344452,51.291792],[-1.34232,51.29424],[-1.339466,51.296381],[-1.336001,51.298131],[-1.332058,51.299424],[-1.327788,51.300209],[-1.323355,51.300457],[-1.318931,51.300158],[-1.314685,51.299323],[-1.31078,51.297985],[-1.307367,51.296196],[-1.304577,51.294022],[-1.302517,51.29155],[-1.301266,51.288873],[-1.300872,51.286094]]]}, "properties": {"id": "b293fbc7-b926-4fca-8f16-78aa8d4535f2", "postcode": "RG28 7PR", "group_id": "3bb0c4da-bdd4-47be-913f-c10e377b5d72"}}, {"type": "Feature", "geometry": {"type":"Polygon","coordinates":[[[-1.300872,51.286094],[-1.30135,51.28332],[-1.302682,51.280659],[-1.304816,51.278211],[-1.30767,51.276071],[-1.311134,51.274322],[-1.315076,51.27303],[-1.319343,51.272245],[-1.323773,51.271997],[-1.328195,51.272296],[-1.332439,51.27313],[-1.336342,51.274468],[-1.339755,51.276257],[-1.342545,51.278429],[-1.344607,51.280901],[-1.34586,51.283577],[-1.346257,51.286356],[-1.345781,51.28913],[-1.344452,51.291792],[-1.34232,51.29424],[-1.339466,51.296381],[-1.336001,51.298131],[-1.332058,51.299424],[-1.327788,51.300209],[-1.323355,51.300457],[-1.318931,51.300158],[-1.314685,51.299323],[-1.31078,51.297985],[-1.307367,51.296196],[-1.304577,51.294022],[-1.302517,51.29155],[-1.301266,51.288873],[-1.300872,51.286094]]]}, "properties": {"id": "b293fbc7-b926-4fca-8f16-78aa8d4535f2", "postcode": "RG28 7PR", "group_id": "e8167295-d7f4-4671-913e-f90e96ce8190"}}, {"type": "Feature", "geometry": {"type":"Polygon","coordinates":[[[-0.563906,53.186151],[-0.564015,53.1856],[-0.564301,53.185073],[-0.564752,53.184589],[-0.565353,53.184167],[-0.566078,53.183824],[-0.566901,53.183572],[-0.56779,53.183422],[-0.568711,53.183379],[-0.569628,53.183444],[-0.570506,53.183616],[-0.571312,53.183887],[-0.572014,53.184247],[-0.572585,53.184683],[-0.573004,53.185177],[-0.573255,53.185711],[-0.573327,53.186265],[-0.573218,53.186815],[-0.572932,53.187343],[-0.572481,53.187827],[-0.571881,53.188249],[-0.571155,53.188592],[-0.570332,53.188844],[-0.569443,53.188994],[-0.568522,53.189037],[-0.567605,53.188972],[-0.566727,53.1888],[-0.565921,53.188529],[-0.565219,53.188169],[-0.564647,53.187733],[-0.564229,53.187238],[-0.563978,53.186704],[-0.563906,53.186151]]]}, "properties": {"id": "b35f3b89-ce5e-4d9f-bdb1-1833701588e8", "postcode": "LN6 8AP", "group_id": "60a73ad8-56fc-4c6a-942c-8d42700b5038"}}, {"type": "Feature", "geometry": {"type":"Polygon","coordinates":[[[-3.627874,50.959126],[-3.627951,50.958495],[-3.62822,50.957885],[-3.628673,50.95732],[-3.629292,50.956822],[-3.630053,50.956409],[-3.630927,50.956098],[-3.63188,50.955901],[-3.632875,50.955825],[-3.633875,50.955873],[-3.634841,50.956044],[-3.635735,50.95633],[-3.636524,50.956721],[-3.637178,50.957201],[-3.63767,50.957753],[-3.637982,50.958355],[-3.638103,50.958983],[-3.638027,50.959615],[-3.637757,50.960225],[-3.637304,50.96079],[-3.636685,50.961288],[-3.635924,50.961701],[-3.63505,50.962012],[-3.634097,50.962209],[-3.633102,50.962285],[-3.632102,50.962237],[-3.631136,50.962066],[-3.630241,50.96178],[-3.629452,50.961389],[-3.628799,50.960909],[-3.628307,50.960357],[-3.627995,50.959755],[-3.627874,50.959126]]]}, "properties": {"id": "b3b02a24-37e6-49b8-95b1-60a9883739bd", "postcode": "EX16 8EE", "group_id": "b148cd75-c32d-44e8-806e-85688ab1d059"}}, {"type": "Feature", "geometry": {"type":"Polygon","coordinates":[[[1.524603,52.468638],[1.524499,52.468208],[1.524259,52.4678],[1.523894,52.467428],[1.523417,52.467106],[1.522847,52.466847],[1.522205,52.466662],[1.521515,52.466556],[1.520806,52.466535],[1.520103,52.466598],[1.519434,52.466744],[1.518824,52.466967],[1.518298,52.467259],[1.517874,52.467607],[1.51757,52.467999],[1.517397,52.46842],[1.517362,52.468854],[1.517466,52.469283],[1.517705,52.469691],[1.51807,52.470064],[1.518547,52.470385],[1.519118,52.470644],[1.51976,52.47083],[1.520449,52.470935],[1.521159,52.470957],[1.521862,52.470893],[1.522531,52.470747],[1.523141,52.470524],[1.523667,52.470233],[1.524091,52.469884],[1.524395,52.469492],[1.524568,52.469071],[1.524603,52.468638]]]}, "properties": {"id": "b405ae94-e23f-4d33-b540-f2e4aeb92351", "postcode": "NR34 0LB", "group_id": "8a834624-a5bb-410a-a8d8-d24863e2a408"}}, {"type": "Feature", "geometry": {"type":"Polygon","coordinates":[[[-1.862875,51.4723],[-1.863173,51.47045],[-1.864042,51.468672],[-1.86545,51.467034],[-1.867343,51.465599],[-1.869647,51.464422],[-1.872274,51.463548],[-1.875124,51.463012],[-1.878086,51.462833],[-1.881048,51.463018],[-1.883895,51.46356],[-1.886518,51.464439],[-1.888815,51.465621],[-1.8907,51.46706],[-1.8921,51.468701],[-1.89296,51.470481],[-1.893247,51.472331],[-1.892951,51.474181],[-1.892083,51.47596],[-1.890675,51.477598],[-1.888783,51.479033],[-1.886478,51.480211],[-1.88385,51.481084],[-1.881,51.481621],[-1.878036,51.4818],[-1.875073,51.481615],[-1.872225,51.481072],[-1.869602,51.480193],[-1.867304,51.479011],[-1.865419,51.477572],[-1.86402,51.47593],[-1.863162,51.47415],[-1.862875,51.4723]]]}, "properties": {"id": "b630db32-c4c4-4219-b18a-bffc91de084c", "postcode": "SN4 9QE", "group_id": "a09108de-6364-4e32-a2be-262ce0d3b66b"}}, {"type": "Feature", "geometry": {"type":"Polygon","coordinates":[[[-1.429049,52.021371],[-1.429401,52.019332],[-1.43039,52.017374],[-1.43198,52.015574],[-1.434108,52.013999],[-1.436694,52.01271],[-1.439636,52.011757],[-1.442824,52.011177],[-1.446133,52.010992],[-1.449438,52.011208],[-1.452611,52.011818],[-1.45553,52.012799],[-1.458083,52.014111],[-1.460172,52.015706],[-1.461717,52.017522],[-1.462658,52.019488],[-1.46296,52.021531],[-1.462609,52.02357],[-1.461621,52.025528],[-1.460032,52.027329],[-1.457904,52.028904],[-1.455318,52.030193],[-1.452375,52.031147],[-1.449186,52.031727],[-1.445875,52.031912],[-1.442569,52.031696],[-1.439395,52.031086],[-1.436475,52.030105],[-1.433922,52.028792],[-1.431833,52.027196],[-1.430289,52.02538],[-1.429349,52.023413],[-1.429049,52.021371]]]}, "properties": {"id": "b67cc539-0f31-4507-bcf0-f6e056b3bec0", "postcode": "OX15 5EX", "group_id": "e54a5321-7fcc-4788-be08-0b155cf09bdf"}}, {"type": "Feature", "geometry": {"type":"Polygon","coordinates":[[[-4.09893,51.139292],[-4.099077,51.13797],[-4.099631,51.136691],[-4.10057,51.135505],[-4.10186,51.134457],[-4.103449,51.133588],[-4.105278,51.13293],[-4.107275,51.132509],[-4.109364,51.132341],[-4.111466,51.132433],[-4.113498,51.132781],[-4.115384,51.133372],[-4.11705,51.134183],[-4.118432,51.135183],[-4.119478,51.136333],[-4.120148,51.13759],[-4.120415,51.138905],[-4.120269,51.140227],[-4.119715,51.141506],[-4.118776,51.142692],[-4.117487,51.14374],[-4.115898,51.14461],[-4.114069,51.145268],[-4.112071,51.145689],[-4.109981,51.145857],[-4.107879,51.145765],[-4.105846,51.145417],[-4.10396,51.144825],[-4.102294,51.144014],[-4.100911,51.143014],[-4.099865,51.141864],[-4.099197,51.140607],[-4.09893,51.139292]]]}, "properties": {"id": "b69b963d-cf1e-4d1e-8757-18c5e3004ce3", "postcode": "EX31 4EE", "group_id": "b148cd75-c32d-44e8-806e-85688ab1d059"}}, {"type": "Feature", "geometry": {"type":"Polygon","coordinates":[[[-4.055254,50.999562],[-4.0553,50.999152],[-4.055472,50.998756],[-4.055762,50.998388],[-4.056161,50.998064],[-4.056653,50.997794],[-4.057218,50.997591],[-4.057835,50.99746],[-4.058481,50.997409],[-4.05913,50.997438],[-4.059758,50.997546],[-4.060341,50.997729],[-4.060855,50.997981],[-4.061282,50.998291],[-4.061605,50.998648],[-4.061811,50.999037],[-4.061893,50.999445],[-4.061847,50.999855],[-4.061676,51.000251],[-4.061385,51.000618],[-4.060987,51.000943],[-4.060495,51.001212],[-4.05993,51.001416],[-4.059312,51.001546],[-4.058666,51.001598],[-4.058017,51.001569],[-4.057389,51.001461],[-4.056807,51.001277],[-4.056292,51.001026],[-4.055865,51.000716],[-4.055542,51.000359],[-4.055336,50.999969],[-4.055254,50.999562]]]}, "properties": {"id": "b7ae5237-b40e-4771-a654-ce4d3a653a94", "postcode": "EX31 3LN", "group_id": "b148cd75-c32d-44e8-806e-85688ab1d059"}}, {"type": "Feature", "geometry": {"type":"Polygon","coordinates":[[[-1.720327,51.327532],[-1.72083,51.324453],[-1.722282,51.321495],[-1.724626,51.318771],[-1.727774,51.316386],[-1.731603,51.314431],[-1.735967,51.312982],[-1.740698,51.312094],[-1.745614,51.311802],[-1.750527,51.312115],[-1.755248,51.313024],[-1.759596,51.314492],[-1.763404,51.316463],[-1.766525,51.318862],[-1.768839,51.321596],[-1.770258,51.324561],[-1.770727,51.327642],[-1.770228,51.330721],[-1.768779,51.33368],[-1.766436,51.336405],[-1.763289,51.338791],[-1.759459,51.340747],[-1.755093,51.342197],[-1.750359,51.343085],[-1.74544,51.343378],[-1.740523,51.343064],[-1.7358,51.342155],[-1.73145,51.340686],[-1.727642,51.338714],[-1.724521,51.336314],[-1.722209,51.333579],[-1.720792,51.330614],[-1.720327,51.327532]]]}, "properties": {"id": "b854fdf9-dc11-407a-93ea-f6978601165a", "postcode": "SN9 5JF", "group_id": "6cb070a8-3c40-48b7-a594-97fec3894487"}}, {"type": "Feature", "geometry": {"type":"Polygon","coordinates":[[[-1.202604,53.44378],[-1.20286,53.442385],[-1.203567,53.441047],[-1.204698,53.439817],[-1.206209,53.438743],[-1.208041,53.437865],[-1.210125,53.437218],[-1.212381,53.436825],[-1.214721,53.436703],[-1.217056,53.436856],[-1.219297,53.437278],[-1.221357,53.437953],[-1.223156,53.438854],[-1.224627,53.439948],[-1.225712,53.441193],[-1.22637,53.44254],[-1.226575,53.443937],[-1.226319,53.445332],[-1.225613,53.44667],[-1.224482,53.447899],[-1.222972,53.448974],[-1.221139,53.449852],[-1.219055,53.4505],[-1.216798,53.450892],[-1.214457,53.451015],[-1.212121,53.450862],[-1.20988,53.45044],[-1.20782,53.449765],[-1.20602,53.448863],[-1.20455,53.447768],[-1.203465,53.446524],[-1.202808,53.445177],[-1.202604,53.44378]]]}, "properties": {"id": "b88cddef-2584-4ce9-b174-b26959cd91b0", "postcode": "S66 7SD", "group_id": "fceea007-3092-4ffe-98fc-ee9a5d2641c9"}}, {"type": "Feature", "geometry": {"type":"Polygon","coordinates":[[[-0.330177,52.231134],[-0.330569,52.229162],[-0.331578,52.227275],[-0.333168,52.225546],[-0.335277,52.22404],[-0.337823,52.222815],[-0.34071,52.221919],[-0.343825,52.221386],[-0.34705,52.221237],[-0.35026,52.221477],[-0.353333,52.222096],[-0.35615,52.223072],[-0.358603,52.224367],[-0.360598,52.22593],[-0.362057,52.227702],[-0.362926,52.229616],[-0.36317,52.231596],[-0.362781,52.233568],[-0.361772,52.235455],[-0.360183,52.237185],[-0.358074,52.238691],[-0.355528,52.239916],[-0.35264,52.240813],[-0.349524,52.241346],[-0.346297,52.241495],[-0.343086,52.241256],[-0.340012,52.240636],[-0.337194,52.23966],[-0.334741,52.238365],[-0.332747,52.236801],[-0.331288,52.235028],[-0.33042,52.233115],[-0.330177,52.231134]]]}, "properties": {"id": "b8add8ca-f0b8-48f7-94e6-8ada28877bbd", "postcode": "MK44 2AW", "group_id": "af68fec4-7fdb-4246-bbf0-6067ace38189"}}, {"type": "Feature", "geometry": {"type":"Polygon","coordinates":[[[-0.330177,52.231134],[-0.330569,52.229162],[-0.331578,52.227275],[-0.333168,52.225546],[-0.335277,52.22404],[-0.337823,52.222815],[-0.34071,52.221919],[-0.343825,52.221386],[-0.34705,52.221237],[-0.35026,52.221477],[-0.353333,52.222096],[-0.35615,52.223072],[-0.358603,52.224367],[-0.360598,52.22593],[-0.362057,52.227702],[-0.362926,52.229616],[-0.36317,52.231596],[-0.362781,52.233568],[-0.361772,52.235455],[-0.360183,52.237185],[-0.358074,52.238691],[-0.355528,52.239916],[-0.35264,52.240813],[-0.349524,52.241346],[-0.346297,52.241495],[-0.343086,52.241256],[-0.340012,52.240636],[-0.337194,52.23966],[-0.334741,52.238365],[-0.332747,52.236801],[-0.331288,52.235028],[-0.33042,52.233115],[-0.330177,52.231134]]]}, "properties": {"id": "b8add8ca-f0b8-48f7-94e6-8ada28877bbd", "postcode": "MK44 2AW", "group_id": "849cc9af-4d60-4284-bc1a-8a35d54c7661"}}, {"type": "Feature", "geometry": {"type":"Polygon","coordinates":[[[-1.897549,52.76202],[-1.897699,52.761106],[-1.898141,52.760227],[-1.898856,52.759418],[-1.899818,52.758709],[-1.90099,52.758127],[-1.902326,52.757695],[-1.903775,52.75743],[-1.905282,52.757341],[-1.906789,52.757432],[-1.908237,52.7577],[-1.909571,52.758134],[-1.91074,52.758718],[-1.911699,52.759428],[-1.912411,52.760239],[-1.912849,52.761118],[-1.912995,52.762032],[-1.912845,52.762946],[-1.912404,52.763825],[-1.911688,52.764634],[-1.910726,52.765343],[-1.909555,52.765925],[-1.908219,52.766357],[-1.906769,52.766623],[-1.905262,52.766711],[-1.903755,52.76662],[-1.902307,52.766352],[-1.900972,52.765918],[-1.899803,52.765335],[-1.898844,52.764624],[-1.898132,52.763813],[-1.897695,52.762934],[-1.897549,52.76202]]]}, "properties": {"id": "b8d1fd0d-fa86-455d-a871-bc7fbdb5b3c3", "postcode": "WSD15 3HL", "group_id": "97c036e3-0da2-4ee0-a282-91d63dbd9412"}}, {"type": "Feature", "geometry": {"type":"Polygon","coordinates":[[[-1.139181,50.937159],[-1.13944,50.935675],[-1.140152,50.934251],[-1.14129,50.932943],[-1.14281,50.9318],[-1.144654,50.930866],[-1.14675,50.930178],[-1.149019,50.929761],[-1.151373,50.929631],[-1.153721,50.929795],[-1.155974,50.930245],[-1.158044,50.930963],[-1.159854,50.931924],[-1.161332,50.933088],[-1.162422,50.934413],[-1.163082,50.935847],[-1.163287,50.937334],[-1.163029,50.938818],[-1.162317,50.940242],[-1.161179,50.941551],[-1.15966,50.942694],[-1.157816,50.943628],[-1.155719,50.944316],[-1.15345,50.944733],[-1.151095,50.944863],[-1.148746,50.944699],[-1.146493,50.944249],[-1.144422,50.94353],[-1.142612,50.94257],[-1.141135,50.941405],[-1.140045,50.94008],[-1.139385,50.938646],[-1.139181,50.937159]]]}, "properties": {"id": "b8da5476-aa08-4ac0-b885-75ef441f0ecb", "postcode": "SO21 2JH", "group_id": "e8167295-d7f4-4671-913e-f90e96ce8190"}}, {"type": "Feature", "geometry": {"type":"Polygon","coordinates":[[[-2.051131,51.239943],[-2.051348,51.238552],[-2.051992,51.237214],[-2.05304,51.235981],[-2.054451,51.2349],[-2.056171,51.234013],[-2.058133,51.233353],[-2.060263,51.232946],[-2.062478,51.232808],[-2.064693,51.232944],[-2.066824,51.233349],[-2.068788,51.234006],[-2.07051,51.234892],[-2.071924,51.235971],[-2.072976,51.237203],[-2.073624,51.23854],[-2.073844,51.23993],[-2.073628,51.241321],[-2.072984,51.242659],[-2.071937,51.243892],[-2.070526,51.244973],[-2.068806,51.245861],[-2.066843,51.246521],[-2.064713,51.246928],[-2.062497,51.247066],[-2.060281,51.24693],[-2.05815,51.246525],[-2.056185,51.245868],[-2.054463,51.244982],[-2.053049,51.243902],[-2.051999,51.24267],[-2.051351,51.241333],[-2.051131,51.239943]]]}, "properties": {"id": "b9f59f3b-8b90-4021-b783-5b79509dffc5", "postcode": "SN9 5PL", "group_id": "6cb070a8-3c40-48b7-a594-97fec3894487"}}, {"type": "Feature", "geometry": {"type":"Polygon","coordinates":[[[-1.129984,52.437179],[-1.130094,52.436571],[-1.130396,52.435989],[-1.130878,52.435453],[-1.131521,52.434986],[-1.132302,52.434604],[-1.133189,52.434322],[-1.134149,52.434152],[-1.135145,52.434099],[-1.136139,52.434166],[-1.137092,52.434351],[-1.137968,52.434645],[-1.138733,52.435038],[-1.139358,52.435515],[-1.139819,52.436058],[-1.140098,52.436645],[-1.140184,52.437253],[-1.140074,52.437861],[-1.139773,52.438443],[-1.139291,52.438979],[-1.138648,52.439446],[-1.137867,52.439828],[-1.13698,52.44011],[-1.136019,52.44028],[-1.135023,52.440333],[-1.134029,52.440266],[-1.133076,52.440082],[-1.1322,52.439787],[-1.131435,52.439394],[-1.13081,52.438917],[-1.130349,52.438374],[-1.13007,52.437788],[-1.129984,52.437179]]]}, "properties": {"id": "ba55759c-1919-4a3c-b728-6059249b254a", "postcode": "LE17 6EQ", "group_id": "e54a5321-7fcc-4788-be08-0b155cf09bdf"}}, {"type": "Feature", "geometry": {"type":"Polygon","coordinates":[[[-2.409762,53.026257],[-2.409923,53.025207],[-2.410421,53.024196],[-2.411237,53.023263],[-2.412339,53.022443],[-2.413685,53.021769],[-2.415224,53.021267],[-2.416895,53.020955],[-2.418635,53.020845],[-2.420377,53.020942],[-2.422054,53.021243],[-2.423602,53.021734],[-2.424961,53.022399],[-2.426078,53.02321],[-2.426912,53.024138],[-2.42743,53.025145],[-2.427612,53.026195],[-2.427451,53.027245],[-2.426953,53.028256],[-2.426137,53.02919],[-2.425035,53.030009],[-2.423689,53.030683],[-2.422151,53.031186],[-2.420479,53.031498],[-2.418739,53.031607],[-2.416997,53.03151],[-2.415319,53.03121],[-2.413771,53.030718],[-2.412412,53.030053],[-2.411294,53.029242],[-2.410461,53.028314],[-2.409943,53.027307],[-2.409762,53.026257]]]}, "properties": {"id": "bb986bb7-83a9-4a19-9312-5c49dcb8e349", "postcode": "CW5 7NP", "group_id": "dccc074a-fb77-427b-bb72-8b017ca09618"}}, {"type": "Feature", "geometry": {"type":"Polygon","coordinates":[[[0.102587,53.188988],[0.101809,53.185344],[0.099863,53.181862],[0.096824,53.178675],[0.092809,53.175905],[0.087972,53.173658],[0.082498,53.172022],[0.076599,53.171058],[0.070501,53.170804],[0.064437,53.17127],[0.058641,53.172437],[0.053334,53.174261],[0.048721,53.176671],[0.044979,53.179576],[0.042252,53.182864],[0.040644,53.186408],[0.040219,53.190072],[0.040991,53.193716],[0.042933,53.197199],[0.04597,53.200388],[0.049984,53.20316],[0.054823,53.205407],[0.060299,53.207045],[0.066203,53.20801],[0.072307,53.208264],[0.078376,53.207798],[0.084176,53.20663],[0.089486,53.204805],[0.094099,53.202392],[0.09784,53.199486],[0.100564,53.196197],[0.102167,53.192652],[0.102587,53.188988]]]}, "properties": {"id": "bbf26173-fdc4-4abc-8334-e570dc5f1ec0", "postcode": "PE23 4JN", "group_id": "a033c86a-0f6d-4e14-bd3d-8868b2867314"}}, {"type": "Feature", "geometry": {"type":"Polygon","coordinates":[[[-1.574371,51.555033],[-1.574753,51.552751],[-1.575842,51.550559],[-1.577595,51.548542],[-1.579946,51.546777],[-1.582804,51.545331],[-1.586059,51.544261],[-1.589586,51.543608],[-1.59325,51.543395],[-1.59691,51.543633],[-1.600425,51.544311],[-1.603661,51.545404],[-1.606493,51.546869],[-1.608812,51.54865],[-1.61053,51.550679],[-1.611579,51.552878],[-1.611921,51.555163],[-1.611541,51.557445],[-1.610453,51.559637],[-1.608701,51.561655],[-1.60635,51.563421],[-1.603492,51.564867],[-1.600236,51.565937],[-1.596707,51.566591],[-1.593041,51.566803],[-1.58938,51.566566],[-1.585863,51.565887],[-1.582626,51.564794],[-1.579794,51.563329],[-1.577475,51.561547],[-1.575758,51.559517],[-1.57471,51.557318],[-1.574371,51.555033]]]}, "properties": {"id": "bc5ff3c3-e4f0-4881-805b-32103a79f8fb", "postcode": "SN6 8LX", "group_id": "a09108de-6364-4e32-a2be-262ce0d3b66b"}}, {"type": "Feature", "geometry": {"type":"Polygon","coordinates":[[[-2.616125,53.027607],[-2.61621,53.027037],[-2.616478,53.026487],[-2.616919,53.02598],[-2.617515,53.025534],[-2.618244,53.025167],[-2.619078,53.024893],[-2.619984,53.024722],[-2.620928,53.024661],[-2.621874,53.024712],[-2.622786,53.024874],[-2.623627,53.025139],[-2.624366,53.025499],[-2.624975,53.025938],[-2.62543,53.026441],[-2.625714,53.026987],[-2.625815,53.027557],[-2.625731,53.028127],[-2.625463,53.028676],[-2.625022,53.029184],[-2.624426,53.029629],[-2.623697,53.029997],[-2.622863,53.030271],[-2.621957,53.030442],[-2.621012,53.030503],[-2.620066,53.030452],[-2.619155,53.03029],[-2.618313,53.030025],[-2.617574,53.029665],[-2.616965,53.029226],[-2.61651,53.028723],[-2.616227,53.028177],[-2.616125,53.027607]]]}, "properties": {"id": "bc6c2522-643a-48ea-abc3-e2927e791365", "postcode": "CW5 8BS", "group_id": "dccc074a-fb77-427b-bb72-8b017ca09618"}}, {"type": "Feature", "geometry": {"type":"Polygon","coordinates":[[[-0.639299,52.362311],[-0.639746,52.35998],[-0.640928,52.357747],[-0.642798,52.355698],[-0.645285,52.353912],[-0.648292,52.352458],[-0.651706,52.35139],[-0.655394,52.350751],[-0.659214,52.350564],[-0.663021,52.350837],[-0.666668,52.35156],[-0.670014,52.352704],[-0.672932,52.354226],[-0.675309,52.356067],[-0.677054,52.358157],[-0.678099,52.360415],[-0.678405,52.362755],[-0.67796,52.365086],[-0.67678,52.367319],[-0.674911,52.369368],[-0.672425,52.371155],[-0.669416,52.37261],[-0.666002,52.373678],[-0.662312,52.374318],[-0.658489,52.374505],[-0.654681,52.374232],[-0.651032,52.373509],[-0.647685,52.372364],[-0.644767,52.370841],[-0.64239,52.368999],[-0.640647,52.366909],[-0.639603,52.364651],[-0.639299,52.362311]]]}, "properties": {"id": "bcb7fb17-0e7d-484b-b082-2911585d75e1", "postcode": "NN9 5HN", "group_id": "8a24e1d6-3fcd-4ab7-8c9b-faea6bdd4373"}}, {"type": "Feature", "geometry": {"type":"Polygon","coordinates":[[[-0.639299,52.362311],[-0.639746,52.35998],[-0.640928,52.357747],[-0.642798,52.355698],[-0.645285,52.353912],[-0.648292,52.352458],[-0.651706,52.35139],[-0.655394,52.350751],[-0.659214,52.350564],[-0.663021,52.350837],[-0.666668,52.35156],[-0.670014,52.352704],[-0.672932,52.354226],[-0.675309,52.356067],[-0.677054,52.358157],[-0.678099,52.360415],[-0.678405,52.362755],[-0.67796,52.365086],[-0.67678,52.367319],[-0.674911,52.369368],[-0.672425,52.371155],[-0.669416,52.37261],[-0.666002,52.373678],[-0.662312,52.374318],[-0.658489,52.374505],[-0.654681,52.374232],[-0.651032,52.373509],[-0.647685,52.372364],[-0.644767,52.370841],[-0.64239,52.368999],[-0.640647,52.366909],[-0.639603,52.364651],[-0.639299,52.362311]]]}, "properties": {"id": "bcb7fb17-0e7d-484b-b082-2911585d75e1", "postcode": "NN9 5HN", "group_id": "79b6ee0b-f1e1-4e97-8270-4fc003a7d8dc"}}, {"type": "Feature", "geometry": {"type":"Polygon","coordinates":[[[-0.329502,52.53426],[-0.329698,52.533282],[-0.330203,52.532345],[-0.330998,52.531486],[-0.332052,52.530739],[-0.333325,52.530131],[-0.334768,52.529687],[-0.336326,52.529422],[-0.337938,52.529348],[-0.339542,52.529467],[-0.341078,52.529775],[-0.342486,52.53026],[-0.343712,52.530903],[-0.344709,52.531679],[-0.345438,52.532559],[-0.345872,52.533509],[-0.345993,52.534492],[-0.345798,52.535471],[-0.345293,52.536407],[-0.344499,52.537266],[-0.343444,52.538013],[-0.342171,52.538621],[-0.340728,52.539066],[-0.33917,52.53933],[-0.337558,52.539404],[-0.335953,52.539285],[-0.334417,52.538977],[-0.333008,52.538493],[-0.331783,52.53785],[-0.330786,52.537073],[-0.330057,52.536193],[-0.329623,52.535243],[-0.329502,52.53426]]]}, "properties": {"id": "bcdc3619-e8b0-4bd0-998d-952f8faaaaad", "postcode": "PE7 3UA", "group_id": "8a24e1d6-3fcd-4ab7-8c9b-faea6bdd4373"}}, {"type": "Feature", "geometry": {"type":"Polygon","coordinates":[[[-1.031306,52.491576],[-1.031384,52.49115],[-1.031596,52.490742],[-1.031935,52.490368],[-1.032387,52.490041],[-1.032935,52.489774],[-1.033557,52.489577],[-1.034231,52.489458],[-1.034929,52.489422],[-1.035626,52.48947],[-1.036294,52.489599],[-1.036908,52.489806],[-1.037444,52.490082],[-1.037881,52.490416],[-1.038203,52.490796],[-1.038398,52.491207],[-1.038457,52.491634],[-1.038379,52.492059],[-1.038167,52.492467],[-1.037828,52.492842],[-1.037376,52.493169],[-1.036828,52.493436],[-1.036206,52.493633],[-1.035532,52.493751],[-1.034834,52.493787],[-1.034137,52.49374],[-1.033469,52.49361],[-1.032855,52.493403],[-1.032319,52.493128],[-1.031882,52.492793],[-1.031559,52.492413],[-1.031365,52.492002],[-1.031306,52.491576]]]}, "properties": {"id": "bd4c589f-f67a-47e2-95d7-e0f79af2728c", "postcode": "LE17 6FS", "group_id": "f4284e39-e56b-48d7-9087-c1abebec366f"}}, {"type": "Feature", "geometry": {"type":"Polygon","coordinates":[[[-3.891449,50.833673],[-3.891592,50.832427],[-3.892116,50.831223],[-3.893001,50.830107],[-3.894212,50.829121],[-3.895704,50.828304],[-3.897419,50.827688],[-3.899291,50.827294],[-3.901248,50.82714],[-3.903215,50.82723],[-3.905116,50.827562],[-3.906879,50.828122],[-3.908435,50.828889],[-3.909725,50.829834],[-3.910699,50.83092],[-3.91132,50.832105],[-3.911564,50.833345],[-3.911422,50.834591],[-3.910898,50.835795],[-3.910014,50.836911],[-3.908802,50.837897],[-3.90731,50.838714],[-3.905595,50.839331],[-3.903723,50.839724],[-3.901766,50.839879],[-3.899798,50.839788],[-3.897897,50.839456],[-3.896134,50.838896],[-3.894577,50.838129],[-3.893287,50.837184],[-3.892313,50.836098],[-3.891693,50.834912],[-3.891449,50.833673]]]}, "properties": {"id": "bd8a75f2-7ab3-48a0-bd0e-10c1c0dabd5f", "postcode": "EX18 7SL", "group_id": "b148cd75-c32d-44e8-806e-85688ab1d059"}}, {"type": "Feature", "geometry": {"type":"Polygon","coordinates":[[[1.174467,51.820386],[1.174264,51.819504],[1.173787,51.818664],[1.173056,51.817898],[1.172097,51.817235],[1.170948,51.816701],[1.169652,51.816316],[1.168261,51.816094],[1.166826,51.816046],[1.165404,51.816171],[1.164049,51.816467],[1.162812,51.81692],[1.161742,51.817514],[1.16088,51.818226],[1.160258,51.819029],[1.159901,51.819892],[1.159823,51.820781],[1.160025,51.821662],[1.160502,51.822502],[1.161233,51.823268],[1.162192,51.823932],[1.163341,51.824466],[1.164637,51.824851],[1.166029,51.825072],[1.167463,51.825121],[1.168886,51.824995],[1.170241,51.8247],[1.171478,51.824247],[1.172548,51.823652],[1.17341,51.82294],[1.174032,51.822137],[1.174388,51.821275],[1.174467,51.820386]]]}, "properties": {"id": "bd9d57fc-f568-4548-98a5-e0444b4420d1", "postcode": "CM3 4 JP", "group_id": "e0454012-1295-46e6-b208-52cac7018f1f"}}, {"type": "Feature", "geometry": {"type":"Polygon","coordinates":[[[-0.11025,53.242929],[-0.110446,53.241993],[-0.110942,53.241098],[-0.111719,53.240277],[-0.112749,53.239564],[-0.113991,53.238985],[-0.115397,53.238562],[-0.116913,53.238312],[-0.118482,53.238245],[-0.120042,53.238362],[-0.121535,53.238659],[-0.122902,53.239126],[-0.124091,53.239743],[-0.125057,53.240488],[-0.125761,53.241331],[-0.126178,53.242241],[-0.126292,53.243182],[-0.126096,53.244119],[-0.1256,53.245014],[-0.124823,53.245834],[-0.123793,53.246548],[-0.122552,53.247127],[-0.121145,53.24755],[-0.119629,53.2478],[-0.11806,53.247867],[-0.116499,53.24775],[-0.115006,53.247453],[-0.113639,53.246986],[-0.11245,53.246368],[-0.111484,53.245624],[-0.110779,53.24478],[-0.110363,53.24387],[-0.11025,53.242929]]]}, "properties": {"id": "bee00739-f7bf-4c62-8bc6-423be75dfb66", "postcode": "LN9 5PZ", "group_id": "60a73ad8-56fc-4c6a-942c-8d42700b5038"}}, {"type": "Feature", "geometry": {"type":"Polygon","coordinates":[[[-2.174024,50.791144],[-2.174353,50.788979],[-2.175341,50.786896],[-2.176951,50.784976],[-2.179121,50.783291],[-2.181767,50.781908],[-2.184788,50.780878],[-2.188068,50.780241],[-2.191481,50.780022],[-2.194896,50.78023],[-2.198181,50.780856],[-2.20121,50.781876],[-2.203868,50.783251],[-2.206052,50.784928],[-2.207677,50.786843],[-2.208683,50.788922],[-2.209028,50.791086],[-2.208702,50.793251],[-2.207715,50.795334],[-2.206106,50.797255],[-2.203936,50.798939],[-2.20129,50.800324],[-2.198268,50.801354],[-2.194986,50.801991],[-2.191572,50.80221],[-2.188156,50.802002],[-2.184869,50.801376],[-2.181839,50.800356],[-2.179181,50.79898],[-2.176997,50.797302],[-2.175373,50.795387],[-2.174369,50.793307],[-2.174024,50.791144]]]}, "properties": {"id": "bf2737b2-b74f-4c65-a851-e1cd7365a302", "postcode": "DT11 9AT", "group_id": "6cb070a8-3c40-48b7-a594-97fec3894487"}}, {"type": "Feature", "geometry": {"type":"Polygon","coordinates":[[[-0.619254,53.2177],[-0.619391,53.217006],[-0.61975,53.216341],[-0.620319,53.215731],[-0.621075,53.2152],[-0.621989,53.214767],[-0.623026,53.214449],[-0.624147,53.214259],[-0.625308,53.214204],[-0.626465,53.214286],[-0.627572,53.214501],[-0.628589,53.214843],[-0.629475,53.215296],[-0.630196,53.215845],[-0.630725,53.216468],[-0.631042,53.217141],[-0.631134,53.217837],[-0.630998,53.218532],[-0.630638,53.219197],[-0.63007,53.219807],[-0.629314,53.220338],[-0.628399,53.220771],[-0.627362,53.221089],[-0.626241,53.221279],[-0.62508,53.221334],[-0.623923,53.221252],[-0.622815,53.221037],[-0.621799,53.220695],[-0.620913,53.220242],[-0.620191,53.219693],[-0.619662,53.21907],[-0.619346,53.218397],[-0.619254,53.2177]]]}, "properties": {"id": "bf401766-95d5-4232-b3f0-13b203b86f07", "postcode": "LN6 4RP", "group_id": "60a73ad8-56fc-4c6a-942c-8d42700b5038"}}, {"type": "Feature", "geometry": {"type":"Polygon","coordinates":[[[-2.523335,52.894351],[-2.523488,52.893332],[-2.523968,52.892351],[-2.524755,52.891445],[-2.525818,52.890649],[-2.527119,52.889994],[-2.528605,52.889505],[-2.530221,52.8892],[-2.531903,52.889092],[-2.533589,52.889185],[-2.535212,52.889475],[-2.53671,52.889951],[-2.538026,52.890594],[-2.539109,52.89138],[-2.539918,52.892279],[-2.540422,52.893256],[-2.5406,52.894274],[-2.540447,52.895293],[-2.539968,52.896275],[-2.539181,52.897181],[-2.538117,52.897977],[-2.536817,52.898632],[-2.53533,52.899122],[-2.533714,52.899426],[-2.532031,52.899534],[-2.530346,52.899441],[-2.528723,52.899151],[-2.527224,52.898675],[-2.525908,52.898032],[-2.524825,52.897246],[-2.524016,52.896346],[-2.523513,52.895369],[-2.523335,52.894351]]]}, "properties": {"id": "c0cf717b-ce2b-4d68-bcab-0214800564a4", "postcode": "TF9 3PS", "group_id": "cb77a7b6-9cf0-4a11-b659-cda47f2a0cbc"}}, {"type": "Feature", "geometry": {"type":"Polygon","coordinates":[[[0.544422,51.926588],[0.544008,51.924681],[0.543002,51.922861],[0.54144,51.921196],[0.539383,51.919753],[0.53691,51.918585],[0.534117,51.917737],[0.531109,51.917243],[0.528004,51.917121],[0.52492,51.917376],[0.521975,51.917998],[0.519284,51.918963],[0.516948,51.920235],[0.515058,51.921763],[0.513687,51.923491],[0.512887,51.92535],[0.512689,51.92727],[0.513101,51.929178],[0.514107,51.930998],[0.515668,51.932663],[0.517724,51.934107],[0.520198,51.935276],[0.522992,51.936123],[0.526,51.936618],[0.529107,51.93674],[0.532192,51.936485],[0.535138,51.935862],[0.53783,51.934897],[0.540166,51.933625],[0.542056,51.932096],[0.543426,51.930368],[0.544225,51.928509],[0.544422,51.926588]]]}, "properties": {"id": "c1a92e2a-826d-4165-bff2-1cad4a7f0e44", "postcode": "CO9 4DQ", "group_id": "e0454012-1295-46e6-b208-52cac7018f1f"}}, {"type": "Feature", "geometry": {"type":"Polygon","coordinates":[[[-2.321883,53.115619],[-2.32218,53.113718],[-2.323088,53.111888],[-2.324571,53.1102],[-2.326573,53.108719],[-2.329016,53.107501],[-2.331807,53.106593],[-2.334839,53.10603],[-2.337995,53.105834],[-2.341154,53.106012],[-2.344195,53.106558],[-2.347,53.10745],[-2.349463,53.108654],[-2.351487,53.110124],[-2.352997,53.111803],[-2.353933,53.113628],[-2.35426,53.115527],[-2.353964,53.117428],[-2.353058,53.119258],[-2.351576,53.120946],[-2.349574,53.122428],[-2.347131,53.123646],[-2.344339,53.124555],[-2.341305,53.125118],[-2.338148,53.125314],[-2.334988,53.125135],[-2.331946,53.12459],[-2.32914,53.123697],[-2.326677,53.122493],[-2.324652,53.121023],[-2.323144,53.119343],[-2.322209,53.117518],[-2.321883,53.115619]]]}, "properties": {"id": "c2397880-4b25-4255-b68d-61f4ef8b6368", "postcode": "CW11 4HJ", "group_id": "dccc074a-fb77-427b-bb72-8b017ca09618"}}, {"type": "Feature", "geometry": {"type":"Polygon","coordinates":[[[-1.395873,50.933273],[-1.396146,50.931662],[-1.39691,50.930116],[-1.398137,50.928693],[-1.399779,50.927449],[-1.401774,50.926432],[-1.404045,50.925679],[-1.406504,50.925222],[-1.409057,50.925076],[-1.411606,50.925247],[-1.414053,50.92573],[-1.416304,50.926505],[-1.418273,50.927543],[-1.419884,50.928803],[-1.421074,50.930238],[-1.421799,50.931792],[-1.422031,50.933406],[-1.421759,50.935017],[-1.420996,50.936563],[-1.419769,50.937986],[-1.418127,50.939231],[-1.416132,50.940248],[-1.413861,50.941001],[-1.411401,50.941459],[-1.408847,50.941605],[-1.406297,50.941433],[-1.40385,50.94095],[-1.401598,50.940175],[-1.399629,50.939137],[-1.398018,50.937876],[-1.396828,50.936441],[-1.396104,50.934887],[-1.395873,50.933273]]]}, "properties": {"id": "c28fd555-9b89-448a-ac32-a1da0e046177", "postcode": "PO18 9JP", "group_id": "3bb0c4da-bdd4-47be-913f-c10e377b5d72"}}, {"type": "Feature", "geometry": {"type":"Polygon","coordinates":[[[-2.314628,53.267508],[-2.314779,53.266543],[-2.315241,53.265615],[-2.315996,53.264759],[-2.317016,53.264007],[-2.31826,53.263389],[-2.319682,53.262929],[-2.321226,53.262644],[-2.322833,53.262544],[-2.324441,53.262635],[-2.32599,53.262912],[-2.327418,53.263365],[-2.328672,53.263976],[-2.329702,53.264722],[-2.330471,53.265574],[-2.330947,53.2665],[-2.331113,53.267463],[-2.330962,53.268428],[-2.3305,53.269356],[-2.329745,53.270213],[-2.328725,53.270964],[-2.327481,53.271582],[-2.326059,53.272043],[-2.324515,53.272328],[-2.322907,53.272427],[-2.321298,53.272337],[-2.31975,53.27206],[-2.318321,53.271607],[-2.317068,53.270996],[-2.316037,53.27025],[-2.315269,53.269397],[-2.314793,53.268472],[-2.314628,53.267508]]]}, "properties": {"id": "c35e9d4d-3bf1-4a48-8896-9c2c240beb0b", "postcode": "WA16 8TW", "group_id": "dccc074a-fb77-427b-bb72-8b017ca09618"}}, {"type": "Feature", "geometry": {"type":"Polygon","coordinates":[[[-1.878419,51.903791],[-1.878663,51.902283],[-1.879378,51.900834],[-1.880537,51.899499],[-1.882094,51.898329],[-1.883989,51.89737],[-1.886151,51.896657],[-1.888496,51.89622],[-1.890934,51.896073],[-1.893371,51.896224],[-1.895714,51.896666],[-1.897872,51.897382],[-1.899764,51.898345],[-1.901315,51.899518],[-1.902467,51.900855],[-1.903175,51.902306],[-1.903411,51.903814],[-1.903168,51.905322],[-1.902454,51.906771],[-1.901296,51.908107],[-1.899739,51.909277],[-1.897843,51.910236],[-1.895681,51.910949],[-1.893335,51.911387],[-1.890897,51.911533],[-1.888459,51.911382],[-1.886115,51.91094],[-1.883956,51.910224],[-1.882065,51.90926],[-1.880514,51.908087],[-1.879363,51.90675],[-1.878655,51.905299],[-1.878419,51.903791]]]}, "properties": {"id": "c3df6198-5c01-4e2e-9a3c-387cc4d38f55", "postcode": "GL54 5SZ", "group_id": "cc94d8f7-66af-4ed5-ac46-42b640648e8a"}}, {"type": "Feature", "geometry": {"type":"Polygon","coordinates":[[[0.429235,51.735776],[0.429001,51.734679],[0.428428,51.733631],[0.427536,51.732673],[0.42636,51.731842],[0.424946,51.731169],[0.423348,51.73068],[0.421626,51.730394],[0.419848,51.730322],[0.418082,51.730467],[0.416395,51.730823],[0.414852,51.731377],[0.413513,51.732107],[0.412428,51.732985],[0.411641,51.733977],[0.41118,51.735046],[0.411064,51.73615],[0.411297,51.737247],[0.411871,51.738295],[0.412762,51.739253],[0.413938,51.740084],[0.415352,51.740757],[0.416951,51.741246],[0.418673,51.741532],[0.420451,51.741604],[0.422218,51.741459],[0.423905,51.741103],[0.425448,51.740549],[0.426788,51.739819],[0.427872,51.738941],[0.428659,51.737949],[0.429119,51.73688],[0.429235,51.735776]]]}, "properties": {"id": "c3e7da59-6e09-4b2c-82e9-0bb32ddc7d4a", "postcode": "CM1 3SD", "group_id": "e0454012-1295-46e6-b208-52cac7018f1f"}}, {"type": "Feature", "geometry": {"type":"Polygon","coordinates":[[[-1.193323,51.004958],[-1.193531,51.003761],[-1.194105,51.002614],[-1.195022,51.001559],[-1.196248,51.000637],[-1.197735,50.999883],[-1.199427,50.999328],[-1.201258,50.998991],[-1.203158,50.998886],[-1.205053,50.999017],[-1.206872,50.999378],[-1.208544,50.999957],[-1.210006,51.00073],[-1.2112,51.001669],[-1.212081,51.002736],[-1.212615,51.003891],[-1.212781,51.00509],[-1.212574,51.006286],[-1.212001,51.007434],[-1.211084,51.008489],[-1.209858,51.009411],[-1.208371,51.010165],[-1.206679,51.010721],[-1.204848,51.011058],[-1.202947,51.011163],[-1.201051,51.011032],[-1.199232,51.01067],[-1.197559,51.010091],[-1.196098,51.009318],[-1.194904,51.008379],[-1.194023,51.007312],[-1.19349,51.006156],[-1.193323,51.004958]]]}, "properties": {"id": "c56e821e-9ba2-45b2-a4f4-185d1d184e39", "postcode": "SO21 2JH", "group_id": "3bb0c4da-bdd4-47be-913f-c10e377b5d72"}}, {"type": "Feature", "geometry": {"type":"Polygon","coordinates":[[[-1.193323,51.004958],[-1.193531,51.003761],[-1.194105,51.002614],[-1.195022,51.001559],[-1.196248,51.000637],[-1.197735,50.999883],[-1.199427,50.999328],[-1.201258,50.998991],[-1.203158,50.998886],[-1.205053,50.999017],[-1.206872,50.999378],[-1.208544,50.999957],[-1.210006,51.00073],[-1.2112,51.001669],[-1.212081,51.002736],[-1.212615,51.003891],[-1.212781,51.00509],[-1.212574,51.006286],[-1.212001,51.007434],[-1.211084,51.008489],[-1.209858,51.009411],[-1.208371,51.010165],[-1.206679,51.010721],[-1.204848,51.011058],[-1.202947,51.011163],[-1.201051,51.011032],[-1.199232,51.01067],[-1.197559,51.010091],[-1.196098,51.009318],[-1.194904,51.008379],[-1.194023,51.007312],[-1.19349,51.006156],[-1.193323,51.004958]]]}, "properties": {"id": "c56e821e-9ba2-45b2-a4f4-185d1d184e39", "postcode": "SO21 2JH", "group_id": "e8167295-d7f4-4671-913e-f90e96ce8190"}}, {"type": "Feature", "geometry": {"type":"Polygon","coordinates":[[[-0.967429,53.395949],[-0.967731,53.394358],[-0.968545,53.392832],[-0.969842,53.391431],[-0.971571,53.390208],[-0.973666,53.38921],[-0.976046,53.388476],[-0.97862,53.388033],[-0.981289,53.387899],[-0.983951,53.388078],[-0.986503,53.388565],[-0.988847,53.38934],[-0.990894,53.390373],[-0.992564,53.391625],[-0.993793,53.393048],[-0.994534,53.394586],[-0.994759,53.396182],[-0.994459,53.397773],[-0.993645,53.399299],[-0.992349,53.4007],[-0.99062,53.401924],[-0.988525,53.402922],[-0.986144,53.403657],[-0.983569,53.4041],[-0.980899,53.404234],[-0.978237,53.404054],[-0.975684,53.403567],[-0.973339,53.402792],[-0.971292,53.401759],[-0.969623,53.400506],[-0.968394,53.399083],[-0.967653,53.397545],[-0.967429,53.395949]]]}, "properties": {"id": "c5bd492d-b48b-43b3-8798-003367e33fad", "postcode": "DN10 5HB", "group_id": "fceea007-3092-4ffe-98fc-ee9a5d2641c9"}}, {"type": "Feature", "geometry": {"type":"Polygon","coordinates":[[[-0.967429,53.395949],[-0.967731,53.394358],[-0.968545,53.392832],[-0.969842,53.391431],[-0.971571,53.390208],[-0.973666,53.38921],[-0.976046,53.388476],[-0.97862,53.388033],[-0.981289,53.387899],[-0.983951,53.388078],[-0.986503,53.388565],[-0.988847,53.38934],[-0.990894,53.390373],[-0.992564,53.391625],[-0.993793,53.393048],[-0.994534,53.394586],[-0.994759,53.396182],[-0.994459,53.397773],[-0.993645,53.399299],[-0.992349,53.4007],[-0.99062,53.401924],[-0.988525,53.402922],[-0.986144,53.403657],[-0.983569,53.4041],[-0.980899,53.404234],[-0.978237,53.404054],[-0.975684,53.403567],[-0.973339,53.402792],[-0.971292,53.401759],[-0.969623,53.400506],[-0.968394,53.399083],[-0.967653,53.397545],[-0.967429,53.395949]]]}, "properties": {"id": "c5bd492d-b48b-43b3-8798-003367e33fad", "postcode": "DN10 5HB", "group_id": "a008d98b-f2c0-4ac7-ba48-7c9e4b7f6b48"}}, {"type": "Feature", "geometry": {"type":"Polygon","coordinates":[[[-1.689,52.702492],[-1.689229,52.701137],[-1.68989,52.699835],[-1.690955,52.698637],[-1.692385,52.697588],[-1.694124,52.696728],[-1.696106,52.696091],[-1.698254,52.695701],[-1.700486,52.695573],[-1.702716,52.695712],[-1.704859,52.696113],[-1.706832,52.69676],[-1.708559,52.697629],[-1.709974,52.698685],[-1.711023,52.699889],[-1.711666,52.701194],[-1.711877,52.70255],[-1.711648,52.703905],[-1.710988,52.705207],[-1.709923,52.706405],[-1.708494,52.707455],[-1.706754,52.708315],[-1.704772,52.708952],[-1.702624,52.709342],[-1.700391,52.70947],[-1.69816,52.709331],[-1.696017,52.70893],[-1.694043,52.708282],[-1.692316,52.707414],[-1.690901,52.706357],[-1.689852,52.705153],[-1.68921,52.703848],[-1.689,52.702492]]]}, "properties": {"id": "c60e1a49-4d27-4865-a3c0-a2e7c3e8d9d8", "postcode": "B79 9DR", "group_id": "97c036e3-0da2-4ee0-a282-91d63dbd9412"}}, {"type": "Feature", "geometry": {"type":"Polygon","coordinates":[[[-2.56377,53.189832],[-2.56384,53.189364],[-2.564062,53.188913],[-2.564425,53.188496],[-2.564917,53.18813],[-2.565519,53.187829],[-2.566206,53.187604],[-2.566954,53.187464],[-2.567732,53.187414],[-2.568512,53.187456],[-2.569263,53.187589],[-2.569957,53.187808],[-2.570566,53.188103],[-2.571068,53.188464],[-2.571442,53.188877],[-2.571675,53.189326],[-2.571758,53.189794],[-2.571688,53.190262],[-2.571467,53.190714],[-2.571103,53.19113],[-2.570611,53.191496],[-2.57001,53.191797],[-2.569322,53.192022],[-2.568574,53.192162],[-2.567796,53.192212],[-2.567016,53.19217],[-2.566265,53.192037],[-2.565571,53.191818],[-2.564962,53.191523],[-2.56446,53.191162],[-2.564086,53.190749],[-2.563852,53.1903],[-2.56377,53.189832]]]}, "properties": {"id": "c6bfd7ba-128f-4ac3-bb94-85f4812e5959", "postcode": "CW72QR", "group_id": "dccc074a-fb77-427b-bb72-8b017ca09618"}}, {"type": "Feature", "geometry": {"type":"Polygon","coordinates":[[[0.187074,52.230643],[0.186782,52.229253],[0.186054,52.227924],[0.184918,52.226708],[0.183417,52.225652],[0.18161,52.224796],[0.179565,52.224172],[0.177362,52.223806],[0.175085,52.223711],[0.172821,52.22389],[0.170658,52.224337],[0.168678,52.225034],[0.166957,52.225955],[0.165562,52.227065],[0.164547,52.228321],[0.16395,52.229673],[0.163794,52.231072],[0.164086,52.232462],[0.164813,52.233791],[0.165949,52.235007],[0.16745,52.236063],[0.169257,52.23692],[0.171302,52.237543],[0.173506,52.23791],[0.175784,52.238005],[0.178048,52.237826],[0.180212,52.237379],[0.182193,52.236681],[0.183913,52.23576],[0.185308,52.23465],[0.186323,52.233394],[0.186919,52.232041],[0.187074,52.230643]]]}, "properties": {"id": "c6e76052-74b3-4cb8-a4b5-a61d1d072c8a", "postcode": "CB25 9NN", "group_id": "3bd8b114-f504-4798-b91b-aaf4e4fbd4de"}}, {"type": "Feature", "geometry": {"type":"Polygon","coordinates":[[[0.187074,52.230643],[0.186782,52.229253],[0.186054,52.227924],[0.184918,52.226708],[0.183417,52.225652],[0.18161,52.224796],[0.179565,52.224172],[0.177362,52.223806],[0.175085,52.223711],[0.172821,52.22389],[0.170658,52.224337],[0.168678,52.225034],[0.166957,52.225955],[0.165562,52.227065],[0.164547,52.228321],[0.16395,52.229673],[0.163794,52.231072],[0.164086,52.232462],[0.164813,52.233791],[0.165949,52.235007],[0.16745,52.236063],[0.169257,52.23692],[0.171302,52.237543],[0.173506,52.23791],[0.175784,52.238005],[0.178048,52.237826],[0.180212,52.237379],[0.182193,52.236681],[0.183913,52.23576],[0.185308,52.23465],[0.186323,52.233394],[0.186919,52.232041],[0.187074,52.230643]]]}, "properties": {"id": "c6e76052-74b3-4cb8-a4b5-a61d1d072c8a", "postcode": "CB25 9NN", "group_id": "e20625b4-ebe0-478a-a825-d3d10301dfad"}}, {"type": "Feature", "geometry": {"type":"Polygon","coordinates":[[[-1.774638,52.735389],[-1.774851,52.734119],[-1.775468,52.732899],[-1.776464,52.731775],[-1.777803,52.730791],[-1.779433,52.729984],[-1.78129,52.729386],[-1.783303,52.729019],[-1.785396,52.728898],[-1.787488,52.729027],[-1.789498,52.729401],[-1.791349,52.730006],[-1.792971,52.730818],[-1.7943,52.731807],[-1.795286,52.732935],[-1.79589,52.734157],[-1.796091,52.735428],[-1.795879,52.736697],[-1.795262,52.737918],[-1.794266,52.739042],[-1.792927,52.740026],[-1.791298,52.740833],[-1.78944,52.741431],[-1.787426,52.741798],[-1.785332,52.741919],[-1.78324,52.74179],[-1.78123,52.741416],[-1.779378,52.740811],[-1.777757,52.739998],[-1.776427,52.739009],[-1.775442,52.737882],[-1.774838,52.736659],[-1.774638,52.735389]]]}, "properties": {"id": "c7568048-9948-4319-b702-604757c3552b", "postcode": "DE13 7DG", "group_id": "97c036e3-0da2-4ee0-a282-91d63dbd9412"}}, {"type": "Feature", "geometry": {"type":"Polygon","coordinates":[[[-2.089422,52.084022],[-2.089753,52.081931],[-2.090739,52.079919],[-2.092342,52.078065],[-2.094503,52.076439],[-2.097136,52.075103],[-2.100141,52.07411],[-2.103403,52.073497],[-2.106797,52.073288],[-2.110191,52.073491],[-2.113456,52.074098],[-2.116466,52.075086],[-2.119105,52.076416],[-2.121273,52.078038],[-2.122886,52.07989],[-2.123882,52.0819],[-2.124222,52.083991],[-2.123893,52.086082],[-2.122909,52.088094],[-2.121306,52.089949],[-2.119146,52.091576],[-2.116512,52.092912],[-2.113506,52.093905],[-2.110243,52.094518],[-2.106848,52.094727],[-2.103452,52.094524],[-2.100186,52.093917],[-2.097175,52.092929],[-2.094535,52.091598],[-2.092367,52.089975],[-2.090755,52.088123],[-2.089761,52.086113],[-2.089422,52.084022]]]}, "properties": {"id": "c75c2b0a-5665-4a49-beb1-107597c69d5a", "postcode": "WR10 3AG", "group_id": "e54a5321-7fcc-4788-be08-0b155cf09bdf"}}, {"type": "Feature", "geometry": {"type":"Polygon","coordinates":[[[-2.451587,52.818352],[-2.451857,52.816575],[-2.452695,52.814864],[-2.454067,52.813284],[-2.455921,52.811898],[-2.458186,52.810757],[-2.460774,52.809905],[-2.463587,52.809376],[-2.466516,52.80919],[-2.469449,52.809353],[-2.472273,52.80986],[-2.47488,52.810691],[-2.477169,52.811814],[-2.479053,52.813186],[-2.480459,52.814754],[-2.481333,52.816459],[-2.481641,52.818234],[-2.481372,52.820011],[-2.480536,52.821722],[-2.479164,52.823302],[-2.47731,52.824689],[-2.475045,52.82583],[-2.472456,52.826682],[-2.469642,52.827211],[-2.466712,52.827397],[-2.463778,52.827234],[-2.460952,52.826727],[-2.458345,52.825896],[-2.456056,52.824772],[-2.454172,52.8234],[-2.452767,52.821831],[-2.451894,52.820127],[-2.451587,52.818352]]]}, "properties": {"id": "c78e00a2-9320-4dff-8528-612f5988270c", "postcode": "TF9 2TG", "group_id": "cb77a7b6-9cf0-4a11-b659-cda47f2a0cbc"}}, {"type": "Feature", "geometry": {"type":"Polygon","coordinates":[[[-1.577901,51.017631],[-1.578138,51.016198],[-1.578814,51.014821],[-1.579902,51.013555],[-1.581361,51.012446],[-1.583135,51.011539],[-1.585155,51.010867],[-1.587344,51.010456],[-1.589618,51.010323],[-1.591889,51.010472],[-1.594071,51.010898],[-1.59608,51.011584],[-1.597837,51.012504],[-1.599276,51.013623],[-1.600342,51.014897],[-1.600993,51.016278],[-1.601205,51.017713],[-1.600969,51.019146],[-1.600294,51.020522],[-1.599206,51.021789],[-1.597747,51.022898],[-1.595973,51.023806],[-1.593953,51.024478],[-1.591763,51.024888],[-1.589488,51.025022],[-1.587216,51.024872],[-1.585034,51.024446],[-1.583025,51.02376],[-1.581267,51.02284],[-1.579828,51.021721],[-1.578763,51.020446],[-1.578112,51.019065],[-1.577901,51.017631]]]}, "properties": {"id": "c7e0d12a-85c0-4864-adbb-5e3e60c8e649", "postcode": "DT10 2RA", "group_id": "3bb0c4da-bdd4-47be-913f-c10e377b5d72"}}, {"type": "Feature", "geometry": {"type":"Polygon","coordinates":[[[-2.315337,50.789129],[-2.315556,50.78765],[-2.316227,50.786226],[-2.317324,50.784912],[-2.318803,50.783759],[-2.320609,50.782811],[-2.322672,50.782105],[-2.324912,50.781667],[-2.327244,50.781515],[-2.329578,50.781654],[-2.331824,50.782079],[-2.333897,50.782774],[-2.335716,50.783712],[-2.337211,50.784856],[-2.338326,50.786164],[-2.339017,50.787584],[-2.339257,50.789062],[-2.339038,50.790542],[-2.338368,50.791966],[-2.337272,50.79328],[-2.335792,50.794433],[-2.333987,50.795381],[-2.331924,50.796088],[-2.329683,50.796526],[-2.32735,50.796678],[-2.325015,50.796539],[-2.322768,50.796113],[-2.320695,50.795419],[-2.318876,50.794481],[-2.317381,50.793336],[-2.316267,50.792028],[-2.315576,50.790608],[-2.315337,50.789129]]]}, "properties": {"id": "c98f58d7-9768-4ab0-b1ab-ac46ad5fcd95", "postcode": "DT2 7LR", "group_id": "6cb070a8-3c40-48b7-a594-97fec3894487"}}, {"type": "Feature", "geometry": {"type":"Polygon","coordinates":[[[-2.321287,50.800819],[-2.321781,50.797492],[-2.32329,50.79429],[-2.325755,50.791336],[-2.329081,50.788744],[-2.33314,50.786613],[-2.337778,50.785024],[-2.342815,50.78404],[-2.348057,50.783697],[-2.353305,50.784008],[-2.358357,50.784963],[-2.363017,50.786524],[-2.367108,50.788631],[-2.370473,50.791203],[-2.372981,50.794142],[-2.374537,50.797334],[-2.375081,50.800658],[-2.374591,50.803985],[-2.373085,50.807187],[-2.370623,50.810142],[-2.367297,50.812736],[-2.363237,50.814868],[-2.358598,50.816458],[-2.353558,50.817443],[-2.348311,50.817786],[-2.343059,50.817474],[-2.338005,50.816519],[-2.333342,50.814958],[-2.32925,50.812849],[-2.325886,50.810276],[-2.32338,50.807336],[-2.321827,50.804143],[-2.321287,50.800819]]]}, "properties": {"id": "cab96c7e-d14d-4eed-8127-663cc600a638", "postcode": "DT2 7TN", "group_id": "6cb070a8-3c40-48b7-a594-97fec3894487"}}, {"type": "Feature", "geometry": {"type":"Polygon","coordinates":[[[-2.688067,52.825557],[-2.688236,52.82441],[-2.68877,52.823304],[-2.68965,52.822283],[-2.690843,52.821386],[-2.692301,52.820647],[-2.693969,52.820094],[-2.695783,52.819749],[-2.697674,52.819625],[-2.699568,52.819727],[-2.701392,52.82005],[-2.703078,52.820583],[-2.70456,52.821305],[-2.70578,52.822189],[-2.706693,52.823199],[-2.707263,52.824298],[-2.707468,52.825443],[-2.7073,52.826591],[-2.706766,52.827696],[-2.705886,52.828717],[-2.704694,52.829615],[-2.703236,52.830354],[-2.701567,52.830907],[-2.699753,52.831252],[-2.697862,52.831376],[-2.695967,52.831275],[-2.694142,52.830951],[-2.692456,52.830418],[-2.690974,52.829696],[-2.689754,52.828812],[-2.688841,52.827802],[-2.688272,52.826703],[-2.688067,52.825557]]]}, "properties": {"id": "cd539305-0641-4719-b377-64f5221c57fe", "postcode": "SY4 5QA", "group_id": "cb77a7b6-9cf0-4a11-b659-cda47f2a0cbc"}}, {"type": "Feature", "geometry": {"type":"Polygon","coordinates":[[[0.600195,52.036297],[0.599948,52.035163],[0.599346,52.03408],[0.598413,52.033091],[0.597185,52.032233],[0.59571,52.031539],[0.594043,52.031036],[0.59225,52.030743],[0.590398,52.030671],[0.588559,52.030824],[0.586803,52.031195],[0.585199,52.03177],[0.583807,52.032527],[0.582682,52.033437],[0.581866,52.034465],[0.581391,52.035571],[0.581274,52.036713],[0.581522,52.037848],[0.582123,52.03893],[0.583056,52.03992],[0.584283,52.040778],[0.585759,52.041473],[0.587426,52.041976],[0.58922,52.042269],[0.591073,52.04234],[0.592912,52.042188],[0.594668,52.041816],[0.596272,52.041241],[0.597664,52.040484],[0.598789,52.039574],[0.599605,52.038546],[0.60008,52.03744],[0.600195,52.036297]]]}, "properties": {"id": "cdc0474d-690f-4d70-8e51-4b334ffa95c6", "postcode": "CO10 8LD", "group_id": "e0454012-1295-46e6-b208-52cac7018f1f"}}, {"type": "Feature", "geometry": {"type":"Polygon","coordinates":[[[0.600195,52.036297],[0.599948,52.035163],[0.599346,52.03408],[0.598413,52.033091],[0.597185,52.032233],[0.59571,52.031539],[0.594043,52.031036],[0.59225,52.030743],[0.590398,52.030671],[0.588559,52.030824],[0.586803,52.031195],[0.585199,52.03177],[0.583807,52.032527],[0.582682,52.033437],[0.581866,52.034465],[0.581391,52.035571],[0.581274,52.036713],[0.581522,52.037848],[0.582123,52.03893],[0.583056,52.03992],[0.584283,52.040778],[0.585759,52.041473],[0.587426,52.041976],[0.58922,52.042269],[0.591073,52.04234],[0.592912,52.042188],[0.594668,52.041816],[0.596272,52.041241],[0.597664,52.040484],[0.598789,52.039574],[0.599605,52.038546],[0.60008,52.03744],[0.600195,52.036297]]]}, "properties": {"id": "cdc0474d-690f-4d70-8e51-4b334ffa95c6", "postcode": "CO10 8LD", "group_id": "a7783195-830d-421c-96df-c588303c770b"}}, {"type": "Feature", "geometry": {"type":"Polygon","coordinates":[[[-0.426326,52.434747],[-0.426795,52.43237],[-0.428013,52.430094],[-0.429934,52.428007],[-0.432485,52.42619],[-0.435566,52.424711],[-0.439059,52.423628],[-0.442831,52.422982],[-0.446736,52.422799],[-0.450625,52.423085],[-0.454348,52.423829],[-0.457763,52.425002],[-0.460737,52.426561],[-0.463157,52.428444],[-0.46493,52.430579],[-0.465987,52.432885],[-0.466289,52.435272],[-0.465822,52.43765],[-0.464605,52.439926],[-0.462685,52.442013],[-0.460135,52.443832],[-0.457053,52.445311],[-0.453559,52.446394],[-0.449785,52.44704],[-0.445877,52.447224],[-0.441986,52.446938],[-0.438262,52.446193],[-0.434846,52.445019],[-0.431872,52.44346],[-0.429452,52.441577],[-0.42768,52.439441],[-0.426625,52.437135],[-0.426326,52.434747]]]}, "properties": {"id": "cef96442-4bcd-4d83-beb2-383d54c5c4c1", "postcode": "PE8 5PR", "group_id": "8a24e1d6-3fcd-4ab7-8c9b-faea6bdd4373"}}, {"type": "Feature", "geometry": {"type":"Polygon","coordinates":[[[-0.902606,53.302463],[-0.902827,53.301302],[-0.903422,53.300189],[-0.904368,53.299167],[-0.905628,53.298276],[-0.907155,53.297548],[-0.908889,53.297013],[-0.910763,53.296691],[-0.912707,53.296594],[-0.914645,53.296726],[-0.916503,53.297083],[-0.918209,53.297649],[-0.919698,53.298404],[-0.920912,53.299318],[-0.921806,53.300357],[-0.922344,53.30148],[-0.922506,53.302645],[-0.922285,53.303806],[-0.921691,53.304919],[-0.920745,53.305941],[-0.919485,53.306833],[-0.917958,53.30756],[-0.916224,53.308096],[-0.914349,53.308418],[-0.912404,53.308515],[-0.910466,53.308382],[-0.908608,53.308026],[-0.906902,53.30746],[-0.905413,53.306705],[-0.904198,53.30579],[-0.903305,53.304751],[-0.902768,53.303628],[-0.902606,53.302463]]]}, "properties": {"id": "d05ce6f4-d567-424b-9081-b3cba0d3536f", "postcode": "DN22 0PN", "group_id": "a008d98b-f2c0-4ac7-ba48-7c9e4b7f6b48"}}, {"type": "Feature", "geometry": {"type":"Polygon","coordinates":[[[-0.947956,52.62091],[-0.948063,52.620337],[-0.948351,52.619787],[-0.94881,52.619283],[-0.949422,52.618842],[-0.950164,52.618483],[-0.951006,52.618218],[-0.951917,52.618059],[-0.952862,52.61801],[-0.953804,52.618075],[-0.954707,52.618251],[-0.955536,52.61853],[-0.95626,52.618902],[-0.956851,52.619354],[-0.957285,52.619866],[-0.957548,52.620421],[-0.957627,52.620996],[-0.95752,52.621569],[-0.957232,52.622119],[-0.956773,52.622623],[-0.956161,52.623064],[-0.95542,52.623424],[-0.954577,52.623688],[-0.953666,52.623848],[-0.952721,52.623896],[-0.951779,52.623831],[-0.950876,52.623655],[-0.950047,52.623376],[-0.949323,52.623004],[-0.948732,52.622552],[-0.948297,52.62204],[-0.948035,52.621485],[-0.947956,52.62091]]]}, "properties": {"id": "d0a7fc7b-640c-4518-851e-29c4a8816a36", "postcode": "LE7 9FD", "group_id": "1bea1e6d-d8e2-4d53-98f6-87e052101074"}}, {"type": "Feature", "geometry": {"type":"Polygon","coordinates":[[[-0.487474,52.669007],[-0.487749,52.66761],[-0.488467,52.666272],[-0.489601,52.665045],[-0.491106,52.663976],[-0.492926,52.663107],[-0.49499,52.662469],[-0.497218,52.662089],[-0.499526,52.66198],[-0.501824,52.662147],[-0.504024,52.662584],[-0.506042,52.663273],[-0.507801,52.664188],[-0.509232,52.665294],[-0.510281,52.666548],[-0.510907,52.667903],[-0.511086,52.669306],[-0.510812,52.670704],[-0.510094,52.672042],[-0.508961,52.673269],[-0.507455,52.674338],[-0.505635,52.675208],[-0.503571,52.675845],[-0.501342,52.676226],[-0.499034,52.676335],[-0.496735,52.676167],[-0.494534,52.675731],[-0.492515,52.675042],[-0.490757,52.674126],[-0.489326,52.67302],[-0.488278,52.671765],[-0.487652,52.67041],[-0.487474,52.669007]]]}, "properties": {"id": "d0d3715e-7224-4860-8f9f-e97b7c405031", "postcode": "PE9 4BE", "group_id": "7a228e12-3372-49e0-8820-753ab5723f37"}}, {"type": "Feature", "geometry": {"type":"Polygon","coordinates":[[[-0.487474,52.669007],[-0.487749,52.66761],[-0.488467,52.666272],[-0.489601,52.665045],[-0.491106,52.663976],[-0.492926,52.663107],[-0.49499,52.662469],[-0.497218,52.662089],[-0.499526,52.66198],[-0.501824,52.662147],[-0.504024,52.662584],[-0.506042,52.663273],[-0.507801,52.664188],[-0.509232,52.665294],[-0.510281,52.666548],[-0.510907,52.667903],[-0.511086,52.669306],[-0.510812,52.670704],[-0.510094,52.672042],[-0.508961,52.673269],[-0.507455,52.674338],[-0.505635,52.675208],[-0.503571,52.675845],[-0.501342,52.676226],[-0.499034,52.676335],[-0.496735,52.676167],[-0.494534,52.675731],[-0.492515,52.675042],[-0.490757,52.674126],[-0.489326,52.67302],[-0.488278,52.671765],[-0.487652,52.67041],[-0.487474,52.669007]]]}, "properties": {"id": "d0d3715e-7224-4860-8f9f-e97b7c405031", "postcode": "PE9 4BE", "group_id": "f4284e39-e56b-48d7-9087-c1abebec366f"}}, {"type": "Feature", "geometry": {"type":"Polygon","coordinates":[[[0.986442,51.92327],[0.986173,51.922083],[0.985534,51.920951],[0.98455,51.919917],[0.98326,51.919022],[0.981712,51.9183],[0.979966,51.917779],[0.978088,51.917478],[0.976153,51.917409],[0.974232,51.917576],[0.972401,51.91797],[0.97073,51.918578],[0.969282,51.919376],[0.968114,51.920333],[0.96727,51.921413],[0.966784,51.922574],[0.966672,51.923771],[0.966941,51.924958],[0.967579,51.926091],[0.968562,51.927124],[0.969853,51.928019],[0.971401,51.928741],[0.973148,51.929263],[0.975025,51.929564],[0.976962,51.929633],[0.978883,51.929466],[0.980714,51.929072],[0.982386,51.928464],[0.983833,51.927665],[0.985001,51.926708],[0.985845,51.925628],[0.986331,51.924468],[0.986442,51.92327]]]}, "properties": {"id": "d0d97269-022e-4508-82be-e8e98643777a", "postcode": "CO7 7QS", "group_id": "e0454012-1295-46e6-b208-52cac7018f1f"}}, {"type": "Feature", "geometry": {"type":"Polygon","coordinates":[[[-0.284384,53.258742],[-0.284886,53.256288],[-0.286177,53.253941],[-0.288206,53.251789],[-0.290896,53.249917],[-0.294143,53.248395],[-0.297823,53.247282],[-0.301794,53.246621],[-0.305903,53.246437],[-0.309994,53.246737],[-0.313908,53.247511],[-0.317496,53.248727],[-0.320619,53.250339],[-0.323158,53.252286],[-0.325015,53.254493],[-0.326119,53.256874],[-0.326427,53.259339],[-0.325927,53.261793],[-0.324638,53.264141],[-0.32261,53.266293],[-0.31992,53.268166],[-0.316673,53.269689],[-0.312991,53.270802],[-0.309019,53.271464],[-0.304907,53.271648],[-0.300814,53.271347],[-0.296898,53.270573],[-0.293309,53.269357],[-0.290185,53.267743],[-0.287647,53.265796],[-0.285791,53.263588],[-0.284689,53.261207],[-0.284384,53.258742]]]}, "properties": {"id": "d196a9f3-965e-477e-8598-f9646e9afb4e", "postcode": "LN8 5LE", "group_id": "60a73ad8-56fc-4c6a-942c-8d42700b5038"}}, {"type": "Feature", "geometry": {"type":"Polygon","coordinates":[[[-3.992713,50.960814],[-3.992799,50.960052],[-3.993119,50.959316],[-3.99366,50.958633],[-3.994402,50.958029],[-3.995316,50.957529],[-3.996367,50.957151],[-3.997514,50.956909],[-3.998714,50.956814],[-3.99992,50.956868],[-4.001087,50.95707],[-4.002168,50.957412],[-4.003124,50.95788],[-4.003916,50.958457],[-4.004515,50.959121],[-4.004897,50.959845],[-4.005049,50.960603],[-4.004963,50.961365],[-4.004643,50.962102],[-4.004102,50.962785],[-4.003361,50.963388],[-4.002447,50.963889],[-4.001396,50.964267],[-4.000248,50.964508],[-3.999048,50.964604],[-3.997842,50.96455],[-3.996675,50.964348],[-3.995593,50.964006],[-3.994638,50.963538],[-3.993846,50.962961],[-3.993247,50.962297],[-3.992865,50.961572],[-3.992713,50.960814]]]}, "properties": {"id": "d1d5dcc9-d070-4a9b-acc5-ec395cf57ddb", "postcode": "EX37 9BS", "group_id": "b148cd75-c32d-44e8-806e-85688ab1d059"}}, {"type": "Feature", "geometry": {"type":"Polygon","coordinates":[[[-0.272577,53.317889],[-0.272818,53.316717],[-0.273436,53.315594],[-0.274408,53.314566],[-0.275696,53.313671],[-0.277252,53.312943],[-0.279014,53.312412],[-0.280915,53.312096],[-0.282883,53.312008],[-0.284841,53.312152],[-0.286715,53.312523],[-0.288433,53.313104],[-0.289928,53.313876],[-0.291143,53.314807],[-0.292031,53.315862],[-0.292558,53.317001],[-0.292705,53.318179],[-0.292465,53.319352],[-0.291847,53.320474],[-0.290875,53.321503],[-0.289587,53.322398],[-0.288032,53.323126],[-0.286269,53.323658],[-0.284367,53.323974],[-0.282399,53.324061],[-0.28044,53.323917],[-0.278566,53.323547],[-0.276848,53.322965],[-0.275353,53.322193],[-0.274138,53.321262],[-0.27325,53.320207],[-0.272723,53.319068],[-0.272577,53.317889]]]}, "properties": {"id": "d20c4d8c-5508-4b4f-a213-3c67ea49e4a9", "postcode": "LN8 5SH", "group_id": "60a73ad8-56fc-4c6a-942c-8d42700b5038"}}, {"type": "Feature", "geometry": {"type":"Polygon","coordinates":[[[-0.521288,53.444388],[-0.52145,53.443577],[-0.521874,53.442801],[-0.522543,53.442089],[-0.523432,53.441469],[-0.524507,53.440964],[-0.525726,53.440594],[-0.527043,53.440373],[-0.528406,53.44031],[-0.529764,53.440407],[-0.531064,53.44066],[-0.532257,53.44106],[-0.533296,53.44159],[-0.534141,53.442232],[-0.534761,53.44296],[-0.535131,53.443746],[-0.535237,53.44456],[-0.535075,53.445371],[-0.534651,53.446147],[-0.533982,53.446859],[-0.533093,53.447479],[-0.532018,53.447984],[-0.530799,53.448354],[-0.529482,53.448575],[-0.528118,53.448638],[-0.52676,53.448542],[-0.52546,53.448288],[-0.524267,53.447889],[-0.523228,53.447358],[-0.522383,53.446716],[-0.521763,53.445988],[-0.521393,53.445202],[-0.521288,53.444388]]]}, "properties": {"id": "d2ad171f-033e-4cc0-99d0-5ab2bc865685", "postcode": "DN21 4UJ", "group_id": "7a228e12-3372-49e0-8820-753ab5723f37"}}, {"type": "Feature", "geometry": {"type":"Polygon","coordinates":[[[-1.160864,52.244362],[-1.161224,52.242355],[-1.162216,52.240429],[-1.1638,52.238659],[-1.165916,52.237113],[-1.168482,52.23585],[-1.1714,52.234918],[-1.174559,52.234354],[-1.177835,52.234179],[-1.181105,52.2344],[-1.184241,52.235008],[-1.187125,52.23598],[-1.189644,52.237278],[-1.191702,52.238853],[-1.19322,52.240645],[-1.19414,52.242584],[-1.194426,52.244596],[-1.194067,52.246603],[-1.193077,52.248529],[-1.191494,52.250299],[-1.189378,52.251846],[-1.186812,52.253109],[-1.183892,52.254041],[-1.180733,52.254606],[-1.177455,52.254781],[-1.174184,52.25456],[-1.171046,52.253952],[-1.168162,52.25298],[-1.165642,52.251681],[-1.163585,52.250105],[-1.162067,52.248313],[-1.161149,52.246374],[-1.160864,52.244362]]]}, "properties": {"id": "d3abb24e-4977-43cd-9fe0-e18ad28ae7d4", "postcode": "NN11 3HA", "group_id": "8a24e1d6-3fcd-4ab7-8c9b-faea6bdd4373"}}, {"type": "Feature", "geometry": {"type":"Polygon","coordinates":[[[-1.160864,52.244362],[-1.161224,52.242355],[-1.162216,52.240429],[-1.1638,52.238659],[-1.165916,52.237113],[-1.168482,52.23585],[-1.1714,52.234918],[-1.174559,52.234354],[-1.177835,52.234179],[-1.181105,52.2344],[-1.184241,52.235008],[-1.187125,52.23598],[-1.189644,52.237278],[-1.191702,52.238853],[-1.19322,52.240645],[-1.19414,52.242584],[-1.194426,52.244596],[-1.194067,52.246603],[-1.193077,52.248529],[-1.191494,52.250299],[-1.189378,52.251846],[-1.186812,52.253109],[-1.183892,52.254041],[-1.180733,52.254606],[-1.177455,52.254781],[-1.174184,52.25456],[-1.171046,52.253952],[-1.168162,52.25298],[-1.165642,52.251681],[-1.163585,52.250105],[-1.162067,52.248313],[-1.161149,52.246374],[-1.160864,52.244362]]]}, "properties": {"id": "d3abb24e-4977-43cd-9fe0-e18ad28ae7d4", "postcode": "NN11 3HA", "group_id": "79b6ee0b-f1e1-4e97-8270-4fc003a7d8dc"}}, {"type": "Feature", "geometry": {"type":"Polygon","coordinates":[[[1.064661,52.112773],[1.064301,52.111206],[1.063452,52.109713],[1.062146,52.10835],[1.060434,52.107171],[1.05838,52.106219],[1.056065,52.105533],[1.053577,52.105138],[1.051012,52.105049],[1.048468,52.10527],[1.046042,52.105792],[1.043829,52.106596],[1.041913,52.10765],[1.040367,52.108914],[1.039252,52.11034],[1.038609,52.111872],[1.038465,52.113451],[1.038823,52.115018],[1.039672,52.116512],[1.040977,52.117875],[1.04269,52.119054],[1.044743,52.120006],[1.047059,52.120693],[1.049548,52.121088],[1.052114,52.121177],[1.054659,52.120956],[1.057085,52.120433],[1.059299,52.119629],[1.061215,52.118575],[1.06276,52.11731],[1.063875,52.115885],[1.064517,52.114353],[1.064661,52.112773]]]}, "properties": {"id": "d47f2bfe-6e07-48cd-84b4-8d343c809b83", "postcode": "IP8 4QT", "group_id": "e0454012-1295-46e6-b208-52cac7018f1f"}}, {"type": "Feature", "geometry": {"type":"Polygon","coordinates":[[[-1.022033,53.095277],[-1.022173,53.094527],[-1.022554,53.093808],[-1.02316,53.093147],[-1.023968,53.09257],[-1.024948,53.092099],[-1.026062,53.091752],[-1.027267,53.091543],[-1.028516,53.091479],[-1.029762,53.091563],[-1.030957,53.091792],[-1.032055,53.092157],[-1.033013,53.092644],[-1.033796,53.093234],[-1.034372,53.093904],[-1.03472,53.094629],[-1.034826,53.095382],[-1.034686,53.096132],[-1.034306,53.096851],[-1.0337,53.097512],[-1.032891,53.098089],[-1.031911,53.09856],[-1.030797,53.098907],[-1.029592,53.099116],[-1.028343,53.09918],[-1.027097,53.099096],[-1.025901,53.098867],[-1.024804,53.098502],[-1.023845,53.098015],[-1.023063,53.097425],[-1.022487,53.096755],[-1.022139,53.096029],[-1.022033,53.095277]]]}, "properties": {"id": "d4a21027-c86f-42ef-b55f-ae4bb6ba9fcc", "postcode": "NG22 8ED", "group_id": "fceea007-3092-4ffe-98fc-ee9a5d2641c9"}}, {"type": "Feature", "geometry": {"type":"Polygon","coordinates":[[[-0.295499,53.251887],[-0.295784,53.250492],[-0.296518,53.249157],[-0.297672,53.247933],[-0.299201,53.246868],[-0.301048,53.246002],[-0.303141,53.245369],[-0.305399,53.244993],[-0.307736,53.244888],[-0.310062,53.245059],[-0.312289,53.245499],[-0.314329,53.246191],[-0.316105,53.247108],[-0.317549,53.248215],[-0.318605,53.24947],[-0.319232,53.250825],[-0.319407,53.252227],[-0.319123,53.253622],[-0.31839,53.254958],[-0.317236,53.256182],[-0.315707,53.257247],[-0.31386,53.258113],[-0.311767,53.258746],[-0.309508,53.259122],[-0.30717,53.259227],[-0.304843,53.259056],[-0.302616,53.258616],[-0.300576,53.257924],[-0.298799,53.257007],[-0.297356,53.255899],[-0.2963,53.254644],[-0.295673,53.253289],[-0.295499,53.251887]]]}, "properties": {"id": "d4fdf66f-ea9b-4425-aca2-b12de81a5af3", "postcode": "LN8 3SQ", "group_id": "60a73ad8-56fc-4c6a-942c-8d42700b5038"}}, {"type": "Feature", "geometry": {"type":"Polygon","coordinates":[[[0.126946,53.175737],[0.126748,53.174813],[0.126255,53.173931],[0.125484,53.173123],[0.124466,53.172421],[0.123239,53.171852],[0.121852,53.171438],[0.120356,53.171194],[0.11881,53.17113],[0.117273,53.171249],[0.115804,53.171545],[0.11446,53.172008],[0.113292,53.17262],[0.112344,53.173357],[0.111654,53.174191],[0.111249,53.175089],[0.111142,53.176018],[0.11134,53.176942],[0.111833,53.177824],[0.112604,53.178632],[0.113622,53.179334],[0.114848,53.179903],[0.116236,53.180318],[0.117732,53.180561],[0.119278,53.180625],[0.120815,53.180507],[0.122285,53.18021],[0.123629,53.179747],[0.124798,53.179135],[0.125745,53.178398],[0.126434,53.177564],[0.12684,53.176666],[0.126946,53.175737]]]}, "properties": {"id": "d501f8ed-c01c-43ff-a89e-1b90518f6aff", "postcode": "PE23 5RF", "group_id": "a033c86a-0f6d-4e14-bd3d-8868b2867314"}}, {"type": "Feature", "geometry": {"type":"Polygon","coordinates":[[[0.292216,52.257552],[0.291924,52.256181],[0.291202,52.254871],[0.290077,52.253672],[0.288593,52.252632],[0.286807,52.251788],[0.284787,52.251175],[0.282611,52.250816],[0.280363,52.250723],[0.278128,52.250902],[0.275994,52.251345],[0.274041,52.252035],[0.272344,52.252946],[0.27097,52.254042],[0.26997,52.255281],[0.269384,52.256617],[0.269234,52.257996],[0.269525,52.259368],[0.270246,52.260678],[0.27137,52.261877],[0.272854,52.262918],[0.274641,52.263761],[0.276661,52.264375],[0.278837,52.264734],[0.281087,52.264827],[0.283322,52.264648],[0.285457,52.264205],[0.28741,52.263515],[0.289107,52.262604],[0.290481,52.261508],[0.29148,52.260268],[0.292066,52.258932],[0.292216,52.257552]]]}, "properties": {"id": "d62a96fd-d7ea-442b-84fd-d163c8b2dae3", "postcode": "CB* 7NE", "group_id": "3bd8b114-f504-4798-b91b-aaf4e4fbd4de"}}, {"type": "Feature", "geometry": {"type":"Polygon","coordinates":[[[0.292216,52.257552],[0.291924,52.256181],[0.291202,52.254871],[0.290077,52.253672],[0.288593,52.252632],[0.286807,52.251788],[0.284787,52.251175],[0.282611,52.250816],[0.280363,52.250723],[0.278128,52.250902],[0.275994,52.251345],[0.274041,52.252035],[0.272344,52.252946],[0.27097,52.254042],[0.26997,52.255281],[0.269384,52.256617],[0.269234,52.257996],[0.269525,52.259368],[0.270246,52.260678],[0.27137,52.261877],[0.272854,52.262918],[0.274641,52.263761],[0.276661,52.264375],[0.278837,52.264734],[0.281087,52.264827],[0.283322,52.264648],[0.285457,52.264205],[0.28741,52.263515],[0.289107,52.262604],[0.290481,52.261508],[0.29148,52.260268],[0.292066,52.258932],[0.292216,52.257552]]]}, "properties": {"id": "d62a96fd-d7ea-442b-84fd-d163c8b2dae3", "postcode": "CB* 7NE", "group_id": "e20625b4-ebe0-478a-a825-d3d10301dfad"}}, {"type": "Feature", "geometry": {"type":"Polygon","coordinates":[[[-1.085523,50.948639],[-1.085804,50.94704],[-1.086573,50.945507],[-1.087801,50.944098],[-1.08944,50.942867],[-1.091428,50.941862],[-1.093688,50.941121],[-1.096134,50.940673],[-1.09867,50.940535],[-1.101201,50.940712],[-1.103628,50.941198],[-1.105859,50.941973],[-1.107807,50.943009],[-1.109399,50.944264],[-1.110572,50.945692],[-1.111281,50.947237],[-1.1115,50.94884],[-1.11122,50.950438],[-1.110452,50.951972],[-1.109224,50.953381],[-1.107585,50.954612],[-1.105597,50.955618],[-1.103336,50.956359],[-1.10089,50.956807],[-1.098353,50.956945],[-1.095822,50.956768],[-1.093394,50.956282],[-1.091162,50.955506],[-1.089214,50.954471],[-1.087623,50.953215],[-1.08645,50.951787],[-1.085741,50.950242],[-1.085523,50.948639]]]}, "properties": {"id": "d7b27b65-37de-4b59-a58d-3048a3b7635b", "postcode": "SO32 3QY", "group_id": "e8167295-d7f4-4671-913e-f90e96ce8190"}}, {"type": "Feature", "geometry": {"type":"Polygon","coordinates":[[[-0.41726,52.288559],[-0.417467,52.287509],[-0.418004,52.286503],[-0.41885,52.285581],[-0.419974,52.284778],[-0.421331,52.284125],[-0.42287,52.283646],[-0.424532,52.283361],[-0.426252,52.28328],[-0.427965,52.283407],[-0.429605,52.283736],[-0.431109,52.284255],[-0.432419,52.284944],[-0.433484,52.285776],[-0.434265,52.28672],[-0.43473,52.287739],[-0.434862,52.288794],[-0.434656,52.289845],[-0.434119,52.29085],[-0.433273,52.291773],[-0.432149,52.292576],[-0.430792,52.293229],[-0.429253,52.293708],[-0.427591,52.293993],[-0.42587,52.294074],[-0.424156,52.293947],[-0.422516,52.293618],[-0.421012,52.293099],[-0.419702,52.29241],[-0.418637,52.291578],[-0.417857,52.290634],[-0.417392,52.289615],[-0.41726,52.288559]]]}, "properties": {"id": "d80f360b-3f0b-478b-8f6b-bc74d50e1d1e", "postcode": "MK44 2SR", "group_id": "af68fec4-7fdb-4246-bbf0-6067ace38189"}}, {"type": "Feature", "geometry": {"type":"Polygon","coordinates":[[[-0.41726,52.288559],[-0.417467,52.287509],[-0.418004,52.286503],[-0.41885,52.285581],[-0.419974,52.284778],[-0.421331,52.284125],[-0.42287,52.283646],[-0.424532,52.283361],[-0.426252,52.28328],[-0.427965,52.283407],[-0.429605,52.283736],[-0.431109,52.284255],[-0.432419,52.284944],[-0.433484,52.285776],[-0.434265,52.28672],[-0.43473,52.287739],[-0.434862,52.288794],[-0.434656,52.289845],[-0.434119,52.29085],[-0.433273,52.291773],[-0.432149,52.292576],[-0.430792,52.293229],[-0.429253,52.293708],[-0.427591,52.293993],[-0.42587,52.294074],[-0.424156,52.293947],[-0.422516,52.293618],[-0.421012,52.293099],[-0.419702,52.29241],[-0.418637,52.291578],[-0.417857,52.290634],[-0.417392,52.289615],[-0.41726,52.288559]]]}, "properties": {"id": "d80f360b-3f0b-478b-8f6b-bc74d50e1d1e", "postcode": "MK44 2SR", "group_id": "849cc9af-4d60-4284-bc1a-8a35d54c7661"}}, {"type": "Feature", "geometry": {"type":"Polygon","coordinates":[[[-2.618066,53.139354],[-2.61824,53.138187],[-2.618789,53.137063],[-2.619693,53.136025],[-2.620915,53.135113],[-2.62241,53.134362],[-2.62412,53.133801],[-2.625979,53.133451],[-2.627916,53.133326],[-2.629856,53.133431],[-2.631725,53.133761],[-2.633451,53.134304],[-2.634968,53.135039],[-2.636217,53.135938],[-2.637151,53.136966],[-2.637733,53.138084],[-2.637941,53.139249],[-2.637767,53.140416],[-2.637218,53.14154],[-2.636315,53.142578],[-2.635093,53.14349],[-2.633598,53.144241],[-2.631887,53.144803],[-2.630028,53.145152],[-2.628091,53.145278],[-2.62615,53.145173],[-2.62428,53.144843],[-2.622554,53.144299],[-2.621037,53.143564],[-2.619788,53.142665],[-2.618855,53.141637],[-2.618273,53.140519],[-2.618066,53.139354]]]}, "properties": {"id": "d859faf0-1a9f-4181-b2e9-56686ae17488", "postcode": "CW6 9HX", "group_id": "dccc074a-fb77-427b-bb72-8b017ca09618"}}, {"type": "Feature", "geometry": {"type":"Polygon","coordinates":[[[-3.945586,51.072543],[-3.945697,51.071571],[-3.946107,51.070631],[-3.9468,51.069759],[-3.947749,51.06899],[-3.948919,51.068352],[-3.950263,51.06787],[-3.951731,51.067562],[-3.953266,51.067441],[-3.954809,51.067511],[-3.9563,51.067769],[-3.957683,51.068205],[-3.958905,51.068803],[-3.959917,51.06954],[-3.960683,51.070387],[-3.961171,51.071312],[-3.961364,51.072279],[-3.961253,51.073251],[-3.960844,51.074191],[-3.960151,51.075062],[-3.959202,51.075832],[-3.958032,51.07647],[-3.956688,51.076952],[-3.95522,51.07726],[-3.953684,51.077381],[-3.952141,51.077311],[-3.950649,51.077053],[-3.949266,51.076617],[-3.948045,51.076018],[-3.947032,51.075282],[-3.946267,51.074435],[-3.945779,51.07351],[-3.945586,51.072543]]]}, "properties": {"id": "d8b8a32f-d29b-4724-aba7-e6250546c4f2", "postcode": "EX32 0QZ", "group_id": "b148cd75-c32d-44e8-806e-85688ab1d059"}}, {"type": "Feature", "geometry": {"type":"Polygon","coordinates":[[[-0.33686,53.291479],[-0.337248,53.289574],[-0.338249,53.287751],[-0.339824,53.28608],[-0.341912,53.284625],[-0.344434,53.283442],[-0.347293,53.282577],[-0.350378,53.282062],[-0.353571,53.281918],[-0.35675,53.28215],[-0.359792,53.282749],[-0.362581,53.283693],[-0.365009,53.284944],[-0.366984,53.286455],[-0.368429,53.288168],[-0.369288,53.290016],[-0.369529,53.29193],[-0.369143,53.293835],[-0.368143,53.295659],[-0.366569,53.29733],[-0.364481,53.298785],[-0.361958,53.299969],[-0.359099,53.300834],[-0.356013,53.301349],[-0.352818,53.301493],[-0.349638,53.301261],[-0.346594,53.300662],[-0.343805,53.299718],[-0.341376,53.298466],[-0.339402,53.296955],[-0.337958,53.295242],[-0.3371,53.293393],[-0.33686,53.291479]]]}, "properties": {"id": "d8d1f324-42f0-499a-aa93-64022ee5f32e", "postcode": "LN8 5NJ", "group_id": "60a73ad8-56fc-4c6a-942c-8d42700b5038"}}, {"type": "Feature", "geometry": {"type":"Polygon","coordinates":[[[0.6712,52.116107],[0.670827,52.114418],[0.669927,52.112806],[0.668533,52.111334],[0.666699,52.110057],[0.664497,52.109025],[0.662009,52.108277],[0.659333,52.107842],[0.65657,52.107738],[0.653827,52.107967],[0.651209,52.108521],[0.648817,52.109378],[0.646743,52.110507],[0.645066,52.111863],[0.643851,52.113394],[0.643144,52.115042],[0.642973,52.116743],[0.643345,52.118432],[0.644245,52.120044],[0.645638,52.121517],[0.647471,52.122794],[0.649674,52.123827],[0.652162,52.124575],[0.65484,52.125009],[0.657604,52.125114],[0.660348,52.124885],[0.662966,52.124331],[0.665359,52.123473],[0.667433,52.122344],[0.66911,52.120988],[0.670324,52.119456],[0.67103,52.117808],[0.6712,52.116107]]]}, "properties": {"id": "dda40b79-21f7-47d6-9e4a-089027cc914a", "postcode": "CO10 PU", "group_id": "e0454012-1295-46e6-b208-52cac7018f1f"}}, {"type": "Feature", "geometry": {"type":"Polygon","coordinates":[[[0.6712,52.116107],[0.670827,52.114418],[0.669927,52.112806],[0.668533,52.111334],[0.666699,52.110057],[0.664497,52.109025],[0.662009,52.108277],[0.659333,52.107842],[0.65657,52.107738],[0.653827,52.107967],[0.651209,52.108521],[0.648817,52.109378],[0.646743,52.110507],[0.645066,52.111863],[0.643851,52.113394],[0.643144,52.115042],[0.642973,52.116743],[0.643345,52.118432],[0.644245,52.120044],[0.645638,52.121517],[0.647471,52.122794],[0.649674,52.123827],[0.652162,52.124575],[0.65484,52.125009],[0.657604,52.125114],[0.660348,52.124885],[0.662966,52.124331],[0.665359,52.123473],[0.667433,52.122344],[0.66911,52.120988],[0.670324,52.119456],[0.67103,52.117808],[0.6712,52.116107]]]}, "properties": {"id": "dda40b79-21f7-47d6-9e4a-089027cc914a", "postcode": "CO10 PU", "group_id": "a7783195-830d-421c-96df-c588303c770b"}}, {"type": "Feature", "geometry": {"type":"Polygon","coordinates":[[[-1.662738,52.737702],[-1.663062,52.735798],[-1.663991,52.733969],[-1.66549,52.732286],[-1.667501,52.730812],[-1.669947,52.729605],[-1.672734,52.72871],[-1.675755,52.728163],[-1.678893,52.727984],[-1.682029,52.72818],[-1.685041,52.728744],[-1.687815,52.729653],[-1.690243,52.730874],[-1.692233,52.732358],[-1.693707,52.73405],[-1.694609,52.735883],[-1.694905,52.737789],[-1.694583,52.739692],[-1.693655,52.741521],[-1.692156,52.743205],[-1.690145,52.744679],[-1.687699,52.745887],[-1.684911,52.746782],[-1.68189,52.747329],[-1.67875,52.747508],[-1.675613,52.747312],[-1.672599,52.746748],[-1.669825,52.745838],[-1.667396,52.744618],[-1.665407,52.743133],[-1.663934,52.741441],[-1.663032,52.739607],[-1.662738,52.737702]]]}, "properties": {"id": "de137c05-90d9-4b54-8979-8b93e6584165", "postcode": "DE12 8LN", "group_id": "97c036e3-0da2-4ee0-a282-91d63dbd9412"}}, {"type": "Feature", "geometry": {"type":"Polygon","coordinates":[[[-2.736737,52.844644],[-2.737095,52.842187],[-2.738237,52.83982],[-2.74012,52.837632],[-2.742672,52.83571],[-2.745793,52.834125],[-2.749365,52.83294],[-2.75325,52.832199],[-2.757299,52.831932],[-2.761356,52.832148],[-2.765265,52.832838],[-2.768878,52.833978],[-2.772054,52.835522],[-2.774671,52.837412],[-2.77663,52.839575],[-2.777855,52.841927],[-2.778298,52.844379],[-2.777943,52.846836],[-2.776802,52.849204],[-2.77492,52.851392],[-2.772369,52.853315],[-2.769248,52.854901],[-2.765675,52.856086],[-2.761788,52.856828],[-2.757737,52.857095],[-2.753677,52.856879],[-2.749766,52.856188],[-2.746152,52.855048],[-2.742976,52.853503],[-2.740358,52.851613],[-2.738401,52.849449],[-2.737178,52.847096],[-2.736737,52.844644]]]}, "properties": {"id": "df8629ef-5314-41ca-830b-4883e8304387", "postcode": "SY4 3DQ", "group_id": "cb77a7b6-9cf0-4a11-b659-cda47f2a0cbc"}}, {"type": "Feature", "geometry": {"type":"Polygon","coordinates":[[[-2.525263,52.810629],[-2.525489,52.809129],[-2.526193,52.807685],[-2.527348,52.806352],[-2.528911,52.80518],[-2.53082,52.804216],[-2.533003,52.803496],[-2.535376,52.803049],[-2.537847,52.80289],[-2.540322,52.803026],[-2.542706,52.803452],[-2.544906,52.804152],[-2.54684,52.805099],[-2.548431,52.806256],[-2.549619,52.807579],[-2.550359,52.809017],[-2.550621,52.810514],[-2.550397,52.812014],[-2.549693,52.813459],[-2.548538,52.814793],[-2.546976,52.815964],[-2.545066,52.816928],[-2.542883,52.817648],[-2.540509,52.818097],[-2.538037,52.818255],[-2.535561,52.818119],[-2.533177,52.817692],[-2.530976,52.816992],[-2.529043,52.816045],[-2.527452,52.814888],[-2.526264,52.813565],[-2.525525,52.812127],[-2.525263,52.810629]]]}, "properties": {"id": "e1872d75-292c-4ba6-a5ab-9b870219befa", "postcode": "TfF9 3JU", "group_id": "cb77a7b6-9cf0-4a11-b659-cda47f2a0cbc"}}, {"type": "Feature", "geometry": {"type":"Polygon","coordinates":[[[-2.056711,51.009797],[-2.056873,51.008755],[-2.057353,51.007753],[-2.058135,51.006829],[-2.059186,51.006019],[-2.060468,51.005354],[-2.061931,51.00486],[-2.063519,51.004555],[-2.065171,51.004452],[-2.066822,51.004553],[-2.068411,51.004856],[-2.069875,51.005349],[-2.071159,51.006012],[-2.072213,51.006821],[-2.072997,51.007744],[-2.07348,51.008746],[-2.073645,51.009788],[-2.073484,51.01083],[-2.073004,51.011832],[-2.072223,51.012756],[-2.071171,51.013566],[-2.069889,51.014231],[-2.068425,51.014726],[-2.066837,51.015031],[-2.065186,51.015134],[-2.063533,51.015033],[-2.061945,51.014729],[-2.06048,51.014237],[-2.059196,51.013573],[-2.058142,51.012764],[-2.057358,51.011841],[-2.056875,51.010839],[-2.056711,51.009797]]]}, "properties": {"id": "e1c38ee9-91e8-4a56-85c0-a3d76f8d7253", "postcode": "SP7 0EY", "group_id": "6cb070a8-3c40-48b7-a594-97fec3894487"}}, {"type": "Feature", "geometry": {"type":"Polygon","coordinates":[[[-3.929767,50.859034],[-3.929922,50.857676],[-3.930492,50.856363],[-3.931456,50.855146],[-3.932777,50.854071],[-3.934403,50.85318],[-3.936273,50.852507],[-3.938314,50.852078],[-3.940449,50.851909],[-3.942594,50.852006],[-3.944668,50.852367],[-3.946591,50.852977],[-3.948289,50.853813],[-3.949697,50.854842],[-3.950761,50.856026],[-3.95144,50.857318],[-3.951707,50.858669],[-3.951553,50.860027],[-3.950983,50.86134],[-3.950019,50.862557],[-3.948699,50.863632],[-3.947072,50.864523],[-3.945202,50.865197],[-3.94316,50.865626],[-3.941025,50.865795],[-3.938879,50.865697],[-3.936805,50.865336],[-3.934881,50.864726],[-3.933183,50.86389],[-3.931775,50.862861],[-3.930712,50.861677],[-3.930034,50.860385],[-3.929767,50.859034]]]}, "properties": {"id": "e205e54f-28c3-4f4e-b91b-3792cc9488e9", "postcode": "EX18 7LA", "group_id": "b148cd75-c32d-44e8-806e-85688ab1d059"}}, {"type": "Feature", "geometry": {"type":"Polygon","coordinates":[[[-2.424418,52.875342],[-2.42459,52.874217],[-2.425122,52.873133],[-2.425992,52.872133],[-2.427169,52.871255],[-2.428606,52.870532],[-2.430249,52.869993],[-2.432033,52.869659],[-2.433891,52.869541],[-2.435751,52.869645],[-2.437542,52.869967],[-2.439195,52.870493],[-2.440647,52.871205],[-2.441841,52.872075],[-2.442732,52.873068],[-2.443285,52.874148],[-2.44348,52.875273],[-2.443308,52.876398],[-2.442777,52.877482],[-2.441906,52.878482],[-2.44073,52.879361],[-2.439292,52.880083],[-2.43765,52.880622],[-2.435865,52.880957],[-2.434006,52.881074],[-2.432146,52.88097],[-2.430354,52.880649],[-2.428701,52.880122],[-2.427249,52.87941],[-2.426055,52.87854],[-2.425165,52.877546],[-2.424612,52.876467],[-2.424418,52.875342]]]}, "properties": {"id": "e231e49d-ae47-41c1-b3f7-53a9ffc0e240", "postcode": "TF9 2RA", "group_id": "cb77a7b6-9cf0-4a11-b659-cda47f2a0cbc"}}, {"type": "Feature", "geometry": {"type":"Polygon","coordinates":[[[-2.282812,51.120316],[-2.282994,51.119107],[-2.283547,51.117943],[-2.28445,51.116869],[-2.285669,51.115927],[-2.287156,51.115153],[-2.288854,51.114576],[-2.290699,51.114219],[-2.292619,51.114095],[-2.29454,51.114209],[-2.296389,51.114557],[-2.298095,51.115126],[-2.299592,51.115892],[-2.300822,51.116828],[-2.301739,51.117897],[-2.302307,51.119058],[-2.302504,51.120267],[-2.302323,51.121476],[-2.30177,51.12264],[-2.300867,51.123714],[-2.299649,51.124656],[-2.298161,51.12543],[-2.296463,51.126007],[-2.294618,51.126365],[-2.292697,51.126489],[-2.290775,51.126374],[-2.288926,51.126026],[-2.28722,51.125458],[-2.285723,51.124691],[-2.284492,51.123755],[-2.283576,51.122686],[-2.283008,51.121525],[-2.282812,51.120316]]]}, "properties": {"id": "e2fc861b-21d4-46aa-8a3f-95ba193c4a7d", "postcode": "BA12 6RR", "group_id": "6cb070a8-3c40-48b7-a594-97fec3894487"}}, {"type": "Feature", "geometry": {"type":"Polygon","coordinates":[[[-2.015584,51.648128],[-2.01578,51.646885],[-2.016362,51.64569],[-2.017308,51.644589],[-2.01858,51.643623],[-2.020131,51.642831],[-2.021901,51.642242],[-2.023821,51.641879],[-2.025818,51.641757],[-2.027815,51.641878],[-2.029736,51.64224],[-2.031506,51.642829],[-2.033058,51.64362],[-2.034332,51.644585],[-2.035279,51.645686],[-2.035862,51.646881],[-2.03606,51.648123],[-2.035864,51.649366],[-2.035283,51.650561],[-2.034337,51.651662],[-2.033065,51.652628],[-2.031514,51.65342],[-2.029744,51.654009],[-2.027823,51.654372],[-2.025825,51.654495],[-2.023828,51.654373],[-2.021907,51.654011],[-2.020136,51.653423],[-2.018584,51.652631],[-2.01731,51.651666],[-2.016364,51.650565],[-2.015781,51.64937],[-2.015584,51.648128]]]}, "properties": {"id": "e3c0ea34-bc05-4f85-8bf8-aafd1f9d1f22", "postcode": "SN16 9SN", "group_id": "cc94d8f7-66af-4ed5-ac46-42b640648e8a"}}, {"type": "Feature", "geometry": {"type":"Polygon","coordinates":[[[-2.155618,52.883095],[-2.155699,52.882589],[-2.155942,52.882101],[-2.156337,52.881652],[-2.156869,52.881258],[-2.157518,52.880934],[-2.158259,52.880693],[-2.159064,52.880544],[-2.159901,52.880493],[-2.160738,52.880542],[-2.161544,52.880689],[-2.162286,52.880928],[-2.162938,52.88125],[-2.163473,52.881642],[-2.163871,52.882091],[-2.164117,52.882577],[-2.164202,52.883084],[-2.164121,52.88359],[-2.163879,52.884078],[-2.163484,52.884527],[-2.162952,52.884921],[-2.162303,52.885245],[-2.161561,52.885486],[-2.160757,52.885635],[-2.15992,52.885686],[-2.159082,52.885637],[-2.158277,52.88549],[-2.157534,52.885251],[-2.156882,52.884929],[-2.156347,52.884537],[-2.155949,52.884088],[-2.155703,52.883602],[-2.155618,52.883095]]]}, "properties": {"id": "e45d69d1-7ed3-4b81-863d-c6ea7a498e29", "postcode": "ST15 0BX", "group_id": "97c036e3-0da2-4ee0-a282-91d63dbd9412"}}, {"type": "Feature", "geometry": {"type":"Polygon","coordinates":[[[-4.1578,51.12311],[-4.157942,51.121818],[-4.158481,51.120567],[-4.159398,51.119407],[-4.160657,51.118382],[-4.162209,51.117531],[-4.163995,51.116887],[-4.165946,51.116475],[-4.167988,51.11631],[-4.170042,51.116399],[-4.172028,51.116738],[-4.173872,51.117315],[-4.175501,51.118107],[-4.176853,51.119084],[-4.177877,51.120208],[-4.178533,51.121436],[-4.178795,51.122721],[-4.178654,51.124013],[-4.178115,51.125264],[-4.177198,51.126424],[-4.17594,51.127449],[-4.174388,51.1283],[-4.172601,51.128945],[-4.170649,51.129357],[-4.168607,51.129522],[-4.166553,51.129433],[-4.164566,51.129094],[-4.162722,51.128517],[-4.161093,51.127725],[-4.15974,51.126748],[-4.158717,51.125624],[-4.158062,51.124395],[-4.1578,51.12311]]]}, "properties": {"id": "e480798d-a604-462b-b340-433a51a321d7", "postcode": "EX33 1HN", "group_id": "b148cd75-c32d-44e8-806e-85688ab1d059"}}, {"type": "Feature", "geometry": {"type":"Polygon","coordinates":[[[-4.025762,51.171616],[-4.025851,51.170827],[-4.026183,51.170064],[-4.026745,51.169357],[-4.027516,51.168732],[-4.028466,51.168213],[-4.029559,51.167821],[-4.030752,51.167571],[-4.032,51.167472],[-4.033254,51.167528],[-4.034468,51.167736],[-4.035593,51.168089],[-4.036587,51.168574],[-4.037412,51.169171],[-4.038035,51.169858],[-4.038434,51.170608],[-4.038592,51.171393],[-4.038503,51.172182],[-4.038171,51.172944],[-4.037609,51.173652],[-4.036839,51.174277],[-4.035889,51.174795],[-4.034796,51.175187],[-4.033603,51.175438],[-4.032354,51.175537],[-4.031099,51.175481],[-4.029886,51.175273],[-4.02876,51.174919],[-4.027766,51.174435],[-4.026942,51.173837],[-4.026318,51.17315],[-4.02592,51.1724],[-4.025762,51.171616]]]}, "properties": {"id": "e4d9afa7-f9f1-4e09-ac5b-d61ba5133c22", "postcode": "EX34 0NX", "group_id": "b148cd75-c32d-44e8-806e-85688ab1d059"}}, {"type": "Feature", "geometry": {"type":"Polygon","coordinates":[[[-0.341341,52.605733],[-0.34186,52.603135],[-0.343203,52.600648],[-0.345316,52.598368],[-0.348118,52.596383],[-0.351503,52.59477],[-0.355339,52.593589],[-0.35948,52.592886],[-0.363766,52.592689],[-0.368033,52.593004],[-0.372117,52.59382],[-0.375861,52.595106],[-0.379122,52.596812],[-0.381774,52.598872],[-0.383715,52.601208],[-0.384871,52.603729],[-0.385196,52.606339],[-0.384679,52.608938],[-0.383339,52.611425],[-0.381227,52.613705],[-0.378425,52.615691],[-0.37504,52.617306],[-0.371202,52.618487],[-0.367059,52.61919],[-0.36277,52.619388],[-0.358501,52.619072],[-0.354415,52.618255],[-0.350669,52.616969],[-0.347408,52.615262],[-0.344757,52.613201],[-0.342817,52.610865],[-0.341664,52.608343],[-0.341341,52.605733]]]}, "properties": {"id": "e50c46b2-c268-4144-aea9-f72019ee7771", "postcode": "PE9 3BH", "group_id": "7a228e12-3372-49e0-8820-753ab5723f37"}}, {"type": "Feature", "geometry": {"type":"Polygon","coordinates":[[[-0.341341,52.605733],[-0.34186,52.603135],[-0.343203,52.600648],[-0.345316,52.598368],[-0.348118,52.596383],[-0.351503,52.59477],[-0.355339,52.593589],[-0.35948,52.592886],[-0.363766,52.592689],[-0.368033,52.593004],[-0.372117,52.59382],[-0.375861,52.595106],[-0.379122,52.596812],[-0.381774,52.598872],[-0.383715,52.601208],[-0.384871,52.603729],[-0.385196,52.606339],[-0.384679,52.608938],[-0.383339,52.611425],[-0.381227,52.613705],[-0.378425,52.615691],[-0.37504,52.617306],[-0.371202,52.618487],[-0.367059,52.61919],[-0.36277,52.619388],[-0.358501,52.619072],[-0.354415,52.618255],[-0.350669,52.616969],[-0.347408,52.615262],[-0.344757,52.613201],[-0.342817,52.610865],[-0.341664,52.608343],[-0.341341,52.605733]]]}, "properties": {"id": "e50c46b2-c268-4144-aea9-f72019ee7771", "postcode": "PE9 3BH", "group_id": "f4284e39-e56b-48d7-9087-c1abebec366f"}}, {"type": "Feature", "geometry": {"type":"Polygon","coordinates":[[[1.323283,52.276034],[1.322903,52.274426],[1.322019,52.272895],[1.320666,52.2715],[1.318894,52.270293],[1.316773,52.269321],[1.314384,52.268622],[1.311818,52.268222],[1.309175,52.268137],[1.306555,52.26837],[1.304059,52.268912],[1.301784,52.269742],[1.299816,52.270828],[1.298232,52.272129],[1.297091,52.273595],[1.296439,52.275169],[1.2963,52.276791],[1.296679,52.278398],[1.297562,52.279929],[1.298915,52.281325],[1.300687,52.282532],[1.302808,52.283504],[1.305198,52.284204],[1.307764,52.284604],[1.310409,52.284689],[1.31303,52.284456],[1.315526,52.283914],[1.317802,52.283083],[1.31977,52.281997],[1.321354,52.280695],[1.322494,52.279229],[1.323145,52.277655],[1.323283,52.276034]]]}, "properties": {"id": "e6593a30-b74d-41ff-8fc0-c50365d38d9a", "postcode": "IP13 8BB", "group_id": "e0454012-1295-46e6-b208-52cac7018f1f"}}, {"type": "Feature", "geometry": {"type":"Polygon","coordinates":[[[-1.329104,52.579433],[-1.329336,52.578123],[-1.329983,52.576867],[-1.331019,52.575712],[-1.332406,52.574702],[-1.334089,52.573876],[-1.336004,52.573266],[-1.338078,52.572895],[-1.340231,52.572778],[-1.342379,52.572919],[-1.344442,52.573313],[-1.346338,52.573944],[-1.347996,52.574788],[-1.349352,52.575814],[-1.350354,52.576981],[-1.350963,52.578244],[-1.351155,52.579555],[-1.350924,52.580865],[-1.350278,52.582121],[-1.349242,52.583277],[-1.347856,52.584287],[-1.346172,52.585113],[-1.344257,52.585723],[-1.342182,52.586094],[-1.340029,52.586211],[-1.33788,52.58607],[-1.335817,52.585676],[-1.33392,52.585045],[-1.332262,52.5842],[-1.330906,52.583175],[-1.329905,52.582008],[-1.329296,52.580744],[-1.329104,52.579433]]]}, "properties": {"id": "e873e73e-1ba0-4d4d-bbe5-107ca1b0dee1", "postcode": "LE10 3EF", "group_id": "1bea1e6d-d8e2-4d53-98f6-87e052101074"}}, {"type": "Feature", "geometry": {"type":"Polygon","coordinates":[[[-0.4242,52.543057],[-0.424524,52.541417],[-0.425366,52.539848],[-0.426695,52.538409],[-0.428458,52.537155],[-0.430588,52.536136],[-0.433004,52.535389],[-0.435612,52.534944],[-0.438312,52.534818],[-0.441001,52.535015],[-0.443574,52.535529],[-0.445935,52.536338],[-0.447991,52.537413],[-0.449663,52.538712],[-0.450889,52.540185],[-0.451619,52.541775],[-0.451827,52.543421],[-0.451503,52.545061],[-0.450662,52.54663],[-0.449334,52.54807],[-0.447571,52.549323],[-0.44544,52.550343],[-0.443024,52.55109],[-0.440415,52.551535],[-0.437714,52.551662],[-0.435024,52.551464],[-0.43245,52.550951],[-0.430089,52.550141],[-0.428033,52.549066],[-0.42636,52.547767],[-0.425136,52.546294],[-0.424406,52.544703],[-0.4242,52.543057]]]}, "properties": {"id": "e97cfade-2d3e-452c-bbc4-d9c29db4c164", "postcode": "PE8 6QX", "group_id": "8a24e1d6-3fcd-4ab7-8c9b-faea6bdd4373"}}, {"type": "Feature", "geometry": {"type":"Polygon","coordinates":[[[-1.527103,52.472671],[-1.527196,52.472128],[-1.527462,52.471606],[-1.527889,52.471126],[-1.528461,52.470706],[-1.529156,52.470362],[-1.529948,52.470107],[-1.530806,52.469952],[-1.531697,52.469902],[-1.532587,52.469959],[-1.533441,52.470121],[-1.534228,52.470382],[-1.534916,52.470731],[-1.535479,52.471156],[-1.535896,52.471639],[-1.53615,52.472163],[-1.536232,52.472707],[-1.536138,52.473251],[-1.535873,52.473773],[-1.535446,52.474253],[-1.534874,52.474673],[-1.534179,52.475017],[-1.533387,52.475271],[-1.532529,52.475427],[-1.531638,52.475477],[-1.530748,52.47542],[-1.529893,52.475258],[-1.529107,52.474997],[-1.528419,52.474647],[-1.527856,52.474223],[-1.527439,52.473739],[-1.527185,52.473215],[-1.527103,52.472671]]]}, "properties": {"id": "e9e9a45d-1148-4dce-87c6-d9a158f261a8", "postcode": "CV12 0NL", "group_id": "e54a5321-7fcc-4788-be08-0b155cf09bdf"}}, {"type": "Feature", "geometry": {"type":"Polygon","coordinates":[[[-1.033097,53.580061],[-1.033511,53.577867],[-1.034636,53.575763],[-1.036429,53.57383],[-1.038821,53.572142],[-1.04172,53.570764],[-1.045015,53.569749],[-1.048579,53.569137],[-1.052275,53.568949],[-1.055962,53.569195],[-1.059497,53.569864],[-1.062746,53.57093],[-1.065582,53.572354],[-1.067898,53.574079],[-1.069604,53.57604],[-1.070635,53.578161],[-1.07095,53.580361],[-1.070538,53.582556],[-1.069415,53.58466],[-1.067623,53.586594],[-1.065231,53.588282],[-1.062332,53.589661],[-1.059035,53.590676],[-1.05547,53.591289],[-1.051772,53.591476],[-1.048083,53.59123],[-1.044546,53.590561],[-1.041297,53.589494],[-1.03846,53.58807],[-1.036144,53.586345],[-1.03444,53.584383],[-1.033411,53.582262],[-1.033097,53.580061]]]}, "properties": {"id": "ea36f1e4-1c5d-497e-a521-ec7bc931947e", "postcode": "DN3 1DU", "group_id": "fceea007-3092-4ffe-98fc-ee9a5d2641c9"}}, {"type": "Feature", "geometry": {"type":"Polygon","coordinates":[[[0.539316,52.03907],[0.538996,52.037593],[0.538214,52.036183],[0.537002,52.034895],[0.535405,52.033777],[0.533486,52.032873],[0.531317,52.032217],[0.528983,52.031834],[0.526572,52.03174],[0.524178,52.031937],[0.521893,52.032419],[0.519803,52.033166],[0.517991,52.034151],[0.516524,52.035334],[0.51546,52.036672],[0.514839,52.038111],[0.514685,52.039598],[0.515005,52.041075],[0.515786,52.042484],[0.516998,52.043773],[0.518594,52.044891],[0.520514,52.045796],[0.522683,52.046452],[0.525018,52.046835],[0.527429,52.046929],[0.529824,52.046732],[0.53211,52.04625],[0.5342,52.045502],[0.536013,52.044518],[0.53748,52.043334],[0.538543,52.041996],[0.539164,52.040556],[0.539316,52.03907]]]}, "properties": {"id": "ea59a58d-2d07-4611-b46d-68028cbe8e4c", "postcode": "CO9 4SE", "group_id": "e0454012-1295-46e6-b208-52cac7018f1f"}}, {"type": "Feature", "geometry": {"type":"Polygon","coordinates":[[[-2.448122,52.787721],[-2.448356,52.786183],[-2.449081,52.784703],[-2.450267,52.783336],[-2.451871,52.782136],[-2.45383,52.781148],[-2.456069,52.780412],[-2.458501,52.779954],[-2.461035,52.779793],[-2.463571,52.779934],[-2.466013,52.780373],[-2.468267,52.781092],[-2.470247,52.782064],[-2.471876,52.783252],[-2.473091,52.784609],[-2.473847,52.786084],[-2.474113,52.78762],[-2.47388,52.789158],[-2.473157,52.790639],[-2.471971,52.792006],[-2.470367,52.793206],[-2.468408,52.794194],[-2.466169,52.794931],[-2.463735,52.795389],[-2.461201,52.79555],[-2.458664,52.795409],[-2.456221,52.79497],[-2.453966,52.79425],[-2.451986,52.793278],[-2.450358,52.79209],[-2.449143,52.790733],[-2.448388,52.789257],[-2.448122,52.787721]]]}, "properties": {"id": "ea825e3d-48f6-47bd-b5c5-49db6e583233", "postcode": "TF10 8LZ", "group_id": "cb77a7b6-9cf0-4a11-b659-cda47f2a0cbc"}}, {"type": "Feature", "geometry": {"type":"Polygon","coordinates":[[[-1.139584,52.366882],[-1.139756,52.365928],[-1.140229,52.365014],[-1.140984,52.364173],[-1.141992,52.363439],[-1.143215,52.362839],[-1.144606,52.362397],[-1.14611,52.36213],[-1.147671,52.362047],[-1.149229,52.362152],[-1.150723,52.362441],[-1.152096,52.362903],[-1.153295,52.36352],[-1.154275,52.364269],[-1.154998,52.36512],[-1.155435,52.366041],[-1.155571,52.366997],[-1.155399,52.367951],[-1.154926,52.368865],[-1.154172,52.369706],[-1.153163,52.37044],[-1.15194,52.37104],[-1.150549,52.371482],[-1.149044,52.37175],[-1.147483,52.371833],[-1.145925,52.371727],[-1.144431,52.371438],[-1.143058,52.370976],[-1.141858,52.370359],[-1.140878,52.36961],[-1.140156,52.368759],[-1.139719,52.367838],[-1.139584,52.366882]]]}, "properties": {"id": "eb910d39-9360-49a0-946f-e6559fe9691c", "postcode": "NN11 2BL", "group_id": "e54a5321-7fcc-4788-be08-0b155cf09bdf"}}, {"type": "Feature", "geometry": {"type":"Polygon","coordinates":[[[-1.349506,52.648429],[-1.349626,52.647752],[-1.34996,52.647102],[-1.350497,52.646504],[-1.351215,52.645982],[-1.352087,52.645554],[-1.35308,52.645239],[-1.354154,52.645047],[-1.355269,52.644986],[-1.356383,52.645059],[-1.357451,52.645263],[-1.358434,52.645589],[-1.359293,52.646026],[-1.359996,52.646556],[-1.360515,52.64716],[-1.360831,52.647813],[-1.36093,52.648491],[-1.360811,52.649169],[-1.360476,52.649819],[-1.35994,52.650416],[-1.359221,52.650939],[-1.358349,52.651366],[-1.357357,52.651682],[-1.356283,52.651874],[-1.355167,52.651935],[-1.354054,52.651862],[-1.352985,52.651658],[-1.352002,52.651332],[-1.351143,52.650895],[-1.35044,52.650365],[-1.349921,52.649761],[-1.349606,52.649108],[-1.349506,52.648429]]]}, "properties": {"id": "ec24c02a-c9d3-4c45-bb90-bcc3611702b9", "postcode": "CV13 0DT", "group_id": "97c036e3-0da2-4ee0-a282-91d63dbd9412"}}, {"type": "Feature", "geometry": {"type":"Polygon","coordinates":[[[-0.278067,53.477831],[-0.278581,53.475336],[-0.279901,53.472949],[-0.281976,53.470762],[-0.284726,53.468858],[-0.288045,53.467311],[-0.291806,53.46618],[-0.295865,53.465508],[-0.300065,53.465321],[-0.304246,53.465627],[-0.308246,53.466414],[-0.311913,53.467651],[-0.315105,53.46929],[-0.317699,53.47127],[-0.319597,53.473514],[-0.320725,53.475936],[-0.321039,53.478442],[-0.320527,53.480937],[-0.319209,53.483324],[-0.317136,53.485512],[-0.314386,53.487417],[-0.311066,53.488965],[-0.307304,53.490097],[-0.303243,53.490769],[-0.29904,53.490956],[-0.294857,53.49065],[-0.290855,53.489863],[-0.287187,53.488625],[-0.283994,53.486984],[-0.2814,53.485004],[-0.279504,53.482759],[-0.278379,53.480337],[-0.278067,53.477831]]]}, "properties": {"id": "ec63c648-1b1a-45be-ad45-defefcddb597", "postcode": "LN7 6SP", "group_id": "a033c86a-0f6d-4e14-bd3d-8868b2867314"}}, {"type": "Feature", "geometry": {"type":"Polygon","coordinates":[[[0.664428,51.998587],[0.664142,51.997281],[0.663448,51.996035],[0.662373,51.994897],[0.66096,51.99391],[0.659262,51.993112],[0.657344,51.992533],[0.65528,51.992197],[0.65315,51.992116],[0.651036,51.992293],[0.649017,51.992721],[0.647173,51.993384],[0.645573,51.994256],[0.64428,51.995305],[0.643343,51.996488],[0.642798,51.997762],[0.642667,51.999077],[0.642953,52.000383],[0.643646,52.001629],[0.64472,52.002767],[0.646134,52.003755],[0.647832,52.004553],[0.64975,52.005131],[0.651814,52.005467],[0.653945,52.005549],[0.65606,52.005372],[0.658079,52.004943],[0.659924,52.00428],[0.661523,52.003408],[0.662816,52.002359],[0.663753,52.001176],[0.664297,51.999902],[0.664428,51.998587]]]}, "properties": {"id": "ecefff08-1ebe-46a3-8ff6-6bb837d41b83", "postcode": "CO9 3AU", "group_id": "e0454012-1295-46e6-b208-52cac7018f1f"}}, {"type": "Feature", "geometry": {"type":"Polygon","coordinates":[[[0.664428,51.998587],[0.664142,51.997281],[0.663448,51.996035],[0.662373,51.994897],[0.66096,51.99391],[0.659262,51.993112],[0.657344,51.992533],[0.65528,51.992197],[0.65315,51.992116],[0.651036,51.992293],[0.649017,51.992721],[0.647173,51.993384],[0.645573,51.994256],[0.64428,51.995305],[0.643343,51.996488],[0.642798,51.997762],[0.642667,51.999077],[0.642953,52.000383],[0.643646,52.001629],[0.64472,52.002767],[0.646134,52.003755],[0.647832,52.004553],[0.64975,52.005131],[0.651814,52.005467],[0.653945,52.005549],[0.65606,52.005372],[0.658079,52.004943],[0.659924,52.00428],[0.661523,52.003408],[0.662816,52.002359],[0.663753,52.001176],[0.664297,51.999902],[0.664428,51.998587]]]}, "properties": {"id": "ecefff08-1ebe-46a3-8ff6-6bb837d41b83", "postcode": "CO9 3AU", "group_id": "a7783195-830d-421c-96df-c588303c770b"}}, {"type": "Feature", "geometry": {"type":"Polygon","coordinates":[[[-1.073206,51.591743],[-1.073568,51.589718],[-1.074556,51.587777],[-1.076134,51.585992],[-1.078241,51.584434],[-1.080794,51.583162],[-1.083697,51.582224],[-1.086838,51.581657],[-1.090095,51.581483],[-1.093345,51.581708],[-1.096462,51.582323],[-1.099327,51.583305],[-1.101829,51.584617],[-1.103872,51.586207],[-1.105378,51.588016],[-1.106289,51.589972],[-1.10657,51.592002],[-1.106209,51.594026],[-1.105222,51.595968],[-1.103645,51.597753],[-1.101539,51.599312],[-1.098985,51.600585],[-1.096081,51.601523],[-1.092939,51.60209],[-1.08968,51.602264],[-1.086429,51.602039],[-1.083311,51.601424],[-1.080445,51.600441],[-1.077943,51.599129],[-1.0759,51.597538],[-1.074395,51.595729],[-1.073485,51.593773],[-1.073206,51.591743]]]}, "properties": {"id": "ed1661a5-c7ca-413e-b358-20d28721d207", "postcode": "OX10 8BQ", "group_id": "a09108de-6364-4e32-a2be-262ce0d3b66b"}}, {"type": "Feature", "geometry": {"type":"Polygon","coordinates":[[[0.628726,52.027662],[0.628511,52.026681],[0.62799,52.025745],[0.627183,52.02489],[0.626121,52.024148],[0.624845,52.023548],[0.623404,52.023113],[0.621853,52.02286],[0.620251,52.022799],[0.618661,52.022931],[0.617144,52.023253],[0.615757,52.02375],[0.614554,52.024405],[0.613581,52.025192],[0.612876,52.026082],[0.612466,52.027039],[0.612366,52.028026],[0.612581,52.029007],[0.613102,52.029944],[0.613909,52.030799],[0.61497,52.031541],[0.616247,52.032141],[0.617688,52.032576],[0.61924,52.032829],[0.620842,52.03289],[0.622432,52.032758],[0.62395,52.032437],[0.625337,52.031939],[0.62654,52.031284],[0.627512,52.030496],[0.628217,52.029607],[0.628627,52.02865],[0.628726,52.027662]]]}, "properties": {"id": "effc1d74-81a1-4152-addd-541dab2c301f", "postcode": "CO10 7AZ", "group_id": "e0454012-1295-46e6-b208-52cac7018f1f"}}, {"type": "Feature", "geometry": {"type":"Polygon","coordinates":[[[0.628726,52.027662],[0.628511,52.026681],[0.62799,52.025745],[0.627183,52.02489],[0.626121,52.024148],[0.624845,52.023548],[0.623404,52.023113],[0.621853,52.02286],[0.620251,52.022799],[0.618661,52.022931],[0.617144,52.023253],[0.615757,52.02375],[0.614554,52.024405],[0.613581,52.025192],[0.612876,52.026082],[0.612466,52.027039],[0.612366,52.028026],[0.612581,52.029007],[0.613102,52.029944],[0.613909,52.030799],[0.61497,52.031541],[0.616247,52.032141],[0.617688,52.032576],[0.61924,52.032829],[0.620842,52.03289],[0.622432,52.032758],[0.62395,52.032437],[0.625337,52.031939],[0.62654,52.031284],[0.627512,52.030496],[0.628217,52.029607],[0.628627,52.02865],[0.628726,52.027662]]]}, "properties": {"id": "effc1d74-81a1-4152-addd-541dab2c301f", "postcode": "CO10 7AZ", "group_id": "a7783195-830d-421c-96df-c588303c770b"}}, {"type": "Feature", "geometry": {"type":"Polygon","coordinates":[[[-2.319825,50.823682],[-2.320007,50.82246],[-2.320561,50.821285],[-2.321466,50.820201],[-2.322688,50.819249],[-2.324179,50.818467],[-2.325883,50.817884],[-2.327733,50.817523],[-2.329659,50.817397],[-2.331587,50.817512],[-2.333442,50.817863],[-2.335154,50.818436],[-2.336656,50.81921],[-2.337891,50.820154],[-2.338812,50.821233],[-2.339383,50.822406],[-2.339581,50.823626],[-2.3394,50.824847],[-2.338847,50.826022],[-2.337942,50.827107],[-2.33672,50.828058],[-2.335228,50.828841],[-2.333525,50.829424],[-2.331674,50.829785],[-2.329747,50.829911],[-2.327819,50.829796],[-2.325963,50.829445],[-2.324251,50.828872],[-2.322749,50.828098],[-2.321514,50.827153],[-2.320594,50.826074],[-2.320023,50.824902],[-2.319825,50.823682]]]}, "properties": {"id": "f01b5e5a-6b45-4a1b-b079-cfb5cfb6f318", "postcode": "DT2 7PX", "group_id": "6cb070a8-3c40-48b7-a594-97fec3894487"}}, {"type": "Feature", "geometry": {"type":"Polygon","coordinates":[[[-1.400848,52.322615],[-1.401182,52.3207],[-1.402118,52.318863],[-1.403622,52.317173],[-1.405635,52.315695],[-1.408079,52.314486],[-1.410861,52.313592],[-1.413874,52.313048],[-1.417002,52.312875],[-1.420126,52.313079],[-1.423124,52.313653],[-1.425882,52.314574],[-1.428295,52.315807],[-1.430268,52.317304],[-1.431727,52.319009],[-1.432616,52.320856],[-1.432899,52.322773],[-1.432567,52.324687],[-1.431631,52.326525],[-1.430128,52.328215],[-1.428116,52.329694],[-1.425671,52.330903],[-1.422888,52.331797],[-1.419874,52.332341],[-1.416744,52.332514],[-1.41362,52.33231],[-1.41062,52.331737],[-1.407861,52.330815],[-1.405449,52.329582],[-1.403475,52.328084],[-1.402017,52.326379],[-1.40113,52.324532],[-1.400848,52.322615]]]}, "properties": {"id": "f088b6fb-53d9-46f0-a2a1-783be1474c0d", "postcode": "CV23 9HD", "group_id": "e54a5321-7fcc-4788-be08-0b155cf09bdf"}}, {"type": "Feature", "geometry": {"type":"Polygon","coordinates":[[[-2.664784,52.849244],[-2.665014,52.847684],[-2.665742,52.846181],[-2.666941,52.844792],[-2.668563,52.843572],[-2.670548,52.842567],[-2.672818,52.841816],[-2.675287,52.841347],[-2.677859,52.841179],[-2.680436,52.841317],[-2.682919,52.841758],[-2.685213,52.842483],[-2.687228,52.843465],[-2.688889,52.844667],[-2.69013,52.846041],[-2.690905,52.847536],[-2.691184,52.849094],[-2.690955,52.850654],[-2.690227,52.852157],[-2.689029,52.853546],[-2.687407,52.854767],[-2.685422,52.855772],[-2.683151,52.856524],[-2.680682,52.856993],[-2.678108,52.857161],[-2.67553,52.857022],[-2.673047,52.856581],[-2.670753,52.855856],[-2.668737,52.854873],[-2.667077,52.853672],[-2.665836,52.852297],[-2.665062,52.850802],[-2.664784,52.849244]]]}, "properties": {"id": "f13a0d40-b403-4a1c-9ea7-1ebd0d2f9c25", "postcode": "SY4 4LU", "group_id": "cb77a7b6-9cf0-4a11-b659-cda47f2a0cbc"}}, {"type": "Feature", "geometry": {"type":"Polygon","coordinates":[[[1.081777,52.120699],[1.081464,52.119339],[1.080727,52.118044],[1.079593,52.116861],[1.078106,52.115838],[1.076324,52.115013],[1.074314,52.114418],[1.072155,52.114075],[1.069928,52.113998],[1.06772,52.114191],[1.065615,52.114644],[1.063695,52.115342],[1.062032,52.116257],[1.060691,52.117354],[1.059724,52.118591],[1.059167,52.119921],[1.059042,52.121291],[1.059354,52.122651],[1.060091,52.123947],[1.061224,52.125129],[1.062711,52.126153],[1.064493,52.126978],[1.066503,52.127574],[1.068663,52.127916],[1.070891,52.127993],[1.073099,52.127801],[1.075205,52.127347],[1.077126,52.126649],[1.078788,52.125734],[1.080129,52.124636],[1.081096,52.123399],[1.081652,52.12207],[1.081777,52.120699]]]}, "properties": {"id": "f1c2c3dd-f594-4351-a200-a86a5c682a0e", "postcode": "IP6 8JR", "group_id": "e0454012-1295-46e6-b208-52cac7018f1f"}}, {"type": "Feature", "geometry": {"type":"Polygon","coordinates":[[[-3.678776,50.883742],[-3.67887,50.882958],[-3.679203,50.882201],[-3.679764,50.881499],[-3.68053,50.880881],[-3.681472,50.880368],[-3.682554,50.879982],[-3.683734,50.879737],[-3.684967,50.879642],[-3.686206,50.879701],[-3.687403,50.879912],[-3.688511,50.880267],[-3.68949,50.880751],[-3.690299,50.881347],[-3.69091,50.882032],[-3.691298,50.882778],[-3.691448,50.883559],[-3.691354,50.884342],[-3.691021,50.885099],[-3.690461,50.885801],[-3.689695,50.88642],[-3.688752,50.886932],[-3.68767,50.887318],[-3.68649,50.887563],[-3.685257,50.887658],[-3.684018,50.887599],[-3.682821,50.887388],[-3.681712,50.887034],[-3.680734,50.886549],[-3.679924,50.885953],[-3.679313,50.885268],[-3.678926,50.884522],[-3.678776,50.883742]]]}, "properties": {"id": "f287a23a-64fd-45ea-b14e-45e76128cb8e", "postcode": "EX17 4QJ", "group_id": "b148cd75-c32d-44e8-806e-85688ab1d059"}}, {"type": "Feature", "geometry": {"type":"Polygon","coordinates":[[[-1.486483,51.490055],[-1.487233,51.48562],[-1.489354,51.481363],[-1.492764,51.477445],[-1.497331,51.474018],[-1.502881,51.471213],[-1.5092,51.469138],[-1.516045,51.467872],[-1.523154,51.467464],[-1.530253,51.467929],[-1.537072,51.469251],[-1.543347,51.471377],[-1.548838,51.474227],[-1.553333,51.477691],[-1.556661,51.481636],[-1.558693,51.485911],[-1.55935,51.490351],[-1.558607,51.494785],[-1.556492,51.499044],[-1.553086,51.502964],[-1.54852,51.506393],[-1.542969,51.5092],[-1.536646,51.511277],[-1.529795,51.512544],[-1.522679,51.512953],[-1.515572,51.512487],[-1.508748,51.511164],[-1.50247,51.509035],[-1.496977,51.506183],[-1.492483,51.502717],[-1.489159,51.498771],[-1.487134,51.494495],[-1.486483,51.490055]]]}, "properties": {"id": "f30c1bc0-d1e5-484c-94da-2c9d9b339976", "postcode": "RG17 7SH", "group_id": "a09108de-6364-4e32-a2be-262ce0d3b66b"}}, {"type": "Feature", "geometry": {"type":"Polygon","coordinates":[[[-1.570531,52.712678],[-1.570842,52.710875],[-1.571725,52.709144],[-1.573148,52.70755],[-1.575055,52.706155],[-1.577373,52.705014],[-1.580013,52.704168],[-1.582874,52.703652],[-1.585846,52.703485],[-1.588814,52.703673],[-1.591665,52.704209],[-1.594289,52.705073],[-1.596586,52.706231],[-1.598466,52.707638],[-1.599859,52.709242],[-1.600709,52.71098],[-1.600985,52.712785],[-1.600676,52.714588],[-1.599794,52.71632],[-1.598372,52.717914],[-1.596465,52.719308],[-1.594147,52.720451],[-1.591506,52.721296],[-1.588644,52.721813],[-1.585671,52.72198],[-1.582701,52.721792],[-1.579849,52.721255],[-1.577224,52.720392],[-1.574928,52.719233],[-1.573048,52.717825],[-1.571656,52.716221],[-1.570806,52.714483],[-1.570531,52.712678]]]}, "properties": {"id": "f36aeabc-0980-4e70-9489-5eaa048678e0", "postcode": "DE12 8BU", "group_id": "97c036e3-0da2-4ee0-a282-91d63dbd9412"}}, {"type": "Feature", "geometry": {"type":"Polygon","coordinates":[[[-0.575242,53.264891],[-0.575475,53.263713],[-0.576087,53.262584],[-0.577054,53.261549],[-0.57834,53.260647],[-0.579894,53.259913],[-0.581657,53.259374],[-0.583562,53.259053],[-0.585534,53.25896],[-0.587499,53.259099],[-0.589381,53.259466],[-0.591107,53.260046],[-0.592612,53.260817],[-0.593837,53.261748],[-0.594735,53.262805],[-0.595272,53.263947],[-0.595428,53.26513],[-0.595195,53.266309],[-0.594583,53.267437],[-0.593616,53.268472],[-0.592331,53.269374],[-0.590777,53.270109],[-0.589013,53.270647],[-0.587108,53.270969],[-0.585135,53.271062],[-0.583169,53.270923],[-0.581287,53.270556],[-0.579561,53.269976],[-0.578056,53.269205],[-0.576831,53.268273],[-0.575933,53.267216],[-0.575396,53.266074],[-0.575242,53.264891]]]}, "properties": {"id": "f4168a0a-daf7-4a0a-87f0-5aec63be854b", "postcode": "LN1 2RD", "group_id": "60a73ad8-56fc-4c6a-942c-8d42700b5038"}}, {"type": "Feature", "geometry": {"type":"Polygon","coordinates":[[[-1.348308,51.434344],[-1.348656,51.432316],[-1.349631,51.430369],[-1.351195,51.428579],[-1.353287,51.427014],[-1.355827,51.425734],[-1.358718,51.424788],[-1.361848,51.424213],[-1.365097,51.424031],[-1.368341,51.424248],[-1.371455,51.424857],[-1.374319,51.425834],[-1.376823,51.427141],[-1.378872,51.428729],[-1.380385,51.430536],[-1.381306,51.432492],[-1.381599,51.434524],[-1.381251,51.436552],[-1.380278,51.438499],[-1.378715,51.440289],[-1.376623,51.441855],[-1.374083,51.443135],[-1.371191,51.444082],[-1.36806,51.444657],[-1.364809,51.444839],[-1.361563,51.444622],[-1.358448,51.444013],[-1.355584,51.443035],[-1.353079,51.441727],[-1.351031,51.440139],[-1.349518,51.438332],[-1.348599,51.436375],[-1.348308,51.434344]]]}, "properties": {"id": "f541618c-b3f4-4078-a482-fb1233b8828f", "postcode": "RG20 8DS", "group_id": "a09108de-6364-4e32-a2be-262ce0d3b66b"}}, {"type": "Feature", "geometry": {"type":"Polygon","coordinates":[[[-4.176965,51.162978],[-4.17708,51.16193],[-4.177517,51.160916],[-4.17826,51.159975],[-4.179281,51.159144],[-4.180541,51.158454],[-4.18199,51.157931],[-4.183573,51.157597],[-4.18523,51.157463],[-4.186897,51.157535],[-4.188509,51.157809],[-4.190005,51.158277],[-4.191327,51.158919],[-4.192425,51.15971],[-4.193256,51.160622],[-4.193788,51.161617],[-4.194002,51.162659],[-4.193888,51.163707],[-4.19345,51.164721],[-4.192707,51.165662],[-4.191686,51.166493],[-4.190427,51.167184],[-4.188977,51.167706],[-4.187394,51.168041],[-4.185737,51.168175],[-4.18407,51.168103],[-4.182457,51.167828],[-4.180961,51.16736],[-4.179639,51.166718],[-4.178541,51.165927],[-4.17771,51.165015],[-4.177178,51.16402],[-4.176965,51.162978]]]}, "properties": {"id": "f58b87d2-8336-430c-91e7-60c9ae4aeced", "postcode": "EX34 7HL", "group_id": "b148cd75-c32d-44e8-806e-85688ab1d059"}}, {"type": "Feature", "geometry": {"type":"Polygon","coordinates":[[[-0.452221,52.523544],[-0.452449,52.522383],[-0.453045,52.521271],[-0.453985,52.520252],[-0.455232,52.519364],[-0.45674,52.518642],[-0.458449,52.518113],[-0.460295,52.517798],[-0.462206,52.517708],[-0.464109,52.517847],[-0.465931,52.51821],[-0.467602,52.518783],[-0.469057,52.519544],[-0.470242,52.520463],[-0.471109,52.521506],[-0.471627,52.522632],[-0.471774,52.523798],[-0.471546,52.524959],[-0.470951,52.52607],[-0.470012,52.52709],[-0.468764,52.527978],[-0.467257,52.5287],[-0.465547,52.529229],[-0.463701,52.529545],[-0.461789,52.529635],[-0.459886,52.529495],[-0.458063,52.529132],[-0.456392,52.528559],[-0.454936,52.527798],[-0.453752,52.526878],[-0.452885,52.525836],[-0.452368,52.52471],[-0.452221,52.523544]]]}, "properties": {"id": "f6f35f45-b8d1-4a20-b0bf-25756e0e02d6", "postcode": "PE8 5HX", "group_id": "8a24e1d6-3fcd-4ab7-8c9b-faea6bdd4373"}}, {"type": "Feature", "geometry": {"type":"Polygon","coordinates":[[[1.308734,52.105443],[1.308307,52.103627],[1.307313,52.101897],[1.305791,52.10032],[1.303798,52.098956],[1.301411,52.097858],[1.298723,52.097068],[1.295836,52.096615],[1.292861,52.096519],[1.289912,52.096781],[1.287104,52.097393],[1.284543,52.09833],[1.282327,52.099557],[1.280543,52.101026],[1.279259,52.102682],[1.278524,52.10446],[1.278366,52.106292],[1.278792,52.108108],[1.279784,52.109838],[1.281307,52.111415],[1.283299,52.11278],[1.285686,52.113878],[1.288375,52.114669],[1.291264,52.115121],[1.29424,52.115218],[1.297189,52.114956],[1.299999,52.114344],[1.302561,52.113406],[1.304776,52.112179],[1.30656,52.110709],[1.307843,52.109053],[1.308577,52.107275],[1.308734,52.105443]]]}, "properties": {"id": "f75e7735-afa7-4ddb-b279-6e4f18da8ea5", "postcode": "IP13 6AS", "group_id": "e0454012-1295-46e6-b208-52cac7018f1f"}}, {"type": "Feature", "geometry": {"type":"Polygon","coordinates":[[[-2.674638,50.814598],[-2.674714,50.814057],[-2.674956,50.813535],[-2.675353,50.813054],[-2.675891,50.81263],[-2.676549,50.812282],[-2.677302,50.812021],[-2.678121,50.811859],[-2.678973,50.8118],[-2.679828,50.811849],[-2.680651,50.812002],[-2.681411,50.812253],[-2.682079,50.812594],[-2.682629,50.813011],[-2.683041,50.813488],[-2.683297,50.814007],[-2.683389,50.814547],[-2.683313,50.815088],[-2.683072,50.81561],[-2.682674,50.816091],[-2.682136,50.816515],[-2.681478,50.816863],[-2.680725,50.817124],[-2.679907,50.817286],[-2.679054,50.817345],[-2.678199,50.817296],[-2.677376,50.817143],[-2.676616,50.816892],[-2.675948,50.816551],[-2.675398,50.816134],[-2.674986,50.815657],[-2.67473,50.815138],[-2.674638,50.814598]]]}, "properties": {"id": "f779d043-c739-4e33-a43e-e1ea64be0218", "postcode": "DT8 3NU", "group_id": "6cb070a8-3c40-48b7-a594-97fec3894487"}}, {"type": "Feature", "geometry": {"type":"Polygon","coordinates":[[[-1.970868,51.156793],[-1.971062,51.155559],[-1.971635,51.154372],[-1.972566,51.153278],[-1.973817,51.15232],[-1.975342,51.151534],[-1.977082,51.150949],[-1.978969,51.15059],[-1.980932,51.150468],[-1.982894,51.15059],[-1.984781,51.15095],[-1.98652,51.151535],[-1.988044,51.152322],[-1.989295,51.153281],[-1.990225,51.154375],[-1.990797,51.155562],[-1.99099,51.156796],[-1.990796,51.158031],[-1.990224,51.159217],[-1.989294,51.160311],[-1.988042,51.16127],[-1.986517,51.162056],[-1.984777,51.162641],[-1.98289,51.163001],[-1.980926,51.163122],[-1.978963,51.163],[-1.977076,51.16264],[-1.975337,51.162055],[-1.973812,51.161267],[-1.972562,51.160308],[-1.971632,51.159214],[-1.971061,51.158027],[-1.970868,51.156793]]]}, "properties": {"id": "f77cd66a-3079-4051-84c7-33a1f9ee2e59", "postcode": "BA12 OQQ", "group_id": "6cb070a8-3c40-48b7-a594-97fec3894487"}}, {"type": "Feature", "geometry": {"type":"Polygon","coordinates":[[[-3.954443,51.001709],[-3.954499,51.001218],[-3.954705,51.000744],[-3.955054,51.000304],[-3.955532,50.999916],[-3.956122,50.999594],[-3.956799,50.99935],[-3.957539,50.999195],[-3.958312,50.999134],[-3.959089,50.999169],[-3.959841,50.999299],[-3.960538,50.99952],[-3.961153,50.999821],[-3.961664,51.000193],[-3.962049,51.000621],[-3.962295,51.001087],[-3.962392,51.001575],[-3.962336,51.002066],[-3.96213,51.00254],[-3.961781,51.00298],[-3.961303,51.003368],[-3.960714,51.00369],[-3.960036,51.003933],[-3.959297,51.004089],[-3.958523,51.00415],[-3.957746,51.004115],[-3.956994,51.003984],[-3.956297,51.003764],[-3.955682,51.003462],[-3.955171,51.003091],[-3.954786,51.002663],[-3.95454,51.002197],[-3.954443,51.001709]]]}, "properties": {"id": "f77ecf8a-749c-44b6-b3f1-0dac25284f4e", "postcode": "EX37 9AH", "group_id": "b148cd75-c32d-44e8-806e-85688ab1d059"}}, {"type": "Feature", "geometry": {"type":"Polygon","coordinates":[[[-1.095385,51.109517],[-1.095844,51.106916],[-1.097099,51.104421],[-1.099104,51.102128],[-1.10178,51.100125],[-1.105025,51.098489],[-1.108715,51.097283],[-1.112707,51.096554],[-1.116848,51.096329],[-1.12098,51.096616],[-1.124943,51.097406],[-1.128586,51.098667],[-1.131768,51.100351],[-1.134367,51.102394],[-1.136284,51.104717],[-1.137444,51.10723],[-1.137803,51.109838],[-1.137347,51.112439],[-1.136093,51.114935],[-1.13409,51.117229],[-1.131414,51.119232],[-1.128168,51.120869],[-1.124477,51.122075],[-1.120483,51.122805],[-1.116339,51.12303],[-1.112206,51.122742],[-1.108241,51.121952],[-1.104597,51.120691],[-1.101414,51.119006],[-1.098816,51.116962],[-1.0969,51.114639],[-1.095742,51.112125],[-1.095385,51.109517]]]}, "properties": {"id": "f838b3e1-86f5-4d13-850a-0238e55eb161", "postcode": "SO24 9RD", "group_id": "3bb0c4da-bdd4-47be-913f-c10e377b5d72"}}, {"type": "Feature", "geometry": {"type":"Polygon","coordinates":[[[-1.095385,51.109517],[-1.095844,51.106916],[-1.097099,51.104421],[-1.099104,51.102128],[-1.10178,51.100125],[-1.105025,51.098489],[-1.108715,51.097283],[-1.112707,51.096554],[-1.116848,51.096329],[-1.12098,51.096616],[-1.124943,51.097406],[-1.128586,51.098667],[-1.131768,51.100351],[-1.134367,51.102394],[-1.136284,51.104717],[-1.137444,51.10723],[-1.137803,51.109838],[-1.137347,51.112439],[-1.136093,51.114935],[-1.13409,51.117229],[-1.131414,51.119232],[-1.128168,51.120869],[-1.124477,51.122075],[-1.120483,51.122805],[-1.116339,51.12303],[-1.112206,51.122742],[-1.108241,51.121952],[-1.104597,51.120691],[-1.101414,51.119006],[-1.098816,51.116962],[-1.0969,51.114639],[-1.095742,51.112125],[-1.095385,51.109517]]]}, "properties": {"id": "f838b3e1-86f5-4d13-850a-0238e55eb161", "postcode": "SO24 9RD", "group_id": "e8167295-d7f4-4671-913e-f90e96ce8190"}}, {"type": "Feature", "geometry": {"type":"Polygon","coordinates":[[[-2.216007,52.90424],[-2.216296,52.902406],[-2.217172,52.900641],[-2.2186,52.899014],[-2.220526,52.897586],[-2.222875,52.896413],[-2.225557,52.895539],[-2.22847,52.894999],[-2.2315,52.894812],[-2.234533,52.894987],[-2.237451,52.895516],[-2.240143,52.896379],[-2.242505,52.897543],[-2.244445,52.898963],[-2.245891,52.900585],[-2.246785,52.902346],[-2.247094,52.904179],[-2.246806,52.906013],[-2.245932,52.907778],[-2.244504,52.909406],[-2.242579,52.910834],[-2.24023,52.912008],[-2.237546,52.912882],[-2.234633,52.913422],[-2.231601,52.913609],[-2.228567,52.913434],[-2.225647,52.912905],[-2.222955,52.912041],[-2.220593,52.910877],[-2.218653,52.909456],[-2.217208,52.907834],[-2.216315,52.906073],[-2.216007,52.90424]]]}, "properties": {"id": "f853d7cb-0feb-4e65-8dd2-c063baee48b2", "postcode": "ST21 6JX", "group_id": "97c036e3-0da2-4ee0-a282-91d63dbd9412"}}, {"type": "Feature", "geometry": {"type":"Polygon","coordinates":[[[0.692067,52.010053],[0.691957,52.009555],[0.691692,52.009079],[0.691282,52.008645],[0.690742,52.008268],[0.690094,52.007964],[0.689362,52.007744],[0.688574,52.007616],[0.687761,52.007585],[0.686954,52.007653],[0.686183,52.007816],[0.68548,52.008069],[0.684869,52.008403],[0.684376,52.008803],[0.684019,52.009254],[0.683811,52.009741],[0.683761,52.010242],[0.683871,52.010741],[0.684136,52.011216],[0.684547,52.01165],[0.685086,52.012027],[0.685735,52.012331],[0.686467,52.012552],[0.687255,52.01268],[0.688068,52.01271],[0.688875,52.012643],[0.689646,52.012479],[0.690349,52.012226],[0.69096,52.011893],[0.691453,52.011493],[0.69181,52.011041],[0.692018,52.010555],[0.692067,52.010053]]]}, "properties": {"id": "f99e05cb-37a8-4a65-841f-a40bf2f123ce", "postcode": "CO10 8LD", "group_id": "e0454012-1295-46e6-b208-52cac7018f1f"}}, {"type": "Feature", "geometry": {"type":"Polygon","coordinates":[[[0.692067,52.010053],[0.691957,52.009555],[0.691692,52.009079],[0.691282,52.008645],[0.690742,52.008268],[0.690094,52.007964],[0.689362,52.007744],[0.688574,52.007616],[0.687761,52.007585],[0.686954,52.007653],[0.686183,52.007816],[0.68548,52.008069],[0.684869,52.008403],[0.684376,52.008803],[0.684019,52.009254],[0.683811,52.009741],[0.683761,52.010242],[0.683871,52.010741],[0.684136,52.011216],[0.684547,52.01165],[0.685086,52.012027],[0.685735,52.012331],[0.686467,52.012552],[0.687255,52.01268],[0.688068,52.01271],[0.688875,52.012643],[0.689646,52.012479],[0.690349,52.012226],[0.69096,52.011893],[0.691453,52.011493],[0.69181,52.011041],[0.692018,52.010555],[0.692067,52.010053]]]}, "properties": {"id": "f99e05cb-37a8-4a65-841f-a40bf2f123ce", "postcode": "CO10 8LD", "group_id": "a7783195-830d-421c-96df-c588303c770b"}}, {"type": "Feature", "geometry": {"type":"Polygon","coordinates":[[[-0.424173,52.78313],[-0.424432,52.781824],[-0.425107,52.780575],[-0.426171,52.77943],[-0.427582,52.778432],[-0.429288,52.77762],[-0.431221,52.777026],[-0.433309,52.776672],[-0.43547,52.776572],[-0.437623,52.776729],[-0.439683,52.777138],[-0.441572,52.777782],[-0.443218,52.778638],[-0.444557,52.779672],[-0.445537,52.780845],[-0.446121,52.782111],[-0.446287,52.783421],[-0.446028,52.784726],[-0.445354,52.785976],[-0.444291,52.787122],[-0.442879,52.788119],[-0.441174,52.788931],[-0.43924,52.789526],[-0.437152,52.78988],[-0.434989,52.78998],[-0.432837,52.789823],[-0.430776,52.789414],[-0.428886,52.788769],[-0.42724,52.787913],[-0.425902,52.786879],[-0.424922,52.785706],[-0.424338,52.78444],[-0.424173,52.78313]]]}, "properties": {"id": "face6920-17cb-40b5-8851-9083b2cc01eb", "postcode": "PE10 0LL", "group_id": "7a228e12-3372-49e0-8820-753ab5723f37"}}, {"type": "Feature", "geometry": {"type":"Polygon","coordinates":[[[-0.011149,53.292864],[-0.011438,53.291499],[-0.012166,53.290193],[-0.013304,53.288998],[-0.01481,53.287959],[-0.016625,53.287115],[-0.01868,53.2865],[-0.020896,53.286138],[-0.023187,53.286041],[-0.025466,53.286213],[-0.027644,53.286649],[-0.029639,53.287331],[-0.031374,53.288233],[-0.032782,53.289321],[-0.033808,53.290552],[-0.034414,53.29188],[-0.034577,53.293253],[-0.034289,53.294618],[-0.033562,53.295924],[-0.032423,53.297119],[-0.030917,53.298159],[-0.029102,53.299002],[-0.027047,53.299617],[-0.02483,53.29998],[-0.022539,53.300077],[-0.020259,53.299904],[-0.01808,53.299469],[-0.016085,53.298786],[-0.01435,53.297884],[-0.012942,53.296796],[-0.011916,53.295565],[-0.011311,53.294237],[-0.011149,53.292864]]]}, "properties": {"id": "fbd5ffe4-68be-4927-8485-724ffe4280a9", "postcode": "LN11 8PS", "group_id": "a033c86a-0f6d-4e14-bd3d-8868b2867314"}}, {"type": "Feature", "geometry": {"type":"Polygon","coordinates":[[[0.527259,52.028124],[0.52693,52.026606],[0.526127,52.025157],[0.524882,52.023832],[0.523241,52.022683],[0.521269,52.021753],[0.519041,52.021079],[0.516642,52.020685],[0.514165,52.020588],[0.511705,52.020791],[0.509356,52.021286],[0.507208,52.022054],[0.505345,52.023065],[0.503837,52.024282],[0.502743,52.025656],[0.502105,52.027136],[0.501947,52.028664],[0.502275,52.030182],[0.503077,52.031632],[0.504322,52.032956],[0.505962,52.034106],[0.507935,52.035036],[0.510164,52.035711],[0.512563,52.036104],[0.515041,52.036202],[0.517502,52.035999],[0.519852,52.035504],[0.522,52.034736],[0.523863,52.033724],[0.52537,52.032507],[0.526464,52.031132],[0.527102,52.029652],[0.527259,52.028124]]]}, "properties": {"id": "fd031d92-7608-4a87-a00d-00ff62cd08b2", "postcode": "CO10 4PH", "group_id": "e0454012-1295-46e6-b208-52cac7018f1f"}}, {"type": "Feature", "geometry": {"type":"Polygon","coordinates":[[[0.70566,52.796747],[0.705329,52.79528],[0.704533,52.793881],[0.703302,52.792603],[0.701683,52.791495],[0.699739,52.790599],[0.697544,52.789951],[0.695183,52.789575],[0.692746,52.789485],[0.690326,52.789685],[0.688018,52.790167],[0.685909,52.790913],[0.684081,52.791894],[0.682603,52.793073],[0.681533,52.794403],[0.680912,52.795835],[0.680763,52.797312],[0.681093,52.798779],[0.681889,52.800178],[0.683119,52.801457],[0.684738,52.802565],[0.686683,52.803461],[0.688878,52.804109],[0.69124,52.804486],[0.693678,52.804576],[0.696098,52.804375],[0.698407,52.803893],[0.700516,52.803147],[0.702345,52.802165],[0.703822,52.800987],[0.704892,52.799656],[0.705512,52.798224],[0.70566,52.796747]]]}, "properties": {"id": "fdeec1ca-9f2c-4a47-9544-8d7a706a0a1d", "postcode": "PE31 8FP", "group_id": "3bd8b114-f504-4798-b91b-aaf4e4fbd4de"}}, {"type": "Feature", "geometry": {"type":"Polygon","coordinates":[[[-0.235367,52.575728],[-0.235771,52.573733],[-0.236805,52.571826],[-0.23843,52.570077],[-0.240583,52.568556],[-0.243182,52.567319],[-0.246127,52.566415],[-0.249305,52.565879],[-0.252593,52.565731],[-0.255866,52.565976],[-0.258997,52.566605],[-0.261867,52.567595],[-0.264365,52.568907],[-0.266395,52.57049],[-0.267879,52.572284],[-0.26876,52.57422],[-0.269005,52.576224],[-0.268603,52.578218],[-0.26757,52.580127],[-0.265946,52.581875],[-0.263792,52.583397],[-0.261193,52.584634],[-0.258247,52.585538],[-0.255068,52.586075],[-0.251778,52.586223],[-0.248504,52.585978],[-0.245372,52.585348],[-0.242501,52.584358],[-0.240003,52.583046],[-0.237973,52.581462],[-0.23649,52.579668],[-0.23561,52.577731],[-0.235367,52.575728]]]}, "properties": {"id": "fe8cfd41-aac0-41dc-bc25-b56bf5f20dc6", "postcode": "PE5 7AX", "group_id": "8a24e1d6-3fcd-4ab7-8c9b-faea6bdd4373"}}, {"type": "Feature", "geometry": {"type":"Polygon","coordinates":[[[-1.553719,51.11243],[-1.554164,51.109751],[-1.555431,51.107178],[-1.557471,51.10481],[-1.560205,51.102738],[-1.563528,51.101042],[-1.567313,51.099786],[-1.571414,51.099019],[-1.575674,51.09877],[-1.579929,51.09905],[-1.584016,51.099846],[-1.587778,51.10113],[-1.59107,51.10285],[-1.593766,51.104942],[-1.595762,51.107324],[-1.596982,51.109906],[-1.597378,51.112589],[-1.596935,51.115268],[-1.595671,51.117841],[-1.593632,51.12021],[-1.590899,51.122283],[-1.587575,51.12398],[-1.583788,51.125236],[-1.579685,51.126004],[-1.575423,51.126252],[-1.571165,51.125973],[-1.567076,51.125176],[-1.563313,51.123892],[-1.56002,51.122171],[-1.557325,51.120078],[-1.55533,51.117695],[-1.554112,51.115112],[-1.553719,51.11243]]]}, "properties": {"id": "feec3b78-e380-4177-bed3-91399276b957", "postcode": "SO20 8BY", "group_id": "3bb0c4da-bdd4-47be-913f-c10e377b5d72"}}, {"type": "Feature", "geometry": {"type":"Polygon","coordinates":[[[-1.553719,51.11243],[-1.554164,51.109751],[-1.555431,51.107178],[-1.557471,51.10481],[-1.560205,51.102738],[-1.563528,51.101042],[-1.567313,51.099786],[-1.571414,51.099019],[-1.575674,51.09877],[-1.579929,51.09905],[-1.584016,51.099846],[-1.587778,51.10113],[-1.59107,51.10285],[-1.593766,51.104942],[-1.595762,51.107324],[-1.596982,51.109906],[-1.597378,51.112589],[-1.596935,51.115268],[-1.595671,51.117841],[-1.593632,51.12021],[-1.590899,51.122283],[-1.587575,51.12398],[-1.583788,51.125236],[-1.579685,51.126004],[-1.575423,51.126252],[-1.571165,51.125973],[-1.567076,51.125176],[-1.563313,51.123892],[-1.56002,51.122171],[-1.557325,51.120078],[-1.55533,51.117695],[-1.554112,51.115112],[-1.553719,51.11243]]]}, "properties": {"id": "feec3b78-e380-4177-bed3-91399276b957", "postcode": "SO20 8BY", "group_id": "e8167295-d7f4-4671-913e-f90e96ce8190"}}, {"type": "Feature", "geometry": {"type":"Polygon","coordinates":[[[-2.17016,50.81555],[-2.170305,50.814601],[-2.170738,50.813687],[-2.171445,50.812845],[-2.172398,50.812106],[-2.173559,50.811499],[-2.174886,50.811047],[-2.176326,50.810768],[-2.177824,50.810672],[-2.179323,50.810764],[-2.180765,50.811038],[-2.182094,50.811486],[-2.183261,50.812089],[-2.184219,50.812825],[-2.184932,50.813666],[-2.185373,50.814578],[-2.185524,50.815527],[-2.18538,50.816477],[-2.184947,50.81739],[-2.18424,50.818233],[-2.183288,50.818972],[-2.182126,50.819579],[-2.180799,50.820031],[-2.179359,50.82031],[-2.177861,50.820406],[-2.176362,50.820314],[-2.174919,50.82004],[-2.173589,50.819592],[-2.172423,50.818988],[-2.171465,50.818252],[-2.170752,50.817412],[-2.170312,50.8165],[-2.17016,50.81555]]]}, "properties": {"id": "fff04ec4-d134-4a3a-92d0-79283b3be204", "postcode": "DT11 9AG", "group_id": "6cb070a8-3c40-48b7-a594-97fec3894487"}}]}